Country Name,Country Code,Series Name,Series Code,2010 [YR2010],2011 [YR2011],2012 [YR2012],2013 [YR2013],2014 [YR2014],2015 [YR2015],2016 [YR2016],2017 [YR2017],2018 [YR2018],2019 [YR2019],2020 [YR2020],2021 [YR2021],2022 [YR2022],2023 [YR2023]
Afghanistan,AFG,"Population, total",SP.POP.TOTL,28284089,29347708,30560034,31622704,32792523,33831764,34700612,35688935,36743039,37856121,39068979,40000412,40578842,41454761
Afghanistan,AFG,GDP (current US$),NY.GDP.MKTP.CD,15856668555.8336,17805098206.3141,19907329777.5872,20146416757.5987,20497128555.6972,19134221644.7325,18116572395.0772,18753456497.8159,18053222687.4126,18799444490.1128,19955929052.1496,14259995441.0759,14497243872.1337,17152234636.8715
Albania,ALB,"Population, total",SP.POP.TOTL,2913021,2905195,2860708,2816902,2773767,2731293,2689469,2648285,2607733,2567801,2528480,2489762,2451636,2411658
Albania,ALB,GDP (current US$),NY.GDP.MKTP.CD,12086545641.299,12973755874.5365,12246499747.9714,12796985886.1478,13296322588.1684,11470171826.9575,11988668784.6628,13258268435.6048,15379508329.7568,15585111614.0376,15241458744.5927,18031989573.0294,19017247013.8821,23491242727.4082
Algeria,DZA,"Population, total",SP.POP.TOTL,36188236,36903376,37646166,38414171,39205031,40019529,40850721,41689299,42505035,43294546,44042091,44761099,45477389,46164219
Algeria,DZA,GDP (current US$),NY.GDP.MKTP.CD,177785053939.531,218331946925.304,227143746075.934,229701430292.157,238942664192.59,187493855609.345,180763839522.151,189880896903.073,194554483655.528,193459662090.677,164873415325.201,186231205262.082,225581644702.568,247923887214.655
American Samoa,ASM,"Population, total",SP.POP.TOTL,55228,54895,54489,54006,53466,52878,52245,51586,50908,50209,49761,49225,48342,47521
American Samoa,ASM,GDP (current US$),NY.GDP.MKTP.CD,573000000,570000000,640000000,638000000,643000000,673000000,671000000,612000000,639000000,647000000,721000000,750000000,871000000,..
Andorra,AND,"Population, total",SP.POP.TOTL,80706,77783,76834,75194,73737,72174,72181,73763,75162,76474,77380,78364,79705,80856
Andorra,AND,GDP (current US$),NY.GDP.MKTP.CD,3449925738.83334,3629133574.51363,3188652765.29297,3193512950.0157,3271685596.52156,2789881258.60547,2896610479.86771,3000162081.22353,3218419896.93333,3155149347.92156,2891001149.40079,3324647529.41855,3380612573.4825,3785067331.88242
Angola,AGO,"Population, total",SP.POP.TOTL,23294825,24218352,25177394,26165620,27160769,28157798,29183070,30234839,31297155,32375632,33451132,34532429,35635029,36749906
Angola,AGO,GDP (current US$),NY.GDP.MKTP.CD,95546919754.2873,125551634704.941,143572907527.976,148845200696.335,153449860495.966,102543067840.819,60770049747.3832,85629598654.1906,90506061877.2765,81193813808.0382,58512033805.8981,78283923543.8237,128233959333.275,106042349567.303
Antigua and Barbuda,ATG,"Population, total",SP.POP.TOTL,85320,86332,87260,88064,88765,89409,89969,90468,90926,91364,91846,92349,92840,93316
Antigua and Barbuda,ATG,GDP (current US$),NY.GDP.MKTP.CD,1298348148.14815,1287359259.25926,1364729629.62963,1325496296.2963,1378707407.40741,1437485185.18519,1489603703.7037,1534855555.55556,1661529629.62963,1726448148.14815,1411637037.03704,1602125925.92593,1857114814.81481,2054096296.2963
Argentina,ARG,"Population, total",SP.POP.TOTL,41288694,41730660,42161721,42582455,43024071,43477012,43900313,44288894,44654882,44973465,45191965,45312281,45407904,45538401
Argentina,ARG,GDP (current US$),NY.GDP.MKTP.CD,423627422092.49,530158122010.442,545982375701.128,552025140252.246,526319673731.638,594749285413.212,557532320662.955,643628393281.364,524819892360.176,447754683615.225,385740508436.965,486564085480.036,633993756301.08,649461687959.174
Armenia,ARM,"Population, total",SP.POP.TOTL,3044800,3027900,3024100,3022000,3013800,3004600,2992300,2979400,2969000,2962500,2961500,2962300,2969200,2964300
Armenia,ARM,GDP (current US$),NY.GDP.MKTP.CD,9260285755.62424,10142111824.5835,10619320682.9474,11121464437.0415,11609513246.7958,10553337518.414,10546136235.5219,11527458709.0158,12457940694.7395,13619290539.2116,12641698583.2152,13878908628.9378,19513506553.1251,24185982215.6543
Aruba,ABW,"Population, total",SP.POP.TOTL,101838,102591,104110,105675,106807,107906,108727,108735,108908,109203,108587,107700,107310,107359
Aruba,ABW,GDP (current US$),NY.GDP.MKTP.CD,2453597206.70391,2637859217.87709,2615208379.88827,2727849162.01117,2790849720.67039,2962906703.91061,2983637430.1676,3092427932.96089,3276187709.49721,3347561738.94591,2461056053.22795,2889305033.55975,3326671314.7742,3746573413.07565
Australia,AUS,"Population, total",SP.POP.TOTL,22031750,22340024,22733465,23128129,23475686,23815995,24190907,24592588,24963258,25334826,25649248,25685412,26018721,26659922
Australia,AUS,GDP (current US$),NY.GDP.MKTP.CD,1152566632022.13,1402939868653.4,1552728401401.58,1583737461925.39,1474677007565.64,1356805839935.9,1211588128417.61,1330890554614.09,1433144978761.67,1398349602956.35,1333336461648.09,1560617493202.69,1695627535475.8,1734451264655.6
Austria,AUT,"Population, total",SP.POP.TOTL,8363404,8391643,8429991,8479823,8546356,8642699,8736668,8797566,8840521,8879920,8916864,8955797,9041851,9131761
Austria,AUT,GDP (current US$),NY.GDP.MKTP.CD,389827789217.634,428954737064.057,406750487603.59,426580502769.417,438556021078.034,379546097300.633,393687359770.273,414926138132.691,452582294972.775,442983642371.842,434397601557.696,480466363176.806,473221298968.216,516670509628.876
Azerbaijan,AZE,"Population, total",SP.POP.TOTL,9054332,9173082,9295784,9416801,9535079,9649341,9757812,9854033,9939771,10024283,10093121,10137750,10141756,10153958
Azerbaijan,AZE,GDP (current US$),NY.GDP.MKTP.CD,52909294791.9262,65952796427.9473,69679944504.1972,74160560123.6902,75239785452.1022,53076235354.746,37866996882.9157,40866627351.9817,47112470051.7701,48174235294.1176,42693000000,54825411764.7059,78807470588.2353,72428470588.2353
"Bahamas, The",BHS,"Population, total",SP.POP.TOTL,367478,371729,375469,378953,382298,385346,388055,390485,392717,394675,395863,396373,397538,399440
"Bahamas, The",BHS,GDP (current US$),NY.GDP.MKTP.CD,10095760000,10070450000,10720400000,10475300000,11139100000,11837600000,11880900000,12446900000,12819200000,13277000000,10363200000,12037000000,13896800000,15271300000
Bahrain,BHR,"Population, total",SP.POP.TOTL,1228543,1195020,1208964,1253191,1314562,1370322,1423726,1501116,1503091,1483756,1472204,1504365,1524693,1577059
Bahrain,BHR,GDP (current US$),NY.GDP.MKTP.CD,26805984042.5532,29914680851.0638,31963404255.3191,33823324468.0851,34772526595.7447,32523297872.3404,33884680851.0638,37204813829.7872,39567978723.4043,40446808510.6383,35837632978.7234,40840212765.9574,46458191489.3617,46192260638.2979
Bangladesh,BGD,"Population, total",SP.POP.TOTL,152201981,153591076,155070101,156532141,157964929,159383179,160811932,162186147,163523103,164913055,166298024,167658854,169384897,171466990
Bangladesh,BGD,GDP (current US$),NY.GDP.MKTP.CD,115275540051.262,128607482310.357,133310747603.483,149998957434.186,172886611653.786,195146608978.131,265224515675.034,293732446624.596,321362752441.78,351231654603.692,373979442362.193,416271647911.014,460131689083.083,437415333018.291
Barbados,BRB,"Population, total",SP.POP.TOTL,275243,276139,276938,277665,278348,278990,279598,280171,280711,281207,281698,282147,282318,282336
Barbados,BRB,GDP (current US$),NY.GDP.MKTP.CD,5428683250,5563162050,5486500500,5660059700,5684901000,5699619150,5679029450,5847381600,6001101550,6166710800,5403246950,5948900600,6886644900,7223248150
Belarus,BLR,"Population, total",SP.POP.TOTL,9483836,9461643,9446836,9443211,9448515,9461076,9469379,9458989,9438785,9419758,9379952,9302585,9228071,9178298
Belarus,BLR,GDP (current US$),NY.GDP.MKTP.CD,57231904542.8755,61762382327.9319,65685890438.8922,75527558966.4473,78813069120.9984,56454769844.7632,47723545321.259,54725405751.1559,60031026576.26,64410170653.4569,61371673344.7424,69673747131.87,73775179924.603,72478760370.4258
Belgium,BEL,"Population, total",SP.POP.TOTL,10895586,11038264,11106932,11159407,11209057,11274196,11331422,11375158,11427054,11488980,11538604,11586195,11680210,11779946
Belgium,BEL,GDP (current US$),NY.GDP.MKTP.CD,481556503720.001,527196649048.639,498414364944.961,524097026598.55,537987419164.351,461044767544.531,474271566739.729,500908767351.53,542638913427.921,536726344405.489,529694473501.791,598522422241.851,591474463578.602,650779364363.737
Belize,BLZ,"Population, total",SP.POP.TOTL,320245,327298,334414,341627,348923,356333,364705,373202,380226,385829,390812,395346,402733,411106
Belize,BLZ,GDP (current US$),NY.GDP.MKTP.CD,1748988400,1831576700,1917083500,2035191450,2138242200,2193095150,2239604950,2266028250,2285915050,2381187850,2047284600,2428606250,2846604350,3052362650
Benin,BEN,"Population, total",SP.POP.TOTL,9797484,10093623,10397657,10708834,11030004,11360681,11697842,12039780,12383347,12726755,13070169,13413417,13759501,14111034
Benin,BEN,GDP (current US$),NY.GDP.MKTP.CD,9535345015.78355,10693321363.6574,11141358115.8991,12517845123.9315,13284527846.9081,11388160996.7738,11821065853.3838,12701655836.9467,14262408089.9261,14391686313.4641,15686741883.934,17687623530.3355,17425405090.862,19673291004.1444
Bermuda,BMU,"Population, total",SP.POP.TOTL,63725,63733,63646,63574,63529,63464,63449,63578,63831,64107,64382,64648,64749,64698
Bermuda,BMU,GDP (current US$),NY.GDP.MKTP.CD,6634526000,6312691000,6378188000,6465756000,6413988000,6654541000,6899911000,7142316000,7225977000,7423465000,6887364000,7290037000,7767884000,8602360000
Bhutan,BTN,"Population, total",SP.POP.TOTL,701632,709377,717279,725273,733139,740618,747866,754335,759759,764824,770006,775442,780914,786385
Bhutan,BTN,GDP (current US$),NY.GDP.MKTP.CD,1708880730.20989,1977728658.68259,1973387227.96519,1943696951.65411,2089079570.58285,2187815803.36833,2357504760.78592,2591358009.20276,2583335721.85904,2735683570.46155,2457604333.90927,2768802960.11204,2898227743.75576,3012896789.79753
Bolivia,BOL,"Population, total",SP.POP.TOTL,10182345,10348929,10515807,10682608,10848888,11014705,11180020,11344587,11508368,11671386,11816299,11937360,12077154,12244159
Bolivia,BOL,GDP (current US$),NY.GDP.MKTP.CD,19649723722.1034,23963164696.592,27084497481.9103,30659338885.6729,32996188017.3661,33000198248.9146,33941126193.9219,45927439594.7902,48414038842.2576,49056643589.0014,42313784081.042,47877892402.3155,50959081953.6903,52340206946.4544
Bosnia and Herzegovina,BIH,"Population, total",SP.POP.TOTL,3811472,3741798,3670113,3610859,3564829,3518541,3473003,3428682,3387000,3345533,3299349,3244907,3204802,3185073
Bosnia and Herzegovina,BIH,GDP (current US$),NY.GDP.MKTP.CD,17176315803.7298,18644233537.1093,17226735995.6905,18179109209.3892,18558734107.1478,16404348361.0926,17116926553.8513,18326373135.6099,20484058033.1144,20482608984.3316,20226038369.9191,23672712121.2671,24534663636.1778,27592361498.4057
Botswana,BWA,"Population, total",SP.POP.TOTL,2033111,2073535,2108617,2140682,2172044,2203273,2234776,2266747,2299141,2332083,2365894,2401441,2439892,2480244
Botswana,BWA,GDP (current US$),NY.GDP.MKTP.CD,12637273429.1339,15110643612.1729,13907464500.1489,14271738933.2042,15470088500.7414,13530748844.505,15082637184.0496,16105155856.7708,17031943186.1353,16725908148.5481,14960251607.8135,18750182236.2211,20321150599.1523,19413614554.6944
Brazil,BRA,"Population, total",SP.POP.TOTL,193701929,195284734,196876111,198478299,200085127,201675532,203218114,204703445,206107261,207455459,208660842,209550294,210306415,211140729
Brazil,BRA,GDP (current US$),NY.GDP.MKTP.CD,2208837745100.55,2616156223917.69,2465227802806.76,2472819535557.21,2456043727198.85,1802212206814.5,1795693482853.01,2063514977365.65,1916933898010.99,1873288205059.69,1476107231310.49,1670647398904.9,1951923942083.32,2191131765684.63
British Virgin Islands,VGB,"Population, total",SP.POP.TOTL,27675,28710,30345,31703,32962,34498,33878,32699,34657,36395,37135,37809,38319,38985
British Virgin Islands,VGB,GDP (current US$),NY.GDP.MKTP.CD,..,..,..,..,..,..,..,..,..,..,..,..,..,..
Brunei Darussalam,BRN,"Population, total",SP.POP.TOTL,392332,399389,405557,411202,416750,422212,427564,432772,437810,442680,447404,451721,455370,458949
Brunei Darussalam,BRN,GDP (current US$),NY.GDP.MKTP.CD,13707121038.4383,18524791062.657,19048443340.7732,18094148098.6536,17097797386.0336,12930296870.1247,11400266044.6651,12128168045.1245,13566908391.0895,13469235364.7032,12005799653.9835,14006496617.4458,16681536466.7183,15095084656.1634
Bulgaria,BGR,"Population, total",SP.POP.TOTL,7395599,7348328,7305888,7160005,7073572,6984225,6894139,6803468,6710798,6616726,6550696,6507301,6465097,6446596
Bulgaria,BGR,GDP (current US$),NY.GDP.MKTP.CD,50691645231.0083,57684243980.4624,54299825600.0647,55822115861.1854,57083817239.8145,50768512172.9373,53932152153.5457,59170671046.4798,66100606676.6544,68511235459.4907,70490478088.1395,84378926047.3002,90510784777.6397,102204457334.822
Burkina Faso,BFA,"Population, total",SP.POP.TOTL,16176498,16661908,17172287,17695409,18229461,18777487,19334856,19894407,20438288,20961952,21478690,21995243,22509038,23025776
Burkina Faso,BFA,GDP (current US$),NY.GDP.MKTP.CD,10109619740.6994,12080295977.5632,12561015156.5683,13444300485.8412,13943016076.7436,11832159315.6298,12833363045.3367,14106955615.3442,15890066221.2882,16032813503.3707,17725010532.5268,19697516284.3787,18622421394.6133,20106062971.6533
Burundi,BDI,"Population, total",SP.POP.TOTL,9376444,9717978,10071028,10439341,10799785,11047580,11239451,11506762,11859446,12255336,12617036,12965481,13321097,13689450
Burundi,BDI,GDP (current US$),NY.GDP.MKTP.CD,2032135192.01248,2235812879.56709,2327402362.81574,2451624637.67157,2705826648.21019,2810532912.49975,2618093125.14687,2831362208.34039,2913411408.44783,2871555326.31029,3188355943.63513,3425127990.70519,4020736756.64256,3419558408.35408
Cabo Verde,CPV,"Population, total",SP.POP.TOTL,509784,511447,511955,512225,512326,512394,512554,512893,513415,514104,514679,516649,519741,522331
Cabo Verde,CPV,GDP (current US$),NY.GDP.MKTP.CD,1824751467.92957,2046817987.20109,1913081210.41411,2028910915.16446,2041930125.42979,1749857620.35329,1849789985.99572,1996741539.95088,2205099506.99994,2252177124.32402,1821565613.68613,2051842618.70539,2247003344.34242,2504525537.51069
Cambodia,KHM,"Population, total",SP.POP.TOTL,14500726,14722584,14945085,15170208,15396772,15623251,15852803,16073372,16274522,16481304,16725474,16974305,17201724,17423880
Cambodia,KHM,GDP (current US$),NY.GDP.MKTP.CD,13808673288.0696,16032622023.8265,17826536699.8016,19807135252.8649,22041463967.9009,24174170369.0738,26556545153.3573,29355665909.7905,33145892168.8958,36685356407.7206,34818073901.4851,36790163687.4421,39994532959.6074,42335646895.7984
Cameroon,CMR,"Population, total",SP.POP.TOTL,19668066,20232304,20809529,21402376,22059893,22763414,23454161,24128601,24806383,25506095,26210558,26915758,27632771,28372687
Cameroon,CMR,GDP (current US$),NY.GDP.MKTP.CD,27507501821.0296,30630910495.217,30155062329.2821,33728621180.3231,36386544706.0806,32210233020.4569,33814337044.3765,36098547033.1655,39955552189.795,39667757527.6578,40773241177.0505,45011937346.8384,44347206072.5513,48814501547.4313
Canada,CAN,"Population, total",SP.POP.TOTL,34005902,34339221,34713395,35080992,35434066,35704498,36110803,36545075,37072620,37618495,38028638,38239864,38950132,40049088
Canada,CAN,GDP (current US$),NY.GDP.MKTP.CD,1617349192091.46,1793335727900.85,1828359477071.97,1846583831414.43,1805751688808.98,1556510380200.23,1527996250640.92,1649269496514.62,1725330736237.69,1743728952156.85,1655686966881.99,2022377950896.78,2200562785046.32,2196593836347.42
Cayman Islands,CYM,"Population, total",SP.POP.TOTL,54099,55606,57136,58655,60160,61642,63100,64535,65941,67327,68684,70108,71591,73038
Cayman Islands,CYM,GDP (current US$),NY.GDP.MKTP.CD,4156841107.36443,4186073104.29242,4291004524.0181,4405796023.18409,4562853611.41445,4708167232.66893,4909322237.28895,5166281305.12522,5530178440.71376,5941896607.58643,5655357984.24218,6060813808.15072,6653516041.43929,7308564549.28678
Central African Republic,CAF,"Population, total",SP.POP.TOTL,4492995,4565021,4610848,4642419,4623182,4629320,4713663,4793511,4878657,4944703,5026628,5112100,5098039,5152421
Central African Republic,CAF,GDP (current US$),NY.GDP.MKTP.CD,2142591540.40068,2437982705.12093,2510126512.22831,1691544110.18543,1894813389.40325,1695825714.19282,1825018144.65595,2072349972.6818,2220979146.11241,2221301351.43918,2326720900.38047,2516498412.46384,2382618615.01694,2555492085.94725
Chad,TCD,"Population, total",SP.POP.TOTL,12312575,12754997,13210998,13691079,14188678,14647621,15114655,15622759,16156531,16685223,17224679,17828273,18455316,19319064
Chad,TCD,GDP (current US$),NY.GDP.MKTP.CD,14058506663.7252,16685349673.9957,17892228569.8861,17865316886.3315,18144336903.7175,14559599499.5011,13026289835.7789,13349041408.7152,15327000248.8701,14905517742.8454,14932897821.2387,16871937697.5854,17828508289.6049,18352937976.2179
Channel Islands,CHI,"Population, total",SP.POP.TOTL,158621,159706,160767,161777,162726,163454,163883,164319,164949,165639,166235,166741,167215,167691
Channel Islands,CHI,GDP (current US$),NY.GDP.MKTP.CD,8902359316.35606,9648680025.8275,9454638123.23572,9594745810.67159,10527973277.6068,10109273770.329,9168857222.32574,9170044517.20264,10026394043.6136,10031864649.0819,9439810769.23077,11157540109.8939,11308272505.183,12507320838.3932
Chile,CHL,"Population, total",SP.POP.TOTL,17181464,17351816,17519119,17687006,17864195,18047625,18267221,18558868,18893191,19197744,19370624,19456334,19553036,19658835
Chile,CHL,GDP (current US$),NY.GDP.MKTP.CD,217051209238.534,251382573893.87,267024782486.855,277395018842.417,259560978224.359,242450355830.884,249344863928.438,276154259981.097,295857562991.709,278308438545.118,254103710483.324,315507493783.262,301099244104.003,335802745366.38
China,CHN,"Population, total",SP.POP.TOTL,1337705000,1345035000,1354190000,1363240000,1371860000,1379860000,1387790000,1396215000,1402760000,1407745000,1411100000,1412360000,1412175000,1410710000
China,CHN,GDP (current US$),NY.GDP.MKTP.CD,6192564874453.29,7671757207851.29,8673664713189.24,9743124247267.24,10674533168257.4,11280814787468.9,11456024084962,12537559062282.9,14147765772963.8,14560167101283.4,14996414166715.1,18201698719564,18316765021690.2,18270356654533.2
Colombia,COL,"Population, total",SP.POP.TOTL,44777319,45259614,45715810,46151584,46565429,46969940,47437512,48131078,49024465,49907985,50629997,51188173,51737944,52321152
Colombia,COL,GDP (current US$),NY.GDP.MKTP.CD,286498534094.963,334966134804.887,370691143018.039,382093697077.685,381240864422.407,293492370193.166,282720100286.228,311866875156.879,334198218098.276,323031701192.84,270348342541.465,318524633225.395,345632492851.448,366901643683.302
Comoros,COM,"Population, total",SP.POP.TOTL,654836,668056,681630,696192,711503,726682,741741,756669,771590,786578,802163,818174,834188,850387
Comoros,COM,GDP (current US$),NY.GDP.MKTP.CD,907979446.419588,1023087475.68355,1015842906.66403,1116223107.03168,1149587562.06748,966029600.862227,1012835493.19325,1077439756.59451,1188797449.38584,1195019531.9011,1225039196.61091,1299039312.22277,1279542248.96288,1465977684.31307
"Congo, Dem. Rep.",COD,"Population, total",SP.POP.TOTL,68563038,70849311,73254618,75789395,78403242,81035531,83956415,87083398,90047644,92947442,95989998,99148932,102396968,105789731
"Congo, Dem. Rep.",COD,GDP (current US$),NY.GDP.MKTP.CD,24161641931.0331,26392379641.765,30029369928.7318,34891189160.3002,38352980552.8665,40179574490.3032,38600224214.4728,37537521565.5308,46659954092.4862,46845900350.0332,46691989748.9186,59067289573.5102,70422346142.2023,69843655425.2929
"Congo, Rep.",COG,"Population, total",SP.POP.TOTL,4462290,4609724,4740450,4857099,4975880,5097581,5222536,5351011,5483118,5616661,5752791,5892183,6035104,6182885
"Congo, Rep.",COG,GDP (current US$),NY.GDP.MKTP.CD,13148396211.5955,15655383576.6515,17692911296.3044,17958720699.0868,17919321078.0284,12434793867.3568,10931328150.8478,11834473039.3645,14773900288.5135,13976637779.9763,11468687464.0046,14825690210.9157,15817030154.6941,15321055822.5167
Costa Rica,CRI,"Population, total",SP.POP.TOTL,4555962,4609833,4663934,4716147,4767119,4818038,4866998,4913177,4957818,4999553,5034320,5059988,5081765,5105525
Costa Rica,CRI,GDP (current US$),NY.GDP.MKTP.CD,37658616965.6866,42762613784.989,47231655492.7812,50949668762.8328,52016408816.1842,56441920888.425,58847019587.626,60516044660.7496,62567765946.2665,64753504730.018,62806591554.7345,65588938787.0243,71001226360.8008,87512637055.7736
Cote d'Ivoire,CIV,"Population, total",SP.POP.TOTL,22488065,22982000,23467078,23939775,24527395,25246342,25989405,26733372,27464173,28193009,28915449,29639736,30395002,31165654
Cote d'Ivoire,CIV,GDP (current US$),NY.GDP.MKTP.CD,34936307980.063,36693710801.3976,36302302877.2977,42760235484.6093,48843005613.7091,45815005169.2651,48407761036.8238,52512343996.69,58522477786.6889,60382894697.3557,63027852805.4204,72794636653.7793,70922824813.9102,80780312569.1646
Croatia,HRV,"Population, total",SP.POP.TOTL,4295427,4280622,4260368,4233922,4201598,4151725,4106867,4041407,3988775,3949390,3914206,3878981,3855641,3859686
Croatia,HRV,GDP (current US$),NY.GDP.MKTP.CD,58975127200.9948,62889150894.151,57547495859.7306,59846869998.8711,59607109597.2123,50999271058.5849,52650804052.1394,56182225079.1072,61668280700.0968,61467261345.012,57959824238.1808,69002262504.9821,71196460236.6301,85621337533.3348
Cuba,CUB,"Population, total",SP.POP.TOTL,11297409,11301571,11303175,11298167,11285775,11275065,11265612,11247829,11227118,11202846,11176354,11122168,11059820,11019931
Cuba,CUB,GDP (current US$),NY.GDP.MKTP.CD,59562962962.963,68990000000,73141000000,77148000000,80656100000,87132800000,91370407900,96850649700,100050036100,103427600000,107352000000,..,..,..
Curacao,CUW,"Population, total",SP.POP.TOTL,148703,150831,152088,153822,155909,157980,159664,160175,159336,157441,155482,153948,153321,154654
Curacao,CUW,GDP (current US$),NY.GDP.MKTP.CD,2951342793.29609,2930092234.63687,3012836256.98324,3033568603.35196,3059406983.24022,3058779217.87709,3024690167.59777,3033433240.22346,3046364804.46927,3026124134.07821,2534327597.76536,2739594357.5419,3075180837.98883,3281419329.60894
Cyprus,CYP,"Population, total",SP.POP.TOTL,1127816,1146493,1165397,1183895,1201801,1219502,1237112,1254275,1270737,1286671,1302247,1317309,1331370,1344976
Cyprus,CYP,GDP (current US$),NY.GDP.MKTP.CD,25799940416.0167,27641553201.0506,25047433099.5891,23959708956.2926,23225912183.4991,19909269064.8473,21046452117.3759,22946583375.5506,25754011492.2204,26196660680.1176,25555082266.6429,30372637513.1352,31218047043.8386,35075440602.5202
Czechia,CZE,"Population, total",SP.POP.TOTL,10474410,10496088,10510785,10514272,10525347,10546059,10566332,10594438,10629928,10671870,10697858,10505772,10672118,10864042
Czechia,CZE,GDP (current US$),NY.GDP.MKTP.CD,211168667286.27,231429378717.312,210363223087.728,213024360541.119,210911285077.683,189107698561.919,198160659303.939,221563575696.217,251992360762.236,256794209028.77,251109660602.536,290972714482.313,301831228325.556,345059295659.911
Denmark,DNK,"Population, total",SP.POP.TOTL,5547683,5570572,5591572,5614932,5643475,5683483,5728010,5764980,5793636,5814422,5831404,5856733,5903037,5946952
Denmark,DNK,GDP (current US$),NY.GDP.MKTP.CD,322345594075.47,344315595263.175,326792574244.963,344631016965.12,352832602064.452,301758922337.637,312181849372.233,331610593961.988,355293374912.393,345401473012.615,355631021931.621,406110162088.054,400114306337.077,404651706117.557
Djibouti,DJI,"Population, total",SP.POP.TOTL,930251,948558,966747,984824,1002717,1020313,1037653,1054841,1071882,1088709,1105188,1121248,1137096,1152944
Djibouti,DJI,GDP (current US$),NY.GDP.MKTP.CD,1128611700.3618,1239144501.77525,1353632941.5207,2044440443.16654,2220637966.25047,2424391785.43897,2604955228.70117,2762581334.22612,2913464658.08768,3088851450.30694,3144136196.6228,3392796953.08939,3562814908.76149,3898447007.38798
Dominica,DMA,"Population, total",SP.POP.TOTL,68859,69053,69118,69715,70373,70410,69606,68496,68174,67880,67573,67202,66826,66510
Dominica,DMA,GDP (current US$),NY.GDP.MKTP.CD,519859259.259259,532081481.481481,520355555.555556,545325925.925926,572255555.555555,583177777.777778,612711111.111111,563355555.555555,628244444.444444,644259259.259259,528944444.444444,562911111.111111,623062962.962963,659311111.111111
Dominican Republic,DOM,"Population, total",SP.POP.TOTL,9820175,9945621,10070411,10193833,10315528,10434829,10551430,10666843,10782053,10894043,11008300,11123476,11230734,11331265
Dominican Republic,DOM,GDP (current US$),NY.GDP.MKTP.CD,53801053352.5005,57948261615.957,60561635555.6383,62555417414.582,67014329099.5549,70966782572.4386,75552902635.7075,79070274743.1658,84994732049.3461,89146130744.723,78546672406.8291,94850719516.7127,113478103598.499,120456239153.739
Ecuador,ECU,"Population, total",SP.POP.TOTL,15076695,15326227,15572194,15807128,16035124,16266225,16505139,16759519,17049547,17340021,17546065,17682454,17823897,17980083
Ecuador,ECU,GDP (current US$),NY.GDP.MKTP.CD,68151329000,78986648000,87735048000,96570334000,102717794000,97209558000,97671433000,104467486000,107478961000,107595830000,95865473000,107179074000,116133121000,120792801000
"Egypt, Arab Rep.",EGY,"Population, total",SP.POP.TOTL,89196072,91093059,93161001,95333553,97528654,99597342,101644589,103696057,105682094,107553158,109315124,110957008,112618250,114535772
"Egypt, Arab Rep.",EGY,GDP (current US$),NY.GDP.MKTP.CD,218983666061.706,235989672977.625,279116666666.667,288434108527.132,305595408895.265,329366576819.407,332441717791.411,248362771739.13,262588632526.73,318678815489.749,383817841547.099,424671765455.704,476747720364.742,395926071447.591
El Salvador,SLV,"Population, total",SP.POP.TOTL,6068249,6090127,6113975,6138839,6162955,6183676,6200800,6213533,6219807,6222318,6234673,6255782,6280319,6309624
El Salvador,SLV,GDP (current US$),NY.GDP.MKTP.CD,18447920000,20283780000,21386150000,21990960000,22593470000,23438240000,24191430000,24979190000,26020850000,26881140000,24921190000,29043140000,31870110000,33565430000
Equatorial Guinea,GNQ,"Population, total",SP.POP.TOTL,1189085,1241835,1293483,1346218,1399828,1453923,1508186,1562396,1616422,1670177,1716468,1758786,1803545,1847549
Equatorial Guinea,GNQ,GDP (current US$),NY.GDP.MKTP.CD,16314443436.2903,21357343668.9447,22388344143.9131,21948834283.7856,21765453081.9826,13185496881.0174,11240808847.8878,12200913878.9827,13097012133.6159,11364133549.7478,9893816007.7398,12215878032.7166,13687643435.6249,12541814272.8021
Eritrea,ERI,"Population, total",SP.POP.TOTL,2945186,2998485,3036988,3074360,3095173,3105546,3124698,3150347,3192760,3240194,3291271,3350183,3409447,3470390
Eritrea,ERI,GDP (current US$),NY.GDP.MKTP.CD,1589515447.15447,2065001626.01626,..,..,..,..,..,..,..,..,..,..,..,..
Estonia,EST,"Population, total",SP.POP.TOTL,1331475,1327439,1322696,1317997,1314545,1315407,1315790,1317384,1321977,1326898,1329522,1330932,1348840,1370286
Estonia,EST,GDP (current US$),NY.GDP.MKTP.CD,19524355419.038,23303915794.7569,23237406116.3988,25451032780.7573,27055689003.0038,23311847750.9394,24561027787.7896,27469461919.1189,31222632740.7247,31873748770.0313,31820771493.8974,37201101170.5847,38226641740.29,41470344395.1086
Eswatini,SWZ,"Population, total",SP.POP.TOTL,1111650,1117833,1123863,1129990,1136299,1142813,1149507,1158195,1168929,1179874,1192729,1206593,1218917,1230506
Eswatini,SWZ,GDP (current US$),NY.GDP.MKTP.CD,4360714358.88708,4722912047.32265,4747813067.26006,4463396204.01995,4285065665.03168,3908217914.21824,3722306116.72872,4462640651.49219,4643751059.28203,4617018958.69086,4134677809.50096,4807069277.20114,4746660273.50829,4621191261.84214
Ethiopia,ETH,"Population, total",SP.POP.TOTL,90538514,93149970,95798767,98438751,101115610,103867135,106718162,109666481,112664152,115737383,118917671,122138588,125384287,128691692
Ethiopia,ETH,GDP (current US$),NY.GDP.MKTP.CD,29933790334.3418,31952763089.33,43310721414.0829,47648276605.0123,55612228233.5179,62103418181.8182,68475871209.607,76366081766.6667,83337901071.9697,91834517113.6386,98676811061.9985,109070960370.972,123140304665.399,135874093203.18
Faroe Islands,FRO,"Population, total",SP.POP.TOTL,48656,48542,48290,48245,48427,48898,49463,50179,50997,51790,52561,53291,53903,54398
Faroe Islands,FRO,GDP (current US$),NY.GDP.MKTP.CD,2331796784.36009,2505740669.27039,2427200388.91831,2690110520.92548,2914012679.27277,2573905971.05459,2813278868.78208,2980057377.87967,3188600927.46688,3266432734.22819,3271813311.5831,3699551717.10561,3615241800.50058,3943131022.2291
Fiji,FJI,"Population, total",SP.POP.TOTL,910419,912989,914918,916352,917585,918578,919166,918759,917180,914899,914963,916711,919422,924145
Fiji,FJI,GDP (current US$),NY.GDP.MKTP.CD,3140166712.79624,3779411899.37483,3972028104.47328,4189967998.51424,4857104768.86844,4682479893.97558,4930213644.36653,5353469174.47838,5581425327.44397,5344907153.46698,4227719873.3865,4158873156.17978,4977861885.60316,5476673518.13788
Finland,FIN,"Population, total",SP.POP.TOTL,5363352,5388272,5413971,5438972,5461512,5479531,5495303,5508214,5515525,5521606,5529543,5541017,5556106,5583911
Finland,FIN,GDP (current US$),NY.GDP.MKTP.CD,249429613683.334,275126915515.565,257443384492.969,270268036626.275,273478528954.901,233210733506.25,238777818792.608,253846138440,273869255596.078,267014821129.411,270000311606.226,294223210496.119,280253099309.34,295191741637.26
France,FRA,"Population, total",SP.POP.TOTL,65026211,65340830,65657659,65997932,66312067,66548272,66724104,66918020,67158348,67382061,67601110,67842811,68184457,68372286
France,FRA,GDP (current US$),NY.GDP.MKTP.CD,2646230027988.34,2870408553990.28,2683007095787.23,2816077607875.26,2861236112552.42,2442483452642.5,2470407619777.13,2588868323334.71,2781576320884.39,2722793515171.76,2647926055110.05,2966433692008.09,2794788137066.94,3056250648138.29
French Polynesia,PYF,"Population, total",SP.POP.TOTL,270580,271727,273084,274728,276387,277866,279178,280087,279815,279034,279209,279792,280378,281118
French Polynesia,PYF,GDP (current US$),NY.GDP.MKTP.CD,6086644798.55982,6203940036.91982,5692858099.00217,6031827122.60663,6151996560.84289,5325846361.81186,5497036476.8031,5833352692.7995,6135116253.33452,6022276196.13871,5574821989.38239,5994931236.42282,5622688338.06317,6137447782.87066
Gabon,GAB,"Population, total",SP.POP.TOTL,1719879,1781985,1846889,1913059,1978399,2040989,2100306,2156900,2212318,2267706,2322539,2376722,2430747,2484789
Gabon,GAB,GDP (current US$),NY.GDP.MKTP.CD,14372593020.2885,18210307743.5816,17170464016.0593,17595744798.3398,18203966895.8433,14383107762.6952,14023890265.3665,14929487485.1623,16867326401.9626,16874405465.391,15342236163.9943,19444935097.2333,20440655695.229,19388372070.9778
"Gambia, The",GMB,"Population, total",SP.POP.TOTL,1926630,1983784,2043094,2103820,2164528,2224529,2283769,2342189,2399632,2456844,2515733,2576010,2636470,2697845
"Gambia, The",GMB,GDP (current US$),NY.GDP.MKTP.CD,1543294926.87301,1409693596.93594,1415004738.26621,1375609453.43746,1229461721.40861,1378176608.93204,1484578885.97132,1504909462.69521,1670671327.81651,1813609692.49994,1812170891.19069,2014158842.14596,2204734527.88096,2382262185.38179
Georgia,GEO,"Population, total",SP.POP.TOTL,3786695,3756441,3728874,3717668,3719414,3725276,3727505,3728004,3726549,3720161,3722716,3708610,3712502,3715483
Georgia,GEO,GDP (current US$),NY.GDP.MKTP.CD,12426907967.1578,15475290469.2869,16894392033.2256,17517660143.6859,17966015109.3043,15223796148.8396,15444548901.9637,16473125375.0684,17902544880.6471,17638337116.9126,16010869215.68,18853115588.8106,24984568959.605,30777833600.6515
Germany,DEU,"Population, total",SP.POP.TOTL,81776930,80274983,80425823,80645605,80982500,81686611,82348669,82657002,82905782,83092962,83160871,83196078,83177813,83287273
Germany,DEU,GDP (current US$),NY.GDP.MKTP.CD,3467093769666.67,3823575803793.78,3596483233406.25,3807023797050.99,3964870735760.77,3425099578746.09,3536787895179,3765351626105.89,4055433215301.96,3959894794039.21,3941398957073.94,4355251953410.78,4201021706478.62,4562207532490.28
Ghana,GHA,"Population, total",SP.POP.TOTL,25474995,26095088,26734268,27386193,28041592,28696068,29356742,30008354,30637585,31258945,31887809,32518665,33149152,33787914
Ghana,GHA,GDP (current US$),NY.GDP.MKTP.CD,32197655566.5347,39336668080.559,41271701060.954,62845721959.827,54678533805.9064,49436806230.4839,56144179397.8516,60385409434.8567,67259353965.6087,68352629246.1555,70008243859.8666,79514204730.3979,73919003212.1998,80547146875.9526
Gibraltar,GIB,"Population, total",SP.POP.TOTL,31248,31660,32029,32407,32813,33193,33658,34245,34854,35494,36173,36858,37609,38471
Gibraltar,GIB,GDP (current US$),NY.GDP.MKTP.CD,..,..,..,..,..,..,..,..,..,..,..,..,..,..
Greece,GRC,"Population, total",SP.POP.TOTL,11121341,11104899,11045011,10965211,10892413,10820883,10775971,10754679,10732882,10721582,10698599,10570130,10437805,10407351
Greece,GRC,GDP (current US$),NY.GDP.MKTP.CD,296417644404.034,283228079776.041,238841140018.233,236556279640.705,233911581521.062,194567373678.099,193097239005.87,200381103984.298,213298873494.394,207305649887.019,191362985554.861,218303801895.326,217990189600.69,242946187738.269
Greenland,GRL,"Population, total",SP.POP.TOTL,56534,56890,56810,56483,56295,56114,56186,56172,56023,56225,56367,56653,56661,56865
Greenland,GRL,GDP (current US$),NY.GDP.MKTP.CD,2503167187.49305,2684461375.46585,2609678486.36749,2684946990.12448,2842065708.35962,2499113022.81675,2707139544.46695,2851613679.03433,3055782146.15957,2997309971.87623,3089625554.40473,3293578467.57327,3152334771.77992,3326543974.39193
Grenada,GRD,"Population, total",SP.POP.TOTL,111586,112079,112775,113487,114132,114676,115130,115438,115691,115981,116341,116688,116913,117081
Grenada,GRD,GDP (current US$),NY.GDP.MKTP.CD,771014814.814815,778655555.555555,799881481.481481,842618518.518518,911496296.296296,997007407.407407,1061640740.74074,1125685185.18519,1166514814.81481,1213485185.18519,1043411111.11111,1122222222.22222,1224007407.40741,1336418518.51852
Guam,GUM,"Population, total",SP.POP.TOTL,166522,166543,166331,165966,165486,164905,164233,163490,162679,161808,162158,163730,165180,166506
Guam,GUM,GDP (current US$),NY.GDP.MKTP.CD,4949000000,4984000000,5265000000,5399000000,5610000000,5799000000,5901000000,6013000000,6051000000,6355000000,5916000000,6234000000,6910000000,..
Guatemala,GTM,"Population, total",SP.POP.TOTL,14500112,14792126,15089647,15387337,15681725,15971743,16268760,16567357,16845685,17103803,17357325,17598650,17847877,18124838
Guatemala,GTM,GDP (current US$),NY.GDP.MKTP.CD,40676578423.4871,46876006272.2387,49593929487.1263,52996420177.4409,57852159007.6243,62186066547.6566,66053408205.8838,71653780740.4226,73328356007.6152,77172331693.4093,77719468248.3666,86455522272.7383,95609727055.5754,104298081428.769
Guinea,GIN,"Population, total",SP.POP.TOTL,10396086,10656810,10921581,11191873,11472924,11767070,12073030,12385659,12704774,13034346,13371183,13710513,14055137,14405468
Guinea,GIN,GDP (current US$),NY.GDP.MKTP.CD,6853467145.53089,6785137203.33153,7638044556.84656,8376613539.28278,8778473372.82124,8794201742.84609,8595955222.49719,10324668271.1362,11857030366.7891,13442861496.4454,14088693742.9464,17069115737.8259,19910452541.9219,22407615556.0571
Guinea-Bissau,GNB,"Population, total",SP.POP.TOTL,1566347,1608076,1651417,1695973,1741122,1786457,1831893,1877072,1922168,1967696,2013255,2058841,2105529,2153339
Guinea-Bissau,GNB,GDP (current US$),NY.GDP.MKTP.CD,940112538.936436,1157074319.19388,1049412177.11413,1109682824.13594,1135250721.0374,1152384166.79638,1245074264.10396,1469978606.12143,1554133593.91699,1596214680.12925,1705062169.81422,1907611288.23036,1856239954.81555,2076748678.11987
Guyana,GUY,"Population, total",SP.POP.TOTL,749256,746153,746288,750021,754229,758781,763548,768479,791556,807665,807481,815482,821637,826353
Guyana,GUY,GDP (current US$),NY.GDP.MKTP.CD,3432912516.92427,3691384317.52178,4063088535.76331,4167800928.83553,4127660151.8087,4279840193.7046,4482697336.56174,4748174334.14044,4787636997.85343,5173760191.84652,5471256594.72422,8041362110.31175,14718388489.2086,16918503597.1223
Haiti,HTI,"Population, total",SP.POP.TOTL,9803294,9914904,10069771,10222362,10373235,10523242,10671457,10817754,10962362,11105163,11243848,11374586,11503606,11637398
Haiti,HTI,GDP (current US$),NY.GDP.MKTP.CD,11859312725.1448,13008746038.8867,13708925477.1304,14902488604.2421,15146883497.6331,14849629308.6025,14069277526.2278,15093357161.1498,16403864617.8458,15016090929.5125,14508222518.3018,20754978152.2134,20113007125.93,19572288894.1581
Honduras,HND,"Population, total",SP.POP.TOTL,8365878,8540583,8715076,8889278,9063122,9237305,9412380,9588137,9765210,9943633,10119640,10289877,10463872,10644851
Honduras,HND,GDP (current US$),NY.GDP.MKTP.CD,15839344591.9842,17710275685.4074,18528554397.5695,18499729214.904,19756533971.8698,20979791685.416,21717604952.1835,23136247990.5977,24067750760.499,24882225741.8119,23352232483.755,28144331506.6149,31426041806.7985,34355805527.9795
"Hong Kong SAR, China",HKG,"Population, total",SP.POP.TOTL,7024200,7071600,7150100,7178900,7229500,7291300,7336600,7393200,7452600,7507900,7481000,7413100,7346100,7536100
"Hong Kong SAR, China",HKG,GDP (current US$),NY.GDP.MKTP.CD,228638668727.291,248513617677.287,262628865879.697,275696879834.966,291459995978.893,309385622601.348,320860317562.562,341273289534.466,361731070995.726,363074545072.389,344943149590.058,368954169748.818,358673532516.529,380762296025.216
Hungary,HUN,"Population, total",SP.POP.TOTL,10000023,9971727,9920362,9872734,9833038,9797755,9759755,9726756,9706964,9694824,9670419,9630932,9605074,9592186
Hungary,HUN,GDP (current US$),NY.GDP.MKTP.CD,131898737241.166,141712804953.868,128470269689.958,135646053778.582,141128696412.321,125244126623.289,128983560865.293,143335098991.862,161184691013.835,164936682033.992,158468487754.196,183282685440.486,177002580544.155,213029511028.874
Iceland,ISL,"Population, total",SP.POP.TOTL,318041,319014,320716,323764,327386,330815,335439,343400,352721,360563,366463,372520,382003,385663
Iceland,ISL,GDP (current US$),NY.GDP.MKTP.CD,13922711576.5124,15394005872.149,14943757823.3226,16244319958.6808,18052183514.8695,17700486957.1907,21083713310.457,25060086487.8901,26677652544.3499,24985687022.0452,22034665040.7901,26234872402.457,29176227825.4736,31701996433.7807
India,IND,"Population, total",SP.POP.TOTL,1243481564,1261224954,1278674502,1295829511,1312277191,1328024498,1343944296,1359657400,1374659064,1389030312,1402617695,1414203896,1425423212,1438069596
India,IND,GDP (current US$),NY.GDP.MKTP.CD,1675615519484.96,1823051829894.55,1827637590410.41,1856721507621.58,2039126479154.52,2103588360044.94,2294796885663.16,2651474262755.45,2702929641648.74,2835606256558.19,2674851578587.27,3167270623260.47,3249938492013.47,3500906030644.76
Indonesia,IDN,"Population, total",SP.POP.TOTL,246305322,249470032,252698525,255852467,258877399,261799249,264627418,267346658,269951846,272489381,274814866,276758053,278830529,281190067
Indonesia,IDN,GDP (current US$),NY.GDP.MKTP.CD,755094157621.936,892969104563.171,917869913332.649,912524136718.018,890814755533.537,860854232686.214,931877364037.698,1015618744159.73,1042271532988.63,1119099871350.2,1059054842698.48,1186509691086.73,1319101183380.15,1371166925749.88
"Iran, Islamic Rep.",IRN,"Population, total",SP.POP.TOTL,77420842,78383598,79370580,80414686,81502045,82619362,83812228,85026754,86117998,87051648,87723443,88455488,89524246,90608707
"Iran, Islamic Rep.",IRN,GDP (current US$),NY.GDP.MKTP.CD,487069570463.768,629082257472.368,644019315003.54,500399839839.877,462284793280.825,409191686496.677,478618064870.999,510239893417.645,411903303606.044,347988400957.999,280934329279.723,407350685583.335,422662261525.665,457510482317.483
Iraq,IRQ,"Population, total",SP.POP.TOTL,31045366,32161424,33654842,35281989,36550059,37560535,38469627,39337353,40265624,41192171,42116605,43071211,44070551,45074049
Iraq,IRQ,GDP (current US$),NY.GDP.MKTP.CD,138516722649.573,185749664444.444,218002476129.472,234637675128.645,228415656174.957,166774104959.102,166743557747.671,187217660050.676,227367469034.031,233636097800.338,180898797516.874,209691945713.103,287372232137.931,268881051643.549
Ireland,IRL,"Population, total",SP.POP.TOTL,4560155,4580084,4599533,4623816,4657740,4701957,4762722,4827445,4898022,4976456,5039747,5110585,5212836,5311538
Ireland,IRL,GDP (current US$),NY.GDP.MKTP.CD,221732824603.484,240975871046.644,226921827888.137,242924245718.756,266490442124.309,302101388556.271,305431252708.748,348355212568.515,395780319816.603,407211793800.713,436009027818.948,530394123829.763,548341794599.09,567372737459.116
Isle of Man,IMN,"Population, total",SP.POP.TOTL,83873,84382,84335,84141,83892,83593,83466,83609,83805,83957,84064,84106,84132,84165
Isle of Man,IMN,GDP (current US$),NY.GDP.MKTP.CD,5920369789.50182,6565667052.79737,6690228371.66909,7001175622.71266,7708454412.32126,7084800892.22284,6846377563.00683,6979788333.50279,7491649455.92717,7314967866.28289,6684225641.02564,7931193222.06405,7431257410.92713,7576129932.79381
Israel,ISR,"Population, total",SP.POP.TOTL,7623600,7765800,7910500,8059500,8215700,8380100,8546000,8713300,8882800,9054000,9215100,9371400,9557500,9849000
Israel,ISR,GDP (current US$),NY.GDP.MKTP.CD,239372857534.485,267739352609.375,263172104090.976,298045324735.571,314376760832.047,302841190257.708,321083954798.337,357360816856.642,375470422244.408,399207771081.611,410908899711.272,489735019666.026,525157951212.871,513393395491.904
Italy,ITA,"Population, total",SP.POP.TOTL,59819407,60026841,60191247,60311613,60320707,60229605,60115223,60002252,59877221,59729081,59438851,59133173,59013667,58984216
Italy,ITA,GDP (current US$),NY.GDP.MKTP.CD,2144936254535,2306974020278.21,2097929495121.68,2153225581941.46,2173255507985.84,1845428048839.1,1887111188176.93,1970720904584.71,2099435266458.67,2019606796583.53,1907481094079.23,2179207773596.09,2104067630319.46,2316882296366.32
Jamaica,JAM,"Population, total",SP.POP.TOTL,2748568,2760494,2772430,2783687,2793749,2802534,2809915,2815764,2820097,2823271,2830739,2837682,2839144,2839786
Jamaica,JAM,GDP (current US$),NY.GDP.MKTP.CD,13220549908.2494,14444661522.1463,14807086555.5283,14264205152.6126,13899217679.9219,14963589915.5912,14898999754.1229,15783583236.675,16855447986.2221,17026269262.5307,15000214216.2439,15963885376.3537,18813516805.214,21418797832.8216
Japan,JPN,"Population, total",SP.POP.TOTL,128070000,127833000,127629000,127445000,127276000,127141000,127076000,126972000,126811000,126633000,126261000,125681593,125124989,124516650
Japan,JPN,GDP (current US$),NY.GDP.MKTP.CD,5811578109447.07,6279422550218.7,6333803928787.76,5272297037396.96,4985763289560.81,4534438580494.94,5110357383254.44,5038231631660.71,5154293721629.56,5245755000479.03,5189197543645.38,5225933520753.1,4447976207314.78,4384854269961.93
Jordan,JOR,"Population, total",SP.POP.TOTL,7297043,7480424,7587127,7991809,8791710,9544729,10006367,10234226,10462306,10671891,10865228,11066356,11256263,11439213
Jordan,JOR,GDP (current US$),NY.GDP.MKTP.CD,30202773521.1268,32640291549.2958,34854017887.3239,37873362957.7465,40535098591.5493,42394049295.7747,43688498732.3944,45535614366.1972,47435850422.5352,48640273802.8169,47931770985.9155,50702940985.9155,53516930140.8451,56123472112.6761
Kazakhstan,KAZ,"Population, total",SP.POP.TOTL,16836810,17066002,17306106,17556502,17816285,18084169,18363600,18651931,18932727,19209555,19482117,19743603,20034609,20330104
Kazakhstan,KAZ,GDP (current US$),NY.GDP.MKTP.CD,148047348240.643,192626464617.071,207998568865.789,236634603409.089,221415613595.469,184388404706.042,137278320084.171,166805788827.233,179339977690.485,181667184854.501,171082365861.423,197112255360.612,225496328925.494,261840101059.923
Kenya,KEN,"Population, total",SP.POP.TOTL,41598567,42758461,43888303,44986791,46051440,47088526,48139687,49197766,50207107,51202827,52217334,53219166,54252461,55339003
Kenya,KEN,GDP (current US$),NY.GDP.MKTP.CD,45405615063.7551,46869473150.61,56396704671.5777,61671440407.8387,68285796514.2896,70120446896.8359,74815144163.8931,82036510877.2599,92202979985.2863,100378436207.371,100657505750.545,109703658904.994,114448978152.637,107500884685.013
Kiribati,KIR,"Population, total",SP.POP.TOTL,108704,110647,112284,113838,115326,116815,118478,120275,122084,123921,126099,128377,130469,132530
Kiribati,KIR,GDP (current US$),NY.GDP.MKTP.CD,165458433.127645,195970140.170383,207001545.867109,201730860.757856,200287281.98074,191559398.688293,206467818.503227,223029864.54193,233859230.192198,216891541.021351,220909306.750809,285451584.406531,271214374.500577,291657337.839517
"Korea, Dem. People's Rep.",PRK,"Population, total",SP.POP.TOTL,24987258,25097874,25211728,25329451,25451262,25575350,25698326,25817709,25931147,26037632,26136312,26232534,26328845,26418204
"Korea, Dem. People's Rep.",PRK,GDP (current US$),NY.GDP.MKTP.CD,..,..,..,..,..,..,..,..,..,..,..,..,..,..
"Korea, Rep.",KOR,"Population, total",SP.POP.TOTL,49554112,49936638,50199853,50428893,50746659,51014947,51217803,51361911,51585058,51764822,51836239,51769539,51672569,51712619
"Korea, Rep.",KOR,GDP (current US$),NY.GDP.MKTP.CD,1192830015737.68,1307103477219.1,1335343586437.67,1434669686501.84,1556252422020.44,1539212301135.55,1579150518945.44,1710196756713.17,1824251454306.83,1751045752054.63,1744070276373.34,1942313560965.9,1799363116866.52,1844800934391.54
Kosovo,XKX,"Population, total",SP.POP.TOTL,1788743,1791949,1807126,1818119,1812788,1788274,1777568,1791019,1797086,1788891,1790151,1786079,1768096,1682668
Kosovo,XKX,GDP (current US$),NY.GDP.MKTP.CD,5343950626.16668,6341614504.59145,6163483291.08047,6735327512.05178,7074392884.04507,6295845465.35898,6682674062.9615,7180768692.26354,7878762812.20156,7899204690.79214,7734497455.75411,9412099545.05799,9367633202.54673,10466753839.9923
Kuwait,KWT,"Population, total",SP.POP.TOTL,2943372,3132814,3337109,3507844,3665876,3834574,4004096,4154812,4323515,4442316,4400267,4360865,4589643,4853420
Kuwait,KWT,GDP (current US$),NY.GDP.MKTP.CD,115416245241.742,154039231245.856,174047662680.041,174168116534.844,162650450684.725,114585555688.511,109406674124.652,120687539805.505,138646316350.727,140856394860.529,111045470605.715,148350671489.144,183502046693.878,165462656226.772
Kyrgyz Republic,KGZ,"Population, total",SP.POP.TOTL,5467059,5546587,5652076,5777150,5905848,6040036,6175338,6306696,6444079,6590211,6726596,6851224,6975220,7099750
Kyrgyz Republic,KGZ,GDP (current US$),NY.GDP.MKTP.CD,4794361863.01353,6197765984.28468,6605142884.36215,7335033800.59056,7468102412.68237,6678177511.66313,6813095379.1187,7702938379.42036,8271106235.41552,9371275264.36735,8270468614.24051,9249133946.26531,12134931017.9465,15180842369.4894
Lao PDR,LAO,"Population, total",SP.POP.TOTL,6334194,6426590,6518978,6611385,6703172,6801645,6908802,7018147,7128045,7237636,7346533,7453194,7559007,7664993
Lao PDR,LAO,GDP (current US$),NY.GDP.MKTP.CD,7131771014.70456,8750104617.17303,10192846339.4029,11983252626.5452,13279245886.3854,14426380125.6488,15912501722.6143,17071155481.4994,18141641089.7963,18740561512.5555,18981805250.2424,18827148530.9347,15468785203.7532,15843155731.2552
Latvia,LVA,"Population, total",SP.POP.TOTL,2097555,2059709,2034319,2012647,1993782,1977527,1959537,1942248,1927174,1913822,1900449,1884490,1879383,1883710
Latvia,LVA,GDP (current US$),NY.GDP.MKTP.CD,23468324572.3343,26575547900.8247,27116149948.6683,29152128167.8438,30277203767.4058,26344565876.8902,27117105059.5075,29391059767.4259,33247935477.3576,33099503950.847,33379927434.6149,38183326784.9335,38003198508.9107,42779550936.838
Lebanon,LBN,"Population, total",SP.POP.TOTL,5041288,5096020,5235742,5743436,6346990,6472469,6323060,6160128,5984119,5794594,5702398,5718122,5744489,5773493
Lebanon,LBN,GDP (current US$),NY.GDP.MKTP.CD,38443907042.1227,39927125961.5257,44016799515.7546,46880103080.597,48095213746.6003,49929337836.8159,51147308774.1294,53027680685.9038,54901519155.5556,51605959131.2741,31712128253.7961,23131941556.7843,20992421948.8081,20078620356.9931
Lesotho,LSO,"Population, total",SP.POP.TOTL,1996251,2014009,2034354,2056504,2080089,2104611,2130422,2157110,2183603,2209405,2235727,2261542,2286110,2311472
Lesotho,LSO,GDP (current US$),NY.GDP.MKTP.CD,2234754241.91918,2579409619.96722,2477702216.26888,2367112931.642,2441063054.05792,2359686724.53829,2114426452.2019,2306741672.29006,2556247291.99785,2390702295.82777,2053699863.99625,2412130056.55851,2354980960.02697,2129871529.52517
Liberia,LBR,"Population, total",SP.POP.TOTL,4058890,4221178,4373043,4470239,4564293,4659431,4755608,4848925,4944726,5043721,5149463,5259323,5373294,5493031
Liberia,LBR,GDP (current US$),NY.GDP.MKTP.CD,1998000000,2398000000,2791614000,3177198100,3225652000,3227075700,3398419600,3390703400,3422754800,3319596500,3176126300,3513049500,4001047000,4390000000
Libya,LBY,"Population, total",SP.POP.TOTL,6497839,6343203,6179328,6304628,6427252,6531819,6632126,6738770,6849055,6951033,7045399,7135175,7223805,7305659
Libya,LBY,GDP (current US$),NY.GDP.MKTP.CD,75380825062.4216,48169263294.1007,92540938129.1315,75351107029.0605,57372355592.022,48717501321.3052,49912073701.298,67157452181.7738,76686029772.1483,69254496471.6938,46854285440.642,35217995647.2862,43246297921.8499,44027664915.187
Liechtenstein,LIE,"Population, total",SP.POP.TOTL,36022,36312,36657,36984,37248,37494,37716,37962,38246,38563,38901,39182,39493,39846
Liechtenstein,LIE,GDP (current US$),NY.GDP.MKTP.CD,5082337238.44718,5739706004.89616,5456102482.28614,6391708310.67727,6657526979.72277,6268515276.17441,6237302033.50132,6474308717.85289,6692620691.84146,6436467007.11932,6405870210.32293,7912602342.18895,7426856242.7736,8239379403.22096
Lithuania,LTU,"Population, total",SP.POP.TOTL,3097282,3028115,2989139,2961250,2937253,2911109,2877325,2842639,2819200,2811089,2810369,2808380,2831639,2871585
Lithuania,LTU,GDP (current US$),NY.GDP.MKTP.CD,36638128534.0643,43186501862.7907,42709372066.8627,46303660422.0434,48306546656.9281,41540954817.2039,42970749245.0336,47756764508.446,54261795148.5372,55122066225.796,57412038533.2718,67072165721.2431,70639687325.6326,80356613554.5602
Luxembourg,LUX,"Population, total",SP.POP.TOTL,506953,518347,530946,543360,556319,569604,582014,596336,607950,620001,630419,640064,653103,666430
Luxembourg,LUX,GDP (current US$),NY.GDP.MKTP.CD,56213985987.4168,61696281326.2453,59776383527.3602,65203276466.9763,68804814554.646,60071584216.1375,62216885435.9488,65712180342.9836,71085623495.1145,69872035113.6469,73670782100.3909,86386759695.1653,80801680397.0139,88788881539.3937
"Macao SAR, China",MAC,"Population, total",SP.POP.TOTL,537000,549600,567900,591900,621700,642900,652500,648400,658900,672000,685400,682500,677300,678800
"Macao SAR, China",MAC,GDP (current US$),NY.GDP.MKTP.CD,28244172833.6035,36848881944.6939,43193350975.6862,51559125350.236,54930501310.2956,44940613353.1038,44964868323.7558,50297028370.6668,55076322634.344,55025172016.004,25280064167.7333,30633941629.3633,24929307447.3237,45626467279.891
Madagascar,MDG,"Population, total",SP.POP.TOTL,22183340,22822300,23462438,24109290,24764348,25426702,26099952,26788375,27494926,28219554,28953556,29691083,30437261,31195932
Madagascar,MDG,GDP (current US$),NY.GDP.MKTP.CD,9982711338.07029,11551819617.874,11578975061.9479,12423555455.3853,12522957399.2281,11323020701.3017,11848613858.442,13176313593.5509,13760033282.2925,14104664678.5063,13051441204.053,14354731964.3258,15342178598.2475,16036707975.7567
Malawi,MWI,"Population, total",SP.POP.TOTL,14826463,15265022,15709577,16161816,16621538,17085587,17557739,18039715,18528081,19025752,19533888,20047258,20568728,21104482
Malawi,MWI,GDP (current US$),NY.GDP.MKTP.CD,10128323010.6049,11648142958.3651,8773203178.16512,8031571927.62055,8801326169.14547,9219474379.31534,7909868618.46366,8943543793.5839,9879220354.29186,11051852712.6142,11769313597.8545,12378119199.0839,12429059928.102,13363669672.9405
Malaysia,MYS,"Population, total",SP.POP.TOTL,28655776,29162039,29662831,30174265,30696137,31232798,31789685,32355644,32910967,33440596,33889558,34282399,34695493,35126298
Malaysia,MYS,GDP (current US$),NY.GDP.MKTP.CD,255017638455.59,297951668674.835,314443047642.111,323276235524.415,338066095097.254,301355266964.947,301256033870.334,319109094160.343,358788845712.53,365177721021.516,337456163961.211,373784553029.978,407830525989.553,399949418752.657
Maldives,MDV,"Population, total",SP.POP.TOTL,360792,373674,386818,400070,413617,428154,443308,458287,473099,487731,502118,516154,524106,525994
Maldives,MDV,GDP (current US$),NY.GDP.MKTP.CD,2588176054.6875,2774350240.04918,2886163997.20531,3295009237.50107,3697353039.20043,4129505319.12921,4409942623.85538,4816426256.52914,5404344162.69888,5726094799.37709,3712604583.36665,5252457369.55218,6177123352.26211,6621008703.95743
Mali,MLI,"Population, total",SP.POP.TOTL,15945198,16469049,16957033,17459615,18020267,18593022,19191289,19813011,20442030,21068405,21713836,22388630,23072640,23769127
Mali,MLI,GDP (current US$),NY.GDP.MKTP.CD,12710739159.5014,15452791788.9356,14795114602.6122,15747192680.9971,17081681993.2577,15583181170.4105,16743796799.8329,18308362040.0521,20368015381.2413,20477421884.5414,20698560938.7775,22999245262.6719,22539987718.7642,24777941860.767
Malta,MLT,"Population, total",SP.POP.TOTL,414508,416268,420028,424810,433481,444220,454505,467106,483903,503912,515490,518150,531113,552747
Malta,MLT,GDP (current US$),NY.GDP.MKTP.CD,9097044301.48168,9789363086.07492,9609530618.89688,10796780874.0524,11888029751.5962,11340789705.8045,12025777078.0922,14161374599.3379,16153785816.8181,16337788880.578,16404655807.6687,19730119030.6198,18938869147.0818,22625329775.6867
Marshall Islands,MHL,"Population, total",SP.POP.TOTL,52044,51907,51419,50681,49796,48800,47709,46529,45285,44007,42706,41367,40077,38827
Marshall Islands,MHL,GDP (current US$),NY.GDP.MKTP.CD,161100000,172300000,180700000,186400000,186000000,183700000,201800000,213700000,220000000,232900000,241800000,261245500,258723500,264000000
Mauritania,MRT,"Population, total",SP.POP.TOTL,3390965,3502811,3619034,3734318,3848514,3965959,4086657,4210600,4337685,4467708,4600131,4734874,4875637,5022441
Mauritania,MRT,GDP (current US$),NY.GDP.MKTP.CD,5628878797.98257,6764627745.9033,6728208836.22143,7230646063.35983,6615483550.17817,6182303676.55144,6407900701.25829,6812472965.33868,7475471309.52265,7894764885.82312,8260567356.81635,9221044666.76483,9562497460.55394,10687541640.1299
Mauritius,MUS,"Population, total",SP.POP.TOTL,1250400,1252404,1255882,1258927,1261208,1262879,1263747,1264887,1265577,1265985,1266014,1266334,1262523,1248647
Mauritius,MUS,GDP (current US$),NY.GDP.MKTP.CD,10144716154.9356,11677718382.4259,11832323837.1071,12434596541.2996,13230490081.5656,12162211503.0793,12757680846.5663,13896938315.2799,14957535715.9696,14645235204.6176,11566111137.5568,11622048696.8129,12936444123.3037,14072212290.4596
Mexico,MEX,"Population, total",SP.POP.TOTL,113623895,115243504,116818208,118343573,119784261,121072306,122251351,123400057,124573711,125762982,126799054,127648148,128613117,129739759
Mexico,MEX,GDP (current US$),NY.GDP.MKTP.CD,1105424238651.95,1229013703416.76,1255110424741.85,1327436290439.27,1364507717689.36,1213294467653.78,1112233497452.7,1190721475853.16,1256300182983.65,1304106204006.27,1121064767168.8,1316569466833.94,1466934724243.38,1794410347718.25
"Micronesia, Fed. Sts.",FSM,"Population, total",SP.POP.TOTL,107540,107698,107890,108121,108396,108716,109075,109481,109909,110282,110916,111624,112114,112630
"Micronesia, Fed. Sts.",FSM,GDP (current US$),NY.GDP.MKTP.CD,292000000,308000000,324000000,314000000,316000000,312000000,327000000,361000000,394000000,395000000,372902700,391601900,415232900,442975600
Moldova,MDA,"Population, total",SP.POP.TOTL,2862354,2860699,2860324,2859558,2857815,2835978,2803186,2755189,2707203,2664224,2635130,2595809,2528654,2457783
Moldova,MDA,GDP (current US$),NY.GDP.MKTP.CD,6974982369.60155,8414352020.49442,8709138634.82921,9496717875.51932,9402090137.7423,7797667196.73087,7980917075.7748,9514404016.20949,11252353420.8798,11736797054.6965,11530746234.4492,13691869264.0794,14525337523.7271,16711906746.2133
Monaco,MCO,"Population, total",SP.POP.TOTL,33163,33946,34711,35447,36128,36757,37276,37678,38154,38109,38050,38527,38931,38956
Monaco,MCO,GDP (current US$),NY.GDP.MKTP.CD,5367561640.00001,6088690667.31519,5742748405.54688,6555590641.56865,7070015473.96076,6264753585.625,6471287668.59924,6430258224.58825,7184336760.39215,7383494129.41175,6730733230.81714,8623241326.74405,8800432773.73544,10003897341.1766
Mongolia,MNG,"Population, total",SP.POP.TOTL,2738622,2786317,2839705,2899011,2963113,3026864,3088856,3148917,3208189,3267673,3327204,3383741,3433748,3481145
Mongolia,MNG,GDP (current US$),NY.GDP.MKTP.CD,7189481998.90094,10409797377.8571,12292770631.565,12582122604.2577,12226514668.0622,11619892590.6941,11181350649.3573,11480847740.736,13178094720.4986,14206359017.5143,13312981429.0891,15286441737.6686,17146471713.748,20325121393.9074
Montenegro,MNE,"Population, total",SP.POP.TOTL,619428,620345,621418,622587,623744,624651,625353,625982,626438,626753,626590,625053,623591,623529
Montenegro,MNE,GDP (current US$),NY.GDP.MKTP.CD,4136936243.54334,4507127584.90565,4071828832.31109,4422097042.14762,4579635403.65249,4010884106.80136,4357467226.269,4803964684.21648,5433469310.85184,5483622632.13097,4734192593.29169,5822908963.58053,6259721790.0652,7643318276.40347
Morocco,MAR,"Population, total",SP.POP.TOTL,32467016,32912588,33355241,33787571,34204780,34607588,35023457,35446392,35839760,36210898,36584208,36954442,37329064,37712505
Morocco,MAR,GDP (current US$),NY.GDP.MKTP.CD,100865329473.44,110080631332.375,106937392311.129,115739287305.08,119130841411.664,110413823841.592,111572947004.917,118540573367.844,127341147581.818,128920266409.458,121353645057.144,142022058447.231,131245312804.483,146036093666.762
Mozambique,MOZ,"Population, total",SP.POP.TOTL,22999235,23649039,24337846,25051611,25788475,26547572,27337105,28166393,29018644,29884380,30783688,31707800,32656246,33635160
Mozambique,MOZ,GDP (current US$),NY.GDP.MKTP.CD,11411894723.864,14619279988.716,16688114144.0745,17198073057.1981,17978246586.0662,16208985769.615,12069051237.1711,13264640645.7768,15017358952.8452,15512759046.672,14235420174.1884,16168055475.4449,18884232598.8698,20927498317.3094
Myanmar,MMR,"Population, total",SP.POP.TOTL,49024382,49419820,49837446,50262658,50681634,51089056,51495696,51894938,52272247,52640713,53016522,53387102,53756787,54133798
Myanmar,MMR,GDP (current US$),NY.GDP.MKTP.CD,49540813342.4834,59977326085.9908,59937796648.2158,60269732854.827,65531374199.6663,59607290407.6191,63298361996.2153,66053040483.0016,67860515989.517,75065106227.6892,79006113643.1906,66345291160.1683,62253049891.6449,66757619000
Namibia,NAM,"Population, total",SP.POP.TOTL,2109811,2146325,2194654,2252508,2312139,2374300,2439213,2506853,2577327,2650494,2728762,2810548,2889662,2963095
Namibia,NAM,GDP (current US$),NY.GDP.MKTP.CD,11431412421.1316,12523359440.5499,13042053591.6857,12043307277.1235,12435430969.6301,11335161083.5061,10722018732.0936,12895153370.9132,13682019076.4022,12541928303.48,10583748541.5258,12402486183.6396,12569449123.3661,12522012873.7957
Naoero,NRU,"Population, total",SP.POP.TOTL,10043,10098,10267,10517,10742,10954,11150,11324,11477,11587,11643,11709,11801,11875
Naoero,NRU,GDP (current US$),NY.GDP.MKTP.CD,47562844.6104251,65071879.7787162,101055722.95058,94385014.9425842,99149244.4001333,84863440.5801997,97541943.0355053,109355638.866955,130995566.30391,125160115.547819,124685688.161094,149268323.992868,180671357.349805,161531316.884061
Nepal,NPL,"Population, total",SP.POP.TOTL,27341952,27464494,27534915,27589996,27672370,27823629,27955462,28011258,28079689,28414064,28966574,29475010,29715436,29694614
Nepal,NPL,GDP (current US$),NY.GDP.MKTP.CD,16002656434.4746,21573872420.7008,21703100877.1309,22162204924.5726,22731612922.1906,24360801286.7638,24524109483.5293,28971588940.364,33111525237.149,34186180699.0255,33433659301.2466,36924841394.2605,41182939519.8161,41049329851.0546
Netherlands,NLD,"Population, total",SP.POP.TOTL,16615394,16693074,16754962,16804432,16865008,16939923,17030314,17131296,17231624,17344874,17441500,17533044,17700982,17877117
Netherlands,NLD,GDP (current US$),NY.GDP.MKTP.CD,852464982433.335,913140741332.687,845689017065.625,883951539006.669,901556501756.467,775743675302.734,797163949289.885,848233537845.884,929733599796.862,928903005576.469,932560861701.17,1054472123449.6,1046540797548.64,1135475867551
New Caledonia,NCL,"Population, total",SP.POP.TOTL,261582,266543,271633,276822,281224,283168,283423,283546,283541,283606,284176,285214,287123,289870
New Caledonia,NCL,GDP (current US$),NY.GDP.MKTP.CD,9364350076.91225,10351448004.7674,9659151917.40484,10151382933.1594,10635035594.7528,8738203074.3957,8724568954.89799,9174048681.98577,9896402283.68587,9475655324.59495,9454629467.91408,10071349663.8484,9623318718.31459,9769167530.35744
New Zealand,NZL,"Population, total",SP.POP.TOTL,4350700,4384000,4408100,4442100,4516500,4609400,4714100,4813600,4900600,4970300,5072400,5084600,5081700,5200000
New Zealand,NZL,GDP (current US$),NY.GDP.MKTP.CD,146887902524.052,168458838711.118,176508049114.249,190943478289.796,201435445068.164,178147457242.978,188980351890.848,206561943051.354,211726161989.495,213088034258.42,213318129988.602,253732493987.834,249723029451.237,256372177757.764
Nicaragua,NIC,"Population, total",SP.POP.TOTL,5737450,5819051,5901287,5983845,6066492,6149417,6232666,6316231,6400080,6483657,6565267,6644741,6730654,6823613
Nicaragua,NIC,GDP (current US$),NY.GDP.MKTP.CD,8758602232.98358,9774329332.71276,10532017231.8253,10982988249.2103,11880438824.4494,12756696261.0676,13286093388.4752,13785893007.4769,13025221974.232,12699023614.245,12726422432.4868,14209019392.3025,15634573555.9049,17805842220.7571
Niger,NER,"Population, total",SP.POP.TOTL,16548835,17176283,17836769,18519898,19215909,19939498,20685753,21435446,22188069,22947757,23717613,24502140,25311973,26159867
Niger,NER,GDP (current US$),NY.GDP.MKTP.CD,7851192502.30917,8772950777.79176,9426912647.59111,10224897437.8648,10862943543.5419,9683867926.44282,10341025540.2322,11359273443.3897,12800907985.9863,12420836506.7888,13648332189.7307,14936154253.3242,15531799640.9005,16949765463.9058
Nigeria,NGA,"Population, total",SP.POP.TOTL,166642886,171379598,176200625,181049443,185896915,190671878,195443700,200254579,204938755,209485641,213996181,218529286,223150896,227882945
Nigeria,NGA,GDP (current US$),NY.GDP.MKTP.CD,366990417129.04,414466676831.16,463971018239.281,520117180313.906,574183763411.508,493026682800.63,404649125252.16,375745731053.427,421739251509.08,668219992686.575,598586817817.392,609147716965.348,646950257575.455,487387801877.803
North Macedonia,MKD,"Population, total",SP.POP.TOTL,1946298,1937398,1929821,1922716,1917557,1912430,1906313,1898657,1889051,1876262,1856124,1837114,1831712,1827816
North Macedonia,MKD,GDP (current US$),NY.GDP.MKTP.CD,9407170321.37752,10494626767.6445,9745261300.57788,10817702346.0674,11362265252.778,10064519962.5655,10672467073.2873,11307067069.6658,12683068114.2388,12606338448.547,12361036913.8409,14000283827.0154,13932436550.0883,15855131188.9092
Northern Mariana Islands,MNP,"Population, total",SP.POP.TOTL,54091,53608,53234,52758,52178,51514,50773,49959,49077,48129,47528,46979,46078,45143
Northern Mariana Islands,MNP,GDP (current US$),NY.GDP.MKTP.CD,799000000,729000000,746000000,772000000,832000000,910000000,1230000000,1560000000,1301000000,1179000000,866000000,914000000,1096000000,..
Norway,NOR,"Population, total",SP.POP.TOTL,4889252,4953088,5018573,5079623,5137232,5188607,5234519,5276968,5311916,5347896,5379475,5408320,5457127,5519601
Norway,NOR,GDP (current US$),NY.GDP.MKTP.CD,440132138425.479,512868581627.712,525082939406.962,540132255319.149,515829568897.117,400669174330.888,383284047619.048,415673181543.421,454588871810.636,424244886363.636,382252517921.94,521592200232.829,617321834098.986,502197633322.816
Oman,OMN,"Population, total",SP.POP.TOTL,2757446,3076763,3547106,3833913,4002439,4184895,4390877,4537396,4597877,4591241,4522497,4500424,4730226,5049269
Oman,OMN,GDP (current US$),NY.GDP.MKTP.CD,64993498049.4148,77497529258.7776,87408842652.7958,89936020806.2419,92699089726.9181,78710793237.9714,75128738621.5865,80856697009.1027,91505851755.5267,88060858257.4772,75909492847.8544,87323797139.1417,109852795838.752,106174707932.38
Pakistan,PAK,"Population, total",SP.POP.TOTL,199239047,203746065,207667125,211073978,214264647,217290883,220138869,223273967,226928892,230800899,235001746,239477801,243700667,247504495
Pakistan,PAK,GDP (current US$),NY.GDP.MKTP.CD,196709621849.586,230586581059.665,250106966104.704,258657231672.412,271390474857.632,299963590534.773,313630000130.435,339205534861.1,356128166704.921,320909472770.669,300425609817.981,348516647445.148,374890295666.694,336686348609.266
Palau,PLW,"Population, total",SP.POP.TOTL,18396,18078,17765,17648,17715,17770,17797,17812,17814,17798,17792,17783,17759,17727
Palau,PLW,GDP (current US$),NY.GDP.MKTP.CD,184292328.125,195163578.125,214928296.875,226257828.125,245436546.875,283224750,303326125,289983656.25,288228343.75,281954000,258985859.375,235935734.375,247470812.5,276157406.25
Panama,PAN,"Population, total",SP.POP.TOTL,3628535,3693505,3759256,3825329,3892101,3960035,4029086,4098707,4167860,4234700,4293261,4345405,4400773,4458759
Panama,PAN,GDP (current US$),NY.GDP.MKTP.CD,30231009500,35687738300,41595439700,46949496500,51427104900,55767806100,59760858700,64327688800,67316471200,69778991200,57059846500,67396392500,76479304500,83812155200
Papua New Guinea,PNG,"Population, total",SP.POP.TOTL,7633523,7859346,8081390,8302698,8523441,8743246,8961718,9178714,9394513,9609010,9815746,10012896,10203169,10389635
Papua New Guinea,PNG,GDP (current US$),NY.GDP.MKTP.CD,14250786674.7766,17985138065.8549,21295168665.7247,21261338064.8783,23210823987.308,21723437010.0982,20758876952.6232,22742699138.356,24109780708.0268,24750626029.8777,23848447849.6081,26113409477.7318,31653230962.4549,30816328065.6492
Paraguay,PRY,"Population, total",SP.POP.TOTL,5737971,5814626,5897008,5982445,6069811,6159103,6249126,6338660,6427382,6515058,6603739,6684182,6760464,6844146
Paraguay,PRY,GDP (current US$),NY.GDP.MKTP.CD,27260886405.2263,33756238766.5,33271921136.315,38501122141.4241,40377929295.6419,36211447840.0971,36089700222.9461,38997129473.5558,40225448340.6322,37925338329.1494,35432178068.1814,39937357255.8716,41841201626.7253,43140465595.6662
Peru,PER,"Population, total",SP.POP.TOTL,29086019,29304086,29550366,29817919,30115826,30457600,30866494,31324637,31897584,32449303,32838579,33155882,33475438,33845617
Peru,PER,GDP (current US$),NY.GDP.MKTP.CD,147527631520.729,171761737046.585,192650021648.583,201175543571.392,200786250582.943,189802976285.619,191898104390.379,211007984080.911,222597009739.235,228346006003.648,201409694755.934,226406075008.878,246169867862.821,268025009709.319
Philippines,PHL,"Population, total",SP.POP.TOTL,96337125,98248614,100175512,102076336,103767130,105312992,106735719,108119693,109465287,110804683,112081264,113100950,113964338,114891199
Philippines,PHL,GDP (current US$),NY.GDP.MKTP.CD,208368893151.144,234216730291.32,261920540962.63,283902828588.718,297483555338.044,306445871242.322,318627003016.731,328480736802.76,346841896587.313,376823402239.136,361751145451.597,394087359848.11,404353369604.631,437055627245.138
Poland,POL,"Population, total",SP.POP.TOTL,38042794,38063255,38063164,38040196,38011735,37986412,37970087,37974826,37974750,37965475,37515748,36981559,36821749,36687353
Poland,POL,GDP (current US$),NY.GDP.MKTP.CD,478111630683.514,527848543023.469,498148649702.66,518179836405.36,542134167178.627,480054118583.367,473259623976.262,528356723263.073,594616632477.019,602683770144.88,605914237903.742,689170230665.35,695607470875.276,812451193396.143
Portugal,PRT,"Population, total",SP.POP.TOTL,10573100,10557560,10514844,10457295,10401062,10358076,10325452,10300300,10283822,10286263,10297081,10361831,10434332,10578174
Portugal,PRT,GDP (current US$),NY.GDP.MKTP.CD,238443864993.217,245426767676.002,216536676771.973,226677408291.745,230078616299.675,199038523119.639,206305431241.638,220862990767.229,242092894542.888,240115970063.019,229618773422.577,256055879091.139,256898677175.024,292323800948.839
Puerto Rico (US),PRI,"Population, total",SP.POP.TOTL,3724465,3693464,3661045,3631427,3585017,3535167,3480432,3410837,3290690,3302691,3281591,3262731,3220148,3203794
Puerto Rico (US),PRI,GDP (current US$),NY.GDP.MKTP.CD,98381300000,100351700000,101564800000,102450000000,102445800000,103375500000,104336700000,103445500000,100958100000,105126400000,103130900000,106426600000,113843700000,118478754280.882
Qatar,QAT,"Population, total",SP.POP.TOTL,1616832,1624761,1722438,1916426,2151745,2344557,2477113,2545820,2580734,2638657,2794148,2504910,2657333,2656032
Qatar,QAT,GDP (current US$),NY.GDP.MKTP.CD,125122252747.253,167775274725.275,186833502362.637,198727642967.033,206224598571.429,161739955576.923,151732181868.132,161099122225.275,183334953818.681,176371267692.308,144411363351.648,179732009560.44,235709325714.286,213002809340.659
Romania,ROU,"Population, total",SP.POP.TOTL,20246871,20147528,20058035,19983693,19908979,19815616,19702267,19588715,19473970,19371648,19265250,19122059,19048502,19061062
Romania,ROU,GDP (current US$),NY.GDP.MKTP.CD,170064350671.827,192623977894.173,179117323107.087,189798603751.235,199722319675.741,177885131240.315,185290759248.844,210147385855.419,241791427223.903,250080428511.595,250624575871.819,285072444957.216,295317862855.924,347757995758.914
Russian Federation,RUS,"Population, total",SP.POP.TOTL,142849468,143018195,143378447,143805638,144237223,144640716,145015460,145293260,145398106,145453291,145245148,144746762,144236933,143826130
Russian Federation,RUS,GDP (current US$),NY.GDP.MKTP.CD,1524916715223.95,2045922753398.04,2208293553878.42,2292470078346.22,2059241589895.01,1363482182197.71,1276786350881.14,1574199360089,1657328773461.31,1693115002708.32,1493075894362.14,1829186719575.1,2292495097681.47,2046284838151.09
Rwanda,RWA,"Population, total",SP.POP.TOTL,10317553,10573733,10829901,11093340,11364757,11640022,11919183,12202060,12487996,12776103,13065837,13355260,13651030,13954471
Rwanda,RWA,GDP (current US$),NY.GDP.MKTP.CD,6052276077.6354,6802676033.65947,7556673275.95438,7714276919.73722,8129984483.78727,8447064078.84373,8596812240.52305,9164345443.2575,9650161136.17648,10519272170.3346,10487146253.4025,11252894909.5043,13747404814.2677,14806501437.282
Samoa,WSM,"Population, total",SP.POP.TOTL,193023,194713,196498,198268,200037,201782,203499,205415,207582,209780,211944,213779,215261,216663
Samoa,WSM,GDP (current US$),NY.GDP.MKTP.CD,680260907.153983,744097050.169115,773141661.165548,797736334.281305,796683519.593842,824150498.653536,843924796.697421,884844384.463214,878448433.404342,912950466.064906,868884902.953089,859724936.05765,889554711.842341,1044909500.02527
San Marino,SMR,"Population, total",SP.POP.TOTL,33270,32620,33469,33041,32655,32897,33101,33825,34522,34663,34770,34252,33755,33860
San Marino,SMR,GDP (current US$),NY.GDP.MKTP.CD,1881191950,1813717694.55253,1604701051.17188,1678741201.56863,1673910988.23529,1419400395.73301,1468342400.08249,1528621192.886,1655354328.79184,1616231696.04862,1544713784.67674,1855395712.2147,1831701022.87082,2027243193.5116
Sao Tome and Principe,STP,"Population, total",SP.POP.TOTL,181802,185649,189439,193148,196767,200291,203689,206970,210187,213392,217435,221961,226305,230871
Sao Tome and Principe,STP,GDP (current US$),NY.GDP.MKTP.CD,190021192.489536,226455001.243083,229371348.441006,267041747.584354,293119143.246825,259999643.047388,292267272.196925,322002845.229335,383717327.830508,412976082.620705,471229484.607144,524402455.54816,540809499.189348,690456806.696406
Saudi Arabia,SAU,"Population, total",SP.POP.TOTL,23978487,25091867,26168861,27624004,28309273,29816382,30954198,30977355,30196281,30063799,31552510,30784383,32175224,33702731
Saudi Arabia,SAU,GDP (current US$),NY.GDP.MKTP.CD,528207466666.667,680660800000,751921333333.333,769755733333.333,787153066666.667,693414400000,689279466666.667,741266133333.333,886564800000,888890133333.333,767951200000,982661066666.667,1239075200000,1218584800000
Senegal,SEN,"Population, total",SP.POP.TOTL,12635413,12958897,13310495,13710849,14152102,14593331,15034521,15475002,15914498,16352922,16789219,17220867,17651103,18077573
Senegal,SEN,GDP (current US$),NY.GDP.MKTP.CD,16121315909.0758,17814283639.3119,17660870411.5235,18918667724.8817,19797253440.2679,17774766696.1759,19040312333.1864,20965069572.7168,23116701556.1381,23403995992.1354,24530513037.7518,27520784129.7508,27783332222.6759,30696331295.7826
Serbia,SRB,"Population, total",SP.POP.TOTL,7291436,7236519,7201497,7166553,7131787,7095383,7058322,7020858,6982604,6945235,6899126,6834326,6664449,6623183
Serbia,SRB,GDP (current US$),NY.GDP.MKTP.CD,43536629233.1424,51251098408.0924,45103269969.4112,50455529604.0696,49114321280.3466,41297410634.9586,42225495909.5633,45972834713.8077,52787520248.9242,53864693664.5568,55874017668.998,66159884072.5308,66809895701.2152,81343999280.0179
Seychelles,SYC,"Population, total",SP.POP.TOTL,89770,87441,88303,89949,91359,93419,94677,95843,96762,97625,98462,99258,119878,119773
Seychelles,SYC,GDP (current US$),NY.GDP.MKTP.CD,981616542.328454,1058918707.26124,1089407839.19709,1333160407.38516,1387577870.08161,1432403352.12944,1568513348.14463,1675370641.01416,1784313926.76807,1868690096.73454,1382551751.56908,1487173794.80528,1999888599.25474,2171547935.38159
Sierra Leone,SLE,"Population, total",SP.POP.TOTL,6222714,6387251,6551080,6714051,6876385,7037655,7205328,7379299,7554563,7731991,7912558,8094602,8276807,8460512
Sierra Leone,SLE,GDP (current US$),NY.GDP.MKTP.CD,4262805966.78755,4861632884.67985,6141666509.36295,7502762862.72657,7686138790.90872,6788352974.78329,6084297211.10217,5749846528.48046,6390514688.52816,6523577590.38319,6688307705.64217,7166931483.2953,7121125277.18159,6415852766.09227
Singapore,SGP,"Population, total",SP.POP.TOTL,5076732,5183688,5312437,5399162,5469724,5535002,5607283,5612253,5638676,5703569,5685807,5453566,5637022,5917648
Singapore,SGP,GDP (current US$),NY.GDP.MKTP.CD,239807980591.24,279356499090.458,295092888076.589,307576360584.992,314863580758.455,307998545269.398,320759207438.623,344795119213.571,377976367877.038,376827390962.044,351226533656.292,441110903524.645,514252535238.749,511181761243.76
Sint Maarten (Dutch part),SXM,"Population, total",SP.POP.TOTL,33794,34267,35023,35854,36672,37471,38249,38996,39712,40385,41008,41571,42139,42749
Sint Maarten (Dutch part),SXM,GDP (current US$),NY.GDP.MKTP.CD,892290502.793296,936089385.47486,985865921.787709,1022905027.93296,1361811508.37989,1417888715.0838,1427017206.70391,1353212122.90503,1259200446.92737,1407880446.92737,1236428100.55866,1353071061.45251,1592564636.87151,1686525977.65363
Slovak Republic,SVK,"Population, total",SP.POP.TOTL,5391428,5398384,5407579,5413393,5418649,5423801,5430798,5439232,5446771,5454147,5458827,5447247,5431752,5426740
Slovak Republic,SVK,GDP (current US$),NY.GDP.MKTP.CD,91112160800.7668,99705104723.4341,94724394278.052,99134277850.3418,101713075598.862,89178548717.3324,90347173228.6356,95978130734.9766,106611673364.837,105843498304.094,107732602896.441,120511265913.343,115792972358.209,133578518423.544
Slovenia,SVN,"Population, total",SP.POP.TOTL,2048583,2052843,2057159,2059953,2061980,2063531,2065042,2066388,2073894,2088385,2102419,2108079,2112076,2120461
Slovenia,SVN,GDP (current US$),NY.GDP.MKTP.CD,47793117240.9001,51199194599.3094,46167053954.3367,47867056858.8892,49514466379.6057,42709468274.8137,44290685824.0682,48153200134.6613,53689067639.9176,53909922735.545,53384760135.1581,61540813361.8556,59899117741.0022,69255264238.3855
Solomon Islands,SLB,"Population, total",SP.POP.TOTL,532968,552945,573606,594945,616908,639415,662379,685672,709101,728147,744498,762591,781066,800005
Solomon Islands,SLB,GDP (current US$),NY.GDP.MKTP.CD,898128551.289162,1063898226.71892,1185217634.37393,1285905957.64116,1335576762.84974,1307908813.59962,1379486290.71433,1469790526.3972,1615473250.25259,1619150563.92084,1536143427.82958,1558312103.84225,1466670929.62333,1506124566.40404
"Somalia, Fed. Rep.",SOM,"Population, total",SP.POP.TOTL,12261756,12348830,12461160,12869594,13339491,13806963,14348740,14916629,15452487,16030971,16651191,17271431,17801897,18358615
"Somalia, Fed. Rep.",SOM,GDP (current US$),NY.GDP.MKTP.CD,2687807003.73935,2906000096.93249,4364670159.99578,5062881600.00104,5728399719.99958,6152149099.99942,6613743069.99912,7621501710.0012,7873000000,8656000000,8628000000,9483000000,10203000000,10958000000
South Africa,ZAF,"Population, total",SP.POP.TOTL,52344051,52995205,53782567,54678791,55594838,56723537,57259551,57635162,58613001,59587885,60562381,61502603,62378410,63212384
South Africa,ZAF,GDP (current US$),NY.GDP.MKTP.CD,417363822801.713,458199494830.834,434400545085.811,400886013595.573,381198869776.106,346709790458.563,323585509674.481,381448814653.456,405260723892.517,389330032224.269,337974655408.055,419986284375.368,407596043067.885,381440724491.232
South Sudan,SSD,"Population, total",SP.POP.TOTL,9745953,10288109,10756240,11166275,11235073,11107561,10830102,10259154,10122977,10423384,10698467,10865780,11021177,11483374
South Sudan,SSD,GDP (current US$),NY.GDP.MKTP.CD,14602072410.9506,14907308932.7534,11931472169.4915,18426469016.9492,13962212847.4576,11997800760.2242,..,..,..,..,..,..,..,..
Spain,ESP,"Population, total",SP.POP.TOTL,46576897,46742697,46773055,46604197,46460733,46422303,46458139,46571232,46782011,47118501,47359424,47443821,47786102,48352528
Spain,ESP,GDP (current US$),NY.GDP.MKTP.CD,1427989078916.67,1487568659241.25,1330994811670.31,1362186923157.65,1380244561361.96,1206164777553.12,1243015667917.12,1321754088818.83,1431642809327.06,1403496387686.27,1289783836971.21,1461244901852.69,1448850658406.62,1619481980719.64
Sri Lanka,LKA,"Population, total",SP.POP.TOTL,20879089,21009048,21169458,20585000,20778000,20970000,21209000,21453000,21670000,21803000,21919000,22156000,22181000,22037000
Sri Lanka,LKA,GDP (current US$),NY.GDP.MKTP.CD,58636049581.1712,67753285882.299,70447216891.3366,76976204074.978,82531125461.843,85090300895.6546,88000210878.1236,94369350439.4732,94450015982.806,88998706177.9986,84335574372.2997,88556699052.2008,74143020303.663,84080307355.5983
St. Kitts and Nevis,KNA,"Population, total",SP.POP.TOTL,46846,46886,47033,47069,47089,47087,47075,47050,47008,46952,46870,46763,46709,46758
St. Kitts and Nevis,KNA,GDP (current US$),NY.GDP.MKTP.CD,778718518.518518,836092592.592593,824585185.185185,874548148.148148,952111111.111111,957222222.222222,1006818518.51852,1056977777.77778,1076548148.14815,1107855555.55556,883922222.222222,858622222.222222,981429629.62963,1055651851.85185
St. Lucia,LCA,"Population, total",SP.POP.TOTL,170906,171801,172587,173369,174138,174905,175646,176342,177017,177661,178250,178522,178781,179285
St. Lucia,LCA,GDP (current US$),NY.GDP.MKTP.CD,1482385185.18519,1568370370.37037,1598207407.40741,1660392592.59259,1749185185.18518,1807640740.74074,1868544444.44444,1998503703.7037,2060955555.55556,2090074074.07407,1521740740.74074,1871111111.11111,2319888888.88889,2441259259.25926
St. Martin (French part),MAF,"Population, total",SP.POP.TOTL,36856,37069,37276,37419,37450,37369,37175,36837,36012,34267,31786,29961,28870,27515
St. Martin (French part),MAF,GDP (current US$),NY.GDP.MKTP.CD,..,775875748.523832,..,..,772921958.529509,..,..,..,..,652206037.103874,..,649206262.847519,..,..
St. Vincent and the Grenadines,VCT,"Population, total",SP.POP.TOTL,109959,109349,108736,108135,107535,106960,106349,105663,104926,104167,103526,102841,102046,101323
St. Vincent and the Grenadines,VCT,GDP (current US$),NY.GDP.MKTP.CD,720447888.888889,713796370.37037,730032592.592593,764781259.259259,770900000,786555555.555555,814303703.703704,844040740.740741,884329629.62963,910481481.481481,864566666.666667,888677777.777778,989188888.888889,1072237037.03704
Sudan,SDN,"Population, total",SP.POP.TOTL,35414399,36140806,36923178,37785849,38823318,40024431,41259892,42714306,44230596,45548175,46789231,48066924,49383346,50042791
Sudan,SDN,GDP (current US$),NY.GDP.MKTP.CD,58962978034.4828,55018567210.5263,37632919966.6667,43024018082.1918,49516748617.9775,51726758676.7677,42630376000,41283617976.1905,32333780383.2924,32338079165.2893,27034593750,34229513774.9936,51666875363.0963,39898289820.7951
Suriname,SUR,"Population, total",SP.POP.TOTL,549923,556269,562633,569020,575373,581627,587757,593713,599513,605768,612317,617896,623164,628886
Suriname,SUR,GDP (current US$),NY.GDP.MKTP.CD,4368370997.92126,4422276621.78703,4980000000,5145757575.75758,5240606060.60606,5126237646.22072,3317421648.09918,3591679430.99988,3996198866.57453,4016040575.08796,2911807496.20227,3107923197.96954,3791603200.0259,3472693412.08497
Sweden,SWE,"Population, total",SP.POP.TOTL,9378126,9449213,9519374,9600379,9696110,9799186,9923085,10057698,10175214,10278887,10353442,10415811,10486941,10536632
Sweden,SWE,GDP (current US$),NY.GDP.MKTP.CD,492750897239.447,570538581144.45,549739674655.127,584125353119.18,577727767303.596,501602351911.6,513058312950.939,535172356784.769,549649344043.182,530894124494.418,544265668451.678,631693331300.776,575071237640.921,578990915246.07
Switzerland,CHE,"Population, total",SP.POP.TOTL,7824909,7912398,7996861,8089346,8188649,8282396,8373338,8451840,8514329,8575280,8638167,8704546,8777088,8888822
Switzerland,CHE,GDP (current US$),NY.GDP.MKTP.CD,609999593541.9,727231637101.778,697882536676.898,718748402259.576,741168119616.628,706199008878.656,698607778794.566,706660443624.485,740766531453.991,736384764156.877,756096180222.082,840710023481.35,858479038993.75,928435275851.707
Syrian Arab Republic,SYR,"Population, total",SP.POP.TOTL,22482421,22878098,22759763,21666917,20273659,19424618,19193834,19224668,19577845,20353534,21049429,21628839,22462173,23594623
Syrian Arab Republic,SYR,GDP (current US$),NY.GDP.MKTP.CD,61390833272.6687,67539433544.3077,43190318032.5627,21361254634.9336,21502061466.067,16466861435.0236,12597854088.3602,16369842725.4718,21497779247.9835,22583046644.6891,12501503673.2425,14892885528.1402,23737634644.3994,..
Tajikistan,TJK,"Population, total",SP.POP.TOTL,7652141,7824785,8014084,8216724,8425552,8643840,8865631,9085946,9307333,9529966,9749310,9966908,10182222,10389799
Tajikistan,TJK,GDP (current US$),NY.GDP.MKTP.CD,5642221099.17704,6522756255.012,7633036903.07634,8448411318.25417,9112605459.32845,8271431485.07484,6992416096.89018,7536402852.85802,7764999999.45362,8300813599.3084,8133963550.65742,8937805347.13963,10713525200.3998,12244169292.7998
Tanzania,TZA,"Population, total",SP.POP.TOTL,44758488,46029367,47374260,48824128,50351512,52020962,53824013,55652890,57437145,59174891,60972798,62830412,64711821,66617606
Tanzania,TZA,GDP (current US$),NY.GDP.MKTP.CD,32012892919.37,34657140096.4836,39650394362.9287,45648857242.315,49986726460.6805,47413919817.124,49774409374.4538,53274884532.7886,57003712892.0858,61026731925.9213,66068737786.0639,70655628147.8986,75749121846.9703,79030935638.1317
Thailand,THA,"Population, total",SP.POP.TOTL,68579447,69007208,69436098,69845114,70216367,70540795,70859841,71160187,71376079,71522271,71641484,71727332,71735329,71702435
Thailand,THA,GDP (current US$),NY.GDP.MKTP.CD,341104766329.17,370818739623.622,397558325278.579,420333654592.547,407339040197.651,401296238228.084,413366349747.508,456356813536.764,506754208404.485,543976691793.886,500274927778.532,506049783824.94,495691837308.033,517013369475.121
Timor-Leste,TLS,"Population, total",SP.POP.TOTL,1084679,1110207,1134885,1158695,1181903,1205131,1228312,1251703,1275959,1300945,1326053,1350139,1369295,1384286
Timor-Leste,TLS,GDP (current US$),NY.GDP.MKTP.CD,881909300,1042534600,1160555000,1395727400,1447535200,1590282400,1640464600,1584878400,1555988600,2032550400,2162619200,3625024300,3208599900,2079767200
Togo,TGO,"Population, total",SP.POP.TOTL,6325788,6500582,6653718,6798848,6937644,7071502,7200884,7324386,7458206,7619925,7788054,7936176,8068616,8223850
Togo,TGO,GDP (current US$),NY.GDP.MKTP.CD,4746386893.22553,5422439152.10906,5413541649.14901,6021729629.82454,6393314707.85456,5755457836.01866,6071167584.1951,6387424239.8801,7029215766.46367,6992942458.99419,7486031561.86885,8541668141.26198,8646453099.4124,9723300576.72675
Tonga,TON,"Population, total",SP.POP.TOTL,107400,107570,107460,107078,106609,106095,105524,105356,105567,105669,105704,105490,105042,104597
Tonga,TON,GDP (current US$),NY.GDP.MKTP.CD,366887374.989696,414143828.494419,471122971.305043,451788498.263614,440997734.928723,437525538.903019,420828254.541601,459976847.108128,493530766.930564,506031247.606648,506571486.576395,519306339.3498,556514556.392844,591139733.623755
Trinidad and Tobago,TTO,"Population, total",SP.POP.TOTL,1317714,1328019,1335194,1340557,1345343,1349667,1353895,1356633,1359193,1363985,1366725,1367558,1365805,1367510
Trinidad and Tobago,TTO,GDP (current US$),NY.GDP.MKTP.CD,22157920592.3669,25433007437.1605,27147349937.4689,28560537057.1548,29474180005.1333,26841141793.2143,23624322192.6274,23830750900.6899,23883058083.2171,23477745791.6977,20888515184.2239,24222963262.7213,28341164301.126,25036993423.3664
Tunisia,TUN,"Population, total",SP.POP.TOTL,10765980,10886035,11009647,11141361,11274288,11402264,11528674,11650498,11765514,11875081,11974057,12048622,12119334,12200431
Tunisia,TUN,GDP (current US$),NY.GDP.MKTP.CD,46206091937.9628,48123325825.0739,47311401812.6733,48685446413.953,50271812920.612,45779494041.9295,44360072680.4476,42163530590.9462,42686504459.801,41905642418.825,42491780918.361,47073234359.1819,44929920092.7955,48205328303.3398
Turkiye,TUR,"Population, total",SP.POP.TOTL,73142150,74223629,75175827,76147624,77181884,78218479,79277962,80312698,81407204,82579440,83384680,84147318,84979913,85325965
Turkiye,TUR,GDP (current US$),NY.GDP.MKTP.CD,782545664268.333,844192507380.795,885327622479.052,962167643588.925,942343431928.654,865460050683.656,870818016909.84,863874522365.276,788356985773.667,775853144222.613,733628247119.077,839938668172.134,926097476913.818,1141242864657.45
Turkmenistan,TKM,"Population, total",SP.POP.TOTL,5564356,5683417,5808546,5939341,6075283,6215770,6360041,6507061,6655524,6803944,6949912,7092043,7230193,7364438
Turkmenistan,TKM,GDP (current US$),NY.GDP.MKTP.CD,22583157894.7368,29233333333.3333,35164210526.3158,39197543859.6491,43524210526.3158,35799714285.7143,33313947368.4211,33352261306.5327,26036313868.6131,29700000000,27350527267.6636,26334182093.7903,37583913148.2791,39020211239.6728
Turks and Caicos Islands,TCA,"Population, total",SP.POP.TOTL,29739,30846,32127,33653,35050,36605,38315,39913,41559,43166,44386,45243,45847,46198
Turks and Caicos Islands,TCA,GDP (current US$),NY.GDP.MKTP.CD,686788000,842941000,832848000,863328000,956605000,1078274000,1202078000,1197958000,1314329000,1371838000,918387000,1236459000,1434119000,1638653000
Tuvalu,TUV,"Population, total",SP.POP.TOTL,10614,10780,10934,11001,10984,10963,10930,10869,10751,10581,10399,10194,9992,9816
Tuvalu,TUV,GDP (current US$),NY.GDP.MKTP.CD,32425361.8050211,39665361.1329159,38912985.1801769,38767554.542532,38643167.2951054,36755290.7767318,41306141.62505,45288858.1637361,48026990.1943497,53527720.0597564,52302514.9939611,61597447.1614093,54104146.3198082,50491930.924381
Uganda,UGA,"Population, total",SP.POP.TOTL,32390802,33354543,34337438,35337042,36395539,37531446,38799152,40177388,41565831,42999637,44457152,45910930,47312719,48656601
Uganda,UGA,GDP (current US$),NY.GDP.MKTP.CD,26673441430.7857,27871725241.4723,27305915910.7877,28915786516.6123,32612397257.4458,32387183730.1002,29203988696.2626,30744473841.424,32927025619.6795,35353061003.4359,37600368241.6657,40529788748.6737,45565333210.9108,48768955863.3175
Ukraine,UKR,"Population, total",SP.POP.TOTL,46456003,46307853,46210056,46126770,45972380,45784896,45616832,45436041,45208907,44957458,44680014,44298640,41048766,37732836
Ukraine,UKR,GDP (current US$),NY.GDP.MKTP.CD,141209170427.233,169333835201.554,182591753827.949,190498811460.028,133503871861.723,91030967789.0717,93355869403.9223,112090505081.739,130891088293.55,153883047509.577,156617722013.342,199765859570.935,161989520721.19,181221517868.744
United Arab Emirates,ARE,"Population, total",SP.POP.TOTL,6869838,7104538,7391448,7693031,8059440,8505237,8935095,9223225,9346701,9445785,9401038,9575152,10074977,10483751
United Arab Emirates,ARE,GDP (current US$),NY.GDP.MKTP.CD,307736348527.33,368881033962.57,392793559050.783,409632574702.715,424935834104.193,381973135513.065,381717208620.964,403365056078.846,440560003161.236,433926218686.108,357161776271.328,422441282436.237,511403404642.173,522622268401.125
United Kingdom,GBR,"Population, total",SP.POP.TOTL,62766365,63258810,63711000,64138000,64619000,65087000,65606000,65964000,66287000,66628000,66740000,66978000,67636000,68526000
United Kingdom,GBR,GDP (current US$),NY.GDP.MKTP.CD,2496740681057.14,2675590034128.66,2719715961539.83,2796908333283.39,3085362169410.29,2945579890258.46,2706807606538.73,2699118387873.1,2897028009916.05,2875710080015.3,2724001478304.59,3194559188925.93,3181244350465.41,3420796653789.08
United States,USA,"Population, total",SP.POP.TOTL,309378227,311839461,314339099,316726282,319257560,321815121,324353340,326608609,328529577,330226227,331578104,332100166,333996304,336755052
United States,USA,GDP (current US$),NY.GDP.MKTP.CD,15048971000000,15599732000000,16253970000000,16880683000000,17608138000000,18295019000000,18804913000000,19612102000000,20656516000000,21539982000000,21375281000000,23725645000000,26054614000000,27811517000000
Uruguay,URY,"Population, total",SP.POP.TOTL,3318580,3326825,3335401,3345337,3356334,3368017,3379283,3388438,3394534,3397206,3398968,3396695,3390913,3388081
Uruguay,URY,GDP (current US$),NY.GDP.MKTP.CD,41950361211.9581,50342406067.0777,54232266358.7811,61337621933.7857,61496186973.902,57680327998.6689,57480787465.2716,65006039809.739,65344577415.7535,62222324964.633,53559354501.4278,60739061281.1628,71240669088.0587,79208725899.5531
Uzbekistan,UZB,"Population, total",SP.POP.TOTL,28385506,28823196,29261903,29724065,30222994,30749346,31284568,31819178,32373490,32964701,33586372,34243696,34938955,35652307
Uzbekistan,UZB,GDP (current US$),NY.GDP.MKTP.CD,55544226552.8467,67404618404.5392,75318846931.3239,82674178351.6216,91303765114.0144,97564568986.8161,97871364319.3985,72276404057.649,61318332402.7908,70170662562.6111,70127127133.2164,81170051810.5825,94286355836.1594,107526539716.318
Vanuatu,VUT,"Population, total",SP.POP.TOTL,238248,243474,248883,254482,260240,266101,272087,278507,285259,291985,298858,305868,313046,320409
Vanuatu,VUT,GDP (current US$),NY.GDP.MKTP.CD,670712979.682038,770153588.218833,747839697.746593,863347171.906814,879185478.498067,855360239.609869,908725512.790966,998536154.882053,1034402941.04298,1061547512.69257,1017403362.80118,1093826088.94269,1151863789.76624,1188137265.19047
"Venezuela, RB",VEN,"Population, total",SP.POP.TOTL,28813101,29185212,29553826,29912198,30254079,30573972,30765720,30565323,29807592,28938098,28444077,28237826,28213017,28300854
"Venezuela, RB",VEN,GDP (current US$),NY.GDP.MKTP.CD,393192354510.653,316482190800.364,371846610182.327,258512396297.714,214838755021.964,125249941853.534,112948035494.959,115892475742.789,101987075928.918,73014157107.594,42837965906.8675,56615026262.6535,89013251020.9831,102377501185.925
Viet Nam,VNM,"Population, total",SP.POP.TOTL,87455152,88468314,89510356,90573104,91679578,92823254,94000117,95176977,96237319,97173776,98079191,98935098,99680655,100352192
Viet Nam,VNM,GDP (current US$),NY.GDP.MKTP.CD,147201173196.979,172595049183.925,195590661129.249,213708811665.34,233451469642.519,239258328381.741,257096001177.982,281353605986.903,310106478394.659,334365270496.667,346615738537.796,366474752771.009,413445230668.578,433805036898.465
Virgin Islands (U.S.),VIR,"Population, total",SP.POP.TOTL,108357,108290,108188,108041,107882,107712,107516,107281,107001,106669,106290,105870,105413,104917
Virgin Islands (U.S.),VIR,GDP (current US$),NY.GDP.MKTP.CD,4324000000,4223000000,4089000000,3738000000,3565000000,3663000000,3798000000,3794000000,3923000000,4121000000,4229000000,4507000000,4672000000,..
West Bank and Gaza,PSE,"Population, total",SP.POP.TOTL,3786161,3882986,3979998,4076708,4173398,4270092,4367088,4454805,4569087,4685306,4803269,4922749,5043612,5165775
West Bank and Gaza,PSE,GDP (current US$),NY.GDP.MKTP.CD,9681500000,11186100000,12208400000,13515500000,13989700000,13972400000,15405400000,16128000000,16276600000,17133500000,15531700000,18109000000,19165500000,18635100000
"Yemen, Rep.",YEM,"Population, total",SP.POP.TOTL,26754387,27582897,28433647,29312952,30226309,31159379,32109010,33090921,34085182,35111408,36134863,37140230,38222876,39390799
"Yemen, Rep.",YEM,GDP (current US$),NY.GDP.MKTP.CD,30906749533.221,32726417878.391,35401331609.5916,40415233436.1767,43228585321.3272,42444490073.8555,31317825274.1507,26842229044.5848,21606160663.0318,..,..,..,..,..
Zambia,ZMB,"Population, total",SP.POP.TOTL,13965594,14437796,14913629,15398997,15895315,16399089,16914423,17441320,17973569,18513839,19059395,19603607,20152938,20723965
Zambia,ZMB,GDP (current US$),NY.GDP.MKTP.CD,20265559483.8548,23459515275.5776,25503060420.026,28037239462.7142,27141023558.0829,21251216798.7762,20958412538.3093,25873601260.8353,26311507273.6735,23308667781.2258,18137764930.651,22096416932.0089,29163782140.4858,27577956471.244
Zimbabwe,ZWE,"Population, total",SP.POP.TOTL,13356548,13595424,13817887,14013808,14207359,14399013,14600294,14812482,15034452,15271368,15526888,15797210,16069056,16340822
Zimbabwe,ZWE,GDP (current US$),NY.GDP.MKTP.CD,12047750000,14109000000,17123500000,19100750000,19505500000,19973250000,20559250000,51035657370.5179,34141666666.6667,33360632553.3556,31979753644.6558,41287852523.5016,40757585308.5016,35871781303.429
Africa Eastern and Southern,AFE,"Population, total",SP.POP.TOTL,530308387,544737983,559609961,575202699,590968990,607123269,623369401,640058741,657801085,675950189,694446100,713090928,731821393,750491370
Africa Eastern and Southern,AFE,GDP (current US$),NY.GDP.MKTP.CD,863749634744.9,959740239662.05,969171197494.148,981203198866.08,998727180531.477,909905339457.167,832661416653.091,979240640383.155,1021971569379.4,1019354194063.69,938546103425.609,1113059797223.9,1226461319482.05,1179121535535.41
Africa Western and Central,AFW,"Population, total",SP.POP.TOTL,363951468,374374251,384913331,395543613,406457241,417536152,428797338,440150152,451395343,462522286,473687685,484978794,496366058,508318102
Africa Western and Central,AFW,GDP (current US$),NY.GDP.MKTP.CD,605794323433.602,691133400013.242,748030003656.774,844187976557.843,904094866776.536,778037497377.313,699979485002.844,694206358825.098,777805844264.864,1026527768676.04,963688197941.774,1026670180885.97,1063748247138.21,938480674635.085
Arab World,ARB,"Population, total",SP.POP.TOTL,363568534,372054934,381030177,390954281,400231008,410190679,419808341,428315886,435998060,444281315,453723239,460646603,471352066,482105978
Arab World,ARB,GDP (current US$),NY.GDP.MKTP.CD,2165961502751.72,2576183850806.81,2816787067316.22,2887116130913.48,2940745822078.8,2584151265962.58,2540369856563.15,2615263227679.8,2924906594129.03,2969429771610.46,2608795934173.51,3090113052044.16,3752344988903,3617895070373.04
Caribbean small states,CSS,"Population, total",SP.POP.TOTL,4173335,4201107,4228445,4257682,4286546,4314191,4341333,4366140,4407658,4443134,4459302,4479167,4497310,4519904
Caribbean small states,CSS,GDP (current US$),NY.GDP.MKTP.CD,52803409572.0273,56728212756.0989,60152214325.0841,62057809452.4886,64139344973.1037,62546622822.0285,58077597799.5106,59854333034.3488,61251232769.8672,62185048912.3359,53339533047.3726,62692425791.373,78475897832.9531,79594075306.6477
Central Europe and the Baltics,CEB,"Population, total",SP.POP.TOTL,104421447,104174038,103929494,103570062,103280478,102973167,102647939,102337501,102074201,101864274,101215763,100205732,100071871,100183707
Central Europe and the Baltics,CEB,GDP (current US$),NY.GDP.MKTP.CD,1319446244881.88,1458158364344.55,1361901163411.55,1420225996416.23,1467454376587.2,1297144243677.59,1321564300745.06,1467504296996.79,1656387103225.12,1684322326510.05,1678297364952,1926387937049.61,1954028005289.23,2273564082260.43
Early-demographic dividend,EAR,"Population, total",SP.POP.TOTL,2967104472,3013476947,3058869436,3103677284,3146800078,3190318707,3233033717,3274060446,3314245247,3355014793,3396051187,3432026092,3470644834,3511607650
Early-demographic dividend,EAR,GDP (current US$),NY.GDP.MKTP.CD,8728192674219.64,9842609213387.36,10284904242407,10342396461018.3,10547017467024.3,10141599371579.2,10435095271533.5,11321429912094.9,11470147555427.1,11681340567084.1,10818113835119.8,12689608907980,13943279396110.6,14791485754640
East Asia & Pacific,EAS,"Population, total",SP.POP.TOTL,2214613815,2230826576,2249081393,2267072102,2284385542,2300844269,2317076058,2333475520,2347576325,2359762190,2369420882,2375117716,2379617118,2384441485
East Asia & Pacific,EAS,GDP (current US$),NY.GDP.MKTP.CD,17291859920837.7,20025003264159.5,21443742650233.5,21719346361874.9,22461065423931.7,22388696608294,23197528991928,24764692848732.2,26967805751611.4,27555988315218.6,27716337916114.1,31866900585287.8,31457553986143.5,31597454903562.8
East Asia & Pacific (excluding high income),EAP,"Population, total",SP.POP.TOTL,1973602166,1989106668,2006566431,2023850158,2040383789,2056050896,2071486140,2087238522,2100698838,2112289891,2121866294,2128553744,2133560408,2137527754
East Asia & Pacific (excluding high income),EAP,GDP (current US$),NY.GDP.MKTP.CD,8008612939930.06,9774260422789.83,10905339110889,12047618706549.4,13004796624150.5,13549001701885.3,13844229287201,15115746338831.4,16902232225491.5,17503400404142.2,17805087162972.8,21231427856677.9,21564016559632.4,21645526054900.4
East Asia & Pacific (IDA & IBRD countries),TEA,"Population, total",SP.POP.TOTL,1948643347,1964036970,1981382735,1998548872,2014960984,2030504270,2045816761,2061449949,2074796982,2086281644,2095759417,2102350702,2107261123,2111139152
East Asia & Pacific (IDA & IBRD countries),TEA,GDP (current US$),NY.GDP.MKTP.CD,7998793934320.62,9762253898511.05,10891968824139.1,12032819510378.6,12988820106481,13532365705740.1,13827255558413.7,15097175319188,16881439039177.6,17481840638100.6,17783125335539.1,21205167482133,21537381722236.2,21618798469116.3
Euro area,EMU,"Population, total",SP.POP.TOTL,348398403,347715695,348406547,348799535,349302135,350164707,351027116,351613647,352303991,353113327,353536838,353715415,354666175,356209318
Euro area,EMU,GDP (current US$),NY.GDP.MKTP.CD,12835436183865.7,13866247656132.3,12839246579840.9,13413105856914.7,13739142693292.4,11880603228444.5,12177215800581.1,12901130483442.4,13937879176171.9,13658286442179.9,13338044901392.1,15008955622791.4,14578675912327.5,15957338405375.8
Europe & Central Asia,ECS,"Population, total",SP.POP.TOTL,890990370,893009594,896514509,899906171,903560070,907526485,911578015,915063823,918415818,921929161,923660463,924375980,924267385,924805070
Europe & Central Asia,ECS,GDP (current US$),NY.GDP.MKTP.CD,21144686639874.4,23462080654159.3,22592146410958.5,23610195160751,23959718523184.4,20639397476661.5,20560352355734.8,21814876277943.7,23360537744962.4,23089828216899.5,22340802078287.1,25606138714522.2,25850174701132.2,27758730809930.4
Europe & Central Asia (excluding high income),ECA,"Population, total",SP.POP.TOTL,230106440,231988438,233875199,235905150,237999321,240083379,242224182,244308649,246400484,248576676,250351240,251867727,250514347,248718948
Europe & Central Asia (excluding high income),ECA,GDP (current US$),NY.GDP.MKTP.CD,1390857073642.43,1581470670923.71,1666784947849,1818186938934.41,1745687745481.27,1521842301869.27,1459048873589.79,1497595120805.31,1465381526737.36,1500446538705.77,1435629650684.1,1670530886782.34,1819829713206.56,2141252006536.72
Europe & Central Asia (IDA & IBRD countries),TEC,"Population, total",SP.POP.TOTL,442936599,444846366,446941101,449128604,451432428,453662073,455913002,458010325,459946883,461933206,462842288,463104389,460942269,458599775
Europe & Central Asia (IDA & IBRD countries),TEC,GDP (current US$),NY.GDP.MKTP.CD,3673616542653.72,4468439340114.01,4664191795996.97,4934304443297.29,4663476749067.68,3645031517122.17,3500968563901.72,3925651486138.39,4086887247276.34,4176304236875.06,3913694661148.13,4627341470532.29,5264957389633.5,5535571828711.02
European Union,EUU,"Population, total",SP.POP.TOTL,442088310,441414078,442069839,442425741,442920819,443793218,444676652,445321060,446058453,446910453,446870959,446228281,447203596,448897545
European Union,EUU,GDP (current US$),NY.GDP.MKTP.CD,14641776061063.4,15874716537128.7,14731878294328.4,15398511081475.3,15763599531004.8,13656255577702.6,13988150566298.6,14871316217995.7,16092407006604.4,15809077129406.2,15504058553907.7,17495257191725.6,17023620598906.4,18659279022583.3
Heavily indebted poor countries (HIPC),HPC,"Population, total",SP.POP.TOTL,638389596,656367599,674950539,694136340,714234635,734837721,756237630,778657210,801220102,823805910,846861642,869987833,892885172,916223767
Heavily indebted poor countries (HIPC),HPC,GDP (current US$),NY.GDP.MKTP.CD,518681650290.886,573435618293.002,595060811936.517,667216081741.819,705379811037.148,674525283733.803,677053478623.394,735134788678.557,790361943446.387,811080887285.088,816212465074.075,924437668151.095,1002950189402.75,1060851525652.8
High income,HIC,"Population, total",SP.POP.TOTL,1328657753,1334557662,1342428399,1350148878,1357495262,1366012613,1374283414,1380317891,1384829843,1389767299,1393469256,1391809845,1398027812,1408138595
High income,HIC,GDP (current US$),NY.GDP.MKTP.CD,47610738714068.3,51830653433932,52028174318125.2,52790662359056.5,53724417584285.8,50179969310921.3,51167643745037.1,53791631491481.3,57187415577395,57773149281723.6,56371361601599.7,63391298085502.9,65786278258965.5,69198099195981.1
IBRD only,IBD,"Population, total",SP.POP.TOTL,4436714947,4483152627,4532100585,4581958556,4630607878,4676773551,4721566970,4765773411,4806981820,4845075024,4878296727,4905212516,4928196300,4952209753
IBRD only,IBD,GDP (current US$),NY.GDP.MKTP.CD,20239797714297.1,23955878375012,25461967052262.8,26787319485055.1,27552867783541.2,25941217987927.1,26134891989406.5,28849480049390.9,30727224343894,31370912490347,30194051534423.9,35868904968937.8,37847494888632.6,39083500948084.9
IDA & IBRD total,IBT,"Population, total",SP.POP.TOTL,5876238780,5956303101,6038511525,6119970296,6201072972,6280370137,6359496256,6439279067,6517257782,6593373309,6665588686,6731708832,6793703268,6857438587
IDA & IBRD total,IBT,GDP (current US$),NY.GDP.MKTP.CD,21843599755374.1,25767419601408.7,27373456462077.4,28868139569390,29793136753560.6,28118750119954.2,28299821225498.5,31121226985041.1,33140778408492.4,34074782748271.7,32817339931222.2,38735463663158.6,40927482641799.6,42011330091982.8
IDA blend,IDB,"Population, total",SP.POP.TOTL,508422508,520984443,532980174,544442648,555868551,567234056,578463670,590024074,601951913,614017319,626440308,639196319,651895919,664395892
IDA blend,IDB,GDP (current US$),NY.GDP.MKTP.CD,786359231668.375,895839926018.559,990701519034.679,1081001766014.43,1175043316339.54,1116256560392.48,1047494187995.75,1067274924059.64,1127900531096.51,1357319294877.02,1262159381015.61,1373195862361.12,1461048245644.69,1277421993702.09
IDA only,IDX,"Population, total",SP.POP.TOTL,931101325,952166031,973430766,993569092,1014596543,1036362530,1059465616,1083481582,1108324049,1134280966,1160851651,1187299997,1213611049,1240832942
IDA only,IDX,GDP (current US$),NY.GDP.MKTP.CD,817442809408.684,915701300378.209,920787890779.856,999818318320.414,1065225653679.88,1061275571634.61,1117435048096.23,1204472011590.63,1285653533501.84,1346550963047.7,1361129015782.66,1493362831859.7,1618939507522.38,1650407150195.89
IDA total,IDA,"Population, total",SP.POP.TOTL,1439523833,1473150474,1506410940,1538011740,1570465094,1603596586,1637929286,1673505656,1710275962,1748298285,1787291959,1826496316,1865506968,1905228834
IDA total,IDA,GDP (current US$),NY.GDP.MKTP.CD,1603802041077.06,1811541226396.77,1911489409814.53,2080820084334.84,2240268970019.42,2177532132027.09,2164929236091.98,2271746935650.27,2413554064598.36,2703870257924.72,2623288396798.27,2866558694220.81,3079987753167.07,2927829143897.98
Late-demographic dividend,LTE,"Population, total",SP.POP.TOTL,2179525352,2193171336,2209319631,2225005187,2241122152,2256126712,2270841806,2285870134,2298394042,2308878047,2316152452,2320127658,2323799602,2326294294
Late-demographic dividend,LTE,GDP (current US$),NY.GDP.MKTP.CD,13681203944217.6,16665376053801.4,17836299691343.4,19233517996185.8,19998109363135.1,18797219516598.6,18841938118214.3,20889290528064.1,22907807978183.2,23366922633045.5,22869846935930.6,27284909409699.1,28553586772075.8,28909440099233
Latin America & Caribbean,LCN,"Population, total",SP.POP.TOTL,587752505,594086829,600420316,606683307,612849401,618868462,624737786,630414986,635778081,640962372,645498187,649236092,653108131,657616519
Latin America & Caribbean,LCN,GDP (current US$),NY.GDP.MKTP.CD,5397655976518.39,6139314989246.27,6201531036318.3,6252125316234.8,6218059801942.29,5289417937086.3,5148783766945.08,5715231248363.46,5581213957025.26,5473792638347.11,4627829769474.15,5383564425117.23,6147092422711.93,6909980461601.21
Latin America & Caribbean (excluding high income),LAC,"Population, total",SP.POP.TOTL,551960581,558007918,564057086,570030910,575915671,581649117,587206002,592522502,597518751,602249777,606535582,610122057,613861839,618190397
Latin America & Caribbean (excluding high income),LAC,GDP (current US$),NY.GDP.MKTP.CD,4911947255842.05,5594126981026.73,5622404703958.77,5644127674357.65,5620010717338.88,4703989762871.3,4551782151517.8,5076766505994.78,4918723143160.92,4821625109314.74,4034164122634.89,4694652116377.4,5425723261080.83,6114807611697.98
Latin America & the Caribbean (IDA & IBRD countries),TLA,"Population, total",SP.POP.TOTL,571822092,578171855,584524334,590809938,597023419,603091701,609017063,614776664,620274430,625467307,630051021,633862610,637837815,642397939
Latin America & the Caribbean (IDA & IBRD countries),TLA,GDP (current US$),NY.GDP.MKTP.CD,5212372072821.22,5942123318729.2,5998234101785.24,6044199922527.12,6005472855928.78,5068412682233.61,4922127744500.54,5482938029714.53,5347169359023.49,5230913289241.76,4388400203662.59,5119629917733.74,5853946060777.18,6590712953369.3
Least developed countries: UN classification,LDC,"Population, total",SP.POP.TOTL,854941316,875269186,896237933,917783039,939749332,961916563,984757534,1008260714,1032309742,1057170371,1082754466,1108233065,1133564482,1159744187
Least developed countries: UN classification,LDC,GDP (current US$),NY.GDP.MKTP.CD,711177667873.134,810040727729.598,849501067175.473,924587754781.973,993293176451.796,945963113669.267,953366743642.222,1045823616290.85,1117321176649.3,1169533458405.7,1179620504897.32,1302642870995.53,1471699265269.38,1459140154701.04
Low & middle income,LMY,"Population, total",SP.POP.TOTL,5672202320,5752146479,5834053766,5915255859,5996036961,6075072158,6153938165,6233470764,6311329885,6387395177,6460393883,6527758150,6590522389,6654784822
Low & middle income,LMY,GDP (current US$),NY.GDP.MKTP.CD,19281238913053.9,22556775919423.3,24026419350635.8,25380075062402.9,26519136607008.2,25659752659960.1,25917599955464.9,28319199325293,30124203119691.2,31024374981412.2,30018039872473.6,35394243111591.4,37082867531465.4,38155314219988
Low income,LIC,"Population, total",SP.POP.TOTL,513321520,527892250,542350920,556241191,570113927,584512207,600009187,616499860,633927417,652255298,670891024,689336827,707776045,727162058
Low income,LIC,GDP (current US$),NY.GDP.MKTP.CD,378234341638.98,408858086328.04,387925022036.357,399956089212.417,427247749546.785,417830631224.268,380272235825.794,397551358031.57,419119394353.818,437739709828.987,432817676605.734,478460336870.115,551297424575.574,556751023235.15
Lower middle income,LMC,"Population, total",SP.POP.TOTL,2373327552,2414186781,2454758533,2495192785,2535128764,2573897309,2612496538,2650727446,2687882795,2724611683,2761575388,2797047001,2832445640,2869695351
Lower middle income,LMC,GDP (current US$),NY.GDP.MKTP.CD,3765319017000.1,4069210235189.76,4311221048677.68,4407901770081.6,4703810033139.31,4583309433434.87,4746990113057.58,5150492310089.6,5340385058603.99,5765837056238.6,5514802410559.2,6296557254947.16,6650563380806.73,6657563548498.26
"Middle East, North Africa, Afghanistan & Pakistan",MEA,"Population, total",SP.POP.TOTL,624828664,639053870,653273442,667464006,680716578,694232973,707023525,718887744,730362334,742714463,756405281,767578451,782349366,797801454
"Middle East, North Africa, Afghanistan & Pakistan",MEA,GDP (current US$),NY.GDP.MKTP.CD,3045879622174.25,3665474220711.56,3953860671042.37,3918727955940.41,3958172789906.38,3561595503548.09,3627179370571.64,3798189271504.22,4053744446046.43,4022588786208.41,3592277157538.87,4315472921456.39,5035779695254.83,4902253052059.01
"Middle East, North Africa, Afghanistan & Pakistan (excluding high income)",MNA,"Population, total",SP.POP.TOTL,577396038,589646039,601566988,613151287,624564062,635352686,645837915,656767614,668447432,680490997,692532027,704458802,716508657,729077445
"Middle East, North Africa, Afghanistan & Pakistan (excluding high income)",MNA,GDP (current US$),NY.GDP.MKTP.CD,1629127925063.32,1909176954972.57,2056110731997.59,1933842437518.53,1923472432973.06,1784466385695.77,1852920687942.14,1882187717766.39,1881940334175.63,1838491544905.83,1672646665964.66,1944658742702.15,2165681910516.43,2094194824252.19
"Middle East, North Africa, Afghanistan & Pakistan (IDA & IBRD)",TMN,"Population, total",SP.POP.TOTL,573609877,585763053,597586990,609074579,620390664,631082594,641470827,652312809,663878345,675805691,687728758,699536053,711465045,723911670
"Middle East, North Africa, Afghanistan & Pakistan (IDA & IBRD)",TMN,GDP (current US$),NY.GDP.MKTP.CD,1619446425063.32,1897990854972.57,2043902331997.59,1920326937518.54,1909482732973.06,1770493985695.77,1837515287942.14,1866059717766.39,1865663734175.63,1821358044905.83,1657114965964.66,1926549742702.15,2146516410516.43,2075559724252.19
Middle income,MIC,"Population, total",SP.POP.TOTL,5158880800,5224254229,5291702846,5359014668,5425923034,5490559951,5553928978,5616970904,5677402468,5735139879,5789502859,5838421323,5882746344,5927622764
Middle income,MIC,GDP (current US$),NY.GDP.MKTP.CD,18906893796333,22151023341680.6,23639759043791.5,24981032983624.9,26093245096359.9,25243424508586.8,25537051889993.7,27920575307382.3,29703780736503.7,30585555169458,29584575558650.2,34913762453380.2,36531426959364.9,37598001937865
North America,NAC,"Population, total",SP.POP.TOTL,343447854,346242415,349116140,351870848,354755155,357583083,360527592,363217262,365666028,367908829,369671124,370404678,373011185,376868838
North America,NAC,GDP (current US$),NY.GDP.MKTP.CD,16672954718091.5,17399380418900.9,18088707665072,18733732587414.4,19420303676809,19858183921200.2,20339809161640.9,21268513812514.6,22389072713237.7,23291134417156.9,23037855330882,25755312987896.8,28262944669046.3,30016713196347.4
Not classified,INX,"Population, total",SP.POP.TOTL,..,..,..,..,..,..,..,..,..,..,..,..,..,..
Not classified,INX,GDP (current US$),NY.GDP.MKTP.CD,..,..,..,..,..,..,..,..,..,..,..,..,..,..
OECD members,OED,"Population, total",SP.POP.TOTL,1292701737,1299644689,1307733583,1315426979,1323458714,1331674197,1340141055,1348125258,1356197538,1364143219,1369306579,1371780402,1378591781,1387846131
OECD members,OED,GDP (current US$),NY.GDP.MKTP.CD,45526677050419.5,48976221855396.9,48933153056612.9,49637322451829.6,50718548398932.9,47849615079402.5,48791020854023.8,50962966454996.4,53918014151383,54485019277771,53331159716240.7,59666281326989,61286449816069.9,65416979138062.7
Other small states,OSS,"Population, total",SP.POP.TOTL,11112466,11226214,11346082,11466589,11591200,11722398,11851918,11989367,12135267,12281907,12417333,12541889,12699005,12822134
Other small states,OSS,GDP (current US$),NY.GDP.MKTP.CD,112786677893.28,128764141897.791,125764680258.238,130969031866.96,135415534454.347,121433689793.067,128159306240.899,143284638053.643,158084162753.728,158537272264.689,146178019948.381,172054189148.087,181929859029.679,196776788550.521
Pacific island small states,PSS,"Population, total",SP.POP.TOTL,2289399,2320899,2351924,2382931,2414338,2445989,2477794,2509999,2542009,2568656,2595522,2625493,2656049,2689224
Pacific island small states,PSS,GDP (current US$),NY.GDP.MKTP.CD,6638995493.57921,7747875552.18314,8215948619.93726,8650287218.9751,9395064505.28979,9199527864.78686,9660620527.27464,10408975105.1516,10918390849.5149,10750020320.3809,9428309122.8276,9575143114.30798,10469882963.8981,11293798175.2794
Post-demographic dividend,PST,"Population, total",SP.POP.TOTL,1076208648,1079468050,1084193277,1088423167,1093024476,1097889139,1102965925,1107159559,1111104033,1114895817,1117003860,1116578102,1117420833,1121263972
Post-demographic dividend,PST,GDP (current US$),NY.GDP.MKTP.CD,42907615946030.4,46093024710194,46027371705948.9,46537786135637.6,47527207893966.3,44970537111944.2,46016102013930.7,48003116664049.3,50874931441807.4,51425400491830.9,50460094948336.7,56312999693620.9,57655583144884.1,61116976921687.7
Pre-demographic dividend,PRE,"Population, total",SP.POP.TOTL,751639870,774151525,797555707,821651825,845885930,869996107,894582467,919835947,945516605,971459360,997742595,1024018110,1050180429,1077143557
Pre-demographic dividend,PRE,GDP (current US$),NY.GDP.MKTP.CD,1069026111074.64,1236913792349.94,1346198739594.6,1476570945874.25,1564268518633.72,1327649722440.53,1179646343672.88,1234012453109.89,1372992333739.42,1634623930442.19,1493808964934.18,1632692476237.58,1857970259244.7,1679661211478.96
Small states,SST,"Population, total",SP.POP.TOTL,17575200,17748220,17926451,18107202,18292084,18482578,18671045,18865506,19084934,19293697,19472157,19646549,19852364,20031262
Small states,SST,GDP (current US$),NY.GDP.MKTP.CD,172229082958.886,193240230206.073,194132843203.259,201677128538.424,208949943932.74,193179840479.883,195897524567.684,213547946193.144,230253786373.11,231472341497.406,208945862118.581,244321758053.768,270875639826.53,287664662032.448
South Asia,SAS,"Population, total",SP.POP.TOTL,1444967010,1464372623,1483553073,1501661991,1519839246,1537370078,1555111864,1572520427,1589164714,1605412986,1621073417,1634785356,1648009565,1662580579
South Asia,SAS,GDP (current US$),NY.GDP.MKTP.CD,1869826822336.76,2045738549406.63,2057958207007.53,2111097580244.47,2323062261802.12,2414503392327.99,2679313169084.49,3075955433025.62,3159841615195.03,3318484576408.75,3172770463540.28,3717045071947.61,3834471492016.05,4073084906363.46
South Asia (IDA & IBRD),TSA,"Population, total",SP.POP.TOTL,1444967010,1464372623,1483553073,1501661991,1519839246,1537370078,1555111864,1572520427,1589164714,1605412986,1621073417,1634785356,1648009565,1662580579
South Asia (IDA & IBRD),TSA,GDP (current US$),NY.GDP.MKTP.CD,1869826822336.76,2045738549406.63,2057958207007.53,2111097580244.47,2323062261802.12,2414503392327.99,2679313169084.49,3075955433025.62,3159841615195.03,3318484576408.75,3172770463540.28,3717045071947.61,3834471492016.05,4073084906363.46
Sub-Saharan Africa,SSF,"Population, total",SP.POP.TOTL,894259855,919112234,944523292,970746312,997426231,1024659421,1052166739,1080208893,1109196428,1138472475,1168133785,1198069722,1228187451,1258809472
Sub-Saharan Africa,SSF,GDP (current US$),NY.GDP.MKTP.CD,1469543958178.5,1650873639675.29,1717201201150.92,1825391175423.92,1902822047308.01,1687942836834.48,1532640901655.94,1673446999208.25,1799777413644.27,2045881962739.73,1902234301367.38,2139729978109.87,2290209566620.26,2117602210170.5
Sub-Saharan Africa (excluding high income),SSA,"Population, total",SP.POP.TOTL,894170085,919024793,944434989,970656363,997334872,1024566002,1052072062,1080113050,1109099666,1138374850,1168035323,1197970464,1228067573,1258689699
Sub-Saharan Africa (excluding high income),SSA,GDP (current US$),NY.GDP.MKTP.CD,1468562341636.17,1649814720968.03,1716111793311.73,1824058015016.54,1901434469437.93,1686510433482.35,1531072388307.79,1671771628567.24,1797993099717.5,2044013272643,1900851749615.81,2138242804315.06,2288209678021,2115430662235.11
Sub-Saharan Africa (IDA & IBRD countries),TSS,"Population, total",SP.POP.TOTL,894259855,919112234,944523292,970746312,997426231,1024659421,1052166739,1080208893,1109196428,1138472475,1168133785,1198069722,1228187451,1258809472
Sub-Saharan Africa (IDA & IBRD countries),TSS,GDP (current US$),NY.GDP.MKTP.CD,1469543958178.5,1650873639675.29,1717201201150.92,1825391175423.92,1902822047308.01,1687942836834.48,1532640901655.94,1673446999208.25,1799777413644.27,2045881962739.73,1902234301367.38,2139729978109.87,2290209566620.26,2117602210170.5
Upper middle income,UMC,"Population, total",SP.POP.TOTL,2785553248,2810067448,2836944313,2863821883,2890794270,2916662642,2941432440,2966243458,2989519673,3010528196,3027927471,3041374322,3050300704,3057927413
Upper middle income,UMC,GDP (current US$),NY.GDP.MKTP.CD,15141574779332.9,18081813106490.9,19328537995113.8,20573131213543.3,21389435063220.6,20660115075151.9,20790061776936.1,22770082997292.7,24363395677899.7,24819718113219.4,24069773148091,28618153386292.8,29881576742720.3,30942010900869.1
World,WLD,"Population, total",SP.POP.TOTL,7000860073,7086704141,7176482165,7265404737,7353532223,7441084771,7528221579,7613788655,7696159728,7777162476,7853863139,7919567995,7988550201,8062923417
World,WLD,GDP (current US$),NY.GDP.MKTP.CD,66893676131662.8,74388644404622.5,76055253368044.6,78171001460419,80243543597078.9,75839351828606.2,77084966373474,82110104984460,87310840056717.8,88796498078977.7,86388502867289.2,98780038374127,102862471365575,107348614073350
,,,,,,,,,,,,,,,,,
,,,,,,,,,,,,,,,,,
,,,,,,,,,,,,,,,,,
Data from database: World Development Indicators,,,,,,,,,,,,,,,,,
Last Updated: 07/13/2026,,,,,,,,,,,,,,,,,
