country,iso_code,year,mode,powertrain,ev_charging_points,ev_sales,ev_sales_share,ev_stock,ev_stock_share,electricity_demand,lustro,pandemic_period
Australia,AUS,2011,Cars,BEV,0.0,49.0,0.0,49.0,0.0,0.0,2010-2014,Pre-Pandemia
Australia,AUS,2011,Cars,EV,0.0,0.0,0.00650000013411,0.0,0.000390000001062,0.0,2010-2014,Pre-Pandemia
Australia,AUS,2012,Cars,BEV,0.0,170.0,0.0,220.0,0.0,0.0,2010-2014,Pre-Pandemia
Australia,AUS,2012,Cars,EV,0.0,0.0,0.029999999329448,0.0,0.002400000113994,0.0,2010-2014,Pre-Pandemia
Australia,AUS,2012,Cars,PHEV,0.0,80.0,0.0,80.0,0.0,0.0,2010-2014,Pre-Pandemia
Australia,AUS,2013,Cars,BEV,0.0,190.0,0.0,410.0,0.0,0.0,2010-2014,Pre-Pandemia
Australia,AUS,2013,Cars,EV,0.0,0.0,0.034000001847744,0.0,0.004600000102073,0.0,2010-2014,Pre-Pandemia
Australia,AUS,2013,Cars,PHEV,0.0,100.0,0.0,180.0,0.0,0.0,2010-2014,Pre-Pandemia
Australia,AUS,2014,Cars,BEV,0.0,370.0,0.0,780.0,0.0,0.0,2010-2014,Pre-Pandemia
Australia,AUS,2014,Cars,EV,0.0,0.0,0.159999996423721,0.0,0.014000000432134,0.0,2010-2014,Pre-Pandemia
Australia,AUS,2014,Cars,PHEV,0.0,950.0,0.0,1100.0,0.0,0.0,2010-2014,Pre-Pandemia
Australia,AUS,2015,Cars,BEV,0.0,760.0,0.0,1500.0,0.0,0.0,2015-2019,Pre-Pandemia
Australia,AUS,2015,Cars,EV,0.0,0.0,0.200000002980232,0.0,0.027000000700355,0.0,2015-2019,Pre-Pandemia
Australia,AUS,2015,Cars,PHEV,0.0,1000.0,0.0,2100.0,0.0,0.0,2015-2019,Pre-Pandemia
Australia,AUS,2016,Cars,BEV,0.0,670.0,0.0,2200.0,0.0,0.0,2015-2019,Pre-Pandemia
Australia,AUS,2016,Cars,EV,0.0,0.0,0.150000005960464,0.0,0.037000000476837,0.0,2015-2019,Pre-Pandemia
Australia,AUS,2016,Cars,PHEV,0.0,700.0,0.0,2800.0,0.0,0.0,2015-2019,Pre-Pandemia
Australia,AUS,2017,Cars,BEV,0.0,1200.0,0.0,3400.0,0.0,0.0,2015-2019,Pre-Pandemia
Australia,AUS,2017,Cars,EV,0.0,0.0,0.259999990463257,0.0,0.052000001072884,0.0,2015-2019,Pre-Pandemia
Australia,AUS,2017,Cars,PHEV,0.0,1100.0,0.0,3900.0,0.0,0.0,2015-2019,Pre-Pandemia
Australia,AUS,2017,EV,Publicly available fast,40.0,0.0,0.0,0.0,0.0,0.0,2015-2019,Pre-Pandemia
Australia,AUS,2017,EV,Publicly available slow,440.0,0.0,0.0,0.0,0.0,0.0,2015-2019,Pre-Pandemia
Australia,AUS,2018,Cars,BEV,0.0,1800.0,0.0,5200.0,0.0,0.0,2015-2019,Pre-Pandemia
Australia,AUS,2018,Cars,EV,0.0,0.0,0.419999986886978,0.0,0.076999999582768,0.0,2015-2019,Pre-Pandemia
Australia,AUS,2018,Cars,PHEV,0.0,1800.0,0.0,5700.0,0.0,0.0,2015-2019,Pre-Pandemia
Australia,AUS,2018,EV,Publicly available fast,61.0,0.0,0.0,0.0,0.0,0.0,2015-2019,Pre-Pandemia
Australia,AUS,2018,EV,Publicly available slow,670.0,0.0,0.0,0.0,0.0,0.0,2015-2019,Pre-Pandemia
Australia,AUS,2019,Cars,BEV,0.0,6300.0,0.0,12000.0,0.0,0.0,2015-2019,Pre-Pandemia
Australia,AUS,2019,Cars,EV,0.0,0.0,1.20000004768372,0.0,0.140000000596046,0.0,2015-2019,Pre-Pandemia
Australia,AUS,2019,Cars,PHEV,0.0,2900.0,0.0,8600.0,0.0,0.0,2015-2019,Pre-Pandemia
Australia,AUS,2019,EV,Publicly available slow,1700.0,0.0,0.0,0.0,0.0,0.0,2015-2019,Pre-Pandemia
Australia,AUS,2020,Cars,BEV,0.0,5200.0,0.0,17000.0,0.0,0.0,2020-2023,Pandemia
Australia,AUS,2020,Cars,EV,0.0,0.0,1.10000002384186,0.0,0.180000007152557,0.0,2020-2023,Pandemia
Australia,AUS,2020,Cars,PHEV,0.0,1700.0,0.0,10000.0,0.0,0.0,2020-2023,Pandemia
Australia,AUS,2020,EV,Publicly available slow,2300.0,0.0,0.0,0.0,0.0,0.0,2020-2023,Pandemia
Australia,AUS,2021,Cars,BEV,0.0,17000.0,0.0,34000.0,0.0,0.0,2020-2023,Pandemia
Australia,AUS,2021,Cars,EV,0.0,0.0,2.79999995231628,0.0,0.319999992847443,0.0,2020-2023,Pandemia
Australia,AUS,2021,Cars,FCEV,0.0,44.0,0.0,44.0,0.0,0.0,2020-2023,Pandemia
Australia,AUS,2021,Cars,PHEV,0.0,3400.0,0.0,14000.0,0.0,0.0,2020-2023,Pandemia
Australia,AUS,2021,EV,Publicly available fast,320.0,0.0,0.0,0.0,0.0,0.0,2020-2023,Pandemia
Australia,AUS,2021,EV,Publicly available slow,2000.0,0.0,0.0,0.0,0.0,0.0,2020-2023,Pandemia
Australia,AUS,2022,Cars,BEV,0.0,33000.0,0.0,67000.0,0.0,0.0,2020-2023,Post-Pandemia
Australia,AUS,2022,Cars,EV,0.0,0.0,5.09999990463257,0.0,0.589999973773956,0.0,2020-2023,Post-Pandemia
Australia,AUS,2022,Cars,FCEV,0.0,15.0,0.0,100.0,0.0,0.0,2020-2023,Post-Pandemia
Australia,AUS,2022,Cars,PHEV,0.0,5900.0,0.0,21000.0,0.0,0.0,2020-2023,Post-Pandemia
Australia,AUS,2022,EV,Publicly available fast,470.0,0.0,0.0,0.0,0.0,0.0,2020-2023,Post-Pandemia
Australia,AUS,2022,EV,Publicly available slow,2100.0,0.0,0.0,0.0,0.0,0.0,2020-2023,Post-Pandemia
Australia,AUS,2023,Cars,BEV,0.0,87000.0,0.0,150000.0,0.0,0.0,2020-2023,Post-Pandemia
Australia,AUS,2023,Cars,EV,0.0,0.0,12.0,0.0,1.20000004768372,0.0,2020-2023,Post-Pandemia
Australia,AUS,2023,Cars,FCEV,0.0,6.0,0.0,65.0,0.0,0.0,2020-2023,Post-Pandemia
Australia,AUS,2023,Cars,PHEV,0.0,11000.0,0.0,31000.0,0.0,0.0,2020-2023,Post-Pandemia
Australia,AUS,2023,EV,Publicly available fast,660.0,0.0,0.0,0.0,0.0,0.0,2020-2023,Post-Pandemia
Australia,AUS,2023,EV,Publicly available slow,2100.0,0.0,0.0,0.0,0.0,0.0,2020-2023,Post-Pandemia
Austria,AUT,2010,Cars,BEV,0.0,0.0,0.0,350.0,0.0,0.0,2010-2014,Pre-Pandemia
Austria,AUT,2010,Cars,EV,0.0,0.0,0.0,0.0,0.00789999961853,0.0,2010-2014,Pre-Pandemia
Austria,AUT,2011,Cars,BEV,0.0,0.0,0.0,990.0,0.0,0.0,2010-2014,Pre-Pandemia
Austria,AUT,2011,Cars,EV,0.0,0.0,0.0,0.0,0.021999999880791,0.0,2010-2014,Pre-Pandemia
Austria,AUT,2011,EV,Publicly available fast,0.100000001490116,0.0,0.0,0.0,0.0,0.0,2010-2014,Pre-Pandemia
Austria,AUT,2011,EV,Publicly available slow,0.100000001490116,0.0,0.0,0.0,0.0,0.0,2010-2014,Pre-Pandemia
Austria,AUT,2012,Cars,BEV,0.0,0.0,0.0,1400.0,0.0,0.0,2010-2014,Pre-Pandemia
Austria,AUT,2012,Cars,EV,0.0,0.0,0.0,0.0,0.032999999821186,0.0,2010-2014,Pre-Pandemia
Austria,AUT,2012,Cars,PHEV,0.0,0.0,0.0,140.0,0.0,0.0,2010-2014,Pre-Pandemia
Austria,AUT,2012,EV,Publicly available fast,0.100000001490116,0.0,0.0,0.0,0.0,0.0,2010-2014,Pre-Pandemia
Austria,AUT,2012,EV,Publicly available slow,0.100000001490116,0.0,0.0,0.0,0.0,0.0,2010-2014,Pre-Pandemia
Austria,AUT,2013,Cars,BEV,0.0,650.0,0.0,2100.0,0.0,0.0,2010-2014,Pre-Pandemia
Austria,AUT,2013,Cars,EV,0.0,0.0,0.200000002980232,0.0,0.052999999374151,0.0,2010-2014,Pre-Pandemia
Austria,AUT,2013,Cars,PHEV,0.0,0.0,0.0,410.0,0.0,0.0,2010-2014,Pre-Pandemia
Austria,AUT,2013,EV,Publicly available fast,0.100000001490116,0.0,0.0,0.0,0.0,0.0,2010-2014,Pre-Pandemia
Austria,AUT,2013,EV,Publicly available slow,0.100000001490116,0.0,0.0,0.0,0.0,0.0,2010-2014,Pre-Pandemia
Austria,AUT,2014,Cars,BEV,0.0,1700.0,0.0,3400.0,0.0,0.0,2010-2014,Pre-Pandemia
Austria,AUT,2014,Cars,EV,0.0,0.0,0.569999992847443,0.0,0.089000001549721,0.0,2010-2014,Pre-Pandemia
Austria,AUT,2014,Cars,FCEV,0.0,6.0,0.0,3.0,0.0,0.0,2010-2014,Pre-Pandemia
Austria,AUT,2014,Cars,PHEV,0.0,0.0,0.0,780.0,0.0,0.0,2010-2014,Pre-Pandemia
Austria,AUT,2014,EV,Publicly available fast,0.100000001490116,0.0,0.0,0.0,0.0,0.0,2010-2014,Pre-Pandemia
Austria,AUT,2014,EV,Publicly available slow,0.100000001490116,0.0,0.0,0.0,0.0,0.0,2010-2014,Pre-Pandemia
Austria,AUT,2015,Cars,BEV,0.0,1700.0,0.0,5000.0,0.0,0.0,2015-2019,Pre-Pandemia
Austria,AUT,2015,Cars,EV,0.0,0.0,0.899999976158142,0.0,0.140000000596046,0.0,2015-2019,Pre-Pandemia
Austria,AUT,2015,Cars,FCEV,0.0,4.0,0.0,6.0,0.0,0.0,2015-2019,Pre-Pandemia
Austria,AUT,2015,Cars,PHEV,0.0,1100.0,0.0,1500.0,0.0,0.0,2015-2019,Pre-Pandemia
Austria,AUT,2015,EV,Publicly available fast,0.100000001490116,0.0,0.0,0.0,0.0,0.0,2015-2019,Pre-Pandemia
Austria,AUT,2015,EV,Publicly available slow,0.100000001490116,0.0,0.0,0.0,0.0,0.0,2015-2019,Pre-Pandemia
Austria,AUT,2016,Cars,BEV,0.0,3800.0,0.0,9100.0,0.0,0.0,2015-2019,Pre-Pandemia
Austria,AUT,2016,Cars,EV,0.0,0.0,1.5,0.0,0.239999994635582,0.0,2015-2019,Pre-Pandemia
Austria,AUT,2016,Cars,FCEV,0.0,0.0,0.0,13.0,0.0,0.0,2015-2019,Pre-Pandemia
Austria,AUT,2016,Cars,PHEV,0.0,1200.0,0.0,2300.0,0.0,0.0,2015-2019,Pre-Pandemia
Austria,AUT,2016,EV,Publicly available fast,0.100000001490116,0.0,0.0,0.0,0.0,0.0,2015-2019,Pre-Pandemia
Austria,AUT,2016,EV,Publicly available slow,0.100000001490116,0.0,0.0,0.0,0.0,0.0,2015-2019,Pre-Pandemia
Austria,AUT,2017,Cars,BEV,0.0,5400.0,0.0,15000.0,0.0,0.0,2015-2019,Pre-Pandemia
Austria,AUT,2017,Cars,EV,0.0,0.0,2.0,0.0,0.379999995231628,0.0,2015-2019,Pre-Pandemia
Austria,AUT,2017,Cars,FCEV,0.0,2.0,0.0,19.0,0.0,0.0,2015-2019,Pre-Pandemia
Austria,AUT,2017,Cars,PHEV,0.0,1700.0,0.0,3900.0,0.0,0.0,2015-2019,Pre-Pandemia
Austria,AUT,2017,EV,Publicly available fast,0.100000001490116,0.0,0.0,0.0,0.0,0.0,2015-2019,Pre-Pandemia
Austria,AUT,2017,EV,Publicly available slow,0.100000001490116,0.0,0.0,0.0,0.0,0.0,2015-2019,Pre-Pandemia
Austria,AUT,2018,Cars,BEV,0.0,6800.0,0.0,21000.0,0.0,0.0,2015-2019,Pre-Pandemia
Austria,AUT,2018,Cars,EV,0.0,0.0,2.59999990463257,0.0,0.529999971389771,0.0,2015-2019,Pre-Pandemia
Austria,AUT,2018,Cars,FCEV,0.0,7.0,0.0,24.0,0.0,0.0,2015-2019,Pre-Pandemia
Austria,AUT,2018,Cars,PHEV,0.0,2300.0,0.0,5700.0,0.0,0.0,2015-2019,Pre-Pandemia
Austria,AUT,2018,EV,Publicly available fast,0.100000001490116,0.0,0.0,0.0,0.0,0.0,2015-2019,Pre-Pandemia
Austria,AUT,2018,EV,Publicly available slow,0.100000001490116,0.0,0.0,0.0,0.0,0.0,2015-2019,Pre-Pandemia
Austria,AUT,2019,Cars,BEV,0.0,9300.0,0.0,30000.0,0.0,0.0,2015-2019,Pre-Pandemia
Austria,AUT,2019,Cars,EV,0.0,0.0,3.5,0.0,0.75,0.0,2015-2019,Pre-Pandemia
Austria,AUT,2019,Cars,FCEV,0.0,19.0,0.0,41.0,0.0,0.0,2015-2019,Pre-Pandemia
Austria,AUT,2019,Cars,PHEV,0.0,2200.0,0.0,8000.0,0.0,0.0,2015-2019,Pre-Pandemia
Austria,AUT,2019,EV,Publicly available fast,0.100000001490116,0.0,0.0,0.0,0.0,0.0,2015-2019,Pre-Pandemia
Austria,AUT,2019,EV,Publicly available slow,0.100000001490116,0.0,0.0,0.0,0.0,0.0,2015-2019,Pre-Pandemia
Austria,AUT,2020,Cars,BEV,0.0,16000.0,0.0,45000.0,0.0,0.0,2020-2023,Pandemia
Austria,AUT,2020,Cars,EV,0.0,0.0,9.5,0.0,1.20000004768372,0.0,2020-2023,Pandemia
Austria,AUT,2020,Cars,FCEV,0.0,14.0,0.0,45.0,0.0,0.0,2020-2023,Pandemia
Austria,AUT,2020,Cars,PHEV,0.0,7600.0,0.0,15000.0,0.0,0.0,2020-2023,Pandemia
Austria,AUT,2020,EV,Publicly available fast,0.100000001490116,0.0,0.0,0.0,0.0,0.0,2020-2023,Pandemia
Austria,AUT,2020,EV,Publicly available slow,0.100000001490116,0.0,0.0,0.0,0.0,0.0,2020-2023,Pandemia
Austria,AUT,2021,Cars,BEV,0.0,33000.0,0.0,77000.0,0.0,0.0,2020-2023,Pandemia
Austria,AUT,2021,Cars,EV,0.0,0.0,20.0,0.0,2.09999990463257,0.0,2020-2023,Pandemia
Austria,AUT,2021,Cars,FCEV,0.0,14.0,0.0,55.0,0.0,0.0,2020-2023,Pandemia
Austria,AUT,2021,Cars,PHEV,0.0,15000.0,0.0,29000.0,0.0,0.0,2020-2023,Pandemia
Austria,AUT,2021,EV,Publicly available fast,1600.0,0.0,0.0,0.0,0.0,0.0,2020-2023,Pandemia
Austria,AUT,2021,EV,Publicly available slow,8900.0,0.0,0.0,0.0,0.0,0.0,2020-2023,Pandemia
Austria,AUT,2022,Cars,BEV,0.0,34000.0,0.0,110000.0,0.0,0.0,2020-2023,Post-Pandemia
Austria,AUT,2022,Cars,EV,0.0,0.0,22.0,0.0,3.0,0.0,2020-2023,Post-Pandemia
Austria,AUT,2022,Cars,FCEV,0.0,14.0,0.0,62.0,0.0,0.0,2020-2023,Post-Pandemia
Austria,AUT,2022,Cars,PHEV,0.0,13000.0,0.0,42000.0,0.0,0.0,2020-2023,Post-Pandemia
Austria,AUT,2022,EV,Publicly available fast,2600.0,0.0,0.0,0.0,0.0,0.0,2020-2023,Post-Pandemia
Austria,AUT,2022,EV,Publicly available slow,13000.0,0.0,0.0,0.0,0.0,0.0,2020-2023,Post-Pandemia
Austria,AUT,2023,Cars,BEV,0.0,48000.0,0.0,160000.0,0.0,0.0,2020-2023,Post-Pandemia
Austria,AUT,2023,Cars,EV,0.0,0.0,26.0,0.0,4.40000009536743,0.0,2020-2023,Post-Pandemia
Austria,AUT,2023,Cars,FCEV,0.0,9.0,0.0,89.0,0.0,0.0,2020-2023,Post-Pandemia
Austria,AUT,2023,Cars,PHEV,0.0,17000.0,0.0,61000.0,0.0,0.0,2020-2023,Post-Pandemia
Austria,AUT,2023,EV,Publicly available fast,2500.0,0.0,0.0,0.0,0.0,0.0,2020-2023,Post-Pandemia
Austria,AUT,2023,EV,Publicly available slow,15000.0,0.0,0.0,0.0,0.0,0.0,2020-2023,Post-Pandemia
Belgium,BEL,2010,Buses,BEV,0.0,0.0,0.0,3.0,0.0,0.0,2010-2014,Pre-Pandemia
Belgium,BEL,2010,Buses,EV,0.0,0.0,0.0,0.0,0.018999999389052,0.0,2010-2014,Pre-Pandemia
Belgium,BEL,2010,Cars,BEV,0.0,48.0,0.0,61.0,0.0,0.0,2010-2014,Pre-Pandemia
Belgium,BEL,2010,Cars,EV,0.0,0.0,0.009999999776483,0.0,0.001300000003539,0.0,2010-2014,Pre-Pandemia
Belgium,BEL,2010,Cars,FCEV,0.0,0.0,0.0,1.0,0.0,0.0,2010-2014,Pre-Pandemia
Belgium,BEL,2010,Cars,PHEV,0.0,8.0,0.0,9.0,0.0,0.0,2010-2014,Pre-Pandemia
Belgium,BEL,2010,Trucks,BEV,0.0,0.0,0.0,2.0,0.0,0.0,2010-2014,Pre-Pandemia
Belgium,BEL,2010,Trucks,EV,0.0,0.0,0.0,0.0,0.001300000003539,0.0,2010-2014,Pre-Pandemia
Belgium,BEL,2010,Vans,BEV,0.0,7.0,0.0,62.0,0.0,0.0,2010-2014,Pre-Pandemia
Belgium,BEL,2010,Vans,EV,0.0,0.0,0.013000000268221,0.0,0.010999999940395,0.0,2010-2014,Pre-Pandemia
Belgium,BEL,2011,Buses,BEV,0.0,0.0,0.0,3.0,0.0,0.0,2010-2014,Pre-Pandemia
Belgium,BEL,2011,Buses,EV,0.0,0.0,0.0,0.0,0.018999999389052,0.0,2010-2014,Pre-Pandemia
Belgium,BEL,2011,Cars,BEV,0.0,280.0,0.0,320.0,0.0,0.0,2010-2014,Pre-Pandemia
Belgium,BEL,2011,Cars,EV,0.0,0.0,0.052000001072884,0.0,0.00650000013411,0.0,2010-2014,Pre-Pandemia
Belgium,BEL,2011,Cars,FCEV,0.0,0.0,0.0,1.0,0.0,0.0,2010-2014,Pre-Pandemia
Belgium,BEL,2011,Cars,PHEV,0.0,16.0,0.0,26.0,0.0,0.0,2010-2014,Pre-Pandemia
Belgium,BEL,2011,Trucks,BEV,0.0,1.0,0.0,6.0,0.0,0.0,2010-2014,Pre-Pandemia
Belgium,BEL,2011,Trucks,EV,0.0,0.0,0.009800000116229,0.0,0.00400000018999,0.0,2010-2014,Pre-Pandemia
Belgium,BEL,2011,Vans,BEV,0.0,25.0,0.0,79.0,0.0,0.0,2010-2014,Pre-Pandemia
Belgium,BEL,2011,Vans,EV,0.0,0.0,0.039000000804663,0.0,0.013000000268221,0.0,2010-2014,Pre-Pandemia
Belgium,BEL,2012,Buses,BEV,0.0,0.0,0.0,3.0,0.0,0.0,2010-2014,Pre-Pandemia
Belgium,BEL,2012,Buses,EV,0.0,0.0,0.0,0.0,0.018999999389052,0.0,2010-2014,Pre-Pandemia
Belgium,BEL,2012,Cars,BEV,0.0,570.0,0.0,830.0,0.0,0.0,2010-2014,Pre-Pandemia
Belgium,BEL,2012,Cars,EV,0.0,0.0,0.189999997615814,0.0,0.021999999880791,0.0,2010-2014,Pre-Pandemia
Belgium,BEL,2012,Cars,FCEV,0.0,0.0,0.0,1.0,0.0,0.0,2010-2014,Pre-Pandemia
Belgium,BEL,2012,Cars,PHEV,0.0,340.0,0.0,350.0,0.0,0.0,2010-2014,Pre-Pandemia
Belgium,BEL,2012,Trucks,BEV,0.0,0.0,0.0,7.0,0.0,0.0,2010-2014,Pre-Pandemia
Belgium,BEL,2012,Trucks,EV,0.0,0.0,0.0,0.0,0.004800000227988,0.0,2010-2014,Pre-Pandemia
Belgium,BEL,2012,Vans,BEV,0.0,260.0,0.0,330.0,0.0,0.0,2010-2014,Pre-Pandemia
Belgium,BEL,2012,Vans,EV,0.0,0.0,0.46000000834465,0.0,0.052999999374151,0.0,2010-2014,Pre-Pandemia
Belgium,BEL,2013,Buses,BEV,0.0,0.0,0.0,3.0,0.0,0.0,2010-2014,Pre-Pandemia
Belgium,BEL,2013,Buses,EV,0.0,0.0,0.0,0.0,0.018999999389052,0.0,2010-2014,Pre-Pandemia
Belgium,BEL,2013,Cars,BEV,0.0,500.0,0.0,1200.0,0.0,0.0,2010-2014,Pre-Pandemia
Belgium,BEL,2013,Cars,EV,0.0,0.0,0.119999997317791,0.0,0.032999999821186,0.0,2010-2014,Pre-Pandemia
Belgium,BEL,2013,Cars,FCEV,0.0,0.0,0.0,1.0,0.0,0.0,2010-2014,Pre-Pandemia
Belgium,BEL,2013,Cars,PHEV,0.0,60.0,0.0,590.0,0.0,0.0,2010-2014,Pre-Pandemia
Belgium,BEL,2013,EV,Publicly available fast,47.0,0.0,0.0,0.0,0.0,0.0,2010-2014,Pre-Pandemia
Belgium,BEL,2013,EV,Publicly available slow,330.0,0.0,0.0,0.0,0.0,0.0,2010-2014,Pre-Pandemia
Belgium,BEL,2013,Trucks,BEV,0.0,0.0,0.0,7.0,0.0,0.0,2010-2014,Pre-Pandemia
Belgium,BEL,2013,Trucks,EV,0.0,0.0,0.0,0.0,0.004800000227988,0.0,2010-2014,Pre-Pandemia
Belgium,BEL,2013,Vans,BEV,0.0,110.0,0.0,430.0,0.0,0.0,2010-2014,Pre-Pandemia
Belgium,BEL,2013,Vans,EV,0.0,0.0,0.189999997615814,0.0,0.06700000166893,0.0,2010-2014,Pre-Pandemia
Belgium,BEL,2014,Buses,BEV,0.0,3.0,0.0,7.0,0.0,0.0,2010-2014,Pre-Pandemia
Belgium,BEL,2014,Buses,EV,0.0,0.0,0.259999990463257,0.0,0.239999994635582,0.0,2010-2014,Pre-Pandemia
Belgium,BEL,2014,Buses,PHEV,0.0,0.0,0.0,32.0,0.0,0.0,2010-2014,Pre-Pandemia
Belgium,BEL,2014,Cars,BEV,0.0,1300.0,0.0,2200.0,0.0,0.0,2010-2014,Pre-Pandemia
Belgium,BEL,2014,Cars,EV,0.0,0.0,0.409999996423721,0.0,0.06700000166893,0.0,2010-2014,Pre-Pandemia
Belgium,BEL,2014,Cars,FCEV,0.0,0.0,0.0,2.0,0.0,0.0,2010-2014,Pre-Pandemia
Belgium,BEL,2014,Cars,PHEV,0.0,650.0,0.0,1500.0,0.0,0.0,2010-2014,Pre-Pandemia
Belgium,BEL,2014,EV,Publicly available fast,55.0,0.0,0.0,0.0,0.0,0.0,2010-2014,Pre-Pandemia
Belgium,BEL,2014,EV,Publicly available slow,560.0,0.0,0.0,0.0,0.0,0.0,2010-2014,Pre-Pandemia
Belgium,BEL,2014,Trucks,BEV,0.0,1.0,0.0,11.0,0.0,0.0,2010-2014,Pre-Pandemia
Belgium,BEL,2014,Trucks,EV,0.0,0.0,0.013000000268221,0.0,0.00760000012815,0.0,2010-2014,Pre-Pandemia
Belgium,BEL,2014,Vans,BEV,0.0,99.0,0.0,520.0,0.0,0.0,2010-2014,Pre-Pandemia
Belgium,BEL,2014,Vans,EV,0.0,0.0,0.180000007152557,0.0,0.079000003635883,0.0,2010-2014,Pre-Pandemia
Belgium,BEL,2015,Buses,BEV,0.0,0.0,0.0,7.0,0.0,0.0,2015-2019,Pre-Pandemia
Belgium,BEL,2015,Buses,EV,0.0,0.0,0.0,0.0,0.529999971389771,0.0,2015-2019,Pre-Pandemia
Belgium,BEL,2015,Buses,PHEV,0.0,0.0,0.0,80.0,0.0,0.0,2015-2019,Pre-Pandemia
Belgium,BEL,2015,Cars,BEV,0.0,1400.0,0.0,3300.0,0.0,0.0,2015-2019,Pre-Pandemia
Belgium,BEL,2015,Cars,EV,0.0,0.0,0.769999980926514,0.0,0.129999995231628,0.0,2015-2019,Pre-Pandemia
Belgium,BEL,2015,Cars,FCEV,0.0,2.0,0.0,8.0,0.0,0.0,2015-2019,Pre-Pandemia
Belgium,BEL,2015,Cars,PHEV,0.0,2500.0,0.0,3800.0,0.0,0.0,2015-2019,Pre-Pandemia
Belgium,BEL,2015,EV,Publicly available fast,77.0,0.0,0.0,0.0,0.0,0.0,2015-2019,Pre-Pandemia
Belgium,BEL,2015,EV,Publicly available slow,1300.0,0.0,0.0,0.0,0.0,0.0,2015-2019,Pre-Pandemia
Belgium,BEL,2015,Trucks,BEV,0.0,0.0,0.0,12.0,0.0,0.0,2015-2019,Pre-Pandemia
Belgium,BEL,2015,Trucks,EV,0.0,0.0,0.0,0.0,0.008399999700487,0.0,2015-2019,Pre-Pandemia
Belgium,BEL,2015,Vans,BEV,0.0,68.0,0.0,570.0,0.0,0.0,2015-2019,Pre-Pandemia
Belgium,BEL,2015,Vans,EV,0.0,0.0,0.109999999403954,0.0,0.08500000089407,0.0,2015-2019,Pre-Pandemia
Belgium,BEL,2016,Buses,BEV,0.0,0.0,0.0,7.0,0.0,0.0,2015-2019,Pre-Pandemia
Belgium,BEL,2016,Buses,EV,0.0,0.0,0.0,0.0,0.75,0.0,2015-2019,Pre-Pandemia
Belgium,BEL,2016,Buses,PHEV,0.0,0.0,0.0,110.0,0.0,0.0,2015-2019,Pre-Pandemia
Belgium,BEL,2016,Cars,BEV,0.0,2100.0,0.0,5200.0,0.0,0.0,2015-2019,Pre-Pandemia
Belgium,BEL,2016,Cars,EV,0.0,0.0,1.70000004768372,0.0,0.280000001192093,0.0,2015-2019,Pre-Pandemia
Belgium,BEL,2016,Cars,FCEV,0.0,7.0,0.0,20.0,0.0,0.0,2015-2019,Pre-Pandemia
Belgium,BEL,2016,Cars,PHEV,0.0,7100.0,0.0,11000.0,0.0,0.0,2015-2019,Pre-Pandemia
Belgium,BEL,2016,EV,Publicly available fast,110.0,0.0,0.0,0.0,0.0,0.0,2015-2019,Pre-Pandemia
Belgium,BEL,2016,EV,Publicly available slow,1500.0,0.0,0.0,0.0,0.0,0.0,2015-2019,Pre-Pandemia
Belgium,BEL,2016,Trucks,BEV,0.0,1.0,0.0,13.0,0.0,0.0,2015-2019,Pre-Pandemia
Belgium,BEL,2016,Trucks,EV,0.0,0.0,0.009999999776483,0.0,0.009100000374019,0.0,2015-2019,Pre-Pandemia
Belgium,BEL,2016,Vans,BEV,0.0,140.0,0.0,690.0,0.0,0.0,2015-2019,Pre-Pandemia
Belgium,BEL,2016,Vans,EV,0.0,0.0,0.209999993443489,0.0,0.097000002861023,0.0,2015-2019,Pre-Pandemia
Belgium,BEL,2016,Vans,PHEV,0.0,0.0,0.0,1.0,0.0,0.0,2015-2019,Pre-Pandemia
Belgium,BEL,2017,Buses,BEV,0.0,0.0,0.0,10.0,0.0,0.0,2015-2019,Pre-Pandemia
Belgium,BEL,2017,Buses,EV,0.0,0.0,0.230000004172325,0.0,0.910000026226044,0.0,2015-2019,Pre-Pandemia
Belgium,BEL,2017,Buses,PHEV,0.0,2.0,0.0,130.0,0.0,0.0,2015-2019,Pre-Pandemia
Belgium,BEL,2017,Cars,BEV,0.0,2700.0,0.0,7500.0,0.0,0.0,2015-2019,Pre-Pandemia
Belgium,BEL,2017,Cars,EV,0.0,0.0,2.59999990463257,0.0,0.529999971389771,0.0,2015-2019,Pre-Pandemia
Belgium,BEL,2017,Cars,FCEV,0.0,11.0,0.0,31.0,0.0,0.0,2015-2019,Pre-Pandemia
Belgium,BEL,2017,Cars,PHEV,0.0,12000.0,0.0,23000.0,0.0,0.0,2015-2019,Pre-Pandemia
Belgium,BEL,2017,EV,Publicly available fast,220.0,0.0,0.0,0.0,0.0,0.0,2015-2019,Pre-Pandemia
Belgium,BEL,2017,EV,Publicly available slow,1500.0,0.0,0.0,0.0,0.0,0.0,2015-2019,Pre-Pandemia
Belgium,BEL,2017,Trucks,BEV,0.0,0.0,0.0,14.0,0.0,0.0,2015-2019,Pre-Pandemia
Belgium,BEL,2017,Trucks,EV,0.0,0.0,0.0,0.0,0.009700000286102,0.0,2015-2019,Pre-Pandemia
Belgium,BEL,2017,Vans,BEV,0.0,130.0,0.0,780.0,0.0,0.0,2015-2019,Pre-Pandemia
Belgium,BEL,2017,Vans,EV,0.0,0.0,0.170000001788139,0.0,0.109999999403954,0.0,2015-2019,Pre-Pandemia
Belgium,BEL,2017,Vans,PHEV,0.0,1.0,0.0,4.0,0.0,0.0,2015-2019,Pre-Pandemia
Belgium,BEL,2018,Buses,BEV,0.0,14.0,0.0,21.0,0.0,0.0,2015-2019,Pre-Pandemia
Belgium,BEL,2018,Buses,EV,0.0,0.0,1.39999997615814,0.0,1.10000002384186,0.0,2015-2019,Pre-Pandemia
Belgium,BEL,2018,Buses,PHEV,0.0,0.0,0.0,140.0,0.0,0.0,2015-2019,Pre-Pandemia
Belgium,BEL,2018,Cars,BEV,0.0,3600.0,0.0,11000.0,0.0,0.0,2015-2019,Pre-Pandemia
Belgium,BEL,2018,Cars,EV,0.0,0.0,2.40000009536743,0.0,0.740000009536743,0.0,2015-2019,Pre-Pandemia
Belgium,BEL,2018,Cars,FCEV,0.0,13.0,0.0,44.0,0.0,0.0,2015-2019,Pre-Pandemia
Belgium,BEL,2018,Cars,PHEV,0.0,9600.0,0.0,33000.0,0.0,0.0,2015-2019,Pre-Pandemia
Belgium,BEL,2018,EV,Publicly available fast,240.0,0.0,0.0,0.0,0.0,0.0,2015-2019,Pre-Pandemia
Belgium,BEL,2018,EV,Publicly available slow,2700.0,0.0,0.0,0.0,0.0,0.0,2015-2019,Pre-Pandemia
Belgium,BEL,2018,Trucks,BEV,0.0,1.0,0.0,17.0,0.0,0.0,2015-2019,Pre-Pandemia
Belgium,BEL,2018,Trucks,EV,0.0,0.0,0.008799999952316,0.0,0.012000000104308,0.0,2015-2019,Pre-Pandemia
Belgium,BEL,2018,Vans,BEV,0.0,260.0,0.0,1000.0,0.0,0.0,2015-2019,Pre-Pandemia
Belgium,BEL,2018,Vans,EV,0.0,0.0,0.340000003576279,0.0,0.129999995231628,0.0,2015-2019,Pre-Pandemia
Belgium,BEL,2018,Vans,PHEV,0.0,2.0,0.0,7.0,0.0,0.0,2015-2019,Pre-Pandemia
Belgium,BEL,2019,Buses,BEV,0.0,37.0,0.0,59.0,0.0,0.0,2015-2019,Pre-Pandemia
Belgium,BEL,2019,Buses,EV,0.0,0.0,3.70000004768372,0.0,1.39999997615814,0.0,2015-2019,Pre-Pandemia
Belgium,BEL,2019,Buses,FCEV,0.0,0.0,0.0,1.0,0.0,0.0,2015-2019,Pre-Pandemia
Belgium,BEL,2019,Buses,PHEV,0.0,11.0,0.0,160.0,0.0,0.0,2015-2019,Pre-Pandemia
Belgium,BEL,2019,Cars,BEV,0.0,8800.0,0.0,19000.0,0.0,0.0,2015-2019,Pre-Pandemia
Belgium,BEL,2019,Cars,EV,0.0,0.0,3.20000004768372,0.0,1.0,0.0,2015-2019,Pre-Pandemia
Belgium,BEL,2019,Cars,FCEV,0.0,12.0,0.0,41.0,0.0,0.0,2015-2019,Pre-Pandemia
Belgium,BEL,2019,Cars,PHEV,0.0,8900.0,0.0,41000.0,0.0,0.0,2015-2019,Pre-Pandemia
Belgium,BEL,2019,EV,Publicly available fast,360.0,0.0,0.0,0.0,0.0,0.0,2015-2019,Pre-Pandemia
Belgium,BEL,2019,EV,Publicly available slow,6100.0,0.0,0.0,0.0,0.0,0.0,2015-2019,Pre-Pandemia
Belgium,BEL,2019,Trucks,BEV,0.0,0.0,0.0,17.0,0.0,0.0,2015-2019,Pre-Pandemia
Belgium,BEL,2019,Trucks,EV,0.0,0.0,0.0,0.0,0.012000000104308,0.0,2015-2019,Pre-Pandemia
Belgium,BEL,2019,Vans,BEV,0.0,400.0,0.0,1400.0,0.0,0.0,2015-2019,Pre-Pandemia
Belgium,BEL,2019,Vans,EV,0.0,0.0,0.490000009536743,0.0,0.170000001788139,0.0,2015-2019,Pre-Pandemia
Belgium,BEL,2019,Vans,PHEV,0.0,0.0,0.0,13.0,0.0,0.0,2015-2019,Pre-Pandemia
Belgium,BEL,2020,Buses,BEV,0.0,12.0,0.0,75.0,0.0,0.0,2020-2023,Pandemia
Belgium,BEL,2020,Buses,EV,0.0,0.0,7.0,0.0,1.79999995231628,0.0,2020-2023,Pandemia
Belgium,BEL,2020,Buses,FCEV,0.0,0.0,0.0,2.0,0.0,0.0,2020-2023,Pandemia
Belgium,BEL,2020,Buses,PHEV,0.0,43.0,0.0,200.0,0.0,0.0,2020-2023,Pandemia
Belgium,BEL,2020,Cars,BEV,0.0,15000.0,0.0,32000.0,0.0,0.0,2020-2023,Pandemia
Belgium,BEL,2020,Cars,EV,0.0,0.0,11.0,0.0,1.79999995231628,0.0,2020-2023,Pandemia
Belgium,BEL,2020,Cars,FCEV,0.0,4.0,0.0,64.0,0.0,0.0,2020-2023,Pandemia
Belgium,BEL,2020,Cars,PHEV,0.0,32000.0,0.0,73000.0,0.0,0.0,2020-2023,Pandemia
Belgium,BEL,2020,EV,Publicly available fast,480.0,0.0,0.0,0.0,0.0,0.0,2020-2023,Pandemia
Belgium,BEL,2020,EV,Publicly available slow,8000.0,0.0,0.0,0.0,0.0,0.0,2020-2023,Pandemia
Belgium,BEL,2020,Trucks,BEV,0.0,6.0,0.0,19.0,0.0,0.0,2020-2023,Pandemia
Belgium,BEL,2020,Trucks,EV,0.0,0.0,0.079000003635883,0.0,0.013000000268221,0.0,2020-2023,Pandemia
Belgium,BEL,2020,Vans,BEV,0.0,470.0,0.0,1800.0,0.0,0.0,2020-2023,Pandemia
Belgium,BEL,2020,Vans,EV,0.0,0.0,0.699999988079071,0.0,0.219999998807907,0.0,2020-2023,Pandemia
Belgium,BEL,2020,Vans,PHEV,0.0,26.0,0.0,50.0,0.0,0.0,2020-2023,Pandemia
Belgium,BEL,2021,Buses,BEV,0.0,220.0,0.0,100.0,0.0,0.0,2020-2023,Pandemia
Belgium,BEL,2021,Buses,EV,0.0,0.0,26.0,0.0,2.09999990463257,0.0,2020-2023,Pandemia
Belgium,BEL,2021,Buses,FCEV,0.0,0.0,0.0,3.0,0.0,0.0,2020-2023,Pandemia
Belgium,BEL,2021,Buses,PHEV,0.0,22.0,0.0,220.0,0.0,0.0,2020-2023,Pandemia
Belgium,BEL,2021,Cars,BEV,0.0,23000.0,0.0,52000.0,0.0,0.0,2020-2023,Pandemia
Belgium,BEL,2021,Cars,EV,0.0,0.0,18.0,0.0,2.90000009536743,0.0,2020-2023,Pandemia
Belgium,BEL,2021,Cars,FCEV,0.0,21.0,0.0,85.0,0.0,0.0,2020-2023,Pandemia
Belgium,BEL,2021,Cars,PHEV,0.0,48000.0,0.0,120000.0,0.0,0.0,2020-2023,Pandemia
Belgium,BEL,2021,EV,Publicly available fast,790.0,0.0,0.0,0.0,0.0,0.0,2020-2023,Pandemia
Belgium,BEL,2021,EV,Publicly available slow,12000.0,0.0,0.0,0.0,0.0,0.0,2020-2023,Pandemia
Belgium,BEL,2021,Trucks,BEV,0.0,5.0,0.0,21.0,0.0,0.0,2020-2023,Pandemia
Belgium,BEL,2021,Trucks,EV,0.0,0.0,0.059999998658896,0.0,0.016000000759959,0.0,2020-2023,Pandemia
Belgium,BEL,2021,Vans,BEV,0.0,640.0,0.0,2400.0,0.0,0.0,2020-2023,Pandemia
Belgium,BEL,2021,Vans,EV,0.0,0.0,0.879999995231628,0.0,0.300000011920929,0.0,2020-2023,Pandemia
Belgium,BEL,2021,Vans,FCEV,0.0,0.0,0.0,1.0,0.0,0.0,2020-2023,Pandemia
Belgium,BEL,2021,Vans,PHEV,0.0,39.0,0.0,110.0,0.0,0.0,2020-2023,Pandemia
Belgium,BEL,2022,Buses,BEV,0.0,42.0,0.0,150.0,0.0,0.0,2020-2023,Post-Pandemia
Belgium,BEL,2022,Buses,EV,0.0,0.0,11.0,0.0,2.20000004768372,0.0,2020-2023,Post-Pandemia
Belgium,BEL,2022,Buses,FCEV,0.0,0.0,0.0,6.0,0.0,0.0,2020-2023,Post-Pandemia
Belgium,BEL,2022,Buses,PHEV,0.0,25.0,0.0,180.0,0.0,0.0,2020-2023,Post-Pandemia
Belgium,BEL,2022,Cars,BEV,0.0,38000.0,0.0,90000.0,0.0,0.0,2020-2023,Post-Pandemia
Belgium,BEL,2022,Cars,EV,0.0,0.0,26.0,0.0,4.59999990463257,0.0,2020-2023,Post-Pandemia
Belgium,BEL,2022,Cars,FCEV,0.0,20.0,0.0,80.0,0.0,0.0,2020-2023,Post-Pandemia
Belgium,BEL,2022,Cars,PHEV,0.0,59000.0,0.0,180000.0,0.0,0.0,2020-2023,Post-Pandemia
Belgium,BEL,2022,EV,Publicly available fast,1100.0,0.0,0.0,0.0,0.0,0.0,2020-2023,Post-Pandemia
Belgium,BEL,2022,EV,Publicly available slow,23000.0,0.0,0.0,0.0,0.0,0.0,2020-2023,Post-Pandemia
Belgium,BEL,2022,Trucks,BEV,0.0,31.0,0.0,37.0,0.0,0.0,2020-2023,Post-Pandemia
Belgium,BEL,2022,Trucks,EV,0.0,0.0,0.360000014305115,0.0,0.028000000864267,0.0,2020-2023,Post-Pandemia
Belgium,BEL,2022,Vans,BEV,0.0,1800.0,0.0,4100.0,0.0,0.0,2020-2023,Post-Pandemia
Belgium,BEL,2022,Vans,EV,0.0,0.0,3.40000009536743,0.0,0.509999990463257,0.0,2020-2023,Post-Pandemia
Belgium,BEL,2022,Vans,FCEV,0.0,0.0,0.0,1.0,0.0,0.0,2020-2023,Post-Pandemia
Belgium,BEL,2022,Vans,PHEV,0.0,98.0,0.0,240.0,0.0,0.0,2020-2023,Post-Pandemia
Belgium,BEL,2023,Buses,BEV,0.0,340.0,0.0,670.0,0.0,0.0,2020-2023,Post-Pandemia
Belgium,BEL,2023,Buses,EV,0.0,0.0,62.0,0.0,6.0,0.0,2020-2023,Post-Pandemia
Belgium,BEL,2023,Buses,PHEV,0.0,110.0,0.0,220.0,0.0,0.0,2020-2023,Post-Pandemia
Belgium,BEL,2023,Cars,BEV,0.0,93000.0,0.0,190000.0,0.0,0.0,2020-2023,Post-Pandemia
Belgium,BEL,2023,Cars,EV,0.0,0.0,41.0,0.0,8.19999980926514,0.0,2020-2023,Post-Pandemia
Belgium,BEL,2023,Cars,FCEV,0.0,9.0,0.0,99.0,0.0,0.0,2020-2023,Post-Pandemia
Belgium,BEL,2023,Cars,PHEV,0.0,100000.0,0.0,280000.0,0.0,0.0,2020-2023,Post-Pandemia
Belgium,BEL,2023,EV,Publicly available fast,2000.0,0.0,0.0,0.0,0.0,0.0,2020-2023,Post-Pandemia
Belgium,BEL,2023,EV,Publicly available slow,42000.0,0.0,0.0,0.0,0.0,0.0,2020-2023,Post-Pandemia
Belgium,BEL,2023,Trucks,BEV,0.0,160.0,0.0,210.0,0.0,0.0,2020-2023,Post-Pandemia
Belgium,BEL,2023,Trucks,EV,0.0,0.0,1.70000004768372,0.0,0.170000001788139,0.0,2020-2023,Post-Pandemia
Belgium,BEL,2023,Trucks,PHEV,0.0,8.0,0.0,8.0,0.0,0.0,2020-2023,Post-Pandemia
Belgium,BEL,2023,Vans,BEV,0.0,3100.0,0.0,7500.0,0.0,0.0,2020-2023,Post-Pandemia
Belgium,BEL,2023,Vans,EV,0.0,0.0,4.59999990463257,0.0,0.889999985694885,0.0,2020-2023,Post-Pandemia
Belgium,BEL,2023,Vans,PHEV,0.0,24.0,0.0,190.0,0.0,0.0,2020-2023,Post-Pandemia
Brazil,BRA,2010,Cars,BEV,0.0,10.0,0.0,0.0,0.0,0.0,2010-2014,Pre-Pandemia
Brazil,BRA,2010,Cars,EV,0.0,0.0,0.00034999998752,0.0,0.0,0.0,2010-2014,Pre-Pandemia
Brazil,BRA,2011,Cars,BEV,0.0,8.0,0.0,0.0,0.0,0.0,2010-2014,Pre-Pandemia
Brazil,BRA,2011,Cars,EV,0.0,0.0,0.000280000007479,0.0,0.0,0.0,2010-2014,Pre-Pandemia
Brazil,BRA,2012,Cars,BEV,0.0,22.0,0.0,0.0,0.0,0.0,2010-2014,Pre-Pandemia
Brazil,BRA,2012,Cars,EV,0.0,0.0,0.001300000003539,0.0,0.0,0.0,2010-2014,Pre-Pandemia
Brazil,BRA,2012,Cars,PHEV,0.0,18.0,0.0,0.0,0.0,0.0,2010-2014,Pre-Pandemia
Brazil,BRA,2013,Buses,BEV,0.0,5.0,0.0,0.0,0.0,0.0,2010-2014,Pre-Pandemia
Brazil,BRA,2013,Buses,EV,0.0,0.0,0.00760000012815,0.0,0.0,0.0,2010-2014,Pre-Pandemia
Brazil,BRA,2013,Cars,BEV,0.0,39.0,0.0,0.0,0.0,0.0,2010-2014,Pre-Pandemia
Brazil,BRA,2013,Cars,EV,0.0,0.0,0.002400000113994,0.0,0.0,0.0,2010-2014,Pre-Pandemia
Brazil,BRA,2013,Cars,PHEV,0.0,33.0,0.0,0.0,0.0,0.0,2010-2014,Pre-Pandemia
Brazil,BRA,2013,Vans,BEV,0.0,7.0,0.0,0.0,0.0,0.0,2010-2014,Pre-Pandemia
Brazil,BRA,2013,Vans,EV,0.0,0.0,0.001399999950081,0.0,0.0,0.0,2010-2014,Pre-Pandemia
Brazil,BRA,2014,Cars,BEV,0.0,61.0,0.0,61.0,0.0,0.0,2010-2014,Pre-Pandemia
Brazil,BRA,2014,Cars,EV,0.0,0.0,0.002199999988079,0.0,0.000159999995958,0.0,2010-2014,Pre-Pandemia
Brazil,BRA,2014,Vans,BEV,0.0,13.0,0.0,0.0,0.0,0.0,2010-2014,Pre-Pandemia
Brazil,BRA,2014,Vans,EV,0.0,0.0,0.002600000007078,0.0,0.0,0.0,2010-2014,Pre-Pandemia
Brazil,BRA,2015,Buses,BEV,0.0,0.0,0.0,5.0,0.0,0.0,2015-2019,Pre-Pandemia
Brazil,BRA,2015,Buses,EV,0.0,0.0,0.0,0.0,0.00079999997979,0.0,2015-2019,Pre-Pandemia
Brazil,BRA,2015,Cars,BEV,0.0,61.0,0.0,120.0,0.0,0.0,2015-2019,Pre-Pandemia
Brazil,BRA,2015,Cars,EV,0.0,0.0,0.004199999850243,0.0,0.000380000012228,0.0,2015-2019,Pre-Pandemia
Brazil,BRA,2015,Cars,PHEV,0.0,28.0,0.0,28.0,0.0,0.0,2015-2019,Pre-Pandemia
Brazil,BRA,2015,Vans,BEV,0.0,3.0,0.0,0.0,0.0,0.0,2015-2019,Pre-Pandemia
Brazil,BRA,2015,Vans,EV,0.0,0.0,0.00089999998454,0.0,0.0,0.0,2015-2019,Pre-Pandemia
Brazil,BRA,2016,Buses,BEV,0.0,0.0,0.0,5.0,0.0,0.0,2015-2019,Pre-Pandemia
Brazil,BRA,2016,Buses,EV,0.0,0.0,0.0,0.0,0.000820000015665,0.0,2015-2019,Pre-Pandemia
Brazil,BRA,2016,Cars,BEV,0.0,130.0,0.0,250.0,0.0,0.0,2015-2019,Pre-Pandemia
Brazil,BRA,2016,Cars,EV,0.0,0.0,0.010999999940395,0.0,0.00079999997979,0.0,2015-2019,Pre-Pandemia
Brazil,BRA,2016,Cars,PHEV,0.0,47.0,0.0,75.0,0.0,0.0,2015-2019,Pre-Pandemia
Brazil,BRA,2016,Vans,BEV,0.0,6.0,0.0,0.0,0.0,0.0,2015-2019,Pre-Pandemia
Brazil,BRA,2016,Vans,EV,0.0,0.0,0.002099999925122,0.0,0.0,0.0,2015-2019,Pre-Pandemia
Brazil,BRA,2017,Buses,BEV,0.0,3.0,0.0,8.0,0.0,0.0,2015-2019,Pre-Pandemia
Brazil,BRA,2017,Buses,EV,0.0,0.0,0.009800000116229,0.0,0.001300000003539,0.0,2015-2019,Pre-Pandemia
Brazil,BRA,2017,Cars,BEV,0.0,140.0,0.0,320.0,0.0,0.0,2015-2019,Pre-Pandemia
Brazil,BRA,2017,Cars,EV,0.0,0.0,0.023000000044704,0.0,0.001700000022538,0.0,2015-2019,Pre-Pandemia
Brazil,BRA,2017,Cars,PHEV,0.0,290.0,0.0,360.0,0.0,0.0,2015-2019,Pre-Pandemia
Brazil,BRA,2017,Vans,BEV,0.0,18.0,0.0,0.0,0.0,0.0,2015-2019,Pre-Pandemia
Brazil,BRA,2017,Vans,EV,0.0,0.0,0.006000000052154,0.0,0.0,0.0,2015-2019,Pre-Pandemia
Brazil,BRA,2018,Buses,BEV,0.0,18.0,0.0,30.0,0.0,0.0,2015-2019,Pre-Pandemia
Brazil,BRA,2018,Buses,EV,0.0,0.0,0.050000000745058,0.0,0.004999999888241,0.0,2015-2019,Pre-Pandemia
Brazil,BRA,2018,Cars,BEV,0.0,180.0,0.0,350.0,0.0,0.0,2015-2019,Pre-Pandemia
Brazil,BRA,2018,Cars,EV,0.0,0.0,0.019999999552965,0.0,0.002499999944121,0.0,2015-2019,Pre-Pandemia
Brazil,BRA,2018,Cars,PHEV,0.0,230.0,0.0,700.0,0.0,0.0,2015-2019,Pre-Pandemia
Brazil,BRA,2018,EV,Publicly available fast,4.90000009536743,0.0,0.0,0.0,0.0,0.0,2015-2019,Pre-Pandemia
Brazil,BRA,2018,EV,Publicly available slow,26.0,0.0,0.0,0.0,0.0,0.0,2015-2019,Pre-Pandemia
Brazil,BRA,2018,Trucks,BEV,0.0,40.0,0.0,40.0,0.0,0.0,2015-2019,Pre-Pandemia
Brazil,BRA,2018,Trucks,EV,0.0,0.0,0.052999999374151,0.0,0.001900000032038,0.0,2015-2019,Pre-Pandemia
Brazil,BRA,2018,Vans,BEV,0.0,5.0,0.0,4.0,0.0,0.0,2015-2019,Pre-Pandemia
Brazil,BRA,2018,Vans,EV,0.0,0.0,0.001399999950081,0.0,7.5999996624887e-05,0.0,2015-2019,Pre-Pandemia
Brazil,BRA,2019,Buses,BEV,0.0,32.0,0.0,99.0,0.0,0.0,2015-2019,Pre-Pandemia
Brazil,BRA,2019,Buses,EV,0.0,0.0,0.068999998271465,0.0,0.017000000923872,0.0,2015-2019,Pre-Pandemia
Brazil,BRA,2019,Cars,BEV,0.0,540.0,0.0,890.0,0.0,0.0,2015-2019,Pre-Pandemia
Brazil,BRA,2019,Cars,EV,0.0,0.0,0.086000002920628,0.0,0.007000000216067,0.0,2015-2019,Pre-Pandemia
Brazil,BRA,2019,Cars,PHEV,0.0,1400.0,0.0,2100.0,0.0,0.0,2015-2019,Pre-Pandemia
Brazil,BRA,2019,EV,Publicly available fast,4.90000009536743,0.0,0.0,0.0,0.0,0.0,2015-2019,Pre-Pandemia
Brazil,BRA,2019,EV,Publicly available slow,220.0,0.0,0.0,0.0,0.0,0.0,2015-2019,Pre-Pandemia
Brazil,BRA,2019,Trucks,BEV,0.0,23.0,0.0,63.0,0.0,0.0,2015-2019,Pre-Pandemia
Brazil,BRA,2019,Trucks,EV,0.0,0.0,0.023000000044704,0.0,0.003000000026077,0.0,2015-2019,Pre-Pandemia
Brazil,BRA,2019,Vans,BEV,0.0,14.0,0.0,15.0,0.0,0.0,2015-2019,Pre-Pandemia
Brazil,BRA,2019,Vans,EV,0.0,0.0,0.003700000001118,0.0,0.000280000007479,0.0,2015-2019,Pre-Pandemia
Brazil,BRA,2020,Buses,BEV,0.0,37.0,0.0,95.0,0.0,0.0,2020-2023,Pandemia
Brazil,BRA,2020,Buses,EV,0.0,0.0,0.109999999403954,0.0,0.016000000759959,0.0,2020-2023,Pandemia
Brazil,BRA,2020,Buses,FCEV,0.0,1.0,0.0,1.0,0.0,0.0,2020-2023,Pandemia
Brazil,BRA,2020,Cars,BEV,0.0,800.0,0.0,1600.0,0.0,0.0,2020-2023,Pandemia
Brazil,BRA,2020,Cars,EV,0.0,0.0,0.159999996423721,0.0,0.013000000268221,0.0,2020-2023,Pandemia
Brazil,BRA,2020,Cars,PHEV,0.0,1800.0,0.0,3800.0,0.0,0.0,2020-2023,Pandemia
Brazil,BRA,2020,EV,Publicly available fast,4.90000009536743,0.0,0.0,0.0,0.0,0.0,2020-2023,Pandemia
Brazil,BRA,2020,EV,Publicly available slow,400.0,0.0,0.0,0.0,0.0,0.0,2020-2023,Pandemia
Brazil,BRA,2020,Trucks,BEV,0.0,15.0,0.0,78.0,0.0,0.0,2020-2023,Pandemia
Brazil,BRA,2020,Trucks,EV,0.0,0.0,0.017000000923872,0.0,0.00359999993816,0.0,2020-2023,Pandemia
Brazil,BRA,2020,Vans,BEV,0.0,58.0,0.0,27.0,0.0,0.0,2020-2023,Pandemia
Brazil,BRA,2020,Vans,EV,0.0,0.0,0.01799999922514,0.0,0.000479999987874,0.0,2020-2023,Pandemia
Brazil,BRA,2021,Buses,BEV,0.0,240.0,0.0,360.0,0.0,0.0,2020-2023,Pandemia
Brazil,BRA,2021,Buses,EV,0.0,0.0,0.730000019073486,0.0,0.063000001013279,0.0,2020-2023,Pandemia
Brazil,BRA,2021,Buses,FCEV,0.0,0.0,0.0,1.0,0.0,0.0,2020-2023,Pandemia
Brazil,BRA,2021,Cars,BEV,0.0,2900.0,0.0,4400.0,0.0,0.0,2020-2023,Pandemia
Brazil,BRA,2021,Cars,EV,0.0,0.0,0.899999976158142,0.0,0.046000000089407,0.0,2020-2023,Pandemia
Brazil,BRA,2021,Cars,FCEV,0.0,1.0,0.0,1.0,0.0,0.0,2020-2023,Pandemia
Brazil,BRA,2021,Cars,PHEV,0.0,11000.0,0.0,15000.0,0.0,0.0,2020-2023,Pandemia
Brazil,BRA,2021,EV,Publicly available fast,4.90000009536743,0.0,0.0,0.0,0.0,0.0,2020-2023,Pandemia
Brazil,BRA,2021,EV,Publicly available slow,800.0,0.0,0.0,0.0,0.0,0.0,2020-2023,Pandemia
Brazil,BRA,2021,Trucks,BEV,0.0,290.0,0.0,370.0,0.0,0.0,2020-2023,Pandemia
Brazil,BRA,2021,Trucks,EV,0.0,0.0,0.230000004172325,0.0,0.017000000923872,0.0,2020-2023,Pandemia
Brazil,BRA,2021,Vans,BEV,0.0,150.0,0.0,170.0,0.0,0.0,2020-2023,Pandemia
Brazil,BRA,2021,Vans,EV,0.0,0.0,0.035999998450279,0.0,0.00289999996312,0.0,2020-2023,Pandemia
Brazil,BRA,2022,Buses,BEV,0.0,610.0,0.0,950.0,0.0,0.0,2020-2023,Post-Pandemia
Brazil,BRA,2022,Buses,EV,0.0,0.0,1.70000004768372,0.0,0.170000001788139,0.0,2020-2023,Post-Pandemia
Brazil,BRA,2022,Buses,FCEV,0.0,2.0,0.0,2.0,0.0,0.0,2020-2023,Post-Pandemia
Brazil,BRA,2022,Cars,BEV,0.0,8500.0,0.0,13000.0,0.0,0.0,2020-2023,Post-Pandemia
Brazil,BRA,2022,Cars,EV,0.0,0.0,1.20000004768372,0.0,0.089000001549721,0.0,2020-2023,Post-Pandemia
Brazil,BRA,2022,Cars,FCEV,0.0,2.0,0.0,3.0,0.0,0.0,2020-2023,Post-Pandemia
Brazil,BRA,2022,Cars,PHEV,0.0,10000.0,0.0,26000.0,0.0,0.0,2020-2023,Post-Pandemia
Brazil,BRA,2022,EV,Publicly available fast,4.90000009536743,0.0,0.0,0.0,0.0,0.0,2020-2023,Post-Pandemia
Brazil,BRA,2022,EV,Publicly available slow,3000.0,0.0,0.0,0.0,0.0,0.0,2020-2023,Post-Pandemia
Brazil,BRA,2022,Trucks,BEV,0.0,710.0,0.0,1100.0,0.0,0.0,2020-2023,Post-Pandemia
Brazil,BRA,2022,Trucks,EV,0.0,0.0,0.550000011920929,0.0,0.046999998390675,0.0,2020-2023,Post-Pandemia
Brazil,BRA,2022,Vans,BEV,0.0,520.0,0.0,1100.0,0.0,0.0,2020-2023,Post-Pandemia
Brazil,BRA,2022,Vans,EV,0.0,0.0,0.129999995231628,0.0,0.01799999922514,0.0,2020-2023,Post-Pandemia
Brazil,BRA,2023,Buses,BEV,0.0,200.0,0.0,1200.0,0.0,0.0,2020-2023,Post-Pandemia
Brazil,BRA,2023,Buses,EV,0.0,0.0,0.5,0.0,0.209999993443489,0.0,2020-2023,Post-Pandemia
Brazil,BRA,2023,Buses,FCEV,0.0,0.0,0.0,3.0,0.0,0.0,2020-2023,Post-Pandemia
Brazil,BRA,2023,Cars,BEV,0.0,19000.0,0.0,33000.0,0.0,0.0,2020-2023,Post-Pandemia
Brazil,BRA,2023,Cars,EV,0.0,0.0,3.0,0.0,0.209999993443489,0.0,2020-2023,Post-Pandemia
Brazil,BRA,2023,Cars,FCEV,0.0,0.0,0.0,3.0,0.0,0.0,2020-2023,Post-Pandemia
Brazil,BRA,2023,Cars,PHEV,0.0,33000.0,0.0,59000.0,0.0,0.0,2020-2023,Post-Pandemia
Brazil,BRA,2023,EV,Publicly available fast,4.90000009536743,0.0,0.0,0.0,0.0,0.0,2020-2023,Post-Pandemia
Brazil,BRA,2023,EV,Publicly available slow,3800.0,0.0,0.0,0.0,0.0,0.0,2020-2023,Post-Pandemia
Brazil,BRA,2023,Trucks,BEV,0.0,810.0,0.0,1900.0,0.0,0.0,2020-2023,Post-Pandemia
Brazil,BRA,2023,Trucks,EV,0.0,0.0,0.560000002384186,0.0,0.079000003635883,0.0,2020-2023,Post-Pandemia
Brazil,BRA,2023,Vans,BEV,0.0,690.0,0.0,1500.0,0.0,0.0,2020-2023,Post-Pandemia
Brazil,BRA,2023,Vans,EV,0.0,0.0,0.159999996423721,0.0,0.021999999880791,0.0,2020-2023,Post-Pandemia
Bulgaria,BGR,2015,Cars,BEV,0.0,21.0,0.0,0.0,0.0,0.0,2015-2019,Pre-Pandemia
Bulgaria,BGR,2015,Cars,EV,0.0,0.0,0.090000003576279,0.0,0.0,0.0,2015-2019,Pre-Pandemia
Bulgaria,BGR,2016,Cars,BEV,0.0,5.0,0.0,0.0,0.0,0.0,2015-2019,Pre-Pandemia
Bulgaria,BGR,2016,Cars,EV,0.0,0.0,0.050000000745058,0.0,0.0,0.0,2015-2019,Pre-Pandemia
Bulgaria,BGR,2016,Cars,PHEV,0.0,8.0,0.0,0.0,0.0,0.0,2015-2019,Pre-Pandemia
Bulgaria,BGR,2017,Cars,BEV,0.0,68.0,0.0,0.0,0.0,0.0,2015-2019,Pre-Pandemia
Bulgaria,BGR,2017,Cars,EV,0.0,0.0,0.340000003576279,0.0,0.0,0.0,2015-2019,Pre-Pandemia
Bulgaria,BGR,2017,Cars,PHEV,0.0,38.0,0.0,0.0,0.0,0.0,2015-2019,Pre-Pandemia
Bulgaria,BGR,2018,Cars,BEV,0.0,190.0,0.0,0.0,0.0,0.0,2015-2019,Pre-Pandemia
Bulgaria,BGR,2018,Cars,EV,0.0,0.0,0.639999985694885,0.0,0.0,0.0,2015-2019,Pre-Pandemia
Bulgaria,BGR,2018,Cars,PHEV,0.0,26.0,0.0,0.0,0.0,0.0,2015-2019,Pre-Pandemia
Bulgaria,BGR,2019,Cars,BEV,0.0,180.0,0.0,0.0,0.0,0.0,2015-2019,Pre-Pandemia
Bulgaria,BGR,2019,Cars,EV,0.0,0.0,0.670000016689301,0.0,0.0,0.0,2015-2019,Pre-Pandemia
Bulgaria,BGR,2019,Cars,PHEV,0.0,56.0,0.0,0.0,0.0,0.0,2015-2019,Pre-Pandemia
Bulgaria,BGR,2020,Cars,BEV,0.0,140.0,0.0,0.0,0.0,0.0,2020-2023,Pandemia
Bulgaria,BGR,2020,Cars,PHEV,0.0,41.0,0.0,0.0,0.0,0.0,2020-2023,Pandemia
Bulgaria,BGR,2021,Cars,BEV,0.0,430.0,0.0,0.0,0.0,0.0,2020-2023,Pandemia
Bulgaria,BGR,2021,Cars,EV,0.0,0.0,2.20000004768372,0.0,0.0,0.0,2020-2023,Pandemia
Bulgaria,BGR,2021,Cars,PHEV,0.0,120.0,0.0,0.0,0.0,0.0,2020-2023,Pandemia
Bulgaria,BGR,2022,Cars,BEV,0.0,1000.0,0.0,0.0,0.0,0.0,2020-2023,Post-Pandemia
Bulgaria,BGR,2022,Cars,EV,0.0,0.0,4.0,0.0,0.0,0.0,2020-2023,Post-Pandemia
Bulgaria,BGR,2022,Cars,PHEV,0.0,140.0,0.0,0.0,0.0,0.0,2020-2023,Post-Pandemia
Bulgaria,BGR,2023,Cars,BEV,0.0,1800.0,0.0,0.0,0.0,0.0,2020-2023,Post-Pandemia
Bulgaria,BGR,2023,Cars,EV,0.0,0.0,5.80000019073486,0.0,0.0,0.0,2020-2023,Post-Pandemia
Bulgaria,BGR,2023,Cars,PHEV,0.0,360.0,0.0,0.0,0.0,0.0,2020-2023,Post-Pandemia
Canada,CAN,2010,Cars,FCEV,0.0,0.0,0.0,5.0,0.0,0.0,2010-2014,Pre-Pandemia
Canada,CAN,2010,Trucks,BEV,0.0,1.0,0.0,0.0,0.0,0.0,2010-2014,Pre-Pandemia
Canada,CAN,2010,Trucks,EV,0.0,0.0,0.00109999999404,0.0,0.0,0.0,2010-2014,Pre-Pandemia
Canada,CAN,2011,Cars,BEV,0.0,220.0,0.0,250.0,0.0,0.0,2010-2014,Pre-Pandemia
Canada,CAN,2011,Cars,EV,0.0,0.0,0.041000001132488,0.0,0.00289999996312,0.0,2010-2014,Pre-Pandemia
Canada,CAN,2011,Cars,FCEV,0.0,0.0,0.0,5.0,0.0,0.0,2010-2014,Pre-Pandemia
Canada,CAN,2011,Cars,PHEV,0.0,300.0,0.0,300.0,0.0,0.0,2010-2014,Pre-Pandemia
Canada,CAN,2011,Trucks,BEV,0.0,2.0,0.0,2.0,0.0,0.0,2010-2014,Pre-Pandemia
Canada,CAN,2011,Trucks,EV,0.0,0.0,0.00179999996908,0.0,0.000209999998333,0.0,2010-2014,Pre-Pandemia
Canada,CAN,2012,Cars,BEV,0.0,620.0,0.0,830.0,0.0,0.0,2010-2014,Pre-Pandemia
Canada,CAN,2012,Cars,EV,0.0,0.0,0.140000000596046,0.0,0.013000000268221,0.0,2010-2014,Pre-Pandemia
Canada,CAN,2012,Cars,FCEV,0.0,0.0,0.0,5.0,0.0,0.0,2010-2014,Pre-Pandemia
Canada,CAN,2012,Cars,PHEV,0.0,1300.0,0.0,1600.0,0.0,0.0,2010-2014,Pre-Pandemia
Canada,CAN,2012,EV,Publicly available fast,2.0,0.0,0.0,0.0,0.0,0.0,2010-2014,Pre-Pandemia
Canada,CAN,2012,EV,Publicly available slow,720.0,0.0,0.0,0.0,0.0,0.0,2010-2014,Pre-Pandemia
Canada,CAN,2012,Trucks,BEV,0.0,3.0,0.0,5.0,0.0,0.0,2010-2014,Pre-Pandemia
Canada,CAN,2012,Trucks,EV,0.0,0.0,0.002700000070035,0.0,0.000479999987874,0.0,2010-2014,Pre-Pandemia
Canada,CAN,2013,Cars,BEV,0.0,1600.0,0.0,2400.0,0.0,0.0,2010-2014,Pre-Pandemia
Canada,CAN,2013,Cars,EV,0.0,0.0,0.219999998807907,0.0,0.027000000700355,0.0,2010-2014,Pre-Pandemia
Canada,CAN,2013,Cars,FCEV,0.0,0.0,0.0,5.0,0.0,0.0,2010-2014,Pre-Pandemia
Canada,CAN,2013,Cars,PHEV,0.0,1500.0,0.0,3100.0,0.0,0.0,2010-2014,Pre-Pandemia
Canada,CAN,2013,EV,Publicly available fast,7.0,0.0,0.0,0.0,0.0,0.0,2010-2014,Pre-Pandemia
Canada,CAN,2013,EV,Publicly available slow,1200.0,0.0,0.0,0.0,0.0,0.0,2010-2014,Pre-Pandemia
Canada,CAN,2013,Trucks,BEV,0.0,8.0,0.0,13.0,0.0,0.0,2010-2014,Pre-Pandemia
Canada,CAN,2013,Trucks,EV,0.0,0.0,0.007400000002235,0.0,0.001200000056997,0.0,2010-2014,Pre-Pandemia
Canada,CAN,2014,Cars,BEV,0.0,2800.0,0.0,5400.0,0.0,0.0,2010-2014,Pre-Pandemia
Canada,CAN,2014,Cars,EV,0.0,0.0,0.349999994039536,0.0,0.052999999374151,0.0,2010-2014,Pre-Pandemia
Canada,CAN,2014,Cars,FCEV,0.0,0.0,0.0,5.0,0.0,0.0,2010-2014,Pre-Pandemia
Canada,CAN,2014,Cars,PHEV,0.0,2300.0,0.0,5300.0,0.0,0.0,2010-2014,Pre-Pandemia
Canada,CAN,2014,EV,Publicly available fast,55.0,0.0,0.0,0.0,0.0,0.0,2010-2014,Pre-Pandemia
Canada,CAN,2014,EV,Publicly available slow,2300.0,0.0,0.0,0.0,0.0,0.0,2010-2014,Pre-Pandemia
Canada,CAN,2014,Trucks,BEV,0.0,6.0,0.0,19.0,0.0,0.0,2010-2014,Pre-Pandemia
Canada,CAN,2014,Trucks,EV,0.0,0.0,0.004900000058115,0.0,0.001599999959581,0.0,2010-2014,Pre-Pandemia
Canada,CAN,2015,Cars,BEV,0.0,4400.0,0.0,9900.0,0.0,0.0,2015-2019,Pre-Pandemia
Canada,CAN,2015,Cars,EV,0.0,0.0,0.449999988079071,0.0,0.083999998867512,0.0,2015-2019,Pre-Pandemia
Canada,CAN,2015,Cars,FCEV,0.0,0.0,0.0,5.0,0.0,0.0,2015-2019,Pre-Pandemia
Canada,CAN,2015,Cars,PHEV,0.0,2400.0,0.0,7700.0,0.0,0.0,2015-2019,Pre-Pandemia
Canada,CAN,2015,EV,Publicly available fast,63.0,0.0,0.0,0.0,0.0,0.0,2015-2019,Pre-Pandemia
Canada,CAN,2015,EV,Publicly available slow,3400.0,0.0,0.0,0.0,0.0,0.0,2015-2019,Pre-Pandemia
Canada,CAN,2015,Trucks,BEV,0.0,9.0,0.0,28.0,0.0,0.0,2015-2019,Pre-Pandemia
Canada,CAN,2015,Trucks,EV,0.0,0.0,0.007499999832362,0.0,0.002099999925122,0.0,2015-2019,Pre-Pandemia
Canada,CAN,2015,Vans,BEV,0.0,1.0,0.0,1.0,0.0,0.0,2015-2019,Pre-Pandemia
Canada,CAN,2015,Vans,EV,0.0,0.0,0.002400000113994,0.0,0.000209999998333,0.0,2015-2019,Pre-Pandemia
Canada,CAN,2015,Vans,FCEV,0.0,9.0,0.0,9.0,0.0,0.0,2015-2019,Pre-Pandemia
Canada,CAN,2015,Vans,PHEV,0.0,5.0,0.0,5.0,0.0,0.0,2015-2019,Pre-Pandemia
Canada,CAN,2016,Buses,BEV,0.0,5.0,0.0,0.0,0.0,0.0,2015-2019,Pre-Pandemia
Canada,CAN,2016,Buses,EV,0.0,0.0,0.119999997317791,0.0,0.0,0.0,2015-2019,Pre-Pandemia
Canada,CAN,2016,Cars,BEV,0.0,5200.0,0.0,15000.0,0.0,0.0,2015-2019,Pre-Pandemia
Canada,CAN,2016,Cars,EV,0.0,0.0,0.759999990463257,0.0,0.129999995231628,0.0,2015-2019,Pre-Pandemia
Canada,CAN,2016,Cars,FCEV,0.0,0.0,0.0,5.0,0.0,0.0,2015-2019,Pre-Pandemia
Canada,CAN,2016,Cars,PHEV,0.0,6400.0,0.0,14000.0,0.0,0.0,2015-2019,Pre-Pandemia
Canada,CAN,2016,EV,Publicly available fast,140.0,0.0,0.0,0.0,0.0,0.0,2015-2019,Pre-Pandemia
Canada,CAN,2016,EV,Publicly available slow,3900.0,0.0,0.0,0.0,0.0,0.0,2015-2019,Pre-Pandemia
Canada,CAN,2016,Trucks,BEV,0.0,0.0,0.0,28.0,0.0,0.0,2015-2019,Pre-Pandemia
Canada,CAN,2016,Trucks,EV,0.0,0.0,0.0,0.0,0.002000000094995,0.0,2015-2019,Pre-Pandemia
Canada,CAN,2016,Vans,BEV,0.0,0.0,0.0,1.0,0.0,0.0,2015-2019,Pre-Pandemia
Canada,CAN,2016,Vans,EV,0.0,0.0,0.0,0.0,0.000199999994948,0.0,2015-2019,Pre-Pandemia
Canada,CAN,2016,Vans,FCEV,0.0,0.0,0.0,9.0,0.0,0.0,2015-2019,Pre-Pandemia
Canada,CAN,2016,Vans,PHEV,0.0,0.0,0.0,5.0,0.0,0.0,2015-2019,Pre-Pandemia
Canada,CAN,2017,Buses,BEV,0.0,11.0,0.0,0.0,0.0,0.0,2015-2019,Pre-Pandemia
Canada,CAN,2017,Buses,EV,0.0,0.0,0.25,0.0,0.0,0.0,2015-2019,Pre-Pandemia
Canada,CAN,2017,Cars,BEV,0.0,8700.0,0.0,25000.0,0.0,0.0,2015-2019,Pre-Pandemia
Canada,CAN,2017,Cars,EV,0.0,0.0,1.0,0.0,0.209999993443489,0.0,2015-2019,Pre-Pandemia
Canada,CAN,2017,Cars,FCEV,0.0,0.0,0.0,5.0,0.0,0.0,2015-2019,Pre-Pandemia
Canada,CAN,2017,Cars,PHEV,0.0,8000.0,0.0,22000.0,0.0,0.0,2015-2019,Pre-Pandemia
Canada,CAN,2017,EV,Publicly available fast,670.0,0.0,0.0,0.0,0.0,0.0,2015-2019,Pre-Pandemia
Canada,CAN,2017,EV,Publicly available slow,5200.0,0.0,0.0,0.0,0.0,0.0,2015-2019,Pre-Pandemia
Canada,CAN,2017,Trucks,BEV,0.0,0.0,0.0,28.0,0.0,0.0,2015-2019,Pre-Pandemia
Canada,CAN,2017,Trucks,EV,0.0,0.0,0.0,0.0,0.001900000032038,0.0,2015-2019,Pre-Pandemia
Canada,CAN,2017,Vans,BEV,0.0,0.0,0.0,1.0,0.0,0.0,2015-2019,Pre-Pandemia
Canada,CAN,2017,Vans,EV,0.0,0.0,0.0,0.0,0.000190000006114,0.0,2015-2019,Pre-Pandemia
Canada,CAN,2017,Vans,FCEV,0.0,0.0,0.0,9.0,0.0,0.0,2015-2019,Pre-Pandemia
Canada,CAN,2017,Vans,PHEV,0.0,0.0,0.0,5.0,0.0,0.0,2015-2019,Pre-Pandemia
Canada,CAN,2018,Buses,BEV,0.0,19.0,0.0,19.0,0.0,0.0,2015-2019,Pre-Pandemia
Canada,CAN,2018,Buses,EV,0.0,0.0,0.439999997615814,0.0,0.028999999165535,0.0,2015-2019,Pre-Pandemia
Canada,CAN,2018,Cars,BEV,0.0,23000.0,0.0,45000.0,0.0,0.0,2015-2019,Pre-Pandemia
Canada,CAN,2018,Cars,EV,0.0,0.0,2.79999995231628,0.0,0.379999995231628,0.0,2015-2019,Pre-Pandemia
Canada,CAN,2018,Cars,FCEV,0.0,0.0,0.0,5.0,0.0,0.0,2015-2019,Pre-Pandemia
Canada,CAN,2018,Cars,PHEV,0.0,21000.0,0.0,42000.0,0.0,0.0,2015-2019,Pre-Pandemia
Canada,CAN,2018,EV,Publicly available fast,840.0,0.0,0.0,0.0,0.0,0.0,2015-2019,Pre-Pandemia
Canada,CAN,2018,EV,Publicly available slow,7100.0,0.0,0.0,0.0,0.0,0.0,2015-2019,Pre-Pandemia
Canada,CAN,2018,Trucks,BEV,0.0,7.0,0.0,35.0,0.0,0.0,2015-2019,Pre-Pandemia
Canada,CAN,2018,Trucks,EV,0.0,0.0,0.005599999800324,0.0,0.002300000051036,0.0,2015-2019,Pre-Pandemia
Canada,CAN,2018,Vans,BEV,0.0,0.0,0.0,1.0,0.0,0.0,2015-2019,Pre-Pandemia
Canada,CAN,2018,Vans,EV,0.0,0.0,0.0,0.0,0.000180000002729,0.0,2015-2019,Pre-Pandemia
Canada,CAN,2018,Vans,FCEV,0.0,0.0,0.0,9.0,0.0,0.0,2015-2019,Pre-Pandemia
Canada,CAN,2018,Vans,PHEV,0.0,0.0,0.0,5.0,0.0,0.0,2015-2019,Pre-Pandemia
Canada,CAN,2019,Buses,BEV,0.0,49.0,0.0,68.0,0.0,0.0,2015-2019,Pre-Pandemia
Canada,CAN,2019,Buses,EV,0.0,0.0,1.20000004768372,0.0,0.100000001490116,0.0,2015-2019,Pre-Pandemia
Canada,CAN,2019,Cars,BEV,0.0,32000.0,0.0,76000.0,0.0,0.0,2015-2019,Pre-Pandemia
Canada,CAN,2019,Cars,EV,0.0,0.0,3.40000009536743,0.0,0.589999973773956,0.0,2015-2019,Pre-Pandemia
Canada,CAN,2019,Cars,FCEV,0.0,79.0,0.0,96.0,0.0,0.0,2015-2019,Pre-Pandemia
Canada,CAN,2019,Cars,PHEV,0.0,19000.0,0.0,60000.0,0.0,0.0,2015-2019,Pre-Pandemia
Canada,CAN,2019,EV,Publicly available fast,980.0,0.0,0.0,0.0,0.0,0.0,2015-2019,Pre-Pandemia
Canada,CAN,2019,EV,Publicly available slow,8000.0,0.0,0.0,0.0,0.0,0.0,2015-2019,Pre-Pandemia
Canada,CAN,2019,Trucks,BEV,0.0,0.0,0.0,35.0,0.0,0.0,2015-2019,Pre-Pandemia
Canada,CAN,2019,Trucks,EV,0.0,0.0,0.0,0.0,0.002099999925122,0.0,2015-2019,Pre-Pandemia
Canada,CAN,2019,Vans,BEV,0.0,0.0,0.0,1.0,0.0,0.0,2015-2019,Pre-Pandemia
Canada,CAN,2019,Vans,EV,0.0,0.0,0.0,0.0,0.000169999999343,0.0,2015-2019,Pre-Pandemia
Canada,CAN,2019,Vans,FCEV,0.0,0.0,0.0,9.0,0.0,0.0,2015-2019,Pre-Pandemia
Canada,CAN,2019,Vans,PHEV,0.0,0.0,0.0,5.0,0.0,0.0,2015-2019,Pre-Pandemia
Canada,CAN,2020,Buses,BEV,0.0,63.0,0.0,270.0,0.0,0.0,2020-2023,Pandemia
Canada,CAN,2020,Buses,EV,0.0,0.0,2.29999995231628,0.0,0.370000004768372,0.0,2020-2023,Pandemia
Canada,CAN,2020,Cars,BEV,0.0,37000.0,0.0,130000.0,0.0,0.0,2020-2023,Pandemia
Canada,CAN,2020,Cars,EV,0.0,0.0,4.19999980926514,0.0,0.829999983310699,0.0,2020-2023,Pandemia
Canada,CAN,2020,Cars,FCEV,0.0,16.0,0.0,130.0,0.0,0.0,2020-2023,Pandemia
Canada,CAN,2020,Cars,PHEV,0.0,14000.0,0.0,82000.0,0.0,0.0,2020-2023,Pandemia
Canada,CAN,2020,EV,Publicly available fast,2300.0,0.0,0.0,0.0,0.0,0.0,2020-2023,Pandemia
Canada,CAN,2020,EV,Publicly available slow,11000.0,0.0,0.0,0.0,0.0,0.0,2020-2023,Pandemia
Canada,CAN,2020,Trucks,BEV,0.0,0.0,0.0,4.80000019073486,0.0,0.0,2020-2023,Pandemia
Canada,CAN,2020,Trucks,EV,0.0,0.0,0.0,0.0,0.000199999994948,0.0,2020-2023,Pandemia
Canada,CAN,2020,Trucks,FCEV,0.0,7.0,0.0,0.0,0.0,0.0,2020-2023,Pandemia
Canada,CAN,2020,Vans,BEV,0.0,1600.0,0.0,0.0,0.0,0.0,2020-2023,Pandemia
Canada,CAN,2020,Vans,EV,0.0,0.0,1.39999997615814,0.0,0.0,0.0,2020-2023,Pandemia
Canada,CAN,2020,Vans,FCEV,0.0,0.0,0.0,16.0,0.0,0.0,2020-2023,Pandemia
Canada,CAN,2020,Vans,PHEV,0.0,1400.0,0.0,0.0,0.0,0.0,2020-2023,Pandemia
Canada,CAN,2021,Buses,BEV,0.0,250.0,0.0,430.0,0.0,0.0,2020-2023,Pandemia
Canada,CAN,2021,Buses,EV,0.0,0.0,6.0,0.0,0.600000023841858,0.0,2020-2023,Pandemia
Canada,CAN,2021,Cars,BEV,0.0,59000.0,0.0,190000.0,0.0,0.0,2020-2023,Pandemia
Canada,CAN,2021,Cars,EV,0.0,0.0,6.40000009536743,0.0,1.20000004768372,0.0,2020-2023,Pandemia
Canada,CAN,2021,Cars,FCEV,0.0,130.0,0.0,250.0,0.0,0.0,2020-2023,Pandemia
Canada,CAN,2021,Cars,PHEV,0.0,28000.0,0.0,110000.0,0.0,0.0,2020-2023,Pandemia
Canada,CAN,2021,EV,Publicly available fast,3100.0,0.0,0.0,0.0,0.0,0.0,2020-2023,Pandemia
Canada,CAN,2021,EV,Publicly available slow,12000.0,0.0,0.0,0.0,0.0,0.0,2020-2023,Pandemia
Canada,CAN,2021,Trucks,BEV,0.0,20.0,0.0,22.0,0.0,0.0,2020-2023,Pandemia
Canada,CAN,2021,Trucks,EV,0.0,0.0,0.020999999716878,0.0,0.000839999993332,0.0,2020-2023,Pandemia
Canada,CAN,2021,Trucks,FCEV,0.0,28.0,0.0,0.0,0.0,0.0,2020-2023,Pandemia
Canada,CAN,2021,Vans,BEV,0.0,2600.0,0.0,0.0,0.0,0.0,2020-2023,Pandemia
Canada,CAN,2021,Vans,EV,0.0,0.0,1.79999995231628,0.0,0.0,0.0,2020-2023,Pandemia
Canada,CAN,2021,Vans,FCEV,0.0,0.0,0.0,44.0,0.0,0.0,2020-2023,Pandemia
Canada,CAN,2021,Vans,PHEV,0.0,2600.0,0.0,0.0,0.0,0.0,2020-2023,Pandemia
Canada,CAN,2022,Buses,BEV,0.0,190.0,0.0,690.0,0.0,0.0,2020-2023,Post-Pandemia
Canada,CAN,2022,Buses,EV,0.0,0.0,6.09999990463257,0.0,0.97000002861023,0.0,2020-2023,Post-Pandemia
Canada,CAN,2022,Cars,BEV,0.0,91000.0,0.0,280000.0,0.0,0.0,2020-2023,Post-Pandemia
Canada,CAN,2022,Cars,EV,0.0,0.0,9.5,0.0,1.70000004768372,0.0,2020-2023,Post-Pandemia
Canada,CAN,2022,Cars,FCEV,0.0,19.0,0.0,300.0,0.0,0.0,2020-2023,Post-Pandemia
Canada,CAN,2022,Cars,PHEV,0.0,24000.0,0.0,130000.0,0.0,0.0,2020-2023,Post-Pandemia
Canada,CAN,2022,EV,Publicly available fast,3900.0,0.0,0.0,0.0,0.0,0.0,2020-2023,Post-Pandemia
Canada,CAN,2022,EV,Publicly available slow,17000.0,0.0,0.0,0.0,0.0,0.0,2020-2023,Post-Pandemia
Canada,CAN,2022,Trucks,BEV,0.0,830.0,0.0,780.0,0.0,0.0,2020-2023,Post-Pandemia
Canada,CAN,2022,Trucks,EV,0.0,0.0,0.600000023841858,0.0,0.032000001519919,0.0,2020-2023,Post-Pandemia
Canada,CAN,2022,Trucks,FCEV,0.0,18.0,0.0,0.0,0.0,0.0,2020-2023,Post-Pandemia
Canada,CAN,2022,Vans,BEV,0.0,7000.0,0.0,0.0,0.0,0.0,2020-2023,Post-Pandemia
Canada,CAN,2022,Vans,EV,0.0,0.0,5.09999990463257,0.0,0.0,0.0,2020-2023,Post-Pandemia
Canada,CAN,2022,Vans,FCEV,0.0,0.0,0.0,44.0,0.0,0.0,2020-2023,Post-Pandemia
Canada,CAN,2022,Vans,PHEV,0.0,3100.0,0.0,0.0,0.0,0.0,2020-2023,Post-Pandemia
Canada,CAN,2023,Buses,BEV,0.0,790.0,0.0,1600.0,0.0,0.0,2020-2023,Post-Pandemia
Canada,CAN,2023,Buses,EV,0.0,0.0,23.0,0.0,2.40000009536743,0.0,2020-2023,Post-Pandemia
Canada,CAN,2023,Cars,BEV,0.0,130000.0,0.0,380000.0,0.0,0.0,2020-2023,Post-Pandemia
Canada,CAN,2023,Cars,EV,0.0,0.0,13.0,0.0,2.29999995231628,0.0,2020-2023,Post-Pandemia
Canada,CAN,2023,Cars,FCEV,0.0,13.0,0.0,320.0,0.0,0.0,2020-2023,Post-Pandemia
Canada,CAN,2023,Cars,PHEV,0.0,41000.0,0.0,170000.0,0.0,0.0,2020-2023,Post-Pandemia
Canada,CAN,2023,EV,Publicly available fast,4800.0,0.0,0.0,0.0,0.0,0.0,2020-2023,Post-Pandemia
Canada,CAN,2023,EV,Publicly available slow,22000.0,0.0,0.0,0.0,0.0,0.0,2020-2023,Post-Pandemia
Canada,CAN,2023,Trucks,BEV,0.0,2000.0,0.0,2400.0,0.0,0.0,2020-2023,Post-Pandemia
Canada,CAN,2023,Trucks,EV,0.0,0.0,1.29999995231628,0.0,0.100000001490116,0.0,2020-2023,Post-Pandemia
Canada,CAN,2023,Trucks,FCEV,0.0,18.0,0.0,8.0,0.0,0.0,2020-2023,Post-Pandemia
Canada,CAN,2023,Vans,BEV,0.0,9100.0,0.0,0.0,0.0,0.0,2020-2023,Post-Pandemia
Canada,CAN,2023,Vans,EV,0.0,0.0,5.5,0.0,0.0,0.0,2020-2023,Post-Pandemia
Canada,CAN,2023,Vans,FCEV,0.0,0.0,0.0,9.0,0.0,0.0,2020-2023,Post-Pandemia
Canada,CAN,2023,Vans,PHEV,0.0,4100.0,0.0,0.0,0.0,0.0,2020-2023,Post-Pandemia
Chile,CHL,2011,Cars,BEV,0.0,6.0,0.0,6.0,0.0,0.0,2010-2014,Pre-Pandemia
Chile,CHL,2011,Cars,EV,0.0,0.0,0.002400000113994,0.0,0.000220000001718,0.0,2010-2014,Pre-Pandemia
Chile,CHL,2011,EV,Publicly available fast,1.0,0.0,0.0,0.0,0.0,0.0,2010-2014,Pre-Pandemia
Chile,CHL,2011,EV,Publicly available slow,1.0,0.0,0.0,0.0,0.0,0.0,2010-2014,Pre-Pandemia
Chile,CHL,2012,Cars,BEV,0.0,5.0,0.0,11.0,0.0,0.0,2010-2014,Pre-Pandemia
Chile,CHL,2012,Cars,EV,0.0,0.0,0.002000000094995,0.0,0.000380000012228,0.0,2010-2014,Pre-Pandemia
Chile,CHL,2012,EV,Publicly available fast,4.0,0.0,0.0,0.0,0.0,0.0,2010-2014,Pre-Pandemia
Chile,CHL,2012,EV,Publicly available slow,6.0,0.0,0.0,0.0,0.0,0.0,2010-2014,Pre-Pandemia
Chile,CHL,2013,Cars,BEV,0.0,5.0,0.0,16.0,0.0,0.0,2010-2014,Pre-Pandemia
Chile,CHL,2013,Cars,EV,0.0,0.0,0.001900000032038,0.0,0.000509999983478,0.0,2010-2014,Pre-Pandemia
Chile,CHL,2013,EV,Publicly available fast,5.0,0.0,0.0,0.0,0.0,0.0,2010-2014,Pre-Pandemia
Chile,CHL,2013,EV,Publicly available slow,8.0,0.0,0.0,0.0,0.0,0.0,2010-2014,Pre-Pandemia
Chile,CHL,2014,Cars,BEV,0.0,3.0,0.0,19.0,0.0,0.0,2010-2014,Pre-Pandemia
Chile,CHL,2014,Cars,EV,0.0,0.0,0.007100000046194,0.0,0.001000000047497,0.0,2010-2014,Pre-Pandemia
Chile,CHL,2014,Cars,PHEV,0.0,14.0,0.0,14.0,0.0,0.0,2010-2014,Pre-Pandemia
Chile,CHL,2014,EV,Publicly available fast,5.0,0.0,0.0,0.0,0.0,0.0,2010-2014,Pre-Pandemia
Chile,CHL,2014,EV,Publicly available slow,13.0,0.0,0.0,0.0,0.0,0.0,2010-2014,Pre-Pandemia
Chile,CHL,2015,Cars,BEV,0.0,10.0,0.0,32.0,0.0,0.0,2015-2019,Pre-Pandemia
Chile,CHL,2015,Cars,EV,0.0,0.0,0.017000000923872,0.0,0.002099999925122,0.0,2015-2019,Pre-Pandemia
Chile,CHL,2015,Cars,PHEV,0.0,23.0,0.0,37.0,0.0,0.0,2015-2019,Pre-Pandemia
Chile,CHL,2015,EV,Publicly available fast,5.0,0.0,0.0,0.0,0.0,0.0,2015-2019,Pre-Pandemia
Chile,CHL,2015,EV,Publicly available slow,22.0,0.0,0.0,0.0,0.0,0.0,2015-2019,Pre-Pandemia
Chile,CHL,2016,Cars,BEV,0.0,18.0,0.0,54.0,0.0,0.0,2015-2019,Pre-Pandemia
Chile,CHL,2016,Cars,EV,0.0,0.0,0.013000000268221,0.0,0.00289999996312,0.0,2015-2019,Pre-Pandemia
Chile,CHL,2016,Cars,PHEV,0.0,9.0,0.0,46.0,0.0,0.0,2015-2019,Pre-Pandemia
Chile,CHL,2016,EV,Publicly available fast,5.0,0.0,0.0,0.0,0.0,0.0,2015-2019,Pre-Pandemia
Chile,CHL,2016,EV,Publicly available slow,22.0,0.0,0.0,0.0,0.0,0.0,2015-2019,Pre-Pandemia
Chile,CHL,2017,Cars,BEV,0.0,120.0,0.0,170.0,0.0,0.0,2015-2019,Pre-Pandemia
Chile,CHL,2017,Cars,EV,0.0,0.0,0.061000000685454,0.0,0.00650000013411,0.0,2015-2019,Pre-Pandemia
Chile,CHL,2017,Cars,PHEV,0.0,15.0,0.0,61.0,0.0,0.0,2015-2019,Pre-Pandemia
Chile,CHL,2017,EV,Publicly available fast,6.0,0.0,0.0,0.0,0.0,0.0,2015-2019,Pre-Pandemia
Chile,CHL,2017,EV,Publicly available slow,35.0,0.0,0.0,0.0,0.0,0.0,2015-2019,Pre-Pandemia
Chile,CHL,2018,Cars,BEV,0.0,100.0,0.0,280.0,0.0,0.0,2015-2019,Pre-Pandemia
Chile,CHL,2018,Cars,EV,0.0,0.0,0.070000000298023,0.0,0.010999999940395,0.0,2015-2019,Pre-Pandemia
Chile,CHL,2018,Cars,PHEV,0.0,68.0,0.0,130.0,0.0,0.0,2015-2019,Pre-Pandemia
Chile,CHL,2018,EV,Publicly available fast,8.0,0.0,0.0,0.0,0.0,0.0,2015-2019,Pre-Pandemia
Chile,CHL,2018,EV,Publicly available slow,61.0,0.0,0.0,0.0,0.0,0.0,2015-2019,Pre-Pandemia
Chile,CHL,2019,Cars,BEV,0.0,160.0,0.0,440.0,0.0,0.0,2015-2019,Pre-Pandemia
Chile,CHL,2019,Cars,EV,0.0,0.0,0.140000000596046,0.0,0.017000000923872,0.0,2015-2019,Pre-Pandemia
Chile,CHL,2019,Cars,PHEV,0.0,140.0,0.0,210.0,0.0,0.0,2015-2019,Pre-Pandemia
Chile,CHL,2019,EV,Publicly available fast,42.0,0.0,0.0,0.0,0.0,0.0,2015-2019,Pre-Pandemia
Chile,CHL,2019,EV,Publicly available slow,130.0,0.0,0.0,0.0,0.0,0.0,2015-2019,Pre-Pandemia
Chile,CHL,2020,Cars,BEV,0.0,110.0,0.0,550.0,0.0,0.0,2020-2023,Pandemia
Chile,CHL,2020,Cars,EV,0.0,0.0,0.159999996423721,0.0,0.021999999880791,0.0,2020-2023,Pandemia
Chile,CHL,2020,Cars,PHEV,0.0,79.0,0.0,290.0,0.0,0.0,2020-2023,Pandemia
Chile,CHL,2020,EV,Publicly available fast,99.0,0.0,0.0,0.0,0.0,0.0,2020-2023,Pandemia
Chile,CHL,2020,EV,Publicly available slow,240.0,0.0,0.0,0.0,0.0,0.0,2020-2023,Pandemia
Chile,CHL,2021,Cars,BEV,0.0,270.0,0.0,820.0,0.0,0.0,2020-2023,Pandemia
Chile,CHL,2021,Cars,EV,0.0,0.0,0.189999997615814,0.0,0.035000000149012,0.0,2020-2023,Pandemia
Chile,CHL,2021,Cars,FCEV,0.0,1.0,0.0,1.0,0.0,0.0,2020-2023,Pandemia
Chile,CHL,2021,Cars,PHEV,0.0,300.0,0.0,590.0,0.0,0.0,2020-2023,Pandemia
Chile,CHL,2021,EV,Publicly available fast,120.0,0.0,0.0,0.0,0.0,0.0,2020-2023,Pandemia
Chile,CHL,2021,EV,Publicly available slow,360.0,0.0,0.0,0.0,0.0,0.0,2020-2023,Pandemia
Chile,CHL,2022,Cars,BEV,0.0,880.0,0.0,1700.0,0.0,0.0,2020-2023,Post-Pandemia
Chile,CHL,2022,Cars,EV,0.0,0.0,0.5,0.0,0.068000003695488,0.0,2020-2023,Post-Pandemia
Chile,CHL,2022,Cars,FCEV,0.0,1.0,0.0,2.0,0.0,0.0,2020-2023,Post-Pandemia
Chile,CHL,2022,Cars,PHEV,0.0,620.0,0.0,1200.0,0.0,0.0,2020-2023,Post-Pandemia
Chile,CHL,2022,EV,Publicly available fast,220.0,0.0,0.0,0.0,0.0,0.0,2020-2023,Post-Pandemia
Chile,CHL,2022,EV,Publicly available slow,440.0,0.0,0.0,0.0,0.0,0.0,2020-2023,Post-Pandemia
Chile,CHL,2023,Cars,BEV,0.0,410.0,0.0,2100.0,0.0,0.0,2020-2023,Post-Pandemia
Chile,CHL,2023,Cars,EV,0.0,0.0,0.310000002384186,0.0,0.086999997496605,0.0,2020-2023,Post-Pandemia
Chile,CHL,2023,Cars,FCEV,0.0,0.0,0.0,2.0,0.0,0.0,2020-2023,Post-Pandemia
Chile,CHL,2023,Cars,PHEV,0.0,510.0,0.0,1800.0,0.0,0.0,2020-2023,Post-Pandemia
Chile,CHL,2023,EV,Publicly available fast,330.0,0.0,0.0,0.0,0.0,0.0,2020-2023,Post-Pandemia
Chile,CHL,2023,EV,Publicly available slow,740.0,0.0,0.0,0.0,0.0,0.0,2020-2023,Post-Pandemia
China,CHN,2010,Buses,BEV,0.0,970.0,0.0,1900.0,0.0,0.0,2010-2014,Pre-Pandemia
China,CHN,2010,Buses,EV,0.0,0.0,0.189999997615814,0.0,0.054999999701977,150.0,2010-2014,Pre-Pandemia
China,CHN,2010,Cars,BEV,0.0,1100.0,0.0,1600.0,0.0,0.0,2010-2014,Pre-Pandemia
China,CHN,2010,Cars,EV,0.0,0.0,0.009999999776483,0.0,0.003100000089034,46.0,2010-2014,Pre-Pandemia
China,CHN,2010,Cars,PHEV,0.0,340.0,0.0,340.0,0.0,0.0,2010-2014,Pre-Pandemia
China,CHN,2010,Trucks,BEV,0.0,0.0,0.0,16.0,0.0,0.0,2010-2014,Pre-Pandemia
China,CHN,2010,Trucks,EV,0.0,0.0,0.0,0.0,0.000110000000859,0.0,2010-2014,Pre-Pandemia
China,CHN,2010,Vans,BEV,0.0,120.0,0.0,400.0,0.0,0.0,2010-2014,Pre-Pandemia
China,CHN,2010,Vans,EV,0.0,0.0,0.009999999776483,0.0,0.005499999970198,3.0,2010-2014,Pre-Pandemia
China,CHN,2011,Buses,BEV,0.0,440.0,0.0,4100.0,0.0,0.0,2010-2014,Pre-Pandemia
China,CHN,2011,Buses,EV,0.0,0.0,0.529999971389771,0.0,0.119999997317791,110.0,2010-2014,Pre-Pandemia
China,CHN,2011,Buses,PHEV,0.0,160.0,0.0,160.0,0.0,0.0,2010-2014,Pre-Pandemia
China,CHN,2011,Cars,BEV,0.0,4800.0,0.0,6300.0,0.0,0.0,2010-2014,Pre-Pandemia
China,CHN,2011,Cars,EV,0.0,0.0,0.034000001847744,0.0,0.009200000204146,120.0,2010-2014,Pre-Pandemia
China,CHN,2011,Cars,PHEV,0.0,320.0,0.0,660.0,0.0,0.0,2010-2014,Pre-Pandemia
China,CHN,2011,Trucks,BEV,0.0,0.0,0.0,120.0,0.0,0.0,2010-2014,Pre-Pandemia
China,CHN,2011,Trucks,EV,0.0,0.0,0.0,0.0,0.000769999984186,0.0,2010-2014,Pre-Pandemia
China,CHN,2011,Vans,BEV,0.0,150.0,0.0,700.0,0.0,0.0,2010-2014,Pre-Pandemia
China,CHN,2011,Vans,EV,0.0,0.0,0.016000000759959,0.0,0.008899999782443,2.5,2010-2014,Pre-Pandemia
China,CHN,2012,Buses,BEV,0.0,1400.0,0.0,5900.0,0.0,0.0,2010-2014,Pre-Pandemia
China,CHN,2012,Buses,EV,0.0,0.0,1.29999995231628,0.0,0.189999997615814,140.0,2010-2014,Pre-Pandemia
China,CHN,2012,Buses,PHEV,0.0,510.0,0.0,680.0,0.0,0.0,2010-2014,Pre-Pandemia
China,CHN,2012,Cars,BEV,0.0,9600.0,0.0,16000.0,0.0,0.0,2010-2014,Pre-Pandemia
China,CHN,2012,Cars,EV,0.0,0.0,0.072999998927116,0.0,0.018999999389052,230.0,2010-2014,Pre-Pandemia
China,CHN,2012,Cars,PHEV,0.0,260.0,0.0,920.0,0.0,0.0,2010-2014,Pre-Pandemia
China,CHN,2012,Trucks,BEV,0.0,0.0,0.0,540.0,0.0,0.0,2010-2014,Pre-Pandemia
China,CHN,2012,Trucks,EV,0.0,0.0,0.0,0.0,0.003199999919161,0.0,2010-2014,Pre-Pandemia
China,CHN,2012,Vans,BEV,0.0,670.0,0.0,1200.0,0.0,0.0,2010-2014,Pre-Pandemia
China,CHN,2012,Vans,EV,0.0,0.0,0.072999998927116,0.0,0.014000000432134,4.0,2010-2014,Pre-Pandemia
China,CHN,2013,Buses,BEV,0.0,2000.0,0.0,7600.0,0.0,0.0,2010-2014,Pre-Pandemia
China,CHN,2013,Buses,EV,0.0,0.0,2.59999990463257,0.0,0.28999999165535,220.0,2010-2014,Pre-Pandemia
China,CHN,2013,Buses,PHEV,0.0,1800.0,0.0,2400.0,0.0,0.0,2010-2014,Pre-Pandemia
China,CHN,2013,Cars,BEV,0.0,15000.0,0.0,31000.0,0.0,0.0,2010-2014,Pre-Pandemia
China,CHN,2013,Cars,EV,0.0,0.0,0.094999998807907,0.0,0.030999999493361,470.0,2010-2014,Pre-Pandemia
China,CHN,2013,Cars,PHEV,0.0,730.0,0.0,1600.0,0.0,0.0,2010-2014,Pre-Pandemia
China,CHN,2013,Trucks,BEV,0.0,0.0,0.0,1400.0,0.0,0.0,2010-2014,Pre-Pandemia
China,CHN,2013,Trucks,EV,0.0,0.0,0.0,0.0,0.00760000012815,0.0,2010-2014,Pre-Pandemia
China,CHN,2013,Vans,BEV,0.0,750.0,0.0,1800.0,0.0,0.0,2010-2014,Pre-Pandemia
China,CHN,2013,Vans,EV,0.0,0.0,0.07599999755621,0.0,0.019999999552965,6.0,2010-2014,Pre-Pandemia
China,CHN,2014,Buses,BEV,0.0,4000.0,0.0,22000.0,0.0,0.0,2010-2014,Pre-Pandemia
China,CHN,2014,Buses,EV,0.0,0.0,8.0,0.0,0.889999985694885,460.0,2010-2014,Pre-Pandemia
China,CHN,2014,Buses,PHEV,0.0,6000.0,0.0,8400.0,0.0,0.0,2010-2014,Pre-Pandemia
China,CHN,2014,Cars,BEV,0.0,49000.0,0.0,59000.0,0.0,0.0,2010-2014,Pre-Pandemia
China,CHN,2014,Cars,EV,0.0,0.0,0.400000005960465,0.0,0.070000000298023,660.0,2010-2014,Pre-Pandemia
China,CHN,2014,Cars,PHEV,0.0,24000.0,0.0,26000.0,0.0,0.0,2010-2014,Pre-Pandemia
China,CHN,2014,EV,Publicly available fast,9000.0,0.0,0.0,0.0,0.0,0.0,2010-2014,Pre-Pandemia
China,CHN,2014,EV,Publicly available slow,21000.0,0.0,0.0,0.0,0.0,0.0,2010-2014,Pre-Pandemia
China,CHN,2014,Trucks,BEV,0.0,0.0,0.0,1700.0,0.0,0.0,2010-2014,Pre-Pandemia
China,CHN,2014,Trucks,EV,0.0,0.0,0.0,0.0,0.00870000012219,0.0,2010-2014,Pre-Pandemia
China,CHN,2014,Vans,BEV,0.0,480.0,0.0,2500.0,0.0,0.0,2010-2014,Pre-Pandemia
China,CHN,2014,Vans,EV,0.0,0.0,0.045000001788139,0.0,0.025000000372529,8.0,2010-2014,Pre-Pandemia
China,CHN,2015,Buses,BEV,0.0,43000.0,0.0,98000.0,0.0,0.0,2015-2019,Pre-Pandemia
China,CHN,2015,Buses,EV,0.0,0.0,38.0,0.0,3.59999990463257,3400.0,2015-2019,Pre-Pandemia
China,CHN,2015,Buses,PHEV,0.0,13000.0,0.0,22000.0,0.0,0.0,2015-2019,Pre-Pandemia
China,CHN,2015,Cars,BEV,0.0,150000.0,0.0,210000.0,0.0,0.0,2015-2019,Pre-Pandemia
China,CHN,2015,Cars,EV,0.0,0.0,1.0,0.0,0.209999993443489,1600.0,2015-2019,Pre-Pandemia
China,CHN,2015,Cars,PHEV,0.0,61000.0,0.0,87000.0,0.0,0.0,2015-2019,Pre-Pandemia
China,CHN,2015,EV,Publicly available fast,12000.0,0.0,0.0,0.0,0.0,0.0,2015-2019,Pre-Pandemia
China,CHN,2015,EV,Publicly available slow,47000.0,0.0,0.0,0.0,0.0,0.0,2015-2019,Pre-Pandemia
China,CHN,2015,Trucks,BEV,0.0,17000.0,0.0,17000.0,0.0,0.0,2015-2019,Pre-Pandemia
China,CHN,2015,Trucks,EV,0.0,0.0,1.5,0.0,0.08500000089407,910.0,2015-2019,Pre-Pandemia
China,CHN,2015,Vans,BEV,0.0,15000.0,0.0,15000.0,0.0,0.0,2015-2019,Pre-Pandemia
China,CHN,2015,Vans,EV,0.0,0.0,1.39999997615814,0.0,0.140000000596046,93.0,2015-2019,Pre-Pandemia
China,CHN,2015,Vans,PHEV,0.0,0.0,0.0,17.0,0.0,0.0,2015-2019,Pre-Pandemia
China,CHN,2016,Buses,BEV,0.0,76000.0,0.0,190000.0,0.0,0.0,2015-2019,Pre-Pandemia
China,CHN,2016,Buses,EV,0.0,0.0,53.0,0.0,6.59999990463257,6300.0,2015-2019,Pre-Pandemia
China,CHN,2016,Buses,FCEV,0.0,0.0,0.0,1.0,0.0,0.0,2015-2019,Pre-Pandemia
China,CHN,2016,Buses,PHEV,0.0,7600.0,0.0,29000.0,0.0,0.0,2015-2019,Pre-Pandemia
China,CHN,2016,Cars,BEV,0.0,260000.0,0.0,460000.0,0.0,0.0,2015-2019,Pre-Pandemia
China,CHN,2016,Cars,EV,0.0,0.0,1.5,0.0,0.389999985694885,2400.0,2015-2019,Pre-Pandemia
China,CHN,2016,Cars,PHEV,0.0,79000.0,0.0,170000.0,0.0,0.0,2015-2019,Pre-Pandemia
China,CHN,2016,EV,Publicly available fast,55000.0,0.0,0.0,0.0,0.0,0.0,2015-2019,Pre-Pandemia
China,CHN,2016,EV,Publicly available slow,86000.0,0.0,0.0,0.0,0.0,0.0,2015-2019,Pre-Pandemia
China,CHN,2016,Trucks,BEV,0.0,46000.0,0.0,64000.0,0.0,0.0,2015-2019,Pre-Pandemia
China,CHN,2016,Trucks,EV,0.0,0.0,3.20000004768372,0.0,0.300000011920929,2800.0,2015-2019,Pre-Pandemia
China,CHN,2016,Vans,BEV,0.0,11000.0,0.0,53000.0,0.0,0.0,2015-2019,Pre-Pandemia
China,CHN,2016,Vans,EV,0.0,0.0,0.879999995231628,0.0,0.469999998807907,120.0,2015-2019,Pre-Pandemia
China,CHN,2016,Vans,PHEV,0.0,0.0,0.0,17.0,0.0,0.0,2015-2019,Pre-Pandemia
China,CHN,2017,Buses,BEV,0.0,88000.0,0.0,280000.0,0.0,0.0,2015-2019,Pre-Pandemia
China,CHN,2017,Buses,EV,0.0,0.0,60.0,0.0,9.39999961853027,11000.0,2015-2019,Pre-Pandemia
China,CHN,2017,Buses,FCEV,0.0,380.0,0.0,340.0,0.0,0.0,2015-2019,Pre-Pandemia
China,CHN,2017,Buses,PHEV,0.0,240.0,0.0,30000.0,0.0,0.0,2015-2019,Pre-Pandemia
China,CHN,2017,Cars,BEV,0.0,470000.0,0.0,930000.0,0.0,0.0,2015-2019,Pre-Pandemia
China,CHN,2017,Cars,EV,0.0,0.0,2.40000009536743,0.0,0.660000026226044,3400.0,2015-2019,Pre-Pandemia
China,CHN,2017,Cars,PHEV,0.0,110000.0,0.0,280000.0,0.0,0.0,2015-2019,Pre-Pandemia
China,CHN,2017,EV,Publicly available fast,83000.0,0.0,0.0,0.0,0.0,0.0,2015-2019,Pre-Pandemia
China,CHN,2017,EV,Publicly available slow,130000.0,0.0,0.0,0.0,0.0,0.0,2015-2019,Pre-Pandemia
China,CHN,2017,Trucks,BEV,0.0,71000.0,0.0,130000.0,0.0,0.0,2015-2019,Pre-Pandemia
China,CHN,2017,Trucks,EV,0.0,0.0,3.70000004768372,0.0,0.589999973773956,4200.0,2015-2019,Pre-Pandemia
China,CHN,2017,Trucks,FCEV,0.0,0.0,0.0,1.0,0.0,0.0,2015-2019,Pre-Pandemia
China,CHN,2017,Vans,BEV,0.0,68000.0,0.0,120000.0,0.0,0.0,2015-2019,Pre-Pandemia
China,CHN,2017,Vans,EV,0.0,0.0,4.90000009536743,0.0,0.97000002861023,540.0,2015-2019,Pre-Pandemia
China,CHN,2017,Vans,PHEV,0.0,0.0,0.0,17.0,0.0,0.0,2015-2019,Pre-Pandemia
China,CHN,2018,Buses,BEV,0.0,83000.0,0.0,360000.0,0.0,0.0,2015-2019,Pre-Pandemia
China,CHN,2018,Buses,EV,0.0,0.0,64.0,0.0,12.0,15000.0,2015-2019,Pre-Pandemia
China,CHN,2018,Buses,FCEV,0.0,890.0,0.0,1200.0,0.0,0.0,2015-2019,Pre-Pandemia
China,CHN,2018,Buses,PHEV,0.0,1200.0,0.0,31000.0,0.0,0.0,2015-2019,Pre-Pandemia
China,CHN,2018,Cars,BEV,0.0,820000.0,0.0,1700000.0,0.0,0.0,2015-2019,Pre-Pandemia
China,CHN,2018,Cars,EV,0.0,0.0,4.69999980926514,0.0,1.10000002384186,6200.0,2015-2019,Pre-Pandemia
China,CHN,2018,Cars,PHEV,0.0,270000.0,0.0,540000.0,0.0,0.0,2015-2019,Pre-Pandemia
China,CHN,2018,EV,Publicly available fast,110000.0,0.0,0.0,0.0,0.0,0.0,2015-2019,Pre-Pandemia
China,CHN,2018,EV,Publicly available slow,160000.0,0.0,0.0,0.0,0.0,0.0,2015-2019,Pre-Pandemia
China,CHN,2018,Trucks,BEV,0.0,36000.0,0.0,170000.0,0.0,0.0,2015-2019,Pre-Pandemia
China,CHN,2018,Trucks,EV,0.0,0.0,1.89999997615814,0.0,0.709999978542328,5400.0,2015-2019,Pre-Pandemia
China,CHN,2018,Trucks,FCEV,0.0,400.0,0.0,400.0,0.0,0.0,2015-2019,Pre-Pandemia
China,CHN,2018,Vans,BEV,0.0,54000.0,0.0,200000.0,0.0,0.0,2015-2019,Pre-Pandemia
China,CHN,2018,Vans,EV,0.0,0.0,3.5,0.0,1.5,490.0,2015-2019,Pre-Pandemia
China,CHN,2018,Vans,PHEV,0.0,0.0,0.0,17.0,0.0,0.0,2015-2019,Pre-Pandemia
China,CHN,2019,Buses,BEV,0.0,68000.0,0.0,430000.0,0.0,0.0,2015-2019,Pre-Pandemia
China,CHN,2019,Buses,EV,0.0,0.0,61.0,0.0,15.0,15000.0,2015-2019,Pre-Pandemia
China,CHN,2019,Buses,FCEV,0.0,1100.0,0.0,2300.0,0.0,0.0,2015-2019,Pre-Pandemia
China,CHN,2019,Buses,PHEV,0.0,1300.0,0.0,32000.0,0.0,0.0,2015-2019,Pre-Pandemia
China,CHN,2019,Cars,BEV,0.0,830000.0,0.0,2600000.0,0.0,0.0,2015-2019,Pre-Pandemia
China,CHN,2019,Cars,EV,0.0,0.0,5.0,0.0,1.5,8400.0,2015-2019,Pre-Pandemia
China,CHN,2019,Cars,PHEV,0.0,230000.0,0.0,770000.0,0.0,0.0,2015-2019,Pre-Pandemia
China,CHN,2019,EV,Publicly available fast,210000.0,0.0,0.0,0.0,0.0,0.0,2015-2019,Pre-Pandemia
China,CHN,2019,EV,Publicly available slow,300000.0,0.0,0.0,0.0,0.0,0.0,2015-2019,Pre-Pandemia
China,CHN,2019,Trucks,BEV,0.0,24000.0,0.0,190000.0,0.0,0.0,2015-2019,Pre-Pandemia
China,CHN,2019,Trucks,EV,0.0,0.0,1.20000004768372,0.0,0.759999990463257,4800.0,2015-2019,Pre-Pandemia
China,CHN,2019,Trucks,FCEV,0.0,2000.0,0.0,1800.0,0.0,0.0,2015-2019,Pre-Pandemia
China,CHN,2019,Trucks,PHEV,0.0,31.0,0.0,31.0,0.0,0.0,2015-2019,Pre-Pandemia
China,CHN,2019,Vans,BEV,0.0,27000.0,0.0,250000.0,0.0,0.0,2015-2019,Pre-Pandemia
China,CHN,2019,Vans,EV,0.0,0.0,1.60000002384186,0.0,1.70000004768372,500.0,2015-2019,Pre-Pandemia
China,CHN,2019,Vans,PHEV,0.0,27.0,0.0,44.0,0.0,0.0,2015-2019,Pre-Pandemia
China,CHN,2020,Buses,BEV,0.0,55000.0,0.0,480000.0,0.0,0.0,2020-2023,Pandemia
China,CHN,2020,Buses,EV,0.0,0.0,66.0,0.0,17.0,15000.0,2020-2023,Pandemia
China,CHN,2020,Buses,FCEV,0.0,1200.0,0.0,3300.0,0.0,0.0,2020-2023,Pandemia
China,CHN,2020,Buses,PHEV,0.0,1800.0,0.0,34000.0,0.0,0.0,2020-2023,Pandemia
China,CHN,2020,Cars,BEV,0.0,920000.0,0.0,3500000.0,0.0,0.0,2020-2023,Pandemia
China,CHN,2020,Cars,EV,0.0,0.0,5.69999980926514,0.0,1.89999997615814,9600.0,2020-2023,Pandemia
China,CHN,2020,Cars,PHEV,0.0,220000.0,0.0,990000.0,0.0,0.0,2020-2023,Pandemia
China,CHN,2020,EV,Publicly available fast,310000.0,0.0,0.0,0.0,0.0,0.0,2020-2023,Pandemia
China,CHN,2020,EV,Publicly available slow,500000.0,0.0,0.0,0.0,0.0,0.0,2020-2023,Pandemia
China,CHN,2020,Trucks,BEV,0.0,17000.0,0.0,210000.0,0.0,0.0,2020-2023,Pandemia
China,CHN,2020,Trucks,EV,0.0,0.0,0.610000014305115,0.0,0.759999990463257,4400.0,2020-2023,Pandemia
China,CHN,2020,Trucks,FCEV,0.0,1300.0,0.0,3200.0,0.0,0.0,2020-2023,Pandemia
China,CHN,2020,Trucks,PHEV,0.0,27.0,0.0,58.0,0.0,0.0,2020-2023,Pandemia
China,CHN,2020,Vans,BEV,0.0,26000.0,0.0,270000.0,0.0,0.0,2020-2023,Pandemia
China,CHN,2020,Vans,EV,0.0,0.0,1.39999997615814,0.0,1.70000004768372,480.0,2020-2023,Pandemia
China,CHN,2020,Vans,PHEV,0.0,1.0,0.0,77.0,0.0,0.0,2020-2023,Pandemia
China,CHN,2021,Buses,BEV,0.0,42000.0,0.0,530000.0,0.0,0.0,2020-2023,Pandemia
China,CHN,2021,Buses,EV,0.0,0.0,56.0,0.0,20.0,16000.0,2020-2023,Pandemia
China,CHN,2021,Buses,FCEV,0.0,900.0,0.0,4200.0,0.0,0.0,2020-2023,Pandemia
China,CHN,2021,Buses,PHEV,0.0,860.0,0.0,35000.0,0.0,0.0,2020-2023,Pandemia
China,CHN,2021,Cars,BEV,0.0,2700000.0,0.0,6200000.0,0.0,0.0,2020-2023,Pandemia
China,CHN,2021,Cars,EV,0.0,0.0,16.0,0.0,3.09999990463257,18000.0,2020-2023,Pandemia
China,CHN,2021,Cars,FCEV,0.0,19.0,0.0,19.0,0.0,0.0,2020-2023,Pandemia
China,CHN,2021,Cars,PHEV,0.0,550000.0,0.0,1600000.0,0.0,0.0,2020-2023,Pandemia
China,CHN,2021,EV,Publicly available fast,470000.0,0.0,0.0,0.0,0.0,0.0,2020-2023,Pandemia
China,CHN,2021,EV,Publicly available slow,680000.0,0.0,0.0,0.0,0.0,0.0,2020-2023,Pandemia
China,CHN,2021,Trucks,BEV,0.0,18000.0,0.0,230000.0,0.0,0.0,2020-2023,Pandemia
China,CHN,2021,Trucks,EV,0.0,0.0,0.75,0.0,0.779999971389771,4700.0,2020-2023,Pandemia
China,CHN,2021,Trucks,FCEV,0.0,1200.0,0.0,4300.0,0.0,0.0,2020-2023,Pandemia
China,CHN,2021,Trucks,PHEV,0.0,520.0,0.0,580.0,0.0,0.0,2020-2023,Pandemia
China,CHN,2021,Vans,BEV,0.0,71000.0,0.0,330000.0,0.0,0.0,2020-2023,Pandemia
China,CHN,2021,Vans,EV,0.0,0.0,4.09999990463257,0.0,2.0,730.0,2020-2023,Pandemia
China,CHN,2021,Vans,FCEV,0.0,3.0,0.0,3.0,0.0,0.0,2020-2023,Pandemia
China,CHN,2021,Vans,PHEV,0.0,160.0,0.0,230.0,0.0,0.0,2020-2023,Pandemia
China,CHN,2022,Buses,BEV,0.0,44000.0,0.0,570000.0,0.0,0.0,2020-2023,Post-Pandemia
China,CHN,2022,Buses,EV,0.0,0.0,66.0,0.0,22.0,11000.0,2020-2023,Post-Pandemia
China,CHN,2022,Buses,FCEV,0.0,1300.0,0.0,5400.0,0.0,0.0,2020-2023,Post-Pandemia
China,CHN,2022,Buses,PHEV,0.0,1100.0,0.0,36000.0,0.0,0.0,2020-2023,Post-Pandemia
China,CHN,2022,Cars,BEV,0.0,4400000.0,0.0,11000000.0,0.0,0.0,2020-2023,Post-Pandemia
China,CHN,2022,Cars,EV,0.0,0.0,29.0,0.0,5.09999990463257,23000.0,2020-2023,Post-Pandemia
China,CHN,2022,Cars,FCEV,0.0,240.0,0.0,240.0,0.0,0.0,2020-2023,Post-Pandemia
China,CHN,2022,Cars,PHEV,0.0,1500000.0,0.0,3100000.0,0.0,0.0,2020-2023,Post-Pandemia
China,CHN,2022,EV,Publicly available fast,760000.0,0.0,0.0,0.0,0.0,0.0,2020-2023,Post-Pandemia
China,CHN,2022,EV,Publicly available slow,1000000.0,0.0,0.0,0.0,0.0,0.0,2020-2023,Post-Pandemia
China,CHN,2022,Trucks,BEV,0.0,34000.0,0.0,260000.0,0.0,0.0,2020-2023,Post-Pandemia
China,CHN,2022,Trucks,EV,0.0,0.0,3.09999990463257,0.0,0.889999985694885,4900.0,2020-2023,Post-Pandemia
China,CHN,2022,Trucks,FCEV,0.0,2700.0,0.0,7000.0,0.0,0.0,2020-2023,Post-Pandemia
China,CHN,2022,Trucks,PHEV,0.0,260.0,0.0,840.0,0.0,0.0,2020-2023,Post-Pandemia
China,CHN,2022,Vans,BEV,0.0,170000.0,0.0,460000.0,0.0,0.0,2020-2023,Post-Pandemia
China,CHN,2022,Vans,EV,0.0,0.0,11.0,0.0,2.59999990463257,940.0,2020-2023,Post-Pandemia
China,CHN,2022,Vans,FCEV,0.0,810.0,0.0,810.0,0.0,0.0,2020-2023,Post-Pandemia
China,CHN,2022,Vans,PHEV,0.0,1500.0,0.0,1700.0,0.0,0.0,2020-2023,Post-Pandemia
China,CHN,2023,Buses,BEV,0.0,29000.0,0.0,600000.0,0.0,0.0,2020-2023,Post-Pandemia
China,CHN,2023,Buses,EV,0.0,0.0,50.0,0.0,25.0,9700.0,2020-2023,Post-Pandemia
China,CHN,2023,Buses,FCEV,0.0,1200.0,0.0,6600.0,0.0,0.0,2020-2023,Post-Pandemia
China,CHN,2023,Buses,PHEV,0.0,1300.0,0.0,37000.0,0.0,0.0,2020-2023,Post-Pandemia
China,CHN,2023,Cars,BEV,0.0,5400000.0,0.0,16000000.0,0.0,0.0,2020-2023,Post-Pandemia
China,CHN,2023,Cars,EV,0.0,0.0,38.0,0.0,7.59999990463257,38000.0,2020-2023,Post-Pandemia
China,CHN,2023,Cars,FCEV,0.0,520.0,0.0,760.0,0.0,0.0,2020-2023,Post-Pandemia
China,CHN,2023,Cars,PHEV,0.0,2700000.0,0.0,5800000.0,0.0,0.0,2020-2023,Post-Pandemia
China,CHN,2023,EV,Publicly available fast,1200000.0,0.0,0.0,0.0,0.0,0.0,2020-2023,Post-Pandemia
China,CHN,2023,EV,Publicly available slow,1500000.0,0.0,0.0,0.0,0.0,0.0,2020-2023,Post-Pandemia
China,CHN,2023,Trucks,BEV,0.0,38000.0,0.0,300000.0,0.0,0.0,2020-2023,Post-Pandemia
China,CHN,2023,Trucks,EV,0.0,0.0,2.79999995231628,0.0,1.0,5200.0,2020-2023,Post-Pandemia
China,CHN,2023,Trucks,FCEV,0.0,3400.0,0.0,10000.0,0.0,0.0,2020-2023,Post-Pandemia
China,CHN,2023,Trucks,PHEV,0.0,320.0,0.0,1200.0,0.0,0.0,2020-2023,Post-Pandemia
China,CHN,2023,Vans,BEV,0.0,240000.0,0.0,680000.0,0.0,0.0,2020-2023,Post-Pandemia
China,CHN,2023,Vans,EV,0.0,0.0,12.0,0.0,3.59999990463257,1200.0,2020-2023,Post-Pandemia
China,CHN,2023,Vans,FCEV,0.0,1900.0,0.0,2700.0,0.0,0.0,2020-2023,Post-Pandemia
China,CHN,2023,Vans,PHEV,0.0,0.0,0.0,1700.0,0.0,0.0,2020-2023,Post-Pandemia
Colombia,COL,2015,Cars,BEV,0.0,39.0,0.0,0.0,0.0,0.0,2015-2019,Pre-Pandemia
Colombia,COL,2015,Cars,EV,0.0,0.0,0.017000000923872,0.0,0.0,0.0,2015-2019,Pre-Pandemia
Colombia,COL,2015,Cars,PHEV,0.0,3.0,0.0,0.0,0.0,0.0,2015-2019,Pre-Pandemia
Colombia,COL,2016,Cars,BEV,0.0,28.0,0.0,0.0,0.0,0.0,2015-2019,Pre-Pandemia
Colombia,COL,2016,Cars,EV,0.0,0.0,0.023000000044704,0.0,0.0,0.0,2015-2019,Pre-Pandemia
Colombia,COL,2016,Cars,PHEV,0.0,25.0,0.0,0.0,0.0,0.0,2015-2019,Pre-Pandemia
Colombia,COL,2017,Cars,BEV,0.0,92.0,0.0,0.0,0.0,0.0,2015-2019,Pre-Pandemia
Colombia,COL,2017,Cars,EV,0.0,0.0,0.06700000166893,0.0,0.0,0.0,2015-2019,Pre-Pandemia
Colombia,COL,2017,Cars,PHEV,0.0,56.0,0.0,0.0,0.0,0.0,2015-2019,Pre-Pandemia
Colombia,COL,2018,Cars,BEV,0.0,250.0,0.0,0.0,0.0,0.0,2015-2019,Pre-Pandemia
Colombia,COL,2018,Cars,EV,0.0,0.0,0.239999994635582,0.0,0.0,0.0,2015-2019,Pre-Pandemia
Colombia,COL,2018,Cars,PHEV,0.0,320.0,0.0,0.0,0.0,0.0,2015-2019,Pre-Pandemia
Colombia,COL,2019,Cars,BEV,0.0,870.0,0.0,0.0,0.0,0.0,2015-2019,Pre-Pandemia
Colombia,COL,2019,Cars,EV,0.0,0.0,0.550000011920929,0.0,0.0,0.0,2015-2019,Pre-Pandemia
Colombia,COL,2019,Cars,PHEV,0.0,450.0,0.0,0.0,0.0,0.0,2015-2019,Pre-Pandemia
Colombia,COL,2020,Cars,BEV,0.0,480.0,0.0,0.0,0.0,0.0,2020-2023,Pandemia
Colombia,COL,2020,Cars,EV,0.0,0.0,0.569999992847443,0.0,0.0,0.0,2020-2023,Pandemia
Colombia,COL,2020,Cars,PHEV,0.0,470.0,0.0,0.0,0.0,0.0,2020-2023,Pandemia
Colombia,COL,2021,Cars,BEV,0.0,840.0,0.0,0.0,0.0,0.0,2020-2023,Pandemia
Colombia,COL,2021,Cars,EV,0.0,0.0,1.20000004768372,0.0,0.0,0.0,2020-2023,Pandemia
Colombia,COL,2021,Cars,PHEV,0.0,1700.0,0.0,0.0,0.0,0.0,2020-2023,Pandemia
Colombia,COL,2022,Cars,BEV,0.0,1900.0,0.0,0.0,0.0,0.0,2020-2023,Post-Pandemia
Colombia,COL,2022,Cars,EV,0.0,0.0,2.0,0.0,0.0,0.0,2020-2023,Post-Pandemia
Colombia,COL,2022,Cars,PHEV,0.0,2400.0,0.0,0.0,0.0,0.0,2020-2023,Post-Pandemia
Colombia,COL,2023,Cars,BEV,0.0,3600.0,0.0,0.0,0.0,0.0,2020-2023,Post-Pandemia
Colombia,COL,2023,Cars,EV,0.0,0.0,3.90000009536743,0.0,0.0,0.0,2020-2023,Post-Pandemia
Colombia,COL,2023,Cars,PHEV,0.0,2500.0,0.0,0.0,0.0,0.0,2020-2023,Post-Pandemia
Costa Rica,CRI,2015,Cars,BEV,0.0,4.0,0.0,140.0,0.0,0.0,2015-2019,Pre-Pandemia
Costa Rica,CRI,2015,Cars,EV,0.0,0.0,0.009600000455976,0.0,0.0,0.0,2015-2019,Pre-Pandemia
Costa Rica,CRI,2016,Cars,BEV,0.0,12.0,0.0,160.0,0.0,0.0,2015-2019,Pre-Pandemia
Costa Rica,CRI,2016,Cars,EV,0.0,0.0,0.025000000372529,0.0,0.0,0.0,2015-2019,Pre-Pandemia
Costa Rica,CRI,2017,Cars,BEV,0.0,25.0,0.0,180.0,0.0,0.0,2015-2019,Pre-Pandemia
Costa Rica,CRI,2017,Cars,EV,0.0,0.0,0.059999998658896,0.0,0.0,0.0,2015-2019,Pre-Pandemia
Costa Rica,CRI,2018,Cars,BEV,0.0,200.0,0.0,380.0,0.0,0.0,2015-2019,Pre-Pandemia
Costa Rica,CRI,2018,Cars,EV,0.0,0.0,0.589999973773956,0.0,0.0,0.0,2015-2019,Pre-Pandemia
Costa Rica,CRI,2019,Cars,BEV,0.0,460.0,0.0,840.0,0.0,0.0,2015-2019,Pre-Pandemia
Costa Rica,CRI,2019,Cars,EV,0.0,0.0,1.5,0.0,0.0,0.0,2015-2019,Pre-Pandemia
Costa Rica,CRI,2020,Cars,BEV,0.0,630.0,0.0,1500.0,0.0,0.0,2020-2023,Pandemia
Costa Rica,CRI,2020,Cars,EV,0.0,0.0,2.70000004768372,0.0,0.0,0.0,2020-2023,Pandemia
Costa Rica,CRI,2021,Cars,BEV,0.0,1000.0,0.0,2500.0,0.0,0.0,2020-2023,Pandemia
Costa Rica,CRI,2021,Cars,EV,0.0,0.0,3.90000009536743,0.0,0.0,0.0,2020-2023,Pandemia
Costa Rica,CRI,2022,Cars,BEV,0.0,1600.0,0.0,4100.0,0.0,0.0,2020-2023,Post-Pandemia
Costa Rica,CRI,2022,Cars,EV,0.0,0.0,5.5,0.0,0.0,0.0,2020-2023,Post-Pandemia
Costa Rica,CRI,2023,Cars,BEV,0.0,4900.0,0.0,9000.0,0.0,0.0,2020-2023,Post-Pandemia
Costa Rica,CRI,2023,Cars,EV,0.0,0.0,12.0,0.0,0.0,0.0,2020-2023,Post-Pandemia
Croatia,HRV,2019,Cars,BEV,0.0,190.0,0.0,0.0,0.0,0.0,2015-2019,Pre-Pandemia
Croatia,HRV,2019,Cars,EV,0.0,0.0,0.409999996423721,0.0,0.0,0.0,2015-2019,Pre-Pandemia
Croatia,HRV,2019,Cars,PHEV,0.0,67.0,0.0,0.0,0.0,0.0,2015-2019,Pre-Pandemia
Croatia,HRV,2020,Cars,BEV,0.0,530.0,0.0,0.0,0.0,0.0,2020-2023,Pandemia
Croatia,HRV,2020,Cars,EV,0.0,0.0,1.89999997615814,0.0,0.0,0.0,2020-2023,Pandemia
Croatia,HRV,2020,Cars,PHEV,0.0,140.0,0.0,0.0,0.0,0.0,2020-2023,Pandemia
Croatia,HRV,2021,Cars,BEV,0.0,1400.0,0.0,0.0,0.0,0.0,2020-2023,Pandemia
Croatia,HRV,2021,Cars,EV,0.0,0.0,3.79999995231628,0.0,0.0,0.0,2020-2023,Pandemia
Croatia,HRV,2021,Cars,PHEV,0.0,400.0,0.0,0.0,0.0,0.0,2020-2023,Pandemia
Croatia,HRV,2022,Cars,BEV,0.0,1400.0,0.0,0.0,0.0,0.0,2020-2023,Post-Pandemia
Croatia,HRV,2022,Cars,EV,0.0,0.0,5.0,0.0,0.0,0.0,2020-2023,Post-Pandemia
Croatia,HRV,2022,Cars,PHEV,0.0,840.0,0.0,0.0,0.0,0.0,2020-2023,Post-Pandemia
Croatia,HRV,2023,Cars,BEV,0.0,1600.0,0.0,0.0,0.0,0.0,2020-2023,Post-Pandemia
Croatia,HRV,2023,Cars,EV,0.0,0.0,4.59999990463257,0.0,0.0,0.0,2020-2023,Post-Pandemia
Croatia,HRV,2023,Cars,PHEV,0.0,990.0,0.0,0.0,0.0,0.0,2020-2023,Post-Pandemia
Cyprus,CYP,2019,Cars,BEV,0.0,23.0,0.0,0.0,0.0,0.0,2015-2019,Pre-Pandemia
Cyprus,CYP,2019,Cars,EV,0.0,0.0,0.189999997615814,0.0,0.0,0.0,2015-2019,Pre-Pandemia
Cyprus,CYP,2020,Cars,BEV,0.0,42.0,0.0,0.0,0.0,0.0,2020-2023,Pandemia
Cyprus,CYP,2020,Cars,EV,0.0,0.0,1.39999997615814,0.0,0.0,0.0,2020-2023,Pandemia
Cyprus,CYP,2020,Cars,PHEV,0.0,83.0,0.0,0.0,0.0,0.0,2020-2023,Pandemia
Cyprus,CYP,2021,Cars,BEV,0.0,84.0,0.0,0.0,0.0,0.0,2020-2023,Pandemia
Cyprus,CYP,2021,Cars,EV,0.0,0.0,1.70000004768372,0.0,0.0,0.0,2020-2023,Pandemia
Cyprus,CYP,2021,Cars,PHEV,0.0,98.0,0.0,0.0,0.0,0.0,2020-2023,Pandemia
Cyprus,CYP,2022,Cars,BEV,0.0,400.0,0.0,0.0,0.0,0.0,2020-2023,Post-Pandemia
Cyprus,CYP,2022,Cars,EV,0.0,0.0,5.40000009536743,0.0,0.0,0.0,2020-2023,Post-Pandemia
Cyprus,CYP,2022,Cars,PHEV,0.0,230.0,0.0,0.0,0.0,0.0,2020-2023,Post-Pandemia
Cyprus,CYP,2023,Cars,BEV,0.0,790.0,0.0,0.0,0.0,0.0,2020-2023,Post-Pandemia
Cyprus,CYP,2023,Cars,EV,0.0,0.0,8.80000019073486,0.0,0.0,0.0,2020-2023,Post-Pandemia
Cyprus,CYP,2023,Cars,PHEV,0.0,510.0,0.0,0.0,0.0,0.0,2020-2023,Post-Pandemia
Czechia,CZE,2015,Cars,BEV,0.0,300.0,0.0,0.0,0.0,0.0,2015-2019,Pre-Pandemia
Czechia,CZE,2015,Cars,EV,0.0,0.0,0.129999995231628,0.0,0.0,0.0,2015-2019,Pre-Pandemia
Czechia,CZE,2016,Cars,BEV,0.0,200.0,0.0,0.0,0.0,0.0,2015-2019,Pre-Pandemia
Czechia,CZE,2016,Cars,EV,0.0,0.0,0.079999998211861,0.0,0.0,0.0,2015-2019,Pre-Pandemia
Czechia,CZE,2017,Cars,BEV,0.0,390.0,0.0,0.0,0.0,0.0,2015-2019,Pre-Pandemia
Czechia,CZE,2017,Cars,EV,0.0,0.0,0.140000000596046,0.0,0.0,0.0,2015-2019,Pre-Pandemia
Czechia,CZE,2018,Cars,BEV,0.0,700.0,0.0,0.0,0.0,0.0,2015-2019,Pre-Pandemia
Czechia,CZE,2018,Cars,EV,0.0,0.0,0.379999995231628,0.0,0.0,0.0,2015-2019,Pre-Pandemia
Czechia,CZE,2018,Cars,PHEV,0.0,280.0,0.0,0.0,0.0,0.0,2015-2019,Pre-Pandemia
Czechia,CZE,2019,Cars,BEV,0.0,760.0,0.0,0.0,0.0,0.0,2015-2019,Pre-Pandemia
Czechia,CZE,2019,Cars,EV,0.0,0.0,0.490000009536743,0.0,0.0,0.0,2015-2019,Pre-Pandemia
Czechia,CZE,2019,Cars,PHEV,0.0,470.0,0.0,0.0,0.0,0.0,2015-2019,Pre-Pandemia
Czechia,CZE,2020,Cars,BEV,0.0,3300.0,0.0,0.0,0.0,0.0,2020-2023,Pandemia
Czechia,CZE,2020,Cars,EV,0.0,0.0,2.5,0.0,0.0,0.0,2020-2023,Pandemia
Czechia,CZE,2020,Cars,PHEV,0.0,2000.0,0.0,0.0,0.0,0.0,2020-2023,Pandemia
Czechia,CZE,2021,Cars,BEV,0.0,2700.0,0.0,0.0,0.0,0.0,2020-2023,Pandemia
Czechia,CZE,2021,Cars,EV,0.0,0.0,3.09999990463257,0.0,0.0,0.0,2020-2023,Pandemia
Czechia,CZE,2021,Cars,PHEV,0.0,3700.0,0.0,0.0,0.0,0.0,2020-2023,Pandemia
Czechia,CZE,2022,Cars,BEV,0.0,3900.0,0.0,0.0,0.0,0.0,2020-2023,Post-Pandemia
Czechia,CZE,2022,Cars,EV,0.0,0.0,3.90000009536743,0.0,0.0,0.0,2020-2023,Post-Pandemia
Czechia,CZE,2022,Cars,PHEV,0.0,3600.0,0.0,0.0,0.0,0.0,2020-2023,Post-Pandemia
Czechia,CZE,2023,Cars,BEV,0.0,6700.0,0.0,0.0,0.0,0.0,2020-2023,Post-Pandemia
Czechia,CZE,2023,Cars,EV,0.0,0.0,5.40000009536743,0.0,0.0,0.0,2020-2023,Post-Pandemia
Czechia,CZE,2023,Cars,PHEV,0.0,5300.0,0.0,0.0,0.0,0.0,2020-2023,Post-Pandemia
Denmark,DNK,2010,Cars,BEV,0.0,0.0,0.0,59.0,0.0,0.0,2010-2014,Pre-Pandemia
Denmark,DNK,2010,Cars,EV,0.0,0.0,0.0,0.0,0.003700000001118,0.0,2010-2014,Pre-Pandemia
Denmark,DNK,2010,Cars,PHEV,0.0,0.0,0.0,20.0,0.0,0.0,2010-2014,Pre-Pandemia
Denmark,DNK,2010,Trucks,BEV,0.0,4.0,0.0,9.0,0.0,0.0,2010-2014,Pre-Pandemia
Denmark,DNK,2010,Trucks,EV,0.0,0.0,0.140000000596046,0.0,0.019999999552965,0.0,2010-2014,Pre-Pandemia
Denmark,DNK,2010,Vans,BEV,0.0,6.0,0.0,6.0,0.0,0.0,2010-2014,Pre-Pandemia
Denmark,DNK,2010,Vans,EV,0.0,0.0,0.037000000476837,0.0,0.001399999950081,0.0,2010-2014,Pre-Pandemia
Denmark,DNK,2011,Buses,BEV,0.0,1.0,0.0,1.0,0.0,0.0,2010-2014,Pre-Pandemia
Denmark,DNK,2011,Buses,EV,0.0,0.0,0.119999997317791,0.0,0.010999999940395,0.0,2010-2014,Pre-Pandemia
Denmark,DNK,2011,Cars,BEV,0.0,420.0,0.0,480.0,0.0,0.0,2010-2014,Pre-Pandemia
Denmark,DNK,2011,Cars,EV,0.0,0.0,0.25,0.0,0.023000000044704,0.0,2010-2014,Pre-Pandemia
Denmark,DNK,2011,Cars,PHEV,0.0,2.0,0.0,20.0,0.0,0.0,2010-2014,Pre-Pandemia
Denmark,DNK,2011,Trucks,BEV,0.0,0.0,0.0,10.0,0.0,0.0,2010-2014,Pre-Pandemia
Denmark,DNK,2011,Trucks,EV,0.0,0.0,0.0,0.0,0.023000000044704,0.0,2010-2014,Pre-Pandemia
Denmark,DNK,2011,Vans,BEV,0.0,23.0,0.0,29.0,0.0,0.0,2010-2014,Pre-Pandemia
Denmark,DNK,2011,Vans,EV,0.0,0.0,0.097000002861023,0.0,0.006800000090152,0.0,2010-2014,Pre-Pandemia
Denmark,DNK,2012,Buses,BEV,0.0,1.0,0.0,2.0,0.0,0.0,2010-2014,Pre-Pandemia
Denmark,DNK,2012,Buses,EV,0.0,0.0,0.129999995231628,0.0,0.023000000044704,0.0,2010-2014,Pre-Pandemia
Denmark,DNK,2012,Cars,BEV,0.0,490.0,0.0,1200.0,0.0,0.0,2010-2014,Pre-Pandemia
Denmark,DNK,2012,Cars,EV,0.0,0.0,0.28999999165535,0.0,0.056000001728535,0.0,2010-2014,Pre-Pandemia
Denmark,DNK,2012,Cars,PHEV,0.0,12.0,0.0,14.0,0.0,0.0,2010-2014,Pre-Pandemia
Denmark,DNK,2012,EV,Publicly available fast,3.0,0.0,0.0,0.0,0.0,0.0,2010-2014,Pre-Pandemia
Denmark,DNK,2012,EV,Publicly available slow,900.0,0.0,0.0,0.0,0.0,0.0,2010-2014,Pre-Pandemia
Denmark,DNK,2012,Trucks,BEV,0.0,1.0,0.0,10.0,0.0,0.0,2010-2014,Pre-Pandemia
Denmark,DNK,2012,Trucks,EV,0.0,0.0,0.027000000700355,0.0,0.024000000208616,0.0,2010-2014,Pre-Pandemia
Denmark,DNK,2012,Vans,BEV,0.0,130.0,0.0,220.0,0.0,0.0,2010-2014,Pre-Pandemia
Denmark,DNK,2012,Vans,EV,0.0,0.0,0.560000002384186,0.0,0.054999999701977,0.0,2010-2014,Pre-Pandemia
Denmark,DNK,2012,Vans,PHEV,0.0,8.0,0.0,9.0,0.0,0.0,2010-2014,Pre-Pandemia
Denmark,DNK,2013,Buses,BEV,0.0,2.0,0.0,4.0,0.0,0.0,2010-2014,Pre-Pandemia
Denmark,DNK,2013,Buses,EV,0.0,0.0,0.270000010728836,0.0,0.048000000417233,0.0,2010-2014,Pre-Pandemia
Denmark,DNK,2013,Cars,BEV,0.0,500.0,0.0,1500.0,0.0,0.0,2010-2014,Pre-Pandemia
Denmark,DNK,2013,Cars,EV,0.0,0.0,0.280000001192093,0.0,0.068000003695488,0.0,2010-2014,Pre-Pandemia
Denmark,DNK,2013,Cars,FCEV,0.0,15.0,0.0,0.0,0.0,0.0,2010-2014,Pre-Pandemia
Denmark,DNK,2013,Cars,PHEV,0.0,10.0,0.0,14.0,0.0,0.0,2010-2014,Pre-Pandemia
Denmark,DNK,2013,EV,Publicly available fast,56.0,0.0,0.0,0.0,0.0,0.0,2010-2014,Pre-Pandemia
Denmark,DNK,2013,EV,Publicly available slow,990.0,0.0,0.0,0.0,0.0,0.0,2010-2014,Pre-Pandemia
Denmark,DNK,2013,Trucks,BEV,0.0,1.0,0.0,11.0,0.0,0.0,2010-2014,Pre-Pandemia
Denmark,DNK,2013,Trucks,EV,0.0,0.0,0.016000000759959,0.0,0.027000000700355,0.0,2010-2014,Pre-Pandemia
Denmark,DNK,2013,Vans,BEV,0.0,100.0,0.0,310.0,0.0,0.0,2010-2014,Pre-Pandemia
Denmark,DNK,2013,Vans,EV,0.0,0.0,0.439999997615814,0.0,0.079999998211861,0.0,2010-2014,Pre-Pandemia
Denmark,DNK,2013,Vans,PHEV,0.0,2.0,0.0,12.0,0.0,0.0,2010-2014,Pre-Pandemia
Denmark,DNK,2014,Buses,BEV,0.0,0.0,0.0,4.0,0.0,0.0,2010-2014,Pre-Pandemia
Denmark,DNK,2014,Buses,EV,0.0,0.0,0.0,0.0,0.046999998390675,0.0,2010-2014,Pre-Pandemia
Denmark,DNK,2014,Cars,BEV,0.0,1600.0,0.0,2900.0,0.0,0.0,2010-2014,Pre-Pandemia
Denmark,DNK,2014,Cars,EV,0.0,0.0,0.899999976158142,0.0,0.129999995231628,0.0,2010-2014,Pre-Pandemia
Denmark,DNK,2014,Cars,FCEV,0.0,1.0,0.0,0.0,0.0,0.0,2010-2014,Pre-Pandemia
Denmark,DNK,2014,Cars,PHEV,0.0,90.0,0.0,100.0,0.0,0.0,2010-2014,Pre-Pandemia
Denmark,DNK,2014,EV,Publicly available fast,120.0,0.0,0.0,0.0,0.0,0.0,2010-2014,Pre-Pandemia
Denmark,DNK,2014,EV,Publicly available slow,1600.0,0.0,0.0,0.0,0.0,0.0,2010-2014,Pre-Pandemia
Denmark,DNK,2014,Trucks,BEV,0.0,0.0,0.0,11.0,0.0,0.0,2010-2014,Pre-Pandemia
Denmark,DNK,2014,Trucks,EV,0.0,0.0,0.0,0.0,0.027000000700355,0.0,2010-2014,Pre-Pandemia
Denmark,DNK,2014,Vans,BEV,0.0,47.0,0.0,350.0,0.0,0.0,2010-2014,Pre-Pandemia
Denmark,DNK,2014,Vans,EV,0.0,0.0,0.170000001788139,0.0,0.092000000178814,0.0,2010-2014,Pre-Pandemia
Denmark,DNK,2014,Vans,PHEV,0.0,2.0,0.0,14.0,0.0,0.0,2010-2014,Pre-Pandemia
Denmark,DNK,2015,Buses,BEV,0.0,0.0,0.0,4.0,0.0,0.0,2015-2019,Pre-Pandemia
Denmark,DNK,2015,Buses,EV,0.0,0.0,0.0,0.0,0.046999998390675,0.0,2015-2019,Pre-Pandemia
Denmark,DNK,2015,Cars,BEV,0.0,4300.0,0.0,7900.0,0.0,0.0,2015-2019,Pre-Pandemia
Denmark,DNK,2015,Cars,EV,0.0,0.0,2.29999995231628,0.0,0.349999994039536,0.0,2015-2019,Pre-Pandemia
Denmark,DNK,2015,Cars,FCEV,0.0,38.0,0.0,37.0,0.0,0.0,2015-2019,Pre-Pandemia
Denmark,DNK,2015,Cars,PHEV,0.0,420.0,0.0,570.0,0.0,0.0,2015-2019,Pre-Pandemia
Denmark,DNK,2015,EV,Publicly available fast,270.0,0.0,0.0,0.0,0.0,0.0,2015-2019,Pre-Pandemia
Denmark,DNK,2015,EV,Publicly available slow,2100.0,0.0,0.0,0.0,0.0,0.0,2015-2019,Pre-Pandemia
Denmark,DNK,2015,Trucks,BEV,0.0,0.0,0.0,11.0,0.0,0.0,2015-2019,Pre-Pandemia
Denmark,DNK,2015,Trucks,EV,0.0,0.0,0.0,0.0,0.027000000700355,0.0,2015-2019,Pre-Pandemia
Denmark,DNK,2015,Vans,BEV,0.0,260.0,0.0,590.0,0.0,0.0,2015-2019,Pre-Pandemia
Denmark,DNK,2015,Vans,EV,0.0,0.0,1.10000002384186,0.0,0.170000001788139,0.0,2015-2019,Pre-Pandemia
Denmark,DNK,2015,Vans,PHEV,0.0,85.0,0.0,100.0,0.0,0.0,2015-2019,Pre-Pandemia
Denmark,DNK,2016,Buses,BEV,0.0,3.0,0.0,6.0,0.0,0.0,2015-2019,Pre-Pandemia
Denmark,DNK,2016,Buses,EV,0.0,0.0,0.300000011920929,0.0,0.070000000298023,0.0,2015-2019,Pre-Pandemia
Denmark,DNK,2016,Cars,BEV,0.0,1300.0,0.0,8700.0,0.0,0.0,2015-2019,Pre-Pandemia
Denmark,DNK,2016,Cars,EV,0.0,0.0,0.850000023841858,0.0,0.400000005960465,0.0,2015-2019,Pre-Pandemia
Denmark,DNK,2016,Cars,FCEV,0.0,14.0,0.0,68.0,0.0,0.0,2015-2019,Pre-Pandemia
Denmark,DNK,2016,Cars,PHEV,0.0,570.0,0.0,1100.0,0.0,0.0,2015-2019,Pre-Pandemia
Denmark,DNK,2016,EV,Publicly available fast,310.0,0.0,0.0,0.0,0.0,0.0,2015-2019,Pre-Pandemia
Denmark,DNK,2016,EV,Publicly available slow,4200.0,0.0,0.0,0.0,0.0,0.0,2015-2019,Pre-Pandemia
Denmark,DNK,2016,Trucks,BEV,0.0,0.0,0.0,8.0,0.0,0.0,2015-2019,Pre-Pandemia
Denmark,DNK,2016,Trucks,EV,0.0,0.0,0.0,0.0,0.018999999389052,0.0,2015-2019,Pre-Pandemia
Denmark,DNK,2016,Vans,BEV,0.0,57.0,0.0,620.0,0.0,0.0,2015-2019,Pre-Pandemia
Denmark,DNK,2016,Vans,EV,0.0,0.0,0.379999995231628,0.0,0.200000002980232,0.0,2015-2019,Pre-Pandemia
Denmark,DNK,2016,Vans,PHEV,0.0,81.0,0.0,180.0,0.0,0.0,2015-2019,Pre-Pandemia
Denmark,DNK,2017,Buses,BEV,0.0,0.0,0.0,6.0,0.0,0.0,2015-2019,Pre-Pandemia
Denmark,DNK,2017,Buses,EV,0.0,0.0,0.0,0.0,0.071000002324581,0.0,2015-2019,Pre-Pandemia
Denmark,DNK,2017,Cars,BEV,0.0,710.0,0.0,8800.0,0.0,0.0,2015-2019,Pre-Pandemia
Denmark,DNK,2017,Cars,EV,0.0,0.0,0.600000023841858,0.0,0.419999986886978,0.0,2015-2019,Pre-Pandemia
Denmark,DNK,2017,Cars,FCEV,0.0,15.0,0.0,83.0,0.0,0.0,2015-2019,Pre-Pandemia
Denmark,DNK,2017,Cars,PHEV,0.0,620.0,0.0,1800.0,0.0,0.0,2015-2019,Pre-Pandemia
Denmark,DNK,2017,EV,Publicly available fast,370.0,0.0,0.0,0.0,0.0,0.0,2015-2019,Pre-Pandemia
Denmark,DNK,2017,EV,Publicly available slow,4200.0,0.0,0.0,0.0,0.0,0.0,2015-2019,Pre-Pandemia
Denmark,DNK,2017,Trucks,BEV,0.0,1.0,0.0,8.0,0.0,0.0,2015-2019,Pre-Pandemia
Denmark,DNK,2017,Trucks,EV,0.0,0.0,0.014000000432134,0.0,0.017000000923872,0.0,2015-2019,Pre-Pandemia
Denmark,DNK,2017,Vans,BEV,0.0,70.0,0.0,510.0,0.0,0.0,2015-2019,Pre-Pandemia
Denmark,DNK,2017,Vans,EV,0.0,0.0,0.259999990463257,0.0,0.180000007152557,0.0,2015-2019,Pre-Pandemia
Denmark,DNK,2017,Vans,PHEV,0.0,24.0,0.0,200.0,0.0,0.0,2015-2019,Pre-Pandemia
Denmark,DNK,2018,Buses,BEV,0.0,2.0,0.0,8.0,0.0,0.0,2015-2019,Pre-Pandemia
Denmark,DNK,2018,Buses,EV,0.0,0.0,0.150000005960464,0.0,0.065999999642372,0.0,2015-2019,Pre-Pandemia
Denmark,DNK,2018,Cars,BEV,0.0,1500.0,0.0,10000.0,0.0,0.0,2015-2019,Pre-Pandemia
Denmark,DNK,2018,Cars,EV,0.0,0.0,2.09999990463257,0.0,0.589999973773956,0.0,2015-2019,Pre-Pandemia
Denmark,DNK,2018,Cars,FCEV,0.0,5.0,0.0,88.0,0.0,0.0,2015-2019,Pre-Pandemia
Denmark,DNK,2018,Cars,PHEV,0.0,3100.0,0.0,5200.0,0.0,0.0,2015-2019,Pre-Pandemia
Denmark,DNK,2018,EV,Publicly available fast,390.0,0.0,0.0,0.0,0.0,0.0,2015-2019,Pre-Pandemia
Denmark,DNK,2018,EV,Publicly available slow,4300.0,0.0,0.0,0.0,0.0,0.0,2015-2019,Pre-Pandemia
Denmark,DNK,2018,Trucks,BEV,0.0,3.0,0.0,8.0,0.0,0.0,2015-2019,Pre-Pandemia
Denmark,DNK,2018,Trucks,EV,0.0,0.0,0.043000001460314,0.0,0.017000000923872,0.0,2015-2019,Pre-Pandemia
Denmark,DNK,2018,Vans,BEV,0.0,220.0,0.0,670.0,0.0,0.0,2015-2019,Pre-Pandemia
Denmark,DNK,2018,Vans,EV,0.0,0.0,0.75,0.0,0.230000004172325,0.0,2015-2019,Pre-Pandemia
Denmark,DNK,2018,Vans,PHEV,0.0,31.0,0.0,230.0,0.0,0.0,2015-2019,Pre-Pandemia
Denmark,DNK,2019,Buses,BEV,0.0,100.0,0.0,83.0,0.0,0.0,2015-2019,Pre-Pandemia
Denmark,DNK,2019,Buses,EV,0.0,0.0,7.69999980926514,0.0,0.889999985694885,0.0,2015-2019,Pre-Pandemia
Denmark,DNK,2019,Buses,PHEV,0.0,17.0,0.0,24.0,0.0,0.0,2015-2019,Pre-Pandemia
Denmark,DNK,2019,Cars,BEV,0.0,5500.0,0.0,16000.0,0.0,0.0,2015-2019,Pre-Pandemia
Denmark,DNK,2019,Cars,EV,0.0,0.0,4.19999980926514,0.0,0.959999978542328,0.0,2015-2019,Pre-Pandemia
Denmark,DNK,2019,Cars,FCEV,0.0,8.0,0.0,100.0,0.0,0.0,2015-2019,Pre-Pandemia
Denmark,DNK,2019,Cars,PHEV,0.0,3900.0,0.0,9900.0,0.0,0.0,2015-2019,Pre-Pandemia
Denmark,DNK,2019,EV,Publicly available fast,450.0,0.0,0.0,0.0,0.0,0.0,2015-2019,Pre-Pandemia
Denmark,DNK,2019,EV,Publicly available slow,4500.0,0.0,0.0,0.0,0.0,0.0,2015-2019,Pre-Pandemia
Denmark,DNK,2019,Trucks,BEV,0.0,3.0,0.0,13.0,0.0,0.0,2015-2019,Pre-Pandemia
Denmark,DNK,2019,Trucks,EV,0.0,0.0,0.043999999761582,0.0,0.027000000700355,0.0,2015-2019,Pre-Pandemia
Denmark,DNK,2019,Trucks,FCEV,0.0,1.0,0.0,0.0,0.0,0.0,2015-2019,Pre-Pandemia
Denmark,DNK,2019,Vans,BEV,0.0,270.0,0.0,900.0,0.0,0.0,2015-2019,Pre-Pandemia
Denmark,DNK,2019,Vans,EV,0.0,0.0,0.910000026226044,0.0,0.310000002384186,0.0,2015-2019,Pre-Pandemia
Denmark,DNK,2019,Vans,PHEV,0.0,34.0,0.0,260.0,0.0,0.0,2015-2019,Pre-Pandemia
Denmark,DNK,2020,Buses,BEV,0.0,6.0,0.0,88.0,0.0,0.0,2020-2023,Pandemia
Denmark,DNK,2020,Buses,EV,0.0,0.0,2.90000009536743,0.0,0.939999997615814,0.0,2020-2023,Pandemia
Denmark,DNK,2020,Buses,FCEV,0.0,3.0,0.0,3.0,0.0,0.0,2020-2023,Pandemia
Denmark,DNK,2020,Buses,PHEV,0.0,0.0,0.0,23.0,0.0,0.0,2020-2023,Pandemia
Denmark,DNK,2020,Cars,BEV,0.0,14000.0,0.0,32000.0,0.0,0.0,2020-2023,Pandemia
Denmark,DNK,2020,Cars,EV,0.0,0.0,16.0,0.0,2.29999995231628,0.0,2020-2023,Pandemia
Denmark,DNK,2020,Cars,FCEV,0.0,45.0,0.0,150.0,0.0,0.0,2020-2023,Pandemia
Denmark,DNK,2020,Cars,PHEV,0.0,18000.0,0.0,30000.0,0.0,0.0,2020-2023,Pandemia
Denmark,DNK,2020,EV,Publicly available fast,560.0,0.0,0.0,0.0,0.0,0.0,2020-2023,Pandemia
Denmark,DNK,2020,EV,Publicly available slow,5400.0,0.0,0.0,0.0,0.0,0.0,2020-2023,Pandemia
Denmark,DNK,2020,Trucks,BEV,0.0,28.0,0.0,28.0,0.0,0.0,2020-2023,Pandemia
Denmark,DNK,2020,Trucks,EV,0.0,0.0,0.560000002384186,0.0,0.05799999833107,0.0,2020-2023,Pandemia
Denmark,DNK,2020,Trucks,FCEV,0.0,1.0,0.0,0.0,0.0,0.0,2020-2023,Pandemia
Denmark,DNK,2020,Vans,BEV,0.0,620.0,0.0,1300.0,0.0,0.0,2020-2023,Pandemia
Denmark,DNK,2020,Vans,EV,0.0,0.0,2.5,0.0,0.469999998807907,0.0,2020-2023,Pandemia
Denmark,DNK,2020,Vans,FCEV,0.0,0.0,0.0,1.0,0.0,0.0,2020-2023,Pandemia
Denmark,DNK,2020,Vans,PHEV,0.0,160.0,0.0,430.0,0.0,0.0,2020-2023,Pandemia
Denmark,DNK,2021,Buses,BEV,0.0,220.0,0.0,310.0,0.0,0.0,2020-2023,Pandemia
Denmark,DNK,2021,Buses,EV,0.0,0.0,18.0,0.0,3.0,0.0,2020-2023,Pandemia
Denmark,DNK,2021,Buses,FCEV,0.0,0.0,0.0,4.0,0.0,0.0,2020-2023,Pandemia
Denmark,DNK,2021,Buses,PHEV,0.0,0.0,0.0,24.0,0.0,0.0,2020-2023,Pandemia
Denmark,DNK,2021,Cars,BEV,0.0,25000.0,0.0,67000.0,0.0,0.0,2020-2023,Pandemia
Denmark,DNK,2021,Cars,EV,0.0,0.0,35.0,0.0,5.19999980926514,0.0,2020-2023,Pandemia
Denmark,DNK,2021,Cars,FCEV,0.0,78.0,0.0,230.0,0.0,0.0,2020-2023,Pandemia
Denmark,DNK,2021,Cars,PHEV,0.0,40000.0,0.0,78000.0,0.0,0.0,2020-2023,Pandemia
Denmark,DNK,2021,EV,Publicly available fast,240.0,0.0,0.0,0.0,0.0,0.0,2020-2023,Pandemia
Denmark,DNK,2021,EV,Publicly available slow,7000.0,0.0,0.0,0.0,0.0,0.0,2020-2023,Pandemia
Denmark,DNK,2021,Trucks,BEV,0.0,50.0,0.0,56.0,0.0,0.0,2020-2023,Pandemia
Denmark,DNK,2021,Trucks,EV,0.0,0.0,0.819999992847443,0.0,0.109999999403954,0.0,2020-2023,Pandemia
Denmark,DNK,2021,Trucks,FCEV,0.0,1.0,0.0,0.0,0.0,0.0,2020-2023,Pandemia
Denmark,DNK,2021,Vans,BEV,0.0,1500.0,0.0,2600.0,0.0,0.0,2020-2023,Pandemia
Denmark,DNK,2021,Vans,EV,0.0,0.0,5.69999980926514,0.0,0.920000016689301,0.0,2020-2023,Pandemia
Denmark,DNK,2021,Vans,FCEV,0.0,2.0,0.0,3.0,0.0,0.0,2020-2023,Pandemia
Denmark,DNK,2021,Vans,PHEV,0.0,320.0,0.0,780.0,0.0,0.0,2020-2023,Pandemia
Denmark,DNK,2022,Buses,BEV,0.0,400.0,0.0,700.0,0.0,0.0,2020-2023,Post-Pandemia
Denmark,DNK,2022,Buses,EV,0.0,0.0,34.0,0.0,6.5,0.0,2020-2023,Post-Pandemia
Denmark,DNK,2022,Buses,FCEV,0.0,0.0,0.0,4.0,0.0,0.0,2020-2023,Post-Pandemia
Denmark,DNK,2022,Buses,PHEV,0.0,0.0,0.0,26.0,0.0,0.0,2020-2023,Post-Pandemia
Denmark,DNK,2022,Cars,BEV,0.0,31000.0,0.0,110000.0,0.0,0.0,2020-2023,Post-Pandemia
Denmark,DNK,2022,Cars,EV,0.0,0.0,39.0,0.0,7.80000019073486,0.0,2020-2023,Post-Pandemia
Denmark,DNK,2022,Cars,FCEV,0.0,6.0,0.0,230.0,0.0,0.0,2020-2023,Post-Pandemia
Denmark,DNK,2022,Cars,PHEV,0.0,26000.0,0.0,100000.0,0.0,0.0,2020-2023,Post-Pandemia
Denmark,DNK,2022,EV,Publicly available fast,1200.0,0.0,0.0,0.0,0.0,0.0,2020-2023,Post-Pandemia
Denmark,DNK,2022,EV,Publicly available slow,8300.0,0.0,0.0,0.0,0.0,0.0,2020-2023,Post-Pandemia
Denmark,DNK,2022,Trucks,BEV,0.0,100.0,0.0,99.0,0.0,0.0,2020-2023,Post-Pandemia
Denmark,DNK,2022,Trucks,EV,0.0,0.0,2.09999990463257,0.0,0.200000002980232,0.0,2020-2023,Post-Pandemia
Denmark,DNK,2022,Vans,BEV,0.0,1900.0,0.0,4400.0,0.0,0.0,2020-2023,Post-Pandemia
Denmark,DNK,2022,Vans,EV,0.0,0.0,8.69999980926514,0.0,1.5,0.0,2020-2023,Post-Pandemia
Denmark,DNK,2022,Vans,FCEV,0.0,0.0,0.0,2.0,0.0,0.0,2020-2023,Post-Pandemia
Denmark,DNK,2022,Vans,PHEV,0.0,370.0,0.0,1200.0,0.0,0.0,2020-2023,Post-Pandemia
Denmark,DNK,2023,Buses,BEV,0.0,200.0,0.0,920.0,0.0,0.0,2020-2023,Post-Pandemia
Denmark,DNK,2023,Buses,EV,0.0,0.0,19.0,0.0,8.5,0.0,2020-2023,Post-Pandemia
Denmark,DNK,2023,Buses,FCEV,0.0,0.0,0.0,3.0,0.0,0.0,2020-2023,Post-Pandemia
Denmark,DNK,2023,Buses,PHEV,0.0,0.0,0.0,17.0,0.0,0.0,2020-2023,Post-Pandemia
Denmark,DNK,2023,Cars,BEV,0.0,63000.0,0.0,200000.0,0.0,0.0,2020-2023,Post-Pandemia
Denmark,DNK,2023,Cars,EV,0.0,0.0,46.0,0.0,11.0,0.0,2020-2023,Post-Pandemia
Denmark,DNK,2023,Cars,FCEV,0.0,1.0,0.0,230.0,0.0,0.0,2020-2023,Post-Pandemia
Denmark,DNK,2023,Cars,PHEV,0.0,17000.0,0.0,110000.0,0.0,0.0,2020-2023,Post-Pandemia
Denmark,DNK,2023,EV,Publicly available fast,3000.0,0.0,0.0,0.0,0.0,0.0,2020-2023,Post-Pandemia
Denmark,DNK,2023,EV,Publicly available slow,14000.0,0.0,0.0,0.0,0.0,0.0,2020-2023,Post-Pandemia
Denmark,DNK,2023,Trucks,BEV,0.0,320.0,0.0,460.0,0.0,0.0,2020-2023,Post-Pandemia
Denmark,DNK,2023,Trucks,EV,0.0,0.0,5.5,0.0,0.980000019073486,0.0,2020-2023,Post-Pandemia
Denmark,DNK,2023,Trucks,FCEV,0.0,0.0,0.0,3.0,0.0,0.0,2020-2023,Post-Pandemia
Denmark,DNK,2023,Vans,BEV,0.0,2900.0,0.0,7300.0,0.0,0.0,2020-2023,Post-Pandemia
Denmark,DNK,2023,Vans,EV,0.0,0.0,13.0,0.0,2.40000009536743,0.0,2020-2023,Post-Pandemia
Denmark,DNK,2023,Vans,FCEV,0.0,0.0,0.0,2.0,0.0,0.0,2020-2023,Post-Pandemia
Denmark,DNK,2023,Vans,PHEV,0.0,370.0,0.0,1500.0,0.0,0.0,2020-2023,Post-Pandemia
Estonia,EST,2015,Cars,BEV,0.0,34.0,0.0,0.0,0.0,0.0,2015-2019,Pre-Pandemia
Estonia,EST,2015,Cars,EV,0.0,0.0,0.159999996423721,0.0,0.0,0.0,2015-2019,Pre-Pandemia
Estonia,EST,2016,Cars,BEV,0.0,35.0,0.0,0.0,0.0,0.0,2015-2019,Pre-Pandemia
Estonia,EST,2016,Cars,EV,0.0,0.0,0.150000005960464,0.0,0.0,0.0,2015-2019,Pre-Pandemia
Estonia,EST,2017,Cars,BEV,0.0,26.0,0.0,0.0,0.0,0.0,2015-2019,Pre-Pandemia
Estonia,EST,2017,Cars,EV,0.0,0.0,0.180000007152557,0.0,0.0,0.0,2015-2019,Pre-Pandemia
Estonia,EST,2017,Cars,PHEV,0.0,20.0,0.0,0.0,0.0,0.0,2015-2019,Pre-Pandemia
Estonia,EST,2018,Cars,BEV,0.0,85.0,0.0,0.0,0.0,0.0,2015-2019,Pre-Pandemia
Estonia,EST,2018,Cars,EV,0.0,0.0,0.46000000834465,0.0,0.0,0.0,2015-2019,Pre-Pandemia
Estonia,EST,2018,Cars,PHEV,0.0,33.0,0.0,0.0,0.0,0.0,2015-2019,Pre-Pandemia
Estonia,EST,2019,Cars,BEV,0.0,80.0,0.0,0.0,0.0,0.0,2015-2019,Pre-Pandemia
Estonia,EST,2019,Cars,EV,0.0,0.0,0.360000014305115,0.0,0.0,0.0,2015-2019,Pre-Pandemia
Estonia,EST,2019,Cars,PHEV,0.0,17.0,0.0,0.0,0.0,0.0,2015-2019,Pre-Pandemia
Estonia,EST,2020,Cars,BEV,0.0,340.0,0.0,0.0,0.0,0.0,2020-2023,Pandemia
Estonia,EST,2020,Cars,EV,0.0,0.0,1.79999995231628,0.0,0.0,0.0,2020-2023,Pandemia
Estonia,EST,2020,Cars,PHEV,0.0,75.0,0.0,0.0,0.0,0.0,2020-2023,Pandemia
Estonia,EST,2021,Cars,BEV,0.0,480.0,0.0,0.0,0.0,0.0,2020-2023,Pandemia
Estonia,EST,2021,Cars,EV,0.0,0.0,3.20000004768372,0.0,0.0,0.0,2020-2023,Pandemia
Estonia,EST,2021,Cars,PHEV,0.0,240.0,0.0,0.0,0.0,0.0,2020-2023,Pandemia
Estonia,EST,2022,Cars,BEV,0.0,730.0,0.0,0.0,0.0,0.0,2020-2023,Post-Pandemia
Estonia,EST,2022,Cars,EV,0.0,0.0,5.40000009536743,0.0,0.0,0.0,2020-2023,Post-Pandemia
Estonia,EST,2022,Cars,PHEV,0.0,430.0,0.0,0.0,0.0,0.0,2020-2023,Post-Pandemia
Estonia,EST,2023,Cars,BEV,0.0,1400.0,0.0,0.0,0.0,0.0,2020-2023,Post-Pandemia
Estonia,EST,2023,Cars,EV,0.0,0.0,8.80000019073486,0.0,0.0,0.0,2020-2023,Post-Pandemia
Estonia,EST,2023,Cars,PHEV,0.0,560.0,0.0,0.0,0.0,0.0,2020-2023,Post-Pandemia
Finland,FIN,2011,Cars,BEV,0.0,30.0,0.0,56.0,0.0,0.0,2010-2014,Pre-Pandemia
Finland,FIN,2011,Cars,EV,0.0,0.0,0.025000000372529,0.0,0.002000000094995,0.0,2010-2014,Pre-Pandemia
Finland,FIN,2012,Cars,BEV,0.0,51.0,0.0,110.0,0.0,0.0,2010-2014,Pre-Pandemia
Finland,FIN,2012,Cars,EV,0.0,0.0,0.170000001788139,0.0,0.008600000292063,0.0,2010-2014,Pre-Pandemia
Finland,FIN,2012,Cars,PHEV,0.0,130.0,0.0,130.0,0.0,0.0,2010-2014,Pre-Pandemia
Finland,FIN,2013,Cars,BEV,0.0,50.0,0.0,170.0,0.0,0.0,2010-2014,Pre-Pandemia
Finland,FIN,2013,Cars,EV,0.0,0.0,0.209999993443489,0.0,0.017000000923872,0.0,2010-2014,Pre-Pandemia
Finland,FIN,2013,Cars,PHEV,0.0,170.0,0.0,300.0,0.0,0.0,2010-2014,Pre-Pandemia
Finland,FIN,2013,EV,Publicly available fast,17.0,0.0,0.0,0.0,0.0,0.0,2010-2014,Pre-Pandemia
Finland,FIN,2013,EV,Publicly available slow,250.0,0.0,0.0,0.0,0.0,0.0,2010-2014,Pre-Pandemia
Finland,FIN,2014,Cars,BEV,0.0,180.0,0.0,360.0,0.0,0.0,2010-2014,Pre-Pandemia
Finland,FIN,2014,Cars,EV,0.0,0.0,0.409999996423721,0.0,0.034000001847744,0.0,2010-2014,Pre-Pandemia
Finland,FIN,2014,Cars,PHEV,0.0,260.0,0.0,570.0,0.0,0.0,2010-2014,Pre-Pandemia
Finland,FIN,2014,EV,Publicly available fast,26.0,0.0,0.0,0.0,0.0,0.0,2010-2014,Pre-Pandemia
Finland,FIN,2014,EV,Publicly available slow,360.0,0.0,0.0,0.0,0.0,0.0,2010-2014,Pre-Pandemia
Finland,FIN,2015,Cars,BEV,0.0,240.0,0.0,610.0,0.0,0.0,2015-2019,Pre-Pandemia
Finland,FIN,2015,Cars,EV,0.0,0.0,0.600000023841858,0.0,0.05799999833107,0.0,2015-2019,Pre-Pandemia
Finland,FIN,2015,Cars,PHEV,0.0,420.0,0.0,970.0,0.0,0.0,2015-2019,Pre-Pandemia
Finland,FIN,2015,EV,Publicly available fast,130.0,0.0,0.0,0.0,0.0,0.0,2015-2019,Pre-Pandemia
Finland,FIN,2015,EV,Publicly available slow,710.0,0.0,0.0,0.0,0.0,0.0,2015-2019,Pre-Pandemia
Finland,FIN,2016,Buses,BEV,0.0,0.0,0.0,13.0,0.0,0.0,2015-2019,Pre-Pandemia
Finland,FIN,2016,Buses,EV,0.0,0.0,0.0,0.0,0.239999994635582,0.0,2015-2019,Pre-Pandemia
Finland,FIN,2016,Buses,PHEV,0.0,0.0,0.0,13.0,0.0,0.0,2015-2019,Pre-Pandemia
Finland,FIN,2016,Cars,BEV,0.0,220.0,0.0,840.0,0.0,0.0,2015-2019,Pre-Pandemia
Finland,FIN,2016,Cars,EV,0.0,0.0,1.20000004768372,0.0,0.119999997317791,0.0,2015-2019,Pre-Pandemia
Finland,FIN,2016,Cars,PHEV,0.0,1200.0,0.0,2400.0,0.0,0.0,2015-2019,Pre-Pandemia
Finland,FIN,2016,EV,Publicly available fast,140.0,0.0,0.0,0.0,0.0,0.0,2015-2019,Pre-Pandemia
Finland,FIN,2016,EV,Publicly available slow,710.0,0.0,0.0,0.0,0.0,0.0,2015-2019,Pre-Pandemia
Finland,FIN,2017,Buses,BEV,0.0,2.0,0.0,22.0,0.0,0.0,2015-2019,Pre-Pandemia
Finland,FIN,2017,Buses,EV,0.0,0.0,0.389999985694885,0.0,0.409999996423721,0.0,2015-2019,Pre-Pandemia
Finland,FIN,2017,Buses,PHEV,0.0,0.0,0.0,22.0,0.0,0.0,2015-2019,Pre-Pandemia
Finland,FIN,2017,Cars,BEV,0.0,500.0,0.0,1400.0,0.0,0.0,2015-2019,Pre-Pandemia
Finland,FIN,2017,Cars,EV,0.0,0.0,2.59999990463257,0.0,0.259999990463257,0.0,2015-2019,Pre-Pandemia
Finland,FIN,2017,Cars,PHEV,0.0,2600.0,0.0,5700.0,0.0,0.0,2015-2019,Pre-Pandemia
Finland,FIN,2017,EV,Publicly available fast,140.0,0.0,0.0,0.0,0.0,0.0,2015-2019,Pre-Pandemia
Finland,FIN,2017,EV,Publicly available slow,710.0,0.0,0.0,0.0,0.0,0.0,2015-2019,Pre-Pandemia
Finland,FIN,2017,Trucks,BEV,0.0,2.0,0.0,0.0,0.0,0.0,2015-2019,Pre-Pandemia
Finland,FIN,2017,Trucks,EV,0.0,0.0,0.050000000745058,0.0,0.0,0.0,2015-2019,Pre-Pandemia
Finland,FIN,2017,Vans,BEV,0.0,49.0,0.0,210.0,0.0,0.0,2015-2019,Pre-Pandemia
Finland,FIN,2017,Vans,EV,0.0,0.0,0.319999992847443,0.0,0.06700000166893,0.0,2015-2019,Pre-Pandemia
Finland,FIN,2018,Buses,BEV,0.0,1.0,0.0,21.0,0.0,0.0,2015-2019,Pre-Pandemia
Finland,FIN,2018,Buses,EV,0.0,0.0,0.200000002980232,0.0,0.379999995231628,0.0,2015-2019,Pre-Pandemia
Finland,FIN,2018,Buses,PHEV,0.0,0.0,0.0,21.0,0.0,0.0,2015-2019,Pre-Pandemia
Finland,FIN,2018,Cars,BEV,0.0,780.0,0.0,2400.0,0.0,0.0,2015-2019,Pre-Pandemia
Finland,FIN,2018,Cars,EV,0.0,0.0,4.69999980926514,0.0,0.560000002384186,0.0,2015-2019,Pre-Pandemia
Finland,FIN,2018,Cars,PHEV,0.0,4900.0,0.0,13000.0,0.0,0.0,2015-2019,Pre-Pandemia
Finland,FIN,2018,EV,Publicly available fast,220.0,0.0,0.0,0.0,0.0,0.0,2015-2019,Pre-Pandemia
Finland,FIN,2018,EV,Publicly available slow,710.0,0.0,0.0,0.0,0.0,0.0,2015-2019,Pre-Pandemia
Finland,FIN,2018,Vans,BEV,0.0,55.0,0.0,260.0,0.0,0.0,2015-2019,Pre-Pandemia
Finland,FIN,2018,Vans,EV,0.0,0.0,0.349999994039536,0.0,0.081000000238419,0.0,2015-2019,Pre-Pandemia
Finland,FIN,2019,Buses,BEV,0.0,40.0,0.0,62.0,0.0,0.0,2015-2019,Pre-Pandemia
Finland,FIN,2019,Buses,EV,0.0,0.0,6.80000019073486,0.0,1.10000002384186,0.0,2015-2019,Pre-Pandemia
Finland,FIN,2019,Buses,PHEV,0.0,0.0,0.0,62.0,0.0,0.0,2015-2019,Pre-Pandemia
Finland,FIN,2019,Cars,BEV,0.0,1900.0,0.0,4700.0,0.0,0.0,2015-2019,Pre-Pandemia
Finland,FIN,2019,Cars,EV,0.0,0.0,6.90000009536743,0.0,1.10000002384186,0.0,2015-2019,Pre-Pandemia
Finland,FIN,2019,Cars,FCEV,0.0,0.0,0.0,1.0,0.0,0.0,2015-2019,Pre-Pandemia
Finland,FIN,2019,Cars,PHEV,0.0,6000.0,0.0,25000.0,0.0,0.0,2015-2019,Pre-Pandemia
Finland,FIN,2019,EV,Publicly available fast,340.0,0.0,0.0,0.0,0.0,0.0,2015-2019,Pre-Pandemia
Finland,FIN,2019,EV,Publicly available slow,1800.0,0.0,0.0,0.0,0.0,0.0,2015-2019,Pre-Pandemia
Finland,FIN,2019,Trucks,BEV,0.0,2.0,0.0,2.0,0.0,0.0,2015-2019,Pre-Pandemia
Finland,FIN,2019,Trucks,EV,0.0,0.0,0.043000001460314,0.0,0.002300000051036,0.0,2015-2019,Pre-Pandemia
Finland,FIN,2019,Vans,BEV,0.0,60.0,0.0,310.0,0.0,0.0,2015-2019,Pre-Pandemia
Finland,FIN,2019,Vans,EV,0.0,0.0,0.409999996423721,0.0,0.109999999403954,0.0,2015-2019,Pre-Pandemia
Finland,FIN,2019,Vans,PHEV,0.0,0.0,0.0,39.0,0.0,0.0,2015-2019,Pre-Pandemia
Finland,FIN,2020,Buses,BEV,0.0,25.0,0.0,87.0,0.0,0.0,2020-2023,Pandemia
Finland,FIN,2020,Buses,EV,0.0,0.0,8.80000019073486,0.0,0.779999971389771,0.0,2020-2023,Pandemia
Finland,FIN,2020,Cars,BEV,0.0,4200.0,0.0,9700.0,0.0,0.0,2020-2023,Pandemia
Finland,FIN,2020,Cars,EV,0.0,0.0,18.0,0.0,2.0,0.0,2020-2023,Pandemia
Finland,FIN,2020,Cars,FCEV,0.0,0.0,0.0,1.0,0.0,0.0,2020-2023,Pandemia
Finland,FIN,2020,Cars,PHEV,0.0,13000.0,0.0,46000.0,0.0,0.0,2020-2023,Pandemia
Finland,FIN,2020,EV,Publicly available fast,410.0,0.0,0.0,0.0,0.0,0.0,2020-2023,Pandemia
Finland,FIN,2020,EV,Publicly available slow,3900.0,0.0,0.0,0.0,0.0,0.0,2020-2023,Pandemia
Finland,FIN,2020,Trucks,BEV,0.0,5.0,0.0,7.0,0.0,0.0,2020-2023,Pandemia
Finland,FIN,2020,Trucks,EV,0.0,0.0,0.129999995231628,0.0,0.008100000210106,0.0,2020-2023,Pandemia
Finland,FIN,2020,Vans,BEV,0.0,170.0,0.0,440.0,0.0,0.0,2020-2023,Pandemia
Finland,FIN,2020,Vans,EV,0.0,0.0,1.60000002384186,0.0,0.170000001788139,0.0,2020-2023,Pandemia
Finland,FIN,2020,Vans,PHEV,0.0,39.0,0.0,110.0,0.0,0.0,2020-2023,Pandemia
Finland,FIN,2021,Buses,BEV,0.0,190.0,0.0,270.0,0.0,0.0,2020-2023,Pandemia
Finland,FIN,2021,Buses,EV,0.0,0.0,49.0,0.0,2.40000009536743,0.0,2020-2023,Pandemia
Finland,FIN,2021,Buses,PHEV,0.0,0.0,0.0,2.0,0.0,0.0,2020-2023,Pandemia
Finland,FIN,2021,Cars,BEV,0.0,10000.0,0.0,23000.0,0.0,0.0,2020-2023,Pandemia
Finland,FIN,2021,Cars,EV,0.0,0.0,31.0,0.0,3.59999990463257,0.0,2020-2023,Pandemia
Finland,FIN,2021,Cars,FCEV,0.0,1.0,0.0,1.0,0.0,0.0,2020-2023,Pandemia
Finland,FIN,2021,Cars,PHEV,0.0,20000.0,0.0,77000.0,0.0,0.0,2020-2023,Pandemia
Finland,FIN,2021,EV,Publicly available fast,770.0,0.0,0.0,0.0,0.0,0.0,2020-2023,Pandemia
Finland,FIN,2021,EV,Publicly available slow,5800.0,0.0,0.0,0.0,0.0,0.0,2020-2023,Pandemia
Finland,FIN,2021,Trucks,BEV,0.0,3.0,0.0,9.0,0.0,0.0,2020-2023,Pandemia
Finland,FIN,2021,Trucks,EV,0.0,0.0,0.07599999755621,0.0,0.009999999776483,0.0,2020-2023,Pandemia
Finland,FIN,2021,Vans,BEV,0.0,340.0,0.0,800.0,0.0,0.0,2020-2023,Pandemia
Finland,FIN,2021,Vans,EV,0.0,0.0,2.79999995231628,0.0,0.300000011920929,0.0,2020-2023,Pandemia
Finland,FIN,2021,Vans,PHEV,0.0,38.0,0.0,180.0,0.0,0.0,2020-2023,Pandemia
Finland,FIN,2022,Buses,BEV,0.0,280.0,0.0,550.0,0.0,0.0,2020-2023,Post-Pandemia
Finland,FIN,2022,Buses,EV,0.0,0.0,66.0,0.0,4.90000009536743,0.0,2020-2023,Post-Pandemia
Finland,FIN,2022,Buses,PHEV,0.0,0.0,0.0,2.0,0.0,0.0,2020-2023,Post-Pandemia
Finland,FIN,2022,Cars,BEV,0.0,15000.0,0.0,45000.0,0.0,0.0,2020-2023,Post-Pandemia
Finland,FIN,2022,Cars,EV,0.0,0.0,38.0,0.0,5.40000009536743,0.0,2020-2023,Post-Pandemia
Finland,FIN,2022,Cars,FCEV,0.0,0.0,0.0,2.0,0.0,0.0,2020-2023,Post-Pandemia
Finland,FIN,2022,Cars,PHEV,0.0,16000.0,0.0,100000.0,0.0,0.0,2020-2023,Post-Pandemia
Finland,FIN,2022,EV,Publicly available fast,1300.0,0.0,0.0,0.0,0.0,0.0,2020-2023,Post-Pandemia
Finland,FIN,2022,EV,Publicly available slow,7700.0,0.0,0.0,0.0,0.0,0.0,2020-2023,Post-Pandemia
Finland,FIN,2022,Trucks,BEV,0.0,19.0,0.0,25.0,0.0,0.0,2020-2023,Post-Pandemia
Finland,FIN,2022,Trucks,EV,0.0,0.0,0.569999992847443,0.0,0.028999999165535,0.0,2020-2023,Post-Pandemia
Finland,FIN,2022,Vans,BEV,0.0,680.0,0.0,1600.0,0.0,0.0,2020-2023,Post-Pandemia
Finland,FIN,2022,Vans,EV,0.0,0.0,6.40000009536743,0.0,0.569999992847443,0.0,2020-2023,Post-Pandemia
Finland,FIN,2022,Vans,PHEV,0.0,27.0,0.0,260.0,0.0,0.0,2020-2023,Post-Pandemia
Finland,FIN,2023,Buses,BEV,0.0,110.0,0.0,640.0,0.0,0.0,2020-2023,Post-Pandemia
Finland,FIN,2023,Buses,EV,0.0,0.0,43.0,0.0,5.80000019073486,0.0,2020-2023,Post-Pandemia
Finland,FIN,2023,Buses,PHEV,0.0,0.0,0.0,2.0,0.0,0.0,2020-2023,Post-Pandemia
Finland,FIN,2023,Cars,BEV,0.0,30000.0,0.0,84000.0,0.0,0.0,2020-2023,Post-Pandemia
Finland,FIN,2023,Cars,EV,0.0,0.0,54.0,0.0,8.10000038146973,0.0,2020-2023,Post-Pandemia
Finland,FIN,2023,Cars,FCEV,0.0,0.0,0.0,2.0,0.0,0.0,2020-2023,Post-Pandemia
Finland,FIN,2023,Cars,PHEV,0.0,18000.0,0.0,140000.0,0.0,0.0,2020-2023,Post-Pandemia
Finland,FIN,2023,EV,Publicly available fast,2800.0,0.0,0.0,0.0,0.0,0.0,2020-2023,Post-Pandemia
Finland,FIN,2023,EV,Publicly available slow,9300.0,0.0,0.0,0.0,0.0,0.0,2020-2023,Post-Pandemia
Finland,FIN,2023,Trucks,BEV,0.0,76.0,0.0,110.0,0.0,0.0,2020-2023,Post-Pandemia
Finland,FIN,2023,Trucks,EV,0.0,0.0,1.89999997615814,0.0,0.119999997317791,0.0,2020-2023,Post-Pandemia
Finland,FIN,2023,Vans,BEV,0.0,1600.0,0.0,3200.0,0.0,0.0,2020-2023,Post-Pandemia
Finland,FIN,2023,Vans,EV,0.0,0.0,15.0,0.0,1.10000002384186,0.0,2020-2023,Post-Pandemia
Finland,FIN,2023,Vans,PHEV,0.0,14.0,0.0,290.0,0.0,0.0,2020-2023,Post-Pandemia
France,FRA,2010,Buses,BEV,0.0,16.0,0.0,44.0,0.0,0.0,2010-2014,Pre-Pandemia
France,FRA,2010,Buses,EV,0.0,0.0,0.28999999165535,0.0,0.048000000417233,0.0,2010-2014,Pre-Pandemia
France,FRA,2010,Cars,BEV,0.0,190.0,0.0,300.0,0.0,0.0,2010-2014,Pre-Pandemia
France,FRA,2010,Cars,EV,0.0,0.0,0.012000000104308,0.0,0.000929999980144,0.0,2010-2014,Pre-Pandemia
France,FRA,2010,Cars,PHEV,0.0,82.0,0.0,0.0,0.0,0.0,2010-2014,Pre-Pandemia
France,FRA,2010,Trucks,BEV,0.0,21.0,0.0,62.0,0.0,0.0,2010-2014,Pre-Pandemia
France,FRA,2010,Trucks,EV,0.0,0.0,0.061999998986721,0.0,0.014000000432134,0.0,2010-2014,Pre-Pandemia
France,FRA,2010,Vans,BEV,0.0,800.0,0.0,1500.0,0.0,0.0,2010-2014,Pre-Pandemia
France,FRA,2010,Vans,EV,0.0,0.0,0.189999997615814,0.0,0.035999998450279,0.0,2010-2014,Pre-Pandemia
France,FRA,2010,Vans,PHEV,0.0,0.0,0.0,210.0,0.0,0.0,2010-2014,Pre-Pandemia
France,FRA,2011,Buses,BEV,0.0,21.0,0.0,64.0,0.0,0.0,2010-2014,Pre-Pandemia
France,FRA,2011,Buses,EV,0.0,0.0,0.330000013113022,0.0,0.068999998271465,0.0,2010-2014,Pre-Pandemia
France,FRA,2011,Cars,BEV,0.0,2600.0,0.0,2900.0,0.0,0.0,2010-2014,Pre-Pandemia
France,FRA,2011,Cars,EV,0.0,0.0,0.119999997317791,0.0,0.009300000034273,0.0,2010-2014,Pre-Pandemia
France,FRA,2011,Cars,PHEV,0.0,56.0,0.0,96.0,0.0,0.0,2010-2014,Pre-Pandemia
France,FRA,2011,Trucks,BEV,0.0,8.0,0.0,65.0,0.0,0.0,2010-2014,Pre-Pandemia
France,FRA,2011,Trucks,EV,0.0,0.0,0.017000000923872,0.0,0.012000000104308,0.0,2010-2014,Pre-Pandemia
France,FRA,2011,Vans,BEV,0.0,1700.0,0.0,3200.0,0.0,0.0,2010-2014,Pre-Pandemia
France,FRA,2011,Vans,EV,0.0,0.0,0.389999985694885,0.0,0.059000000357628,0.0,2010-2014,Pre-Pandemia
France,FRA,2011,Vans,PHEV,0.0,0.0,0.0,260.0,0.0,0.0,2010-2014,Pre-Pandemia
France,FRA,2012,Buses,BEV,0.0,25.0,0.0,92.0,0.0,0.0,2010-2014,Pre-Pandemia
France,FRA,2012,Buses,EV,0.0,0.0,0.430000007152557,0.0,0.098999999463558,0.0,2010-2014,Pre-Pandemia
France,FRA,2012,Cars,BEV,0.0,5700.0,0.0,8600.0,0.0,0.0,2010-2014,Pre-Pandemia
France,FRA,2012,Cars,EV,0.0,0.0,0.330000013113022,0.0,0.028000000864267,0.0,2010-2014,Pre-Pandemia
France,FRA,2012,Cars,PHEV,0.0,660.0,0.0,700.0,0.0,0.0,2010-2014,Pre-Pandemia
France,FRA,2012,EV,Publicly available fast,9.0,0.0,0.0,0.0,0.0,0.0,2010-2014,Pre-Pandemia
France,FRA,2012,EV,Publicly available slow,800.0,0.0,0.0,0.0,0.0,0.0,2010-2014,Pre-Pandemia
France,FRA,2012,Trucks,BEV,0.0,6.0,0.0,64.0,0.0,0.0,2010-2014,Pre-Pandemia
France,FRA,2012,Trucks,EV,0.0,0.0,0.014000000432134,0.0,0.012000000104308,0.0,2010-2014,Pre-Pandemia
France,FRA,2012,Vans,BEV,0.0,3600.0,0.0,6800.0,0.0,0.0,2010-2014,Pre-Pandemia
France,FRA,2012,Vans,EV,0.0,0.0,0.959999978542328,0.0,0.119999997317791,0.0,2010-2014,Pre-Pandemia
France,FRA,2012,Vans,FCEV,0.0,0.0,0.0,1.0,0.0,0.0,2010-2014,Pre-Pandemia
France,FRA,2012,Vans,PHEV,0.0,0.0,0.0,300.0,0.0,0.0,2010-2014,Pre-Pandemia
France,FRA,2013,Buses,BEV,0.0,24.0,0.0,120.0,0.0,0.0,2010-2014,Pre-Pandemia
France,FRA,2013,Buses,EV,0.0,0.0,0.370000004768372,0.0,0.119999997317791,0.0,2010-2014,Pre-Pandemia
France,FRA,2013,Cars,BEV,0.0,8900.0,0.0,17000.0,0.0,0.0,2010-2014,Pre-Pandemia
France,FRA,2013,Cars,EV,0.0,0.0,0.529999971389771,0.0,0.05799999833107,0.0,2010-2014,Pre-Pandemia
France,FRA,2013,Cars,FCEV,0.0,1.0,0.0,1.0,0.0,0.0,2010-2014,Pre-Pandemia
France,FRA,2013,Cars,PHEV,0.0,850.0,0.0,1500.0,0.0,0.0,2010-2014,Pre-Pandemia
France,FRA,2013,EV,Publicly available fast,100.0,0.0,0.0,0.0,0.0,0.0,2010-2014,Pre-Pandemia
France,FRA,2013,EV,Publicly available slow,1700.0,0.0,0.0,0.0,0.0,0.0,2010-2014,Pre-Pandemia
France,FRA,2013,Trucks,BEV,0.0,7.0,0.0,69.0,0.0,0.0,2010-2014,Pre-Pandemia
France,FRA,2013,Trucks,EV,0.0,0.0,0.016000000759959,0.0,0.013000000268221,0.0,2010-2014,Pre-Pandemia
France,FRA,2013,Vans,BEV,0.0,5100.0,0.0,12000.0,0.0,0.0,2010-2014,Pre-Pandemia
France,FRA,2013,Vans,EV,0.0,0.0,1.5,0.0,0.209999993443489,0.0,2010-2014,Pre-Pandemia
France,FRA,2013,Vans,FCEV,0.0,1.0,0.0,1.0,0.0,0.0,2010-2014,Pre-Pandemia
France,FRA,2013,Vans,PHEV,0.0,0.0,0.0,360.0,0.0,0.0,2010-2014,Pre-Pandemia
France,FRA,2014,Buses,BEV,0.0,40.0,0.0,150.0,0.0,0.0,2010-2014,Pre-Pandemia
France,FRA,2014,Buses,EV,0.0,0.0,0.699999988079071,0.0,0.159999996423721,0.0,2010-2014,Pre-Pandemia
France,FRA,2014,Cars,BEV,0.0,11000.0,0.0,28000.0,0.0,0.0,2010-2014,Pre-Pandemia
France,FRA,2014,Cars,EV,0.0,0.0,0.689999997615814,0.0,0.097000002861023,0.0,2010-2014,Pre-Pandemia
France,FRA,2014,Cars,FCEV,0.0,1.0,0.0,2.0,0.0,0.0,2010-2014,Pre-Pandemia
France,FRA,2014,Cars,PHEV,0.0,2100.0,0.0,3600.0,0.0,0.0,2010-2014,Pre-Pandemia
France,FRA,2014,EV,Publicly available fast,110.0,0.0,0.0,0.0,0.0,0.0,2010-2014,Pre-Pandemia
France,FRA,2014,EV,Publicly available slow,1700.0,0.0,0.0,0.0,0.0,0.0,2010-2014,Pre-Pandemia
France,FRA,2014,Trucks,BEV,0.0,12.0,0.0,72.0,0.0,0.0,2010-2014,Pre-Pandemia
France,FRA,2014,Trucks,EV,0.0,0.0,0.032999999821186,0.0,0.013000000268221,0.0,2010-2014,Pre-Pandemia
France,FRA,2014,Vans,BEV,0.0,4500.0,0.0,16000.0,0.0,0.0,2010-2014,Pre-Pandemia
France,FRA,2014,Vans,EV,0.0,0.0,1.29999995231628,0.0,0.280000001192093,0.0,2010-2014,Pre-Pandemia
France,FRA,2014,Vans,FCEV,0.0,4.0,0.0,2.0,0.0,0.0,2010-2014,Pre-Pandemia
France,FRA,2014,Vans,PHEV,0.0,0.0,0.0,430.0,0.0,0.0,2010-2014,Pre-Pandemia
France,FRA,2015,Buses,BEV,0.0,51.0,0.0,190.0,0.0,0.0,2015-2019,Pre-Pandemia
France,FRA,2015,Buses,EV,0.0,0.0,0.699999988079071,0.0,0.189999997615814,0.0,2015-2019,Pre-Pandemia
France,FRA,2015,Cars,BEV,0.0,18000.0,0.0,45000.0,0.0,0.0,2015-2019,Pre-Pandemia
France,FRA,2015,Cars,EV,0.0,0.0,1.20000004768372,0.0,0.170000001788139,0.0,2015-2019,Pre-Pandemia
France,FRA,2015,Cars,FCEV,0.0,10.0,0.0,12.0,0.0,0.0,2015-2019,Pre-Pandemia
France,FRA,2015,Cars,PHEV,0.0,5800.0,0.0,9300.0,0.0,0.0,2015-2019,Pre-Pandemia
France,FRA,2015,EV,Publicly available fast,580.0,0.0,0.0,0.0,0.0,0.0,2015-2019,Pre-Pandemia
France,FRA,2015,EV,Publicly available slow,9900.0,0.0,0.0,0.0,0.0,0.0,2015-2019,Pre-Pandemia
France,FRA,2015,Trucks,BEV,0.0,1.0,0.0,58.0,0.0,0.0,2015-2019,Pre-Pandemia
France,FRA,2015,Trucks,EV,0.0,0.0,0.002400000113994,0.0,0.009999999776483,0.0,2015-2019,Pre-Pandemia
France,FRA,2015,Vans,BEV,0.0,4900.0,0.0,21000.0,0.0,0.0,2015-2019,Pre-Pandemia
France,FRA,2015,Vans,EV,0.0,0.0,1.60000002384186,0.0,0.370000004768372,0.0,2015-2019,Pre-Pandemia
France,FRA,2015,Vans,FCEV,0.0,53.0,0.0,55.0,0.0,0.0,2015-2019,Pre-Pandemia
France,FRA,2015,Vans,PHEV,0.0,10.0,0.0,630.0,0.0,0.0,2015-2019,Pre-Pandemia
France,FRA,2016,Buses,BEV,0.0,74.0,0.0,250.0,0.0,0.0,2015-2019,Pre-Pandemia
France,FRA,2016,Buses,EV,0.0,0.0,1.20000004768372,0.0,0.25,0.0,2015-2019,Pre-Pandemia
France,FRA,2016,Buses,PHEV,0.0,1.0,0.0,1.0,0.0,0.0,2015-2019,Pre-Pandemia
France,FRA,2016,Cars,BEV,0.0,23000.0,0.0,67000.0,0.0,0.0,2015-2019,Pre-Pandemia
France,FRA,2016,Cars,EV,0.0,0.0,1.39999997615814,0.0,0.259999990463257,0.0,2015-2019,Pre-Pandemia
France,FRA,2016,Cars,FCEV,0.0,34.0,0.0,46.0,0.0,0.0,2015-2019,Pre-Pandemia
France,FRA,2016,Cars,PHEV,0.0,7600.0,0.0,17000.0,0.0,0.0,2015-2019,Pre-Pandemia
France,FRA,2016,EV,Publicly available fast,1000.0,0.0,0.0,0.0,0.0,0.0,2015-2019,Pre-Pandemia
France,FRA,2016,EV,Publicly available slow,19000.0,0.0,0.0,0.0,0.0,0.0,2015-2019,Pre-Pandemia
France,FRA,2016,Trucks,BEV,0.0,6.0,0.0,58.0,0.0,0.0,2015-2019,Pre-Pandemia
France,FRA,2016,Trucks,EV,0.0,0.0,0.013000000268221,0.0,0.009899999946356,0.0,2015-2019,Pre-Pandemia
France,FRA,2016,Vans,BEV,0.0,5500.0,0.0,27000.0,0.0,0.0,2015-2019,Pre-Pandemia
France,FRA,2016,Vans,EV,0.0,0.0,1.89999997615814,0.0,0.46000000834465,0.0,2015-2019,Pre-Pandemia
France,FRA,2016,Vans,FCEV,0.0,99.0,0.0,150.0,0.0,0.0,2015-2019,Pre-Pandemia
France,FRA,2016,Vans,PHEV,0.0,0.0,0.0,1000.0,0.0,0.0,2015-2019,Pre-Pandemia
France,FRA,2017,Buses,BEV,0.0,17.0,0.0,300.0,0.0,0.0,2015-2019,Pre-Pandemia
France,FRA,2017,Buses,EV,0.0,0.0,0.270000010728836,0.0,0.300000011920929,0.0,2015-2019,Pre-Pandemia
France,FRA,2017,Buses,PHEV,0.0,0.0,0.0,1.0,0.0,0.0,2015-2019,Pre-Pandemia
France,FRA,2017,Cars,BEV,0.0,26000.0,0.0,93000.0,0.0,0.0,2015-2019,Pre-Pandemia
France,FRA,2017,Cars,EV,0.0,0.0,1.70000004768372,0.0,0.46000000834465,0.0,2015-2019,Pre-Pandemia
France,FRA,2017,Cars,FCEV,0.0,46.0,0.0,92.0,0.0,0.0,2015-2019,Pre-Pandemia
France,FRA,2017,Cars,PHEV,0.0,12000.0,0.0,54000.0,0.0,0.0,2015-2019,Pre-Pandemia
France,FRA,2017,EV,Publicly available fast,1000.0,0.0,0.0,0.0,0.0,0.0,2015-2019,Pre-Pandemia
France,FRA,2017,EV,Publicly available slow,20000.0,0.0,0.0,0.0,0.0,0.0,2015-2019,Pre-Pandemia
France,FRA,2017,Trucks,BEV,0.0,16.0,0.0,67.0,0.0,0.0,2015-2019,Pre-Pandemia
France,FRA,2017,Trucks,EV,0.0,0.0,0.032000001519919,0.0,0.013000000268221,0.0,2015-2019,Pre-Pandemia
France,FRA,2017,Trucks,PHEV,0.0,0.0,0.0,10.0,0.0,0.0,2015-2019,Pre-Pandemia
France,FRA,2017,Vans,BEV,0.0,6000.0,0.0,33000.0,0.0,0.0,2015-2019,Pre-Pandemia
France,FRA,2017,Vans,EV,0.0,0.0,1.89999997615814,0.0,0.560000002384186,0.0,2015-2019,Pre-Pandemia
France,FRA,2017,Vans,FCEV,0.0,25.0,0.0,180.0,0.0,0.0,2015-2019,Pre-Pandemia
France,FRA,2017,Vans,PHEV,0.0,0.0,0.0,1600.0,0.0,0.0,2015-2019,Pre-Pandemia
France,FRA,2018,Buses,BEV,0.0,95.0,0.0,340.0,0.0,0.0,2015-2019,Pre-Pandemia
France,FRA,2018,Buses,EV,0.0,0.0,1.60000002384186,0.0,0.389999985694885,0.0,2015-2019,Pre-Pandemia
France,FRA,2018,Buses,PHEV,0.0,0.0,0.0,1.0,0.0,0.0,2015-2019,Pre-Pandemia
France,FRA,2018,Cars,BEV,0.0,33000.0,0.0,120000.0,0.0,0.0,2015-2019,Pre-Pandemia
France,FRA,2018,Cars,EV,0.0,0.0,2.0,0.0,0.600000023841858,0.0,2015-2019,Pre-Pandemia
France,FRA,2018,Cars,FCEV,0.0,10.0,0.0,100.0,0.0,0.0,2015-2019,Pre-Pandemia
France,FRA,2018,Cars,PHEV,0.0,15000.0,0.0,68000.0,0.0,0.0,2015-2019,Pre-Pandemia
France,FRA,2018,EV,Publicly available fast,1700.0,0.0,0.0,0.0,0.0,0.0,2015-2019,Pre-Pandemia
France,FRA,2018,EV,Publicly available slow,23000.0,0.0,0.0,0.0,0.0,0.0,2015-2019,Pre-Pandemia
France,FRA,2018,Trucks,BEV,0.0,26.0,0.0,83.0,0.0,0.0,2015-2019,Pre-Pandemia
France,FRA,2018,Trucks,EV,0.0,0.0,0.048000000417233,0.0,0.017000000923872,0.0,2015-2019,Pre-Pandemia
France,FRA,2018,Trucks,PHEV,0.0,0.0,0.0,20.0,0.0,0.0,2015-2019,Pre-Pandemia
France,FRA,2018,Vans,BEV,0.0,8200.0,0.0,41000.0,0.0,0.0,2015-2019,Pre-Pandemia
France,FRA,2018,Vans,EV,0.0,0.0,2.40000009536743,0.0,0.699999988079071,0.0,2015-2019,Pre-Pandemia
France,FRA,2018,Vans,FCEV,0.0,92.0,0.0,270.0,0.0,0.0,2015-2019,Pre-Pandemia
France,FRA,2018,Vans,PHEV,0.0,0.0,0.0,2500.0,0.0,0.0,2015-2019,Pre-Pandemia
France,FRA,2019,Buses,BEV,0.0,280.0,0.0,570.0,0.0,0.0,2015-2019,Pre-Pandemia
France,FRA,2019,Buses,EV,0.0,0.0,4.19999980926514,0.0,0.649999976158142,0.0,2015-2019,Pre-Pandemia
France,FRA,2019,Buses,PHEV,0.0,0.0,0.0,1.0,0.0,0.0,2015-2019,Pre-Pandemia
France,FRA,2019,Cars,BEV,0.0,45000.0,0.0,170000.0,0.0,0.0,2015-2019,Pre-Pandemia
France,FRA,2019,Cars,EV,0.0,0.0,2.70000004768372,0.0,0.660000026226044,0.0,2015-2019,Pre-Pandemia
France,FRA,2019,Cars,FCEV,0.0,60.0,0.0,170.0,0.0,0.0,2015-2019,Pre-Pandemia
France,FRA,2019,Cars,PHEV,0.0,19000.0,0.0,85000.0,0.0,0.0,2015-2019,Pre-Pandemia
France,FRA,2019,EV,Publicly available fast,2000.0,0.0,0.0,0.0,0.0,0.0,2015-2019,Pre-Pandemia
France,FRA,2019,EV,Publicly available slow,28000.0,0.0,0.0,0.0,0.0,0.0,2015-2019,Pre-Pandemia
France,FRA,2019,Trucks,BEV,0.0,21.0,0.0,78.0,0.0,0.0,2015-2019,Pre-Pandemia
France,FRA,2019,Trucks,EV,0.0,0.0,0.037999998778105,0.0,0.014999999664724,0.0,2015-2019,Pre-Pandemia
France,FRA,2019,Trucks,PHEV,0.0,0.0,0.0,10.0,0.0,0.0,2015-2019,Pre-Pandemia
France,FRA,2019,Vans,BEV,0.0,8100.0,0.0,49000.0,0.0,0.0,2015-2019,Pre-Pandemia
France,FRA,2019,Vans,EV,0.0,0.0,2.29999995231628,0.0,0.889999985694885,0.0,2015-2019,Pre-Pandemia
France,FRA,2019,Vans,FCEV,0.0,0.0,0.0,270.0,0.0,0.0,2015-2019,Pre-Pandemia
France,FRA,2019,Vans,PHEV,0.0,4.0,0.0,4200.0,0.0,0.0,2015-2019,Pre-Pandemia
France,FRA,2020,Buses,BEV,0.0,180.0,0.0,690.0,0.0,0.0,2020-2023,Pandemia
France,FRA,2020,Buses,EV,0.0,0.0,2.90000009536743,0.0,0.779999971389771,0.0,2020-2023,Pandemia
France,FRA,2020,Buses,FCEV,0.0,0.0,0.0,3.0,0.0,0.0,2020-2023,Pandemia
France,FRA,2020,Cars,BEV,0.0,110000.0,0.0,280000.0,0.0,0.0,2020-2023,Pandemia
France,FRA,2020,Cars,EV,0.0,0.0,11.0,0.0,1.10000002384186,0.0,2020-2023,Pandemia
France,FRA,2020,Cars,FCEV,0.0,210.0,0.0,380.0,0.0,0.0,2020-2023,Pandemia
France,FRA,2020,Cars,PHEV,0.0,75000.0,0.0,160000.0,0.0,0.0,2020-2023,Pandemia
France,FRA,2020,EV,Publicly available fast,3300.0,0.0,0.0,0.0,0.0,0.0,2020-2023,Pandemia
France,FRA,2020,EV,Publicly available slow,31000.0,0.0,0.0,0.0,0.0,0.0,2020-2023,Pandemia
France,FRA,2020,Trucks,BEV,0.0,15.0,0.0,70.0,0.0,0.0,2020-2023,Pandemia
France,FRA,2020,Trucks,EV,0.0,0.0,0.035000000149012,0.0,0.013000000268221,0.0,2020-2023,Pandemia
France,FRA,2020,Trucks,PHEV,0.0,0.0,0.0,10.0,0.0,0.0,2020-2023,Pandemia
France,FRA,2020,Vans,BEV,0.0,9200.0,0.0,58000.0,0.0,0.0,2020-2023,Pandemia
France,FRA,2020,Vans,EV,0.0,0.0,3.0,0.0,1.0,0.0,2020-2023,Pandemia
France,FRA,2020,Vans,FCEV,0.0,0.0,0.0,270.0,0.0,0.0,2020-2023,Pandemia
France,FRA,2020,Vans,PHEV,0.0,0.0,0.0,4200.0,0.0,0.0,2020-2023,Pandemia
France,FRA,2021,Buses,BEV,0.0,620.0,0.0,1300.0,0.0,0.0,2020-2023,Pandemia
France,FRA,2021,Buses,EV,0.0,0.0,9.19999980926514,0.0,1.5,0.0,2020-2023,Pandemia
France,FRA,2021,Buses,FCEV,0.0,1.0,0.0,4.0,0.0,0.0,2020-2023,Pandemia
France,FRA,2021,Buses,PHEV,0.0,0.0,0.0,70.0,0.0,0.0,2020-2023,Pandemia
France,FRA,2021,Cars,BEV,0.0,170000.0,0.0,440000.0,0.0,0.0,2020-2023,Pandemia
France,FRA,2021,Cars,EV,0.0,0.0,17.0,0.0,1.89999997615814,0.0,2020-2023,Pandemia
France,FRA,2021,Cars,FCEV,0.0,14.0,0.0,400.0,0.0,0.0,2020-2023,Pandemia
France,FRA,2021,Cars,PHEV,0.0,140000.0,0.0,300000.0,0.0,0.0,2020-2023,Pandemia
France,FRA,2021,EV,Publicly available fast,4500.0,0.0,0.0,0.0,0.0,0.0,2020-2023,Pandemia
France,FRA,2021,EV,Publicly available slow,50000.0,0.0,0.0,0.0,0.0,0.0,2020-2023,Pandemia
France,FRA,2021,Trucks,BEV,0.0,29.0,0.0,79.0,0.0,0.0,2020-2023,Pandemia
France,FRA,2021,Trucks,EV,0.0,0.0,0.086000002920628,0.0,0.013000000268221,0.0,2020-2023,Pandemia
France,FRA,2021,Trucks,PHEV,0.0,10.0,0.0,0.0,0.0,0.0,2020-2023,Pandemia
France,FRA,2021,Vans,BEV,0.0,12000.0,0.0,69000.0,0.0,0.0,2020-2023,Pandemia
France,FRA,2021,Vans,EV,0.0,0.0,3.0,0.0,1.10000002384186,0.0,2020-2023,Pandemia
France,FRA,2021,Vans,FCEV,0.0,20.0,0.0,290.0,0.0,0.0,2020-2023,Pandemia
France,FRA,2021,Vans,PHEV,0.0,800.0,0.0,1500.0,0.0,0.0,2020-2023,Pandemia
France,FRA,2022,Buses,BEV,0.0,800.0,0.0,1700.0,0.0,0.0,2020-2023,Post-Pandemia
France,FRA,2022,Buses,EV,0.0,0.0,14.0,0.0,1.89999997615814,0.0,2020-2023,Post-Pandemia
France,FRA,2022,Buses,FCEV,0.0,0.0,0.0,1.0,0.0,0.0,2020-2023,Post-Pandemia
France,FRA,2022,Buses,PHEV,0.0,2.0,0.0,70.0,0.0,0.0,2020-2023,Post-Pandemia
France,FRA,2022,Cars,BEV,0.0,210000.0,0.0,620000.0,0.0,0.0,2020-2023,Post-Pandemia
France,FRA,2022,Cars,EV,0.0,0.0,20.0,0.0,2.79999995231628,0.0,2020-2023,Post-Pandemia
France,FRA,2022,Cars,FCEV,0.0,200.0,0.0,590.0,0.0,0.0,2020-2023,Post-Pandemia
France,FRA,2022,Cars,PHEV,0.0,130000.0,0.0,430000.0,0.0,0.0,2020-2023,Post-Pandemia
France,FRA,2022,EV,Publicly available fast,9700.0,0.0,0.0,0.0,0.0,0.0,2020-2023,Post-Pandemia
France,FRA,2022,EV,Publicly available slow,74000.0,0.0,0.0,0.0,0.0,0.0,2020-2023,Post-Pandemia
France,FRA,2022,Trucks,BEV,0.0,380.0,0.0,440.0,0.0,0.0,2020-2023,Post-Pandemia
France,FRA,2022,Trucks,EV,0.0,0.0,0.850000023841858,0.0,0.072999998927116,0.0,2020-2023,Post-Pandemia
France,FRA,2022,Vans,BEV,0.0,16000.0,0.0,74000.0,0.0,0.0,2020-2023,Post-Pandemia
France,FRA,2022,Vans,EV,0.0,0.0,4.90000009536743,0.0,1.20000004768372,0.0,2020-2023,Post-Pandemia
France,FRA,2022,Vans,FCEV,0.0,0.0,0.0,270.0,0.0,0.0,2020-2023,Post-Pandemia
France,FRA,2022,Vans,PHEV,0.0,520.0,0.0,990.0,0.0,0.0,2020-2023,Post-Pandemia
France,FRA,2023,Buses,BEV,0.0,740.0,0.0,2100.0,0.0,0.0,2020-2023,Post-Pandemia
France,FRA,2023,Buses,EV,0.0,0.0,13.0,0.0,2.29999995231628,0.0,2020-2023,Post-Pandemia
France,FRA,2023,Buses,FCEV,0.0,22.0,0.0,23.0,0.0,0.0,2020-2023,Post-Pandemia
France,FRA,2023,Buses,PHEV,0.0,0.0,0.0,3.0,0.0,0.0,2020-2023,Post-Pandemia
France,FRA,2023,Cars,BEV,0.0,310000.0,0.0,980000.0,0.0,0.0,2020-2023,Post-Pandemia
France,FRA,2023,Cars,EV,0.0,0.0,25.0,0.0,4.09999990463257,0.0,2020-2023,Post-Pandemia
France,FRA,2023,Cars,FCEV,0.0,310.0,0.0,890.0,0.0,0.0,2020-2023,Post-Pandemia
France,FRA,2023,Cars,PHEV,0.0,160000.0,0.0,590000.0,0.0,0.0,2020-2023,Post-Pandemia
France,FRA,2023,EV,Publicly available fast,20000.0,0.0,0.0,0.0,0.0,0.0,2020-2023,Post-Pandemia
France,FRA,2023,EV,Publicly available slow,98000.0,0.0,0.0,0.0,0.0,0.0,2020-2023,Post-Pandemia
France,FRA,2023,Trucks,BEV,0.0,3200.0,0.0,3700.0,0.0,0.0,2020-2023,Post-Pandemia
France,FRA,2023,Trucks,EV,0.0,0.0,6.19999980926514,0.0,0.600000023841858,0.0,2020-2023,Post-Pandemia
France,FRA,2023,Trucks,FCEV,0.0,1.0,0.0,1.0,0.0,0.0,2020-2023,Post-Pandemia
France,FRA,2023,Trucks,PHEV,0.0,0.0,0.0,10.0,0.0,0.0,2020-2023,Post-Pandemia
France,FRA,2023,Vans,BEV,0.0,30000.0,0.0,81000.0,0.0,0.0,2020-2023,Post-Pandemia
France,FRA,2023,Vans,EV,0.0,0.0,7.59999990463257,0.0,1.29999995231628,0.0,2020-2023,Post-Pandemia
France,FRA,2023,Vans,FCEV,0.0,0.0,0.0,290.0,0.0,0.0,2020-2023,Post-Pandemia
France,FRA,2023,Vans,PHEV,0.0,220.0,0.0,1600.0,0.0,0.0,2020-2023,Post-Pandemia
Germany,DEU,2010,Cars,BEV,0.0,140.0,0.0,250.0,0.0,0.0,2010-2014,Pre-Pandemia
Germany,DEU,2010,Cars,EV,0.0,0.0,0.004900000058115,0.0,0.000579999992624,0.0,2010-2014,Pre-Pandemia
Germany,DEU,2010,Cars,FCEV,0.0,16.0,0.0,19.0,0.0,0.0,2010-2014,Pre-Pandemia
Germany,DEU,2010,Vans,BEV,0.0,170.0,0.0,220.0,0.0,0.0,2010-2014,Pre-Pandemia
Germany,DEU,2010,Vans,EV,0.0,0.0,0.086999997496605,0.0,0.012000000104308,0.0,2010-2014,Pre-Pandemia
Germany,DEU,2010,Vans,FCEV,0.0,2.0,0.0,2.0,0.0,0.0,2010-2014,Pre-Pandemia
Germany,DEU,2011,Cars,BEV,0.0,1400.0,0.0,1600.0,0.0,0.0,2010-2014,Pre-Pandemia
Germany,DEU,2011,Cars,EV,0.0,0.0,0.052000001072884,0.0,0.004399999976158,0.0,2010-2014,Pre-Pandemia
Germany,DEU,2011,Cars,FCEV,0.0,38.0,0.0,57.0,0.0,0.0,2010-2014,Pre-Pandemia
Germany,DEU,2011,Cars,PHEV,0.0,240.0,0.0,240.0,0.0,0.0,2010-2014,Pre-Pandemia
Germany,DEU,2011,Vans,BEV,0.0,280.0,0.0,500.0,0.0,0.0,2010-2014,Pre-Pandemia
Germany,DEU,2011,Vans,EV,0.0,0.0,0.119999997317791,0.0,0.024000000208616,0.0,2010-2014,Pre-Pandemia
Germany,DEU,2011,Vans,FCEV,0.0,0.0,0.0,2.0,0.0,0.0,2010-2014,Pre-Pandemia
Germany,DEU,2012,Cars,BEV,0.0,2200.0,0.0,3900.0,0.0,0.0,2010-2014,Pre-Pandemia
Germany,DEU,2012,Cars,EV,0.0,0.0,0.109999999403954,0.0,0.012000000104308,0.0,2010-2014,Pre-Pandemia
Germany,DEU,2012,Cars,FCEV,0.0,29.0,0.0,86.0,0.0,0.0,2010-2014,Pre-Pandemia
Germany,DEU,2012,Cars,PHEV,0.0,1200.0,0.0,1400.0,0.0,0.0,2010-2014,Pre-Pandemia
Germany,DEU,2012,EV,Publicly available fast,18.0,0.0,0.0,0.0,0.0,0.0,2010-2014,Pre-Pandemia
Germany,DEU,2012,EV,Publicly available slow,1500.0,0.0,0.0,0.0,0.0,0.0,2010-2014,Pre-Pandemia
Germany,DEU,2012,Vans,BEV,0.0,950.0,0.0,1400.0,0.0,0.0,2010-2014,Pre-Pandemia
Germany,DEU,2012,Vans,EV,0.0,0.0,0.430000007152557,0.0,0.06700000166893,0.0,2010-2014,Pre-Pandemia
Germany,DEU,2012,Vans,FCEV,0.0,0.0,0.0,2.0,0.0,0.0,2010-2014,Pre-Pandemia
Germany,DEU,2013,Cars,BEV,0.0,5200.0,0.0,9200.0,0.0,0.0,2010-2014,Pre-Pandemia
Germany,DEU,2013,Cars,EV,0.0,0.0,0.230000004172325,0.0,0.028000000864267,0.0,2010-2014,Pre-Pandemia
Germany,DEU,2013,Cars,FCEV,0.0,23.0,0.0,110.0,0.0,0.0,2010-2014,Pre-Pandemia
Germany,DEU,2013,Cars,PHEV,0.0,1600.0,0.0,3000.0,0.0,0.0,2010-2014,Pre-Pandemia
Germany,DEU,2013,EV,Publicly available fast,47.0,0.0,0.0,0.0,0.0,0.0,2010-2014,Pre-Pandemia
Germany,DEU,2013,EV,Publicly available slow,2400.0,0.0,0.0,0.0,0.0,0.0,2010-2014,Pre-Pandemia
Germany,DEU,2013,Vans,BEV,0.0,600.0,0.0,2000.0,0.0,0.0,2010-2014,Pre-Pandemia
Germany,DEU,2013,Vans,EV,0.0,0.0,0.28999999165535,0.0,0.093000002205372,0.0,2010-2014,Pre-Pandemia
Germany,DEU,2013,Vans,FCEV,0.0,0.0,0.0,2.0,0.0,0.0,2010-2014,Pre-Pandemia
Germany,DEU,2013,Vans,PHEV,0.0,2.0,0.0,2.0,0.0,0.0,2010-2014,Pre-Pandemia
Germany,DEU,2014,Cars,BEV,0.0,9100.0,0.0,18000.0,0.0,0.0,2010-2014,Pre-Pandemia
Germany,DEU,2014,Cars,EV,0.0,0.0,0.449999988079071,0.0,0.056000001728535,0.0,2010-2014,Pre-Pandemia
Germany,DEU,2014,Cars,FCEV,0.0,8.0,0.0,120.0,0.0,0.0,2010-2014,Pre-Pandemia
Germany,DEU,2014,Cars,PHEV,0.0,4400.0,0.0,7400.0,0.0,0.0,2010-2014,Pre-Pandemia
Germany,DEU,2014,EV,Publicly available fast,120.0,0.0,0.0,0.0,0.0,0.0,2010-2014,Pre-Pandemia
Germany,DEU,2014,EV,Publicly available slow,2600.0,0.0,0.0,0.0,0.0,0.0,2010-2014,Pre-Pandemia
Germany,DEU,2014,Vans,BEV,0.0,720.0,0.0,2800.0,0.0,0.0,2010-2014,Pre-Pandemia
Germany,DEU,2014,Vans,EV,0.0,0.0,0.319999992847443,0.0,0.119999997317791,0.0,2010-2014,Pre-Pandemia
Germany,DEU,2014,Vans,FCEV,0.0,0.0,0.0,2.0,0.0,0.0,2010-2014,Pre-Pandemia
Germany,DEU,2014,Vans,PHEV,0.0,0.0,0.0,2.0,0.0,0.0,2010-2014,Pre-Pandemia
Germany,DEU,2015,Cars,BEV,0.0,12000.0,0.0,26000.0,0.0,0.0,2015-2019,Pre-Pandemia
Germany,DEU,2015,Cars,EV,0.0,0.0,0.730000019073486,0.0,0.097000002861023,0.0,2015-2019,Pre-Pandemia
Germany,DEU,2015,Cars,FCEV,0.0,63.0,0.0,180.0,0.0,0.0,2015-2019,Pre-Pandemia
Germany,DEU,2015,Cars,PHEV,0.0,11000.0,0.0,19000.0,0.0,0.0,2015-2019,Pre-Pandemia
Germany,DEU,2015,EV,Publicly available fast,470.0,0.0,0.0,0.0,0.0,0.0,2015-2019,Pre-Pandemia
Germany,DEU,2015,EV,Publicly available slow,4600.0,0.0,0.0,0.0,0.0,0.0,2015-2019,Pre-Pandemia
Germany,DEU,2015,Vans,BEV,0.0,1000.0,0.0,3800.0,0.0,0.0,2015-2019,Pre-Pandemia
Germany,DEU,2015,Vans,EV,0.0,0.0,0.439999997615814,0.0,0.159999996423721,0.0,2015-2019,Pre-Pandemia
Germany,DEU,2015,Vans,FCEV,0.0,0.0,0.0,2.0,0.0,0.0,2015-2019,Pre-Pandemia
Germany,DEU,2015,Vans,PHEV,0.0,2.0,0.0,4.0,0.0,0.0,2015-2019,Pre-Pandemia
Germany,DEU,2016,Buses,BEV,0.0,110.0,0.0,110.0,0.0,0.0,2015-2019,Pre-Pandemia
Germany,DEU,2016,Buses,EV,0.0,0.0,3.40000009536743,0.0,0.28999999165535,0.0,2015-2019,Pre-Pandemia
Germany,DEU,2016,Buses,FCEV,0.0,16.0,0.0,0.0,0.0,0.0,2015-2019,Pre-Pandemia
Germany,DEU,2016,Buses,PHEV,0.0,120.0,0.0,120.0,0.0,0.0,2015-2019,Pre-Pandemia
Germany,DEU,2016,Cars,BEV,0.0,11000.0,0.0,34000.0,0.0,0.0,2015-2019,Pre-Pandemia
Germany,DEU,2016,Cars,EV,0.0,0.0,0.740000009536743,0.0,0.140000000596046,0.0,2015-2019,Pre-Pandemia
Germany,DEU,2016,Cars,FCEV,0.0,0.0,0.0,180.0,0.0,0.0,2015-2019,Pre-Pandemia
Germany,DEU,2016,Cars,PHEV,0.0,13000.0,0.0,32000.0,0.0,0.0,2015-2019,Pre-Pandemia
Germany,DEU,2016,EV,Publicly available fast,630.0,0.0,0.0,0.0,0.0,0.0,2015-2019,Pre-Pandemia
Germany,DEU,2016,EV,Publicly available slow,5800.0,0.0,0.0,0.0,0.0,0.0,2015-2019,Pre-Pandemia
Germany,DEU,2016,Vans,BEV,0.0,2400.0,0.0,6200.0,0.0,0.0,2015-2019,Pre-Pandemia
Germany,DEU,2016,Vans,EV,0.0,0.0,0.97000002861023,0.0,0.25,0.0,2015-2019,Pre-Pandemia
Germany,DEU,2016,Vans,PHEV,0.0,0.0,0.0,4.0,0.0,0.0,2015-2019,Pre-Pandemia
Germany,DEU,2017,Buses,BEV,0.0,29.0,0.0,140.0,0.0,0.0,2015-2019,Pre-Pandemia
Germany,DEU,2017,Buses,EV,0.0,0.0,0.430000007152557,0.0,0.330000013113022,0.0,2015-2019,Pre-Pandemia
Germany,DEU,2017,Buses,FCEV,0.0,8.0,0.0,0.0,0.0,0.0,2015-2019,Pre-Pandemia
Germany,DEU,2017,Buses,PHEV,0.0,0.0,0.0,120.0,0.0,0.0,2015-2019,Pre-Pandemia
Germany,DEU,2017,Cars,BEV,0.0,25000.0,0.0,54000.0,0.0,0.0,2015-2019,Pre-Pandemia
Germany,DEU,2017,Cars,EV,0.0,0.0,1.60000002384186,0.0,0.219999998807907,0.0,2015-2019,Pre-Pandemia
Germany,DEU,2017,Cars,FCEV,0.0,82.0,0.0,260.0,0.0,0.0,2015-2019,Pre-Pandemia
Germany,DEU,2017,Cars,PHEV,0.0,29000.0,0.0,50000.0,0.0,0.0,2015-2019,Pre-Pandemia
Germany,DEU,2017,EV,Publicly available fast,1400.0,0.0,0.0,0.0,0.0,0.0,2015-2019,Pre-Pandemia
Germany,DEU,2017,EV,Publicly available slow,9400.0,0.0,0.0,0.0,0.0,0.0,2015-2019,Pre-Pandemia
Germany,DEU,2017,Vans,BEV,0.0,4500.0,0.0,11000.0,0.0,0.0,2015-2019,Pre-Pandemia
Germany,DEU,2017,Vans,EV,0.0,0.0,1.70000004768372,0.0,0.439999997615814,0.0,2015-2019,Pre-Pandemia
Germany,DEU,2017,Vans,PHEV,0.0,0.0,0.0,4.0,0.0,0.0,2015-2019,Pre-Pandemia
Germany,DEU,2018,Buses,BEV,0.0,43.0,0.0,160.0,0.0,0.0,2015-2019,Pre-Pandemia
Germany,DEU,2018,Buses,EV,0.0,0.0,0.639999985694885,0.0,0.349999994039536,0.0,2015-2019,Pre-Pandemia
Germany,DEU,2018,Buses,PHEV,0.0,0.0,0.0,120.0,0.0,0.0,2015-2019,Pre-Pandemia
Germany,DEU,2018,Cars,BEV,0.0,36000.0,0.0,83000.0,0.0,0.0,2015-2019,Pre-Pandemia
Germany,DEU,2018,Cars,EV,0.0,0.0,2.0,0.0,0.349999994039536,0.0,2015-2019,Pre-Pandemia
Germany,DEU,2018,Cars,FCEV,0.0,110.0,0.0,370.0,0.0,0.0,2015-2019,Pre-Pandemia
Germany,DEU,2018,Cars,PHEV,0.0,31000.0,0.0,82000.0,0.0,0.0,2015-2019,Pre-Pandemia
Germany,DEU,2018,EV,Publicly available fast,2500.0,0.0,0.0,0.0,0.0,0.0,2015-2019,Pre-Pandemia
Germany,DEU,2018,EV,Publicly available slow,17000.0,0.0,0.0,0.0,0.0,0.0,2015-2019,Pre-Pandemia
Germany,DEU,2018,Trucks,BEV,0.0,280.0,0.0,280.0,0.0,0.0,2015-2019,Pre-Pandemia
Germany,DEU,2018,Trucks,EV,0.0,0.0,0.300000011920929,0.0,0.029999999329448,0.0,2015-2019,Pre-Pandemia
Germany,DEU,2018,Vans,BEV,0.0,6000.0,0.0,17000.0,0.0,0.0,2015-2019,Pre-Pandemia
Germany,DEU,2018,Vans,EV,0.0,0.0,2.20000004768372,0.0,0.610000014305115,0.0,2015-2019,Pre-Pandemia
Germany,DEU,2018,Vans,PHEV,0.0,0.0,0.0,4.0,0.0,0.0,2015-2019,Pre-Pandemia
Germany,DEU,2019,Buses,BEV,0.0,190.0,0.0,380.0,0.0,0.0,2015-2019,Pre-Pandemia
Germany,DEU,2019,Buses,EV,0.0,0.0,3.09999990463257,0.0,0.639999985694885,0.0,2015-2019,Pre-Pandemia
Germany,DEU,2019,Buses,FCEV,0.0,0.0,0.0,24.0,0.0,0.0,2015-2019,Pre-Pandemia
Germany,DEU,2019,Buses,PHEV,0.0,0.0,0.0,120.0,0.0,0.0,2015-2019,Pre-Pandemia
Germany,DEU,2019,Cars,BEV,0.0,63000.0,0.0,140000.0,0.0,0.0,2015-2019,Pre-Pandemia
Germany,DEU,2019,Cars,EV,0.0,0.0,3.0,0.0,0.5,0.0,2015-2019,Pre-Pandemia
Germany,DEU,2019,Cars,FCEV,0.0,200.0,0.0,540.0,0.0,0.0,2015-2019,Pre-Pandemia
Germany,DEU,2019,Cars,PHEV,0.0,45000.0,0.0,100000.0,0.0,0.0,2015-2019,Pre-Pandemia
Germany,DEU,2019,EV,Publicly available fast,3900.0,0.0,0.0,0.0,0.0,0.0,2015-2019,Pre-Pandemia
Germany,DEU,2019,EV,Publicly available slow,26000.0,0.0,0.0,0.0,0.0,0.0,2015-2019,Pre-Pandemia
Germany,DEU,2019,Trucks,BEV,0.0,620.0,0.0,0.0,0.0,0.0,2015-2019,Pre-Pandemia
Germany,DEU,2019,Trucks,EV,0.0,0.0,0.629999995231628,0.0,0.0,0.0,2015-2019,Pre-Pandemia
Germany,DEU,2019,Vans,BEV,0.0,6700.0,0.0,22000.0,0.0,0.0,2015-2019,Pre-Pandemia
Germany,DEU,2019,Vans,EV,0.0,0.0,2.29999995231628,0.0,0.769999980926514,0.0,2015-2019,Pre-Pandemia
Germany,DEU,2019,Vans,PHEV,0.0,0.0,0.0,4.0,0.0,0.0,2015-2019,Pre-Pandemia
Germany,DEU,2020,Buses,BEV,0.0,390.0,0.0,760.0,0.0,0.0,2020-2023,Pandemia
Germany,DEU,2020,Buses,EV,0.0,0.0,6.09999990463257,0.0,1.20000004768372,0.0,2020-2023,Pandemia
Germany,DEU,2020,Buses,FCEV,0.0,38.0,0.0,49.0,0.0,0.0,2020-2023,Pandemia
Germany,DEU,2020,Buses,PHEV,0.0,0.0,0.0,130.0,0.0,0.0,2020-2023,Pandemia
Germany,DEU,2020,Cars,BEV,0.0,190000.0,0.0,310000.0,0.0,0.0,2020-2023,Pandemia
Germany,DEU,2020,Cars,EV,0.0,0.0,14.0,0.0,1.29999995231628,0.0,2020-2023,Pandemia
Germany,DEU,2020,Cars,FCEV,0.0,200.0,0.0,740.0,0.0,0.0,2020-2023,Pandemia
Germany,DEU,2020,Cars,PHEV,0.0,200000.0,0.0,300000.0,0.0,0.0,2020-2023,Pandemia
Germany,DEU,2020,EV,Publicly available fast,6200.0,0.0,0.0,0.0,0.0,0.0,2020-2023,Pandemia
Germany,DEU,2020,EV,Publicly available slow,37000.0,0.0,0.0,0.0,0.0,0.0,2020-2023,Pandemia
Germany,DEU,2020,Trucks,BEV,0.0,860.0,0.0,0.0,0.0,0.0,2020-2023,Pandemia
Germany,DEU,2020,Trucks,EV,0.0,0.0,1.10000002384186,0.0,0.0,0.0,2020-2023,Pandemia
Germany,DEU,2020,Vans,BEV,0.0,8800.0,0.0,25000.0,0.0,0.0,2020-2023,Pandemia
Germany,DEU,2020,Vans,EV,0.0,0.0,3.5,0.0,0.839999973773956,0.0,2020-2023,Pandemia
Germany,DEU,2020,Vans,FCEV,0.0,0.0,0.0,16.0,0.0,0.0,2020-2023,Pandemia
Germany,DEU,2020,Vans,PHEV,0.0,180.0,0.0,190.0,0.0,0.0,2020-2023,Pandemia
Germany,DEU,2021,Buses,BEV,0.0,610.0,0.0,1300.0,0.0,0.0,2020-2023,Pandemia
Germany,DEU,2021,Buses,EV,0.0,0.0,9.5,0.0,1.79999995231628,0.0,2020-2023,Pandemia
Germany,DEU,2021,Buses,FCEV,0.0,33.0,0.0,87.0,0.0,0.0,2020-2023,Pandemia
Germany,DEU,2021,Buses,PHEV,0.0,5.0,0.0,130.0,0.0,0.0,2020-2023,Pandemia
Germany,DEU,2021,Cars,BEV,0.0,360000.0,0.0,620000.0,0.0,0.0,2020-2023,Pandemia
Germany,DEU,2021,Cars,EV,0.0,0.0,26.0,0.0,2.59999990463257,0.0,2020-2023,Pandemia
Germany,DEU,2021,Cars,FCEV,0.0,460.0,0.0,1200.0,0.0,0.0,2020-2023,Pandemia
Germany,DEU,2021,Cars,PHEV,0.0,330000.0,0.0,630000.0,0.0,0.0,2020-2023,Pandemia
Germany,DEU,2021,EV,Publicly available fast,9300.0,0.0,0.0,0.0,0.0,0.0,2020-2023,Pandemia
Germany,DEU,2021,EV,Publicly available slow,50000.0,0.0,0.0,0.0,0.0,0.0,2020-2023,Pandemia
Germany,DEU,2021,Trucks,BEV,0.0,1000.0,0.0,770.0,0.0,0.0,2020-2023,Pandemia
Germany,DEU,2021,Trucks,EV,0.0,0.0,1.29999995231628,0.0,0.079999998211861,0.0,2020-2023,Pandemia
Germany,DEU,2021,Vans,BEV,0.0,13000.0,0.0,41000.0,0.0,0.0,2020-2023,Pandemia
Germany,DEU,2021,Vans,EV,0.0,0.0,5.09999990463257,0.0,1.29999995231628,0.0,2020-2023,Pandemia
Germany,DEU,2021,Vans,FCEV,0.0,5.0,0.0,16.0,0.0,0.0,2020-2023,Pandemia
Germany,DEU,2021,Vans,PHEV,0.0,310.0,0.0,500.0,0.0,0.0,2020-2023,Pandemia
Germany,DEU,2022,Buses,BEV,0.0,630.0,0.0,1700.0,0.0,0.0,2020-2023,Post-Pandemia
Germany,DEU,2022,Buses,EV,0.0,0.0,13.0,0.0,2.29999995231628,0.0,2020-2023,Post-Pandemia
Germany,DEU,2022,Buses,FCEV,0.0,21.0,0.0,68.0,0.0,0.0,2020-2023,Post-Pandemia
Germany,DEU,2022,Buses,PHEV,0.0,15.0,0.0,130.0,0.0,0.0,2020-2023,Post-Pandemia
Germany,DEU,2022,Cars,BEV,0.0,470000.0,0.0,1000000.0,0.0,0.0,2020-2023,Post-Pandemia
Germany,DEU,2022,Cars,EV,0.0,0.0,31.0,0.0,3.90000009536743,0.0,2020-2023,Post-Pandemia
Germany,DEU,2022,Cars,FCEV,0.0,840.0,0.0,2100.0,0.0,0.0,2020-2023,Post-Pandemia
Germany,DEU,2022,Cars,PHEV,0.0,360000.0,0.0,860000.0,0.0,0.0,2020-2023,Post-Pandemia
Germany,DEU,2022,EV,Publicly available fast,15000.0,0.0,0.0,0.0,0.0,0.0,2020-2023,Post-Pandemia
Germany,DEU,2022,EV,Publicly available slow,71000.0,0.0,0.0,0.0,0.0,0.0,2020-2023,Post-Pandemia
Germany,DEU,2022,Trucks,BEV,0.0,1100.0,0.0,900.0,0.0,0.0,2020-2023,Post-Pandemia
Germany,DEU,2022,Trucks,EV,0.0,0.0,1.5,0.0,0.094999998807907,0.0,2020-2023,Post-Pandemia
Germany,DEU,2022,Vans,BEV,0.0,18000.0,0.0,53000.0,0.0,0.0,2020-2023,Post-Pandemia
Germany,DEU,2022,Vans,EV,0.0,0.0,8.30000019073486,0.0,1.70000004768372,0.0,2020-2023,Post-Pandemia
Germany,DEU,2022,Vans,FCEV,0.0,0.0,0.0,16.0,0.0,0.0,2020-2023,Post-Pandemia
Germany,DEU,2022,Vans,PHEV,0.0,770.0,0.0,770.0,0.0,0.0,2020-2023,Post-Pandemia
Germany,DEU,2023,Buses,BEV,0.0,840.0,0.0,2800.0,0.0,0.0,2020-2023,Post-Pandemia
Germany,DEU,2023,Buses,EV,0.0,0.0,15.0,0.0,3.79999995231628,0.0,2020-2023,Post-Pandemia
Germany,DEU,2023,Buses,FCEV,0.0,43.0,0.0,160.0,0.0,0.0,2020-2023,Post-Pandemia
Germany,DEU,2023,Buses,PHEV,0.0,5.0,0.0,140.0,0.0,0.0,2020-2023,Post-Pandemia
Germany,DEU,2023,Cars,BEV,0.0,520000.0,0.0,1500000.0,0.0,0.0,2020-2023,Post-Pandemia
Germany,DEU,2023,Cars,EV,0.0,0.0,24.0,0.0,5.40000009536743,0.0,2020-2023,Post-Pandemia
Germany,DEU,2023,Cars,FCEV,0.0,260.0,0.0,2400.0,0.0,0.0,2020-2023,Post-Pandemia
Germany,DEU,2023,Cars,PHEV,0.0,180000.0,0.0,1000000.0,0.0,0.0,2020-2023,Post-Pandemia
Germany,DEU,2023,EV,Publicly available fast,21000.0,0.0,0.0,0.0,0.0,0.0,2020-2023,Post-Pandemia
Germany,DEU,2023,EV,Publicly available slow,87000.0,0.0,0.0,0.0,0.0,0.0,2020-2023,Post-Pandemia
Germany,DEU,2023,Trucks,BEV,0.0,2200.0,0.0,6100.0,0.0,0.0,2020-2023,Post-Pandemia
Germany,DEU,2023,Trucks,EV,0.0,0.0,2.29999995231628,0.0,0.649999976158142,0.0,2020-2023,Post-Pandemia
Germany,DEU,2023,Trucks,FCEV,0.0,8.0,0.0,8.0,0.0,0.0,2020-2023,Post-Pandemia
Germany,DEU,2023,Trucks,PHEV,0.0,4.0,0.0,4.0,0.0,0.0,2020-2023,Post-Pandemia
Germany,DEU,2023,Vans,BEV,0.0,25000.0,0.0,89000.0,0.0,0.0,2020-2023,Post-Pandemia
Germany,DEU,2023,Vans,EV,0.0,0.0,9.69999980926514,0.0,2.79999995231628,0.0,2020-2023,Post-Pandemia
Germany,DEU,2023,Vans,FCEV,0.0,48.0,0.0,55.0,0.0,0.0,2020-2023,Post-Pandemia
Germany,DEU,2023,Vans,PHEV,0.0,360.0,0.0,1600.0,0.0,0.0,2020-2023,Post-Pandemia
Greece,GRC,2013,Cars,BEV,0.0,3.0,0.0,3.0,0.0,0.0,2010-2014,Pre-Pandemia
Greece,GRC,2013,Cars,EV,0.0,0.0,0.005100000184029,0.0,6.70000008540228e-05,0.0,2010-2014,Pre-Pandemia
Greece,GRC,2013,EV,Publicly available slow,10.0,0.0,0.0,0.0,0.0,0.0,2010-2014,Pre-Pandemia
Greece,GRC,2014,Cars,BEV,0.0,39.0,0.0,42.0,0.0,0.0,2010-2014,Pre-Pandemia
Greece,GRC,2014,Cars,EV,0.0,0.0,0.054999999701977,0.0,0.000950000016019,0.0,2010-2014,Pre-Pandemia
Greece,GRC,2014,EV,Publicly available fast,2.0,0.0,0.0,0.0,0.0,0.0,2010-2014,Pre-Pandemia
Greece,GRC,2014,EV,Publicly available slow,14.0,0.0,0.0,0.0,0.0,0.0,2010-2014,Pre-Pandemia
Greece,GRC,2015,Cars,BEV,0.0,35.0,0.0,97.0,0.0,0.0,2015-2019,Pre-Pandemia
Greece,GRC,2015,Cars,EV,0.0,0.0,0.078000001609325,0.0,0.002700000070035,0.0,2015-2019,Pre-Pandemia
Greece,GRC,2015,Cars,PHEV,0.0,22.0,0.0,22.0,0.0,0.0,2015-2019,Pre-Pandemia
Greece,GRC,2015,EV,Publicly available fast,2.0,0.0,0.0,0.0,0.0,0.0,2015-2019,Pre-Pandemia
Greece,GRC,2015,EV,Publicly available slow,14.0,0.0,0.0,0.0,0.0,0.0,2015-2019,Pre-Pandemia
Greece,GRC,2016,Cars,BEV,0.0,41.0,0.0,140.0,0.0,0.0,2015-2019,Pre-Pandemia
Greece,GRC,2016,Cars,EV,0.0,0.0,0.119999997317791,0.0,0.004999999888241,0.0,2015-2019,Pre-Pandemia
Greece,GRC,2016,Cars,PHEV,0.0,56.0,0.0,78.0,0.0,0.0,2015-2019,Pre-Pandemia
Greece,GRC,2016,EV,Publicly available fast,2.0,0.0,0.0,0.0,0.0,0.0,2015-2019,Pre-Pandemia
Greece,GRC,2016,EV,Publicly available slow,15.0,0.0,0.0,0.0,0.0,0.0,2015-2019,Pre-Pandemia
Greece,GRC,2017,Cars,BEV,0.0,50.0,0.0,190.0,0.0,0.0,2015-2019,Pre-Pandemia
Greece,GRC,2017,Cars,EV,0.0,0.0,0.219999998807907,0.0,0.009600000455976,0.0,2015-2019,Pre-Pandemia
Greece,GRC,2017,Cars,PHEV,0.0,140.0,0.0,220.0,0.0,0.0,2015-2019,Pre-Pandemia
Greece,GRC,2017,EV,Publicly available fast,2.0,0.0,0.0,0.0,0.0,0.0,2015-2019,Pre-Pandemia
Greece,GRC,2017,EV,Publicly available slow,22.0,0.0,0.0,0.0,0.0,0.0,2015-2019,Pre-Pandemia
Greece,GRC,2018,Cars,BEV,0.0,88.0,0.0,280.0,0.0,0.0,2015-2019,Pre-Pandemia
Greece,GRC,2018,Cars,EV,0.0,0.0,0.28999999165535,0.0,0.017000000923872,0.0,2015-2019,Pre-Pandemia
Greece,GRC,2018,Cars,PHEV,0.0,210.0,0.0,440.0,0.0,0.0,2015-2019,Pre-Pandemia
Greece,GRC,2018,EV,Publicly available fast,10.0,0.0,0.0,0.0,0.0,0.0,2015-2019,Pre-Pandemia
Greece,GRC,2018,EV,Publicly available slow,31.0,0.0,0.0,0.0,0.0,0.0,2015-2019,Pre-Pandemia
Greece,GRC,2019,Cars,BEV,0.0,190.0,0.0,470.0,0.0,0.0,2015-2019,Pre-Pandemia
Greece,GRC,2019,Cars,EV,0.0,0.0,0.419999986886978,0.0,0.028999999165535,0.0,2015-2019,Pre-Pandemia
Greece,GRC,2019,Cars,PHEV,0.0,290.0,0.0,730.0,0.0,0.0,2015-2019,Pre-Pandemia
Greece,GRC,2019,EV,Publicly available fast,10.0,0.0,0.0,0.0,0.0,0.0,2015-2019,Pre-Pandemia
Greece,GRC,2019,EV,Publicly available slow,63.0,0.0,0.0,0.0,0.0,0.0,2015-2019,Pre-Pandemia
Greece,GRC,2020,Cars,BEV,0.0,680.0,0.0,1100.0,0.0,0.0,2020-2023,Pandemia
Greece,GRC,2020,Cars,EV,0.0,0.0,2.59999990463257,0.0,0.082999996840954,0.0,2020-2023,Pandemia
Greece,GRC,2020,Cars,PHEV,0.0,1500.0,0.0,2200.0,0.0,0.0,2020-2023,Pandemia
Greece,GRC,2020,EV,Publicly available fast,14.0,0.0,0.0,0.0,0.0,0.0,2020-2023,Pandemia
Greece,GRC,2020,EV,Publicly available slow,220.0,0.0,0.0,0.0,0.0,0.0,2020-2023,Pandemia
Greece,GRC,2021,Cars,BEV,0.0,2200.0,0.0,3300.0,0.0,0.0,2020-2023,Pandemia
Greece,GRC,2021,Cars,EV,0.0,0.0,6.90000009536743,0.0,0.259999990463257,0.0,2020-2023,Pandemia
Greece,GRC,2021,Cars,PHEV,0.0,4800.0,0.0,7000.0,0.0,0.0,2020-2023,Pandemia
Greece,GRC,2021,EV,Publicly available fast,100.0,0.0,0.0,0.0,0.0,0.0,2020-2023,Pandemia
Greece,GRC,2021,EV,Publicly available slow,1200.0,0.0,0.0,0.0,0.0,0.0,2020-2023,Pandemia
Greece,GRC,2022,Cars,BEV,0.0,2800.0,0.0,7400.0,0.0,0.0,2020-2023,Post-Pandemia
Greece,GRC,2022,Cars,EV,0.0,0.0,7.90000009536743,0.0,0.519999980926514,0.0,2020-2023,Post-Pandemia
Greece,GRC,2022,Cars,PHEV,0.0,5500.0,0.0,12000.0,0.0,0.0,2020-2023,Post-Pandemia
Greece,GRC,2022,EV,Publicly available fast,190.0,0.0,0.0,0.0,0.0,0.0,2020-2023,Post-Pandemia
Greece,GRC,2022,EV,Publicly available slow,2800.0,0.0,0.0,0.0,0.0,0.0,2020-2023,Post-Pandemia
Greece,GRC,2023,Cars,BEV,0.0,7000.0,0.0,13000.0,0.0,0.0,2020-2023,Post-Pandemia
Greece,GRC,2023,Cars,EV,0.0,0.0,14.0,0.0,0.910000026226044,0.0,2020-2023,Post-Pandemia
Greece,GRC,2023,Cars,PHEV,0.0,10000.0,0.0,21000.0,0.0,0.0,2020-2023,Post-Pandemia
Greece,GRC,2023,EV,Publicly available fast,330.0,0.0,0.0,0.0,0.0,0.0,2020-2023,Post-Pandemia
Greece,GRC,2023,EV,Publicly available slow,4800.0,0.0,0.0,0.0,0.0,0.0,2020-2023,Post-Pandemia
Hungary,HUN,2015,Cars,BEV,0.0,120.0,0.0,0.0,0.0,0.0,2015-2019,Pre-Pandemia
Hungary,HUN,2015,Cars,EV,0.0,0.0,0.170000001788139,0.0,0.0,0.0,2015-2019,Pre-Pandemia
Hungary,HUN,2015,Cars,PHEV,0.0,15.0,0.0,0.0,0.0,0.0,2015-2019,Pre-Pandemia
Hungary,HUN,2016,Cars,BEV,0.0,170.0,0.0,0.0,0.0,0.0,2015-2019,Pre-Pandemia
Hungary,HUN,2016,Cars,EV,0.0,0.0,0.360000014305115,0.0,0.0,0.0,2015-2019,Pre-Pandemia
Hungary,HUN,2016,Cars,PHEV,0.0,170.0,0.0,0.0,0.0,0.0,2015-2019,Pre-Pandemia
Hungary,HUN,2017,Cars,BEV,0.0,750.0,0.0,0.0,0.0,0.0,2015-2019,Pre-Pandemia
Hungary,HUN,2017,Cars,EV,0.0,0.0,1.0,0.0,0.0,0.0,2015-2019,Pre-Pandemia
Hungary,HUN,2017,Cars,PHEV,0.0,440.0,0.0,0.0,0.0,0.0,2015-2019,Pre-Pandemia
Hungary,HUN,2018,Cars,BEV,0.0,1300.0,0.0,0.0,0.0,0.0,2015-2019,Pre-Pandemia
Hungary,HUN,2018,Cars,EV,0.0,0.0,1.5,0.0,0.0,0.0,2015-2019,Pre-Pandemia
Hungary,HUN,2018,Cars,PHEV,0.0,770.0,0.0,0.0,0.0,0.0,2015-2019,Pre-Pandemia
Hungary,HUN,2019,Cars,BEV,0.0,1800.0,0.0,0.0,0.0,0.0,2015-2019,Pre-Pandemia
Hungary,HUN,2019,Cars,EV,0.0,0.0,1.89999997615814,0.0,0.0,0.0,2015-2019,Pre-Pandemia
Hungary,HUN,2019,Cars,PHEV,0.0,1100.0,0.0,0.0,0.0,0.0,2015-2019,Pre-Pandemia
Hungary,HUN,2020,Cars,BEV,0.0,3000.0,0.0,0.0,0.0,0.0,2020-2023,Pandemia
Hungary,HUN,2020,Cars,EV,0.0,0.0,4.69999980926514,0.0,0.0,0.0,2020-2023,Pandemia
Hungary,HUN,2020,Cars,PHEV,0.0,3000.0,0.0,0.0,0.0,0.0,2020-2023,Pandemia
Hungary,HUN,2021,Cars,BEV,0.0,4300.0,0.0,0.0,0.0,0.0,2020-2023,Pandemia
Hungary,HUN,2021,Cars,EV,0.0,0.0,7.0,0.0,0.0,0.0,2020-2023,Pandemia
Hungary,HUN,2021,Cars,PHEV,0.0,4200.0,0.0,0.0,0.0,0.0,2020-2023,Pandemia
Hungary,HUN,2022,Cars,BEV,0.0,4700.0,0.0,0.0,0.0,0.0,2020-2023,Post-Pandemia
Hungary,HUN,2022,Cars,EV,0.0,0.0,8.60000038146973,0.0,0.0,0.0,2020-2023,Post-Pandemia
Hungary,HUN,2022,Cars,PHEV,0.0,4900.0,0.0,0.0,0.0,0.0,2020-2023,Post-Pandemia
Hungary,HUN,2023,Cars,BEV,0.0,5800.0,0.0,0.0,0.0,0.0,2020-2023,Post-Pandemia
Hungary,HUN,2023,Cars,EV,0.0,0.0,11.0,0.0,0.0,0.0,2020-2023,Post-Pandemia
Hungary,HUN,2023,Cars,PHEV,0.0,5500.0,0.0,0.0,0.0,0.0,2020-2023,Post-Pandemia
Iceland,ISL,2010,Cars,BEV,0.0,0.0,0.0,14.0,0.0,0.0,2010-2014,Pre-Pandemia
Iceland,ISL,2010,Cars,EV,0.0,0.0,0.0,0.0,0.006699999794364,0.0,2010-2014,Pre-Pandemia
Iceland,ISL,2010,Cars,FCEV,0.0,11.0,0.0,20.0,0.0,0.0,2010-2014,Pre-Pandemia
Iceland,ISL,2011,Cars,BEV,0.0,0.0,0.0,14.0,0.0,0.0,2010-2014,Pre-Pandemia
Iceland,ISL,2011,Cars,EV,0.0,0.0,0.0,0.0,0.006699999794364,0.0,2010-2014,Pre-Pandemia
Iceland,ISL,2011,Cars,FCEV,0.0,0.0,0.0,20.0,0.0,0.0,2010-2014,Pre-Pandemia
Iceland,ISL,2012,Cars,BEV,0.0,17.0,0.0,31.0,0.0,0.0,2010-2014,Pre-Pandemia
Iceland,ISL,2012,Cars,EV,0.0,0.0,0.330000013113022,0.0,0.018999999389052,0.0,2010-2014,Pre-Pandemia
Iceland,ISL,2012,Cars,FCEV,0.0,0.0,0.0,20.0,0.0,0.0,2010-2014,Pre-Pandemia
Iceland,ISL,2012,Cars,PHEV,0.0,9.0,0.0,9.0,0.0,0.0,2010-2014,Pre-Pandemia
Iceland,ISL,2013,Cars,BEV,0.0,80.0,0.0,110.0,0.0,0.0,2010-2014,Pre-Pandemia
Iceland,ISL,2013,Cars,EV,0.0,0.0,1.39999997615814,0.0,0.06700000166893,0.0,2010-2014,Pre-Pandemia
Iceland,ISL,2013,Cars,FCEV,0.0,0.0,0.0,18.0,0.0,0.0,2010-2014,Pre-Pandemia
Iceland,ISL,2013,Cars,PHEV,0.0,23.0,0.0,32.0,0.0,0.0,2010-2014,Pre-Pandemia
Iceland,ISL,2014,Cars,BEV,0.0,200.0,0.0,240.0,0.0,0.0,2010-2014,Pre-Pandemia
Iceland,ISL,2014,Cars,EV,0.0,0.0,2.40000009536743,0.0,0.150000005960464,0.0,2010-2014,Pre-Pandemia
Iceland,ISL,2014,Cars,FCEV,0.0,0.0,0.0,3.0,0.0,0.0,2010-2014,Pre-Pandemia
Iceland,ISL,2014,Cars,PHEV,0.0,29.0,0.0,52.0,0.0,0.0,2010-2014,Pre-Pandemia
Iceland,ISL,2014,EV,Publicly available fast,6.0,0.0,0.0,0.0,0.0,0.0,2010-2014,Pre-Pandemia
Iceland,ISL,2015,Cars,BEV,0.0,390.0,0.0,570.0,0.0,0.0,2015-2019,Pre-Pandemia
Iceland,ISL,2015,Cars,EV,0.0,0.0,3.90000009536743,0.0,0.360000014305115,0.0,2015-2019,Pre-Pandemia
Iceland,ISL,2015,Cars,FCEV,0.0,0.0,0.0,4.0,0.0,0.0,2015-2019,Pre-Pandemia
Iceland,ISL,2015,Cars,PHEV,0.0,170.0,0.0,140.0,0.0,0.0,2015-2019,Pre-Pandemia
Iceland,ISL,2015,EV,Publicly available fast,11.0,0.0,0.0,0.0,0.0,0.0,2015-2019,Pre-Pandemia
Iceland,ISL,2015,EV,Publicly available slow,11.0,0.0,0.0,0.0,0.0,0.0,2015-2019,Pre-Pandemia
Iceland,ISL,2016,Cars,BEV,0.0,380.0,0.0,960.0,0.0,0.0,2015-2019,Pre-Pandemia
Iceland,ISL,2016,Cars,EV,0.0,0.0,6.30000019073486,0.0,0.75,0.0,2015-2019,Pre-Pandemia
Iceland,ISL,2016,Cars,FCEV,0.0,0.0,0.0,3.0,0.0,0.0,2015-2019,Pre-Pandemia
Iceland,ISL,2016,Cars,PHEV,0.0,780.0,0.0,600.0,0.0,0.0,2015-2019,Pre-Pandemia
Iceland,ISL,2016,EV,Publicly available fast,40.0,0.0,0.0,0.0,0.0,0.0,2015-2019,Pre-Pandemia
Iceland,ISL,2016,EV,Publicly available slow,11.0,0.0,0.0,0.0,0.0,0.0,2015-2019,Pre-Pandemia
Iceland,ISL,2017,Cars,BEV,0.0,840.0,0.0,1700.0,0.0,0.0,2015-2019,Pre-Pandemia
Iceland,ISL,2017,Cars,EV,0.0,0.0,14.0,0.0,1.70000004768372,0.0,2015-2019,Pre-Pandemia
Iceland,ISL,2017,Cars,FCEV,0.0,0.0,0.0,2.0,0.0,0.0,2015-2019,Pre-Pandemia
Iceland,ISL,2017,Cars,PHEV,0.0,2200.0,0.0,2200.0,0.0,0.0,2015-2019,Pre-Pandemia
Iceland,ISL,2017,EV,Publicly available fast,36.0,0.0,0.0,0.0,0.0,0.0,2015-2019,Pre-Pandemia
Iceland,ISL,2017,EV,Publicly available slow,32.0,0.0,0.0,0.0,0.0,0.0,2015-2019,Pre-Pandemia
Iceland,ISL,2018,Cars,BEV,0.0,780.0,0.0,2400.0,0.0,0.0,2015-2019,Pre-Pandemia
Iceland,ISL,2018,Cars,EV,0.0,0.0,20.0,0.0,3.40000009536743,0.0,2015-2019,Pre-Pandemia
Iceland,ISL,2018,Cars,FCEV,0.0,16.0,0.0,17.0,0.0,0.0,2015-2019,Pre-Pandemia
Iceland,ISL,2018,Cars,PHEV,0.0,2900.0,0.0,5600.0,0.0,0.0,2015-2019,Pre-Pandemia
Iceland,ISL,2018,EV,Publicly available fast,55.0,0.0,0.0,0.0,0.0,0.0,2015-2019,Pre-Pandemia
Iceland,ISL,2018,EV,Publicly available slow,40.0,0.0,0.0,0.0,0.0,0.0,2015-2019,Pre-Pandemia
Iceland,ISL,2019,Cars,BEV,0.0,1100.0,0.0,3500.0,0.0,0.0,2015-2019,Pre-Pandemia
Iceland,ISL,2019,Cars,EV,0.0,0.0,26.0,0.0,4.69999980926514,0.0,2015-2019,Pre-Pandemia
Iceland,ISL,2019,Cars,FCEV,0.0,7.0,0.0,31.0,0.0,0.0,2015-2019,Pre-Pandemia
Iceland,ISL,2019,Cars,PHEV,0.0,2000.0,0.0,7500.0,0.0,0.0,2015-2019,Pre-Pandemia
Iceland,ISL,2019,EV,Publicly available fast,150.0,0.0,0.0,0.0,0.0,0.0,2015-2019,Pre-Pandemia
Iceland,ISL,2019,EV,Publicly available slow,110.0,0.0,0.0,0.0,0.0,0.0,2015-2019,Pre-Pandemia
Iceland,ISL,2020,Cars,BEV,0.0,2500.0,0.0,5400.0,0.0,0.0,2020-2023,Pandemia
Iceland,ISL,2020,Cars,EV,0.0,0.0,52.0,0.0,6.5,0.0,2020-2023,Pandemia
Iceland,ISL,2020,Cars,FCEV,0.0,1.0,0.0,30.0,0.0,0.0,2020-2023,Pandemia
Iceland,ISL,2020,Cars,PHEV,0.0,2400.0,0.0,9600.0,0.0,0.0,2020-2023,Pandemia
Iceland,ISL,2020,EV,Publicly available fast,190.0,0.0,0.0,0.0,0.0,0.0,2020-2023,Pandemia
Iceland,ISL,2020,EV,Publicly available slow,290.0,0.0,0.0,0.0,0.0,0.0,2020-2023,Pandemia
Iceland,ISL,2021,Cars,BEV,0.0,4200.0,0.0,8500.0,0.0,0.0,2020-2023,Pandemia
Iceland,ISL,2021,Cars,EV,0.0,0.0,70.0,0.0,9.30000019073486,0.0,2020-2023,Pandemia
Iceland,ISL,2021,Cars,FCEV,0.0,3.0,0.0,31.0,0.0,0.0,2020-2023,Pandemia
Iceland,ISL,2021,Cars,PHEV,0.0,4900.0,0.0,13000.0,0.0,0.0,2020-2023,Pandemia
Iceland,ISL,2021,EV,Publicly available fast,120.0,0.0,0.0,0.0,0.0,0.0,2020-2023,Pandemia
Iceland,ISL,2021,EV,Publicly available slow,560.0,0.0,0.0,0.0,0.0,0.0,2020-2023,Pandemia
Iceland,ISL,2022,Cars,BEV,0.0,6900.0,0.0,14000.0,0.0,0.0,2020-2023,Post-Pandemia
Iceland,ISL,2022,Cars,EV,0.0,0.0,69.0,0.0,14.0,0.0,2020-2023,Post-Pandemia
Iceland,ISL,2022,Cars,FCEV,0.0,0.0,0.0,31.0,0.0,0.0,2020-2023,Post-Pandemia
Iceland,ISL,2022,Cars,PHEV,0.0,5100.0,0.0,19000.0,0.0,0.0,2020-2023,Post-Pandemia
Iceland,ISL,2022,EV,Publicly available fast,180.0,0.0,0.0,0.0,0.0,0.0,2020-2023,Post-Pandemia
Iceland,ISL,2022,EV,Publicly available slow,850.0,0.0,0.0,0.0,0.0,0.0,2020-2023,Post-Pandemia
Iceland,ISL,2023,Cars,BEV,0.0,10000.0,0.0,22000.0,0.0,0.0,2020-2023,Post-Pandemia
Iceland,ISL,2023,Cars,EV,0.0,0.0,71.0,0.0,18.0,0.0,2020-2023,Post-Pandemia
Iceland,ISL,2023,Cars,FCEV,0.0,1.0,0.0,27.0,0.0,0.0,2020-2023,Post-Pandemia
Iceland,ISL,2023,Cars,PHEV,0.0,2400.0,0.0,22000.0,0.0,0.0,2020-2023,Post-Pandemia
Iceland,ISL,2023,EV,Publicly available fast,160.0,0.0,0.0,0.0,0.0,0.0,2020-2023,Post-Pandemia
Iceland,ISL,2023,EV,Publicly available slow,1400.0,0.0,0.0,0.0,0.0,0.0,2020-2023,Post-Pandemia
India,IND,2010,Cars,BEV,0.0,450.0,0.0,880.0,0.0,0.0,2010-2014,Pre-Pandemia
India,IND,2010,Cars,EV,0.0,0.0,0.020999999716878,0.0,0.004999999888241,0.0,2010-2014,Pre-Pandemia
India,IND,2011,Cars,BEV,0.0,1400.0,0.0,1300.0,0.0,0.0,2010-2014,Pre-Pandemia
India,IND,2011,Cars,EV,0.0,0.0,0.056000001728535,0.0,0.006699999794364,0.0,2010-2014,Pre-Pandemia
India,IND,2012,Cars,BEV,0.0,190.0,0.0,2800.0,0.0,0.0,2010-2014,Pre-Pandemia
India,IND,2012,Cars,EV,0.0,0.0,0.00719999987632,0.0,0.012000000104308,0.0,2010-2014,Pre-Pandemia
India,IND,2013,Cars,BEV,0.0,410.0,0.0,2900.0,0.0,0.0,2010-2014,Pre-Pandemia
India,IND,2013,Cars,EV,0.0,0.0,0.016000000759959,0.0,0.012000000104308,0.0,2010-2014,Pre-Pandemia
India,IND,2014,Cars,BEV,0.0,1000.0,0.0,3400.0,0.0,0.0,2010-2014,Pre-Pandemia
India,IND,2014,Cars,EV,0.0,0.0,0.037999998778105,0.0,0.013000000268221,0.0,2010-2014,Pre-Pandemia
India,IND,2015,Buses,BEV,0.0,100.0,0.0,100.0,0.0,0.0,2015-2019,Pre-Pandemia
India,IND,2015,Buses,EV,0.0,0.0,0.109999999403954,0.0,0.005400000140071,0.0,2015-2019,Pre-Pandemia
India,IND,2015,Cars,BEV,0.0,450.0,0.0,4400.0,0.0,0.0,2015-2019,Pre-Pandemia
India,IND,2015,Cars,EV,0.0,0.0,0.017000000923872,0.0,0.014999999664724,0.0,2015-2019,Pre-Pandemia
India,IND,2016,Buses,BEV,0.0,25.0,0.0,100.0,0.0,0.0,2015-2019,Pre-Pandemia
India,IND,2016,Buses,EV,0.0,0.0,0.027000000700355,0.0,0.005200000014156,0.0,2015-2019,Pre-Pandemia
India,IND,2016,Cars,BEV,0.0,730.0,0.0,4800.0,0.0,0.0,2015-2019,Pre-Pandemia
India,IND,2016,Cars,EV,0.0,0.0,0.026000000536442,0.0,0.014999999664724,0.0,2015-2019,Pre-Pandemia
India,IND,2016,EV,Publicly available fast,25.0,0.0,0.0,0.0,0.0,0.0,2015-2019,Pre-Pandemia
India,IND,2016,Vans,BEV,0.0,180.0,0.0,180.0,0.0,0.0,2015-2019,Pre-Pandemia
India,IND,2016,Vans,EV,0.0,0.0,0.056000001728535,0.0,0.003199999919161,0.0,2015-2019,Pre-Pandemia
India,IND,2017,Buses,BEV,0.0,20.0,0.0,100.0,0.0,0.0,2015-2019,Pre-Pandemia
India,IND,2017,Buses,EV,0.0,0.0,0.023000000044704,0.0,0.005100000184029,0.0,2015-2019,Pre-Pandemia
India,IND,2017,Cars,BEV,0.0,920.0,0.0,7000.0,0.0,0.0,2015-2019,Pre-Pandemia
India,IND,2017,Cars,EV,0.0,0.0,0.030999999493361,0.0,0.020999999716878,0.0,2015-2019,Pre-Pandemia
India,IND,2017,EV,Publicly available fast,25.0,0.0,0.0,0.0,0.0,0.0,2015-2019,Pre-Pandemia
India,IND,2017,EV,Publicly available slow,220.0,0.0,0.0,0.0,0.0,0.0,2015-2019,Pre-Pandemia
India,IND,2017,Vans,BEV,0.0,1200.0,0.0,1400.0,0.0,0.0,2015-2019,Pre-Pandemia
India,IND,2017,Vans,EV,0.0,0.0,0.310000002384186,0.0,0.024000000208616,0.0,2015-2019,Pre-Pandemia
India,IND,2018,Buses,BEV,0.0,210.0,0.0,100.0,0.0,0.0,2015-2019,Pre-Pandemia
India,IND,2018,Buses,EV,0.0,0.0,0.280000001192093,0.0,0.004999999888241,0.0,2015-2019,Pre-Pandemia
India,IND,2018,Cars,BEV,0.0,920.0,0.0,7900.0,0.0,0.0,2015-2019,Pre-Pandemia
India,IND,2018,Cars,EV,0.0,0.0,0.029999999329448,0.0,0.021999999880791,0.0,2015-2019,Pre-Pandemia
India,IND,2018,EV,Publicly available fast,25.0,0.0,0.0,0.0,0.0,0.0,2015-2019,Pre-Pandemia
India,IND,2018,EV,Publicly available slow,330.0,0.0,0.0,0.0,0.0,0.0,2015-2019,Pre-Pandemia
India,IND,2018,Vans,BEV,0.0,1500.0,0.0,2900.0,0.0,0.0,2015-2019,Pre-Pandemia
India,IND,2018,Vans,EV,0.0,0.0,0.28999999165535,0.0,0.046000000089407,0.0,2015-2019,Pre-Pandemia
India,IND,2019,Buses,BEV,0.0,460.0,0.0,550.0,0.0,0.0,2015-2019,Pre-Pandemia
India,IND,2019,Buses,EV,0.0,0.0,0.689999997615814,0.0,0.027000000700355,0.0,2015-2019,Pre-Pandemia
India,IND,2019,Cars,BEV,0.0,680.0,0.0,8600.0,0.0,0.0,2015-2019,Pre-Pandemia
India,IND,2019,Cars,EV,0.0,0.0,0.024000000208616,0.0,0.021999999880791,0.003899999894202,2015-2019,Pre-Pandemia
India,IND,2019,Cars,PHEV,0.0,7.0,0.0,7.0,0.0,0.0,2015-2019,Pre-Pandemia
India,IND,2019,EV,Publicly available fast,25.0,0.0,0.0,0.0,0.0,0.0,2015-2019,Pre-Pandemia
India,IND,2019,EV,Publicly available slow,330.0,0.0,0.0,0.0,0.0,0.0,2015-2019,Pre-Pandemia
India,IND,2019,Vans,BEV,0.0,790.0,0.0,3700.0,0.0,0.0,2015-2019,Pre-Pandemia
India,IND,2019,Vans,EV,0.0,0.0,0.159999996423721,0.0,0.054999999701977,0.0,2015-2019,Pre-Pandemia
India,IND,2020,Buses,BEV,0.0,2200.0,0.0,1100.0,0.0,0.0,2020-2023,Pandemia
India,IND,2020,Buses,EV,0.0,0.0,6.0,0.0,0.057000000029802,0.0,2020-2023,Pandemia
India,IND,2020,Buses,FCEV,0.0,49.0,0.0,0.0,0.0,0.0,2020-2023,Pandemia
India,IND,2020,Cars,BEV,0.0,3100.0,0.0,12000.0,0.0,0.0,2020-2023,Pandemia
India,IND,2020,Cars,EV,0.0,0.0,0.119999997317791,0.0,0.028999999165535,0.023000000044704,2020-2023,Pandemia
India,IND,2020,Cars,PHEV,0.0,43.0,0.0,50.0,0.0,0.0,2020-2023,Pandemia
India,IND,2020,EV,Publicly available fast,25.0,0.0,0.0,0.0,0.0,0.0,2020-2023,Pandemia
India,IND,2020,EV,Publicly available slow,330.0,0.0,0.0,0.0,0.0,0.0,2020-2023,Pandemia
India,IND,2020,Vans,BEV,0.0,1000.0,0.0,4700.0,0.0,0.0,2020-2023,Pandemia
India,IND,2020,Vans,EV,0.0,0.0,0.230000004172325,0.0,0.065999999642372,0.0,2020-2023,Pandemia
India,IND,2021,Buses,BEV,0.0,1200.0,0.0,2100.0,0.0,0.0,2020-2023,Pandemia
India,IND,2021,Buses,EV,0.0,0.0,7.5,0.0,0.109999999403954,0.0,2020-2023,Pandemia
India,IND,2021,Cars,BEV,0.0,12000.0,0.0,23000.0,0.0,0.0,2020-2023,Pandemia
India,IND,2021,Cars,EV,0.0,0.0,0.349999994039536,0.0,0.054000001400709,0.052999999374151,2020-2023,Pandemia
India,IND,2021,Cars,FCEV,0.0,1.0,0.0,1.0,0.0,0.0,2020-2023,Pandemia
India,IND,2021,Cars,PHEV,0.0,50.0,0.0,100.0,0.0,0.0,2020-2023,Pandemia
India,IND,2021,EV,Publicly available fast,32.0,0.0,0.0,0.0,0.0,0.0,2020-2023,Pandemia
India,IND,2021,EV,Publicly available slow,910.0,0.0,0.0,0.0,0.0,0.0,2020-2023,Pandemia
India,IND,2021,Vans,BEV,0.0,1700.0,0.0,6400.0,0.0,0.0,2020-2023,Pandemia
India,IND,2021,Vans,EV,0.0,0.0,0.419999986886978,0.0,0.086000002920628,0.0,2020-2023,Pandemia
India,IND,2022,Buses,BEV,0.0,2000.0,0.0,3100.0,0.0,0.0,2020-2023,Post-Pandemia
India,IND,2022,Buses,EV,0.0,0.0,6.19999980926514,0.0,0.159999996423721,0.0,2020-2023,Post-Pandemia
India,IND,2022,Buses,FCEV,0.0,49.0,0.0,0.0,0.0,0.0,2020-2023,Post-Pandemia
India,IND,2022,Cars,BEV,0.0,48000.0,0.0,72000.0,0.0,0.0,2020-2023,Post-Pandemia
India,IND,2022,Cars,EV,0.0,0.0,1.20000004768372,0.0,0.150000005960464,0.074000000953674,2020-2023,Post-Pandemia
India,IND,2022,Cars,FCEV,0.0,2.0,0.0,3.0,0.0,0.0,2020-2023,Post-Pandemia
India,IND,2022,Cars,PHEV,0.0,23.0,0.0,120.0,0.0,0.0,2020-2023,Post-Pandemia
India,IND,2022,EV,Publicly available fast,4100.0,0.0,0.0,0.0,0.0,0.0,2020-2023,Post-Pandemia
India,IND,2022,EV,Publicly available slow,6800.0,0.0,0.0,0.0,0.0,0.0,2020-2023,Post-Pandemia
India,IND,2022,Vans,BEV,0.0,510.0,0.0,6900.0,0.0,0.0,2020-2023,Post-Pandemia
India,IND,2022,Vans,EV,0.0,0.0,0.097999997437,0.0,0.087999999523163,0.0,2020-2023,Post-Pandemia
India,IND,2023,Buses,BEV,0.0,2300.0,0.0,8400.0,0.0,0.0,2020-2023,Post-Pandemia
India,IND,2023,Buses,EV,0.0,0.0,6.80000019073486,0.0,0.439999997615814,790.0,2020-2023,Post-Pandemia
India,IND,2023,Buses,FCEV,0.0,2.0,0.0,100.0,0.0,0.0,2020-2023,Post-Pandemia
India,IND,2023,Cars,BEV,0.0,82000.0,0.0,150000.0,0.0,0.0,2020-2023,Post-Pandemia
India,IND,2023,Cars,EV,0.0,0.0,2.0,0.0,0.310000002384186,410.0,2020-2023,Post-Pandemia
India,IND,2023,Cars,FCEV,0.0,0.0,0.0,3.0,0.0,0.0,2020-2023,Post-Pandemia
India,IND,2023,Cars,PHEV,0.0,270.0,0.0,390.0,0.0,0.0,2020-2023,Post-Pandemia
India,IND,2023,EV,Publicly available fast,4100.0,0.0,0.0,0.0,0.0,0.0,2020-2023,Post-Pandemia
India,IND,2023,EV,Publicly available slow,6800.0,0.0,0.0,0.0,0.0,0.0,2020-2023,Post-Pandemia
India,IND,2023,Vans,BEV,0.0,350.0,0.0,7300.0,0.0,0.0,2020-2023,Post-Pandemia
India,IND,2023,Vans,EV,0.0,0.0,0.061999998986721,0.0,0.086999997496605,41.0,2020-2023,Post-Pandemia
Indonesia,IDN,2020,EV,Publicly available fast,51.0,0.0,0.0,0.0,0.0,0.0,2020-2023,Pandemia
Indonesia,IDN,2020,EV,Publicly available slow,50.0,0.0,0.0,0.0,0.0,0.0,2020-2023,Pandemia
Indonesia,IDN,2021,EV,Publicly available fast,130.0,0.0,0.0,0.0,0.0,0.0,2020-2023,Pandemia
Indonesia,IDN,2021,EV,Publicly available slow,54.0,0.0,0.0,0.0,0.0,0.0,2020-2023,Pandemia
Indonesia,IDN,2022,EV,Publicly available fast,130.0,0.0,0.0,0.0,0.0,0.0,2020-2023,Post-Pandemia
Indonesia,IDN,2022,EV,Publicly available slow,580.0,0.0,0.0,0.0,0.0,0.0,2020-2023,Post-Pandemia
Indonesia,IDN,2023,EV,Publicly available fast,130.0,0.0,0.0,0.0,0.0,0.0,2020-2023,Post-Pandemia
Indonesia,IDN,2023,EV,Publicly available slow,580.0,0.0,0.0,0.0,0.0,0.0,2020-2023,Post-Pandemia
Ireland,IRL,2015,Cars,BEV,0.0,470.0,0.0,0.0,0.0,0.0,2015-2019,Pre-Pandemia
Ireland,IRL,2015,Cars,EV,0.0,0.0,0.469999998807907,0.0,0.0,0.0,2015-2019,Pre-Pandemia
Ireland,IRL,2015,Cars,PHEV,0.0,120.0,0.0,0.0,0.0,0.0,2015-2019,Pre-Pandemia
Ireland,IRL,2016,Cars,BEV,0.0,390.0,0.0,0.0,0.0,0.0,2015-2019,Pre-Pandemia
Ireland,IRL,2016,Cars,EV,0.0,0.0,0.469999998807907,0.0,0.0,0.0,2015-2019,Pre-Pandemia
Ireland,IRL,2016,Cars,PHEV,0.0,300.0,0.0,0.0,0.0,0.0,2015-2019,Pre-Pandemia
Ireland,IRL,2017,Cars,BEV,0.0,620.0,0.0,0.0,0.0,0.0,2015-2019,Pre-Pandemia
Ireland,IRL,2017,Cars,EV,0.0,0.0,0.72000002861023,0.0,0.0,0.0,2015-2019,Pre-Pandemia
Ireland,IRL,2017,Cars,PHEV,0.0,330.0,0.0,0.0,0.0,0.0,2015-2019,Pre-Pandemia
Ireland,IRL,2018,Cars,BEV,0.0,1200.0,0.0,0.0,0.0,0.0,2015-2019,Pre-Pandemia
Ireland,IRL,2018,Cars,EV,0.0,0.0,1.60000002384186,0.0,0.0,0.0,2015-2019,Pre-Pandemia
Ireland,IRL,2018,Cars,PHEV,0.0,740.0,0.0,0.0,0.0,0.0,2015-2019,Pre-Pandemia
Ireland,IRL,2019,Cars,BEV,0.0,3400.0,0.0,0.0,0.0,0.0,2015-2019,Pre-Pandemia
Ireland,IRL,2019,Cars,EV,0.0,0.0,4.09999990463257,0.0,0.0,0.0,2015-2019,Pre-Pandemia
Ireland,IRL,2019,Cars,PHEV,0.0,1300.0,0.0,0.0,0.0,0.0,2015-2019,Pre-Pandemia
Ireland,IRL,2020,Cars,BEV,0.0,4000.0,0.0,0.0,0.0,0.0,2020-2023,Pandemia
Ireland,IRL,2020,Cars,EV,0.0,0.0,7.40000009536743,0.0,0.0,0.0,2020-2023,Pandemia
Ireland,IRL,2020,Cars,PHEV,0.0,2500.0,0.0,0.0,0.0,0.0,2020-2023,Pandemia
Ireland,IRL,2021,Cars,BEV,0.0,8600.0,0.0,0.0,0.0,0.0,2020-2023,Pandemia
Ireland,IRL,2021,Cars,EV,0.0,0.0,16.0,0.0,0.0,0.0,2020-2023,Pandemia
Ireland,IRL,2021,Cars,PHEV,0.0,7900.0,0.0,0.0,0.0,0.0,2020-2023,Pandemia
Ireland,IRL,2022,Cars,BEV,0.0,16000.0,0.0,0.0,0.0,0.0,2020-2023,Post-Pandemia
Ireland,IRL,2022,Cars,EV,0.0,0.0,22.0,0.0,0.0,0.0,2020-2023,Post-Pandemia
Ireland,IRL,2022,Cars,PHEV,0.0,7700.0,0.0,0.0,0.0,0.0,2020-2023,Post-Pandemia
Ireland,IRL,2023,Cars,BEV,0.0,23000.0,0.0,0.0,0.0,0.0,2020-2023,Post-Pandemia
Ireland,IRL,2023,Cars,EV,0.0,0.0,27.0,0.0,0.0,0.0,2020-2023,Post-Pandemia
Ireland,IRL,2023,Cars,PHEV,0.0,10000.0,0.0,0.0,0.0,0.0,2020-2023,Post-Pandemia
Israel,ISR,2010,Buses,FCEV,0.0,0.0,0.0,3.0,0.0,0.0,2010-2014,Pre-Pandemia
Israel,ISR,2010,Cars,BEV,0.0,0.0,0.0,6.0,0.0,0.0,2010-2014,Pre-Pandemia
Israel,ISR,2010,Cars,EV,0.0,0.0,0.0,0.0,0.000319999991916,0.0,2010-2014,Pre-Pandemia
Israel,ISR,2011,Cars,BEV,0.0,3.0,0.0,85.0,0.0,0.0,2010-2014,Pre-Pandemia
Israel,ISR,2011,Cars,EV,0.0,0.0,0.001300000003539,0.0,0.004300000146031,0.0,2010-2014,Pre-Pandemia
Israel,ISR,2012,Cars,BEV,0.0,600.0,0.0,610.0,0.0,0.0,2010-2014,Pre-Pandemia
Israel,ISR,2012,Cars,EV,0.0,0.0,0.270000010728836,0.0,0.028999999165535,0.0,2010-2014,Pre-Pandemia
Israel,ISR,2012,Cars,PHEV,0.0,1.0,0.0,1.0,0.0,0.0,2010-2014,Pre-Pandemia
Israel,ISR,2013,Buses,BEV,0.0,0.001000000047497,0.0,0.0,0.0,0.0,2010-2014,Pre-Pandemia
Israel,ISR,2013,Buses,EV,0.0,0.0,3.19999999192078e-05,0.0,0.0,0.0,2010-2014,Pre-Pandemia
Israel,ISR,2013,Cars,BEV,0.0,460.0,0.0,1000.0,0.0,0.0,2010-2014,Pre-Pandemia
Israel,ISR,2013,Cars,EV,0.0,0.0,0.209999993443489,0.0,0.048000000417233,0.0,2010-2014,Pre-Pandemia
Israel,ISR,2013,Cars,PHEV,0.0,17.0,0.0,18.0,0.0,0.0,2010-2014,Pre-Pandemia
Israel,ISR,2014,Cars,BEV,0.0,6.0,0.0,1200.0,0.0,0.0,2010-2014,Pre-Pandemia
Israel,ISR,2014,Cars,EV,0.0,0.0,0.021999999880791,0.0,0.056000001728535,0.0,2010-2014,Pre-Pandemia
Israel,ISR,2014,Cars,PHEV,0.0,52.0,0.0,70.0,0.0,0.0,2010-2014,Pre-Pandemia
Israel,ISR,2015,Cars,BEV,0.0,3.0,0.0,1200.0,0.0,0.0,2015-2019,Pre-Pandemia
Israel,ISR,2015,Cars,EV,0.0,0.0,0.024000000208616,0.0,0.054999999701977,0.0,2015-2019,Pre-Pandemia
Israel,ISR,2015,Cars,PHEV,0.0,65.0,0.0,140.0,0.0,0.0,2015-2019,Pre-Pandemia
Israel,ISR,2015,EV,Publicly available fast,0.100000001490116,0.0,0.0,0.0,0.0,0.0,2015-2019,Pre-Pandemia
Israel,ISR,2015,EV,Publicly available slow,0.100000001490116,0.0,0.0,0.0,0.0,0.0,2015-2019,Pre-Pandemia
Israel,ISR,2016,Buses,BEV,0.0,5.0,0.0,5.0,0.0,0.0,2015-2019,Pre-Pandemia
Israel,ISR,2016,Buses,EV,0.0,0.0,0.109999999403954,0.0,0.016000000759959,0.0,2015-2019,Pre-Pandemia
Israel,ISR,2016,Cars,BEV,0.0,5.0,0.0,1200.0,0.0,0.0,2015-2019,Pre-Pandemia
Israel,ISR,2016,Cars,EV,0.0,0.0,0.021999999880791,0.0,0.054000001400709,0.0,2015-2019,Pre-Pandemia
Israel,ISR,2016,Cars,PHEV,0.0,63.0,0.0,200.0,0.0,0.0,2015-2019,Pre-Pandemia
Israel,ISR,2016,EV,Publicly available fast,0.100000001490116,0.0,0.0,0.0,0.0,0.0,2015-2019,Pre-Pandemia
Israel,ISR,2016,EV,Publicly available slow,0.100000001490116,0.0,0.0,0.0,0.0,0.0,2015-2019,Pre-Pandemia
Israel,ISR,2017,Buses,BEV,0.0,40.0,0.0,45.0,0.0,0.0,2015-2019,Pre-Pandemia
Israel,ISR,2017,Buses,EV,0.0,0.0,0.949999988079071,0.0,0.140000000596046,0.0,2015-2019,Pre-Pandemia
Israel,ISR,2017,Cars,BEV,0.0,130.0,0.0,1400.0,0.0,0.0,2015-2019,Pre-Pandemia
Israel,ISR,2017,Cars,EV,0.0,0.0,0.519999980926514,0.0,0.109999999403954,0.0,2015-2019,Pre-Pandemia
Israel,ISR,2017,Cars,PHEV,0.0,1500.0,0.0,1700.0,0.0,0.0,2015-2019,Pre-Pandemia
Israel,ISR,2017,EV,Publicly available fast,0.100000001490116,0.0,0.0,0.0,0.0,0.0,2015-2019,Pre-Pandemia
Israel,ISR,2017,EV,Publicly available slow,0.100000001490116,0.0,0.0,0.0,0.0,0.0,2015-2019,Pre-Pandemia
Israel,ISR,2018,Buses,BEV,0.0,23.0,0.0,78.0,0.0,0.0,2015-2019,Pre-Pandemia
Israel,ISR,2018,Buses,EV,0.0,0.0,0.610000014305115,0.0,0.230000004172325,0.0,2015-2019,Pre-Pandemia
Israel,ISR,2018,Cars,BEV,0.0,130.0,0.0,1500.0,0.0,0.0,2015-2019,Pre-Pandemia
Israel,ISR,2018,Cars,EV,0.0,0.0,1.20000004768372,0.0,0.230000004172325,0.0,2015-2019,Pre-Pandemia
Israel,ISR,2018,Cars,PHEV,0.0,3600.0,0.0,5300.0,0.0,0.0,2015-2019,Pre-Pandemia
Israel,ISR,2018,EV,Publicly available fast,0.100000001490116,0.0,0.0,0.0,0.0,0.0,2015-2019,Pre-Pandemia
Israel,ISR,2018,EV,Publicly available slow,0.100000001490116,0.0,0.0,0.0,0.0,0.0,2015-2019,Pre-Pandemia
Israel,ISR,2019,Buses,BEV,0.0,16.0,0.0,94.0,0.0,0.0,2015-2019,Pre-Pandemia
Israel,ISR,2019,Buses,EV,0.0,0.0,0.370000004768372,0.0,0.259999990463257,0.0,2015-2019,Pre-Pandemia
Israel,ISR,2019,Cars,BEV,0.0,850.0,0.0,2200.0,0.0,0.0,2015-2019,Pre-Pandemia
Israel,ISR,2019,Cars,EV,0.0,0.0,1.60000002384186,0.0,0.370000004768372,0.0,2015-2019,Pre-Pandemia
Israel,ISR,2019,Cars,PHEV,0.0,3900.0,0.0,9200.0,0.0,0.0,2015-2019,Pre-Pandemia
Israel,ISR,2019,EV,Publicly available fast,0.100000001490116,0.0,0.0,0.0,0.0,0.0,2015-2019,Pre-Pandemia
Israel,ISR,2019,EV,Publicly available slow,0.100000001490116,0.0,0.0,0.0,0.0,0.0,2015-2019,Pre-Pandemia
Israel,ISR,2020,Buses,BEV,0.0,24.0,0.0,120.0,0.0,0.0,2020-2023,Pandemia
Israel,ISR,2020,Buses,EV,0.0,0.0,0.870000004768372,0.0,0.319999992847443,0.0,2020-2023,Pandemia
Israel,ISR,2020,Cars,BEV,0.0,1500.0,0.0,3800.0,0.0,0.0,2020-2023,Pandemia
Israel,ISR,2020,Cars,EV,0.0,0.0,2.59999990463257,0.0,0.579999983310699,0.0,2020-2023,Pandemia
Israel,ISR,2020,Cars,PHEV,0.0,5400.0,0.0,15000.0,0.0,0.0,2020-2023,Pandemia
Israel,ISR,2020,EV,Publicly available fast,0.100000001490116,0.0,0.0,0.0,0.0,0.0,2020-2023,Pandemia
Israel,ISR,2020,Vans,BEV,0.0,45.0,0.0,2.0,0.0,0.0,2020-2023,Pandemia
Israel,ISR,2020,Vans,EV,0.0,0.0,0.360000014305115,0.0,0.00109999999404,0.0,2020-2023,Pandemia
Israel,ISR,2021,Buses,BEV,0.0,33.0,0.0,150.0,0.0,0.0,2020-2023,Pandemia
Israel,ISR,2021,Buses,EV,0.0,0.0,0.779999971389771,0.0,0.400000005960465,0.0,2020-2023,Pandemia
Israel,ISR,2021,Cars,BEV,0.0,11000.0,0.0,15000.0,0.0,0.0,2020-2023,Pandemia
Israel,ISR,2021,Cars,EV,0.0,0.0,6.90000009536743,0.0,1.29999995231628,0.0,2020-2023,Pandemia
Israel,ISR,2021,Cars,PHEV,0.0,13000.0,0.0,28000.0,0.0,0.0,2020-2023,Pandemia
Israel,ISR,2021,EV,Publicly available fast,0.100000001490116,0.0,0.0,0.0,0.0,0.0,2020-2023,Pandemia
Israel,ISR,2021,Vans,BEV,0.0,76.0,0.0,26.0,0.0,0.0,2020-2023,Pandemia
Israel,ISR,2021,Vans,EV,0.0,0.0,0.490000009536743,0.0,0.014000000432134,0.0,2020-2023,Pandemia
Israel,ISR,2021,Vans,PHEV,0.0,2.0,0.0,0.0,0.0,0.0,2020-2023,Pandemia
Israel,ISR,2022,Buses,BEV,0.0,480.0,0.0,620.0,0.0,0.0,2020-2023,Post-Pandemia
Israel,ISR,2022,Buses,EV,0.0,0.0,10.0,0.0,1.60000002384186,0.0,2020-2023,Post-Pandemia
Israel,ISR,2022,Cars,BEV,0.0,27000.0,0.0,44000.0,0.0,0.0,2020-2023,Post-Pandemia
Israel,ISR,2022,Cars,EV,0.0,0.0,12.0,0.0,2.5,0.0,2020-2023,Post-Pandemia
Israel,ISR,2022,Cars,PHEV,0.0,16000.0,0.0,44000.0,0.0,0.0,2020-2023,Post-Pandemia
Israel,ISR,2022,EV,Publicly available fast,270.0,0.0,0.0,0.0,0.0,0.0,2020-2023,Post-Pandemia
Israel,ISR,2022,EV,Publicly available slow,2500.0,0.0,0.0,0.0,0.0,0.0,2020-2023,Post-Pandemia
Israel,ISR,2022,Vans,BEV,0.0,87.0,0.0,120.0,0.0,0.0,2020-2023,Post-Pandemia
Israel,ISR,2022,Vans,EV,0.0,0.0,0.689999997615814,0.0,0.061999998986721,0.0,2020-2023,Post-Pandemia
Israel,ISR,2022,Vans,PHEV,0.0,18.0,0.0,0.0,0.0,0.0,2020-2023,Post-Pandemia
Israel,ISR,2023,Buses,BEV,0.0,450.0,0.0,1100.0,0.0,0.0,2020-2023,Post-Pandemia
Israel,ISR,2023,Buses,EV,0.0,0.0,11.0,0.0,2.59999990463257,0.0,2020-2023,Post-Pandemia
Israel,ISR,2023,Cars,BEV,0.0,49000.0,0.0,91000.0,0.0,0.0,2020-2023,Post-Pandemia
Israel,ISR,2023,Cars,EV,0.0,0.0,19.0,0.0,4.19999980926514,0.0,2020-2023,Post-Pandemia
Israel,ISR,2023,Cars,PHEV,0.0,16000.0,0.0,60000.0,0.0,0.0,2020-2023,Post-Pandemia
Israel,ISR,2023,EV,Publicly available fast,710.0,0.0,0.0,0.0,0.0,0.0,2020-2023,Post-Pandemia
Israel,ISR,2023,EV,Publicly available slow,4200.0,0.0,0.0,0.0,0.0,0.0,2020-2023,Post-Pandemia
Israel,ISR,2023,Vans,BEV,0.0,90.0,0.0,300.0,0.0,0.0,2020-2023,Post-Pandemia
Israel,ISR,2023,Vans,EV,0.0,0.0,0.600000023841858,0.0,0.170000001788139,0.0,2020-2023,Post-Pandemia
Israel,ISR,2023,Vans,PHEV,0.0,0.0,0.0,20.0,0.0,0.0,2020-2023,Post-Pandemia
Italy,ITA,2010,Cars,BEV,0.0,40.0,0.0,650.0,0.0,0.0,2010-2014,Pre-Pandemia
Italy,ITA,2010,Cars,EV,0.0,0.0,0.002000000094995,0.0,0.001700000022538,0.0,2010-2014,Pre-Pandemia
Italy,ITA,2010,Vans,BEV,0.0,210.0,0.0,820.0,0.0,0.0,2010-2014,Pre-Pandemia
Italy,ITA,2010,Vans,EV,0.0,0.0,0.119999997317791,0.0,0.021999999880791,0.0,2010-2014,Pre-Pandemia
Italy,ITA,2011,Cars,BEV,0.0,110.0,0.0,760.0,0.0,0.0,2010-2014,Pre-Pandemia
Italy,ITA,2011,Cars,EV,0.0,0.0,0.00650000013411,0.0,0.002000000094995,0.0,2010-2014,Pre-Pandemia
Italy,ITA,2011,Vans,BEV,0.0,84.0,0.0,910.0,0.0,0.0,2010-2014,Pre-Pandemia
Italy,ITA,2011,Vans,EV,0.0,0.0,0.0489999987185,0.0,0.023000000044704,0.0,2010-2014,Pre-Pandemia
Italy,ITA,2012,Cars,BEV,0.0,460.0,0.0,1200.0,0.0,0.0,2010-2014,Pre-Pandemia
Italy,ITA,2012,Cars,EV,0.0,0.0,0.032999999821186,0.0,0.003199999919161,0.0,2010-2014,Pre-Pandemia
Italy,ITA,2012,EV,Publicly available fast,1.0,0.0,0.0,0.0,0.0,0.0,2010-2014,Pre-Pandemia
Italy,ITA,2012,EV,Publicly available slow,1400.0,0.0,0.0,0.0,0.0,0.0,2010-2014,Pre-Pandemia
Italy,ITA,2012,Vans,BEV,0.0,360.0,0.0,1300.0,0.0,0.0,2010-2014,Pre-Pandemia
Italy,ITA,2012,Vans,EV,0.0,0.0,0.310000002384186,0.0,0.034000001847744,0.0,2010-2014,Pre-Pandemia
Italy,ITA,2012,Vans,PHEV,0.0,3.0,0.0,0.0,0.0,0.0,2010-2014,Pre-Pandemia
Italy,ITA,2013,Cars,BEV,0.0,860.0,0.0,2000.0,0.0,0.0,2010-2014,Pre-Pandemia
Italy,ITA,2013,Cars,EV,0.0,0.0,0.079999998211861,0.0,0.005799999926239,0.0,2010-2014,Pre-Pandemia
Italy,ITA,2013,Cars,PHEV,0.0,180.0,0.0,180.0,0.0,0.0,2010-2014,Pre-Pandemia
Italy,ITA,2013,EV,Publicly available fast,6.0,0.0,0.0,0.0,0.0,0.0,2010-2014,Pre-Pandemia
Italy,ITA,2013,EV,Publicly available slow,1400.0,0.0,0.0,0.0,0.0,0.0,2010-2014,Pre-Pandemia
Italy,ITA,2013,Vans,BEV,0.0,180.0,0.0,1400.0,0.0,0.0,2010-2014,Pre-Pandemia
Italy,ITA,2013,Vans,EV,0.0,0.0,0.200000002980232,0.0,0.037000000476837,0.0,2010-2014,Pre-Pandemia
Italy,ITA,2013,Vans,PHEV,0.0,1.0,0.0,0.0,0.0,0.0,2010-2014,Pre-Pandemia
Italy,ITA,2014,Cars,BEV,0.0,1000.0,0.0,3100.0,0.0,0.0,2010-2014,Pre-Pandemia
Italy,ITA,2014,Cars,EV,0.0,0.0,0.100000001490116,0.0,0.009399999864399,0.0,2010-2014,Pre-Pandemia
Italy,ITA,2014,Cars,FCEV,0.0,10.0,0.0,10.0,0.0,0.0,2010-2014,Pre-Pandemia
Italy,ITA,2014,Cars,PHEV,0.0,340.0,0.0,520.0,0.0,0.0,2010-2014,Pre-Pandemia
Italy,ITA,2014,EV,Publicly available fast,10.0,0.0,0.0,0.0,0.0,0.0,2010-2014,Pre-Pandemia
Italy,ITA,2014,EV,Publicly available slow,1400.0,0.0,0.0,0.0,0.0,0.0,2010-2014,Pre-Pandemia
Italy,ITA,2014,Vans,BEV,0.0,270.0,0.0,1700.0,0.0,0.0,2010-2014,Pre-Pandemia
Italy,ITA,2014,Vans,EV,0.0,0.0,0.25,0.0,0.043000001460314,0.0,2010-2014,Pre-Pandemia
Italy,ITA,2015,Buses,FCEV,0.0,0.0,0.0,11.0,0.0,0.0,2015-2019,Pre-Pandemia
Italy,ITA,2015,Cars,BEV,0.0,1500.0,0.0,4400.0,0.0,0.0,2015-2019,Pre-Pandemia
Italy,ITA,2015,Cars,EV,0.0,0.0,0.140000000596046,0.0,0.014999999664724,0.0,2015-2019,Pre-Pandemia
Italy,ITA,2015,Cars,FCEV,0.0,1.0,0.0,11.0,0.0,0.0,2015-2019,Pre-Pandemia
Italy,ITA,2015,Cars,PHEV,0.0,740.0,0.0,1300.0,0.0,0.0,2015-2019,Pre-Pandemia
Italy,ITA,2015,EV,Publicly available fast,70.0,0.0,0.0,0.0,0.0,0.0,2015-2019,Pre-Pandemia
Italy,ITA,2015,EV,Publicly available slow,1700.0,0.0,0.0,0.0,0.0,0.0,2015-2019,Pre-Pandemia
Italy,ITA,2015,Vans,BEV,0.0,420.0,0.0,2100.0,0.0,0.0,2015-2019,Pre-Pandemia
Italy,ITA,2015,Vans,EV,0.0,0.0,0.349999994039536,0.0,0.052999999374151,0.0,2015-2019,Pre-Pandemia
Italy,ITA,2016,Buses,BEV,0.0,38.0,0.0,38.0,0.0,0.0,2015-2019,Pre-Pandemia
Italy,ITA,2016,Buses,EV,0.0,0.0,1.39999997615814,0.0,0.039000000804663,0.0,2015-2019,Pre-Pandemia
Italy,ITA,2016,Buses,FCEV,0.0,0.0,0.0,13.0,0.0,0.0,2015-2019,Pre-Pandemia
Italy,ITA,2016,Cars,BEV,0.0,1400.0,0.0,5800.0,0.0,0.0,2015-2019,Pre-Pandemia
Italy,ITA,2016,Cars,EV,0.0,0.0,0.150000005960464,0.0,0.021999999880791,0.0,2015-2019,Pre-Pandemia
Italy,ITA,2016,Cars,FCEV,0.0,0.0,0.0,11.0,0.0,0.0,2015-2019,Pre-Pandemia
Italy,ITA,2016,Cars,PHEV,0.0,1300.0,0.0,2700.0,0.0,0.0,2015-2019,Pre-Pandemia
Italy,ITA,2016,EV,Publicly available fast,170.0,0.0,0.0,0.0,0.0,0.0,2015-2019,Pre-Pandemia
Italy,ITA,2016,EV,Publicly available slow,2300.0,0.0,0.0,0.0,0.0,0.0,2015-2019,Pre-Pandemia
Italy,ITA,2016,Vans,BEV,0.0,780.0,0.0,2900.0,0.0,0.0,2015-2019,Pre-Pandemia
Italy,ITA,2016,Vans,EV,0.0,0.0,0.430000007152557,0.0,0.071000002324581,0.0,2015-2019,Pre-Pandemia
Italy,ITA,2017,Buses,BEV,0.0,29.0,0.0,46.0,0.0,0.0,2015-2019,Pre-Pandemia
Italy,ITA,2017,Buses,EV,0.0,0.0,0.910000026226044,0.0,0.048000000417233,0.0,2015-2019,Pre-Pandemia
Italy,ITA,2017,Buses,FCEV,0.0,0.0,0.0,13.0,0.0,0.0,2015-2019,Pre-Pandemia
Italy,ITA,2017,Cars,BEV,0.0,2000.0,0.0,7800.0,0.0,0.0,2015-2019,Pre-Pandemia
Italy,ITA,2017,Cars,EV,0.0,0.0,0.25,0.0,0.034000001847744,0.0,2015-2019,Pre-Pandemia
Italy,ITA,2017,Cars,FCEV,0.0,0.0,0.0,11.0,0.0,0.0,2015-2019,Pre-Pandemia
Italy,ITA,2017,Cars,PHEV,0.0,2900.0,0.0,5600.0,0.0,0.0,2015-2019,Pre-Pandemia
Italy,ITA,2017,EV,Publicly available fast,390.0,0.0,0.0,0.0,0.0,0.0,2015-2019,Pre-Pandemia
Italy,ITA,2017,EV,Publicly available slow,2400.0,0.0,0.0,0.0,0.0,0.0,2015-2019,Pre-Pandemia
Italy,ITA,2017,Vans,BEV,0.0,500.0,0.0,3200.0,0.0,0.0,2015-2019,Pre-Pandemia
Italy,ITA,2017,Vans,EV,0.0,0.0,0.280000001192093,0.0,0.07599999755621,0.0,2015-2019,Pre-Pandemia
Italy,ITA,2017,Vans,PHEV,0.0,2.0,0.0,0.0,0.0,0.0,2015-2019,Pre-Pandemia
Italy,ITA,2018,Buses,BEV,0.0,60.0,0.0,110.0,0.0,0.0,2015-2019,Pre-Pandemia
Italy,ITA,2018,Buses,EV,0.0,0.0,1.39999997615814,0.0,0.109999999403954,0.0,2015-2019,Pre-Pandemia
Italy,ITA,2018,Buses,FCEV,0.0,0.0,0.0,13.0,0.0,0.0,2015-2019,Pre-Pandemia
Italy,ITA,2018,Cars,BEV,0.0,5000.0,0.0,13000.0,0.0,0.0,2015-2019,Pre-Pandemia
Italy,ITA,2018,Cars,EV,0.0,0.0,0.509999990463257,0.0,0.05799999833107,0.0,2015-2019,Pre-Pandemia
Italy,ITA,2018,Cars,FCEV,0.0,1.0,0.0,12.0,0.0,0.0,2015-2019,Pre-Pandemia
Italy,ITA,2018,Cars,PHEV,0.0,4700.0,0.0,10000.0,0.0,0.0,2015-2019,Pre-Pandemia
Italy,ITA,2018,EV,Publicly available fast,570.0,0.0,0.0,0.0,0.0,0.0,2015-2019,Pre-Pandemia
Italy,ITA,2018,EV,Publicly available slow,2900.0,0.0,0.0,0.0,0.0,0.0,2015-2019,Pre-Pandemia
Italy,ITA,2018,Vans,BEV,0.0,640.0,0.0,3900.0,0.0,0.0,2015-2019,Pre-Pandemia
Italy,ITA,2018,Vans,EV,0.0,0.0,0.389999985694885,0.0,0.093999996781349,0.0,2015-2019,Pre-Pandemia
Italy,ITA,2019,Buses,BEV,0.0,65.0,0.0,540.0,0.0,0.0,2015-2019,Pre-Pandemia
Italy,ITA,2019,Buses,EV,0.0,0.0,1.60000002384186,0.0,0.550000011920929,0.0,2015-2019,Pre-Pandemia
Italy,ITA,2019,Buses,FCEV,0.0,0.0,0.0,13.0,0.0,0.0,2015-2019,Pre-Pandemia
Italy,ITA,2019,Cars,BEV,0.0,11000.0,0.0,23000.0,0.0,0.0,2015-2019,Pre-Pandemia
Italy,ITA,2019,Cars,EV,0.0,0.0,0.899999976158142,0.0,0.100000001490116,0.0,2015-2019,Pre-Pandemia
Italy,ITA,2019,Cars,FCEV,0.0,17.0,0.0,28.0,0.0,0.0,2015-2019,Pre-Pandemia
Italy,ITA,2019,Cars,PHEV,0.0,6500.0,0.0,17000.0,0.0,0.0,2015-2019,Pre-Pandemia
Italy,ITA,2019,EV,Publicly available fast,860.0,0.0,0.0,0.0,0.0,0.0,2015-2019,Pre-Pandemia
Italy,ITA,2019,EV,Publicly available slow,8300.0,0.0,0.0,0.0,0.0,0.0,2015-2019,Pre-Pandemia
Italy,ITA,2019,Vans,BEV,0.0,1000.0,0.0,4900.0,0.0,0.0,2015-2019,Pre-Pandemia
Italy,ITA,2019,Vans,EV,0.0,0.0,0.610000014305115,0.0,0.119999997317791,0.0,2015-2019,Pre-Pandemia
Italy,ITA,2019,Vans,PHEV,0.0,0.0,0.0,43.0,0.0,0.0,2015-2019,Pre-Pandemia
Italy,ITA,2020,Buses,BEV,0.0,97.0,0.0,590.0,0.0,0.0,2020-2023,Pandemia
Italy,ITA,2020,Buses,EV,0.0,0.0,3.09999990463257,0.0,0.600000023841858,0.0,2020-2023,Pandemia
Italy,ITA,2020,Buses,FCEV,0.0,0.0,0.0,13.0,0.0,0.0,2020-2023,Pandemia
Italy,ITA,2020,Cars,BEV,0.0,33000.0,0.0,55000.0,0.0,0.0,2020-2023,Pandemia
Italy,ITA,2020,Cars,EV,0.0,0.0,4.30000019073486,0.0,0.25,0.0,2020-2023,Pandemia
Italy,ITA,2020,Cars,FCEV,0.0,7.0,0.0,35.0,0.0,0.0,2020-2023,Pandemia
Italy,ITA,2020,Cars,PHEV,0.0,27000.0,0.0,44000.0,0.0,0.0,2020-2023,Pandemia
Italy,ITA,2020,EV,Publicly available fast,1200.0,0.0,0.0,0.0,0.0,0.0,2020-2023,Pandemia
Italy,ITA,2020,EV,Publicly available slow,12000.0,0.0,0.0,0.0,0.0,0.0,2020-2023,Pandemia
Italy,ITA,2020,Vans,BEV,0.0,1200.0,0.0,6300.0,0.0,0.0,2020-2023,Pandemia
Italy,ITA,2020,Vans,EV,0.0,0.0,0.879999995231628,0.0,0.150000005960464,0.0,2020-2023,Pandemia
Italy,ITA,2020,Vans,PHEV,0.0,53.0,0.0,98.0,0.0,0.0,2020-2023,Pandemia
Italy,ITA,2021,Buses,BEV,0.0,180.0,0.0,670.0,0.0,0.0,2020-2023,Pandemia
Italy,ITA,2021,Buses,EV,0.0,0.0,5.19999980926514,0.0,0.689999997615814,0.0,2020-2023,Pandemia
Italy,ITA,2021,Buses,FCEV,0.0,0.0,0.0,13.0,0.0,0.0,2020-2023,Pandemia
Italy,ITA,2021,Cars,BEV,0.0,67000.0,0.0,120000.0,0.0,0.0,2020-2023,Pandemia
Italy,ITA,2021,Cars,EV,0.0,0.0,9.5,0.0,0.589999973773956,0.0,2020-2023,Pandemia
Italy,ITA,2021,Cars,FCEV,0.0,10.0,0.0,45.0,0.0,0.0,2020-2023,Pandemia
Italy,ITA,2021,Cars,PHEV,0.0,71000.0,0.0,110000.0,0.0,0.0,2020-2023,Pandemia
Italy,ITA,2021,EV,Publicly available fast,2200.0,0.0,0.0,0.0,0.0,0.0,2020-2023,Pandemia
Italy,ITA,2021,EV,Publicly available slow,20000.0,0.0,0.0,0.0,0.0,0.0,2020-2023,Pandemia
Italy,ITA,2021,Vans,BEV,0.0,3100.0,0.0,9400.0,0.0,0.0,2020-2023,Pandemia
Italy,ITA,2021,Vans,EV,0.0,0.0,1.89999997615814,0.0,0.230000004172325,0.0,2020-2023,Pandemia
Italy,ITA,2021,Vans,PHEV,0.0,380.0,0.0,490.0,0.0,0.0,2020-2023,Pandemia
Italy,ITA,2022,Buses,BEV,0.0,120.0,0.0,790.0,0.0,0.0,2020-2023,Post-Pandemia
Italy,ITA,2022,Buses,EV,0.0,0.0,4.09999990463257,0.0,0.829999983310699,0.0,2020-2023,Post-Pandemia
Italy,ITA,2022,Buses,FCEV,0.0,0.0,0.0,13.0,0.0,0.0,2020-2023,Post-Pandemia
Italy,ITA,2022,Cars,BEV,0.0,49000.0,0.0,170000.0,0.0,0.0,2020-2023,Post-Pandemia
Italy,ITA,2022,Cars,EV,0.0,0.0,8.60000038146973,0.0,0.910000026226044,0.0,2020-2023,Post-Pandemia
Italy,ITA,2022,Cars,FCEV,0.0,11.0,0.0,56.0,0.0,0.0,2020-2023,Post-Pandemia
Italy,ITA,2022,Cars,PHEV,0.0,65000.0,0.0,180000.0,0.0,0.0,2020-2023,Post-Pandemia
Italy,ITA,2022,EV,Publicly available fast,6500.0,0.0,0.0,0.0,0.0,0.0,2020-2023,Post-Pandemia
Italy,ITA,2022,EV,Publicly available slow,31000.0,0.0,0.0,0.0,0.0,0.0,2020-2023,Post-Pandemia
Italy,ITA,2022,Vans,BEV,0.0,4100.0,0.0,13000.0,0.0,0.0,2020-2023,Post-Pandemia
Italy,ITA,2022,Vans,EV,0.0,0.0,3.0,0.0,0.330000013113022,0.0,2020-2023,Post-Pandemia
Italy,ITA,2022,Vans,PHEV,0.0,610.0,0.0,1100.0,0.0,0.0,2020-2023,Post-Pandemia
Italy,ITA,2023,Buses,BEV,0.0,410.0,0.0,1000.0,0.0,0.0,2020-2023,Post-Pandemia
Italy,ITA,2023,Buses,EV,0.0,0.0,8.0,0.0,1.10000002384186,0.0,2020-2023,Post-Pandemia
Italy,ITA,2023,Buses,FCEV,0.0,14.0,0.0,14.0,0.0,0.0,2020-2023,Post-Pandemia
Italy,ITA,2023,Cars,BEV,0.0,66000.0,0.0,240000.0,0.0,0.0,2020-2023,Post-Pandemia
Italy,ITA,2023,Cars,EV,0.0,0.0,9.19999980926514,0.0,1.29999995231628,0.0,2020-2023,Post-Pandemia
Italy,ITA,2023,Cars,FCEV,0.0,2.0,0.0,59.0,0.0,0.0,2020-2023,Post-Pandemia
Italy,ITA,2023,Cars,PHEV,0.0,70000.0,0.0,250000.0,0.0,0.0,2020-2023,Post-Pandemia
Italy,ITA,2023,EV,Publicly available fast,8100.0,0.0,0.0,0.0,0.0,0.0,2020-2023,Post-Pandemia
Italy,ITA,2023,EV,Publicly available slow,40000.0,0.0,0.0,0.0,0.0,0.0,2020-2023,Post-Pandemia
Italy,ITA,2023,Vans,BEV,0.0,7200.0,0.0,21000.0,0.0,0.0,2020-2023,Post-Pandemia
Italy,ITA,2023,Vans,EV,0.0,0.0,4.19999980926514,0.0,0.550000011920929,0.0,2020-2023,Post-Pandemia
Italy,ITA,2023,Vans,PHEV,0.0,1000.0,0.0,2100.0,0.0,0.0,2020-2023,Post-Pandemia
Japan,JPN,2010,Cars,BEV,0.0,2400.0,0.0,3500.0,0.0,0.0,2010-2014,Pre-Pandemia
Japan,JPN,2010,Cars,EV,0.0,0.0,0.052999999374151,0.0,0.006099999882281,0.0,2010-2014,Pre-Pandemia
Japan,JPN,2010,Cars,FCEV,0.0,2.0,0.0,0.0,0.0,0.0,2010-2014,Pre-Pandemia
Japan,JPN,2010,EV,Publicly available fast,310.0,0.0,0.0,0.0,0.0,0.0,2010-2014,Pre-Pandemia
Japan,JPN,2011,Buses,BEV,0.0,2.0,0.0,2.0,0.0,0.0,2010-2014,Pre-Pandemia
Japan,JPN,2011,Buses,EV,0.0,0.0,0.018999999389052,0.0,0.00089000002481,0.0,2010-2014,Pre-Pandemia
Japan,JPN,2011,Cars,BEV,0.0,13000.0,0.0,16000.0,0.0,0.0,2010-2014,Pre-Pandemia
Japan,JPN,2011,Cars,EV,0.0,0.0,0.28999999165535,0.0,0.028000000864267,0.0,2010-2014,Pre-Pandemia
Japan,JPN,2011,Cars,PHEV,0.0,15.0,0.0,15.0,0.0,0.0,2010-2014,Pre-Pandemia
Japan,JPN,2011,EV,Publicly available fast,800.0,0.0,0.0,0.0,0.0,0.0,2010-2014,Pre-Pandemia
Japan,JPN,2011,Vans,BEV,0.0,850.0,0.0,850.0,0.0,0.0,2010-2014,Pre-Pandemia
Japan,JPN,2011,Vans,EV,0.0,0.0,0.150000005960464,0.0,0.006099999882281,0.0,2010-2014,Pre-Pandemia
Japan,JPN,2012,Buses,BEV,0.0,4.0,0.0,6.0,0.0,0.0,2010-2014,Pre-Pandemia
Japan,JPN,2012,Buses,EV,0.0,0.0,0.032999999821186,0.0,0.002700000070035,0.0,2010-2014,Pre-Pandemia
Japan,JPN,2012,Cars,BEV,0.0,13000.0,0.0,30000.0,0.0,0.0,2010-2014,Pre-Pandemia
Japan,JPN,2012,Cars,EV,0.0,0.0,0.449999988079071,0.0,0.068999998271465,0.0,2010-2014,Pre-Pandemia
Japan,JPN,2012,Cars,FCEV,0.0,1.0,0.0,0.0,0.0,0.0,2010-2014,Pre-Pandemia
Japan,JPN,2012,Cars,PHEV,0.0,11000.0,0.0,11000.0,0.0,0.0,2010-2014,Pre-Pandemia
Japan,JPN,2012,EV,Publicly available fast,1400.0,0.0,0.0,0.0,0.0,0.0,2010-2014,Pre-Pandemia
Japan,JPN,2012,Vans,BEV,0.0,2500.0,0.0,3300.0,0.0,0.0,2010-2014,Pre-Pandemia
Japan,JPN,2012,Vans,EV,0.0,0.0,0.379999995231628,0.0,0.024000000208616,0.0,2010-2014,Pre-Pandemia
Japan,JPN,2013,Buses,BEV,0.0,7.0,0.0,13.0,0.0,0.0,2010-2014,Pre-Pandemia
Japan,JPN,2013,Buses,EV,0.0,0.0,0.061999998986721,0.0,0.005799999926239,0.0,2010-2014,Pre-Pandemia
Japan,JPN,2013,Cars,BEV,0.0,15000.0,0.0,44000.0,0.0,0.0,2010-2014,Pre-Pandemia
Japan,JPN,2013,Cars,EV,0.0,0.0,0.540000021457672,0.0,0.119999997317791,0.0,2010-2014,Pre-Pandemia
Japan,JPN,2013,Cars,FCEV,0.0,4.0,0.0,0.0,0.0,0.0,2010-2014,Pre-Pandemia
Japan,JPN,2013,Cars,PHEV,0.0,14000.0,0.0,25000.0,0.0,0.0,2010-2014,Pre-Pandemia
Japan,JPN,2013,EV,Publicly available fast,1800.0,0.0,0.0,0.0,0.0,0.0,2010-2014,Pre-Pandemia
Japan,JPN,2013,Vans,BEV,0.0,2100.0,0.0,5400.0,0.0,0.0,2010-2014,Pre-Pandemia
Japan,JPN,2013,Vans,EV,0.0,0.0,0.310000002384186,0.0,0.03999999910593,0.0,2010-2014,Pre-Pandemia
Japan,JPN,2014,Buses,BEV,0.0,6.0,0.0,19.0,0.0,0.0,2010-2014,Pre-Pandemia
Japan,JPN,2014,Buses,EV,0.0,0.0,0.050000000745058,0.0,0.008399999700487,0.0,2010-2014,Pre-Pandemia
Japan,JPN,2014,Cars,BEV,0.0,16000.0,0.0,70000.0,0.0,0.0,2010-2014,Pre-Pandemia
Japan,JPN,2014,Cars,EV,0.0,0.0,0.610000014305115,0.0,0.189999997615814,0.0,2010-2014,Pre-Pandemia
Japan,JPN,2014,Cars,FCEV,0.0,7.0,0.0,0.0,0.0,0.0,2010-2014,Pre-Pandemia
Japan,JPN,2014,Cars,PHEV,0.0,16000.0,0.0,41000.0,0.0,0.0,2010-2014,Pre-Pandemia
Japan,JPN,2014,EV,Publicly available fast,2900.0,0.0,0.0,0.0,0.0,0.0,2010-2014,Pre-Pandemia
Japan,JPN,2014,EV,Publicly available slow,8600.0,0.0,0.0,0.0,0.0,0.0,2010-2014,Pre-Pandemia
Japan,JPN,2014,Vans,BEV,0.0,1000.0,0.0,6400.0,0.0,0.0,2010-2014,Pre-Pandemia
Japan,JPN,2014,Vans,EV,0.0,0.0,0.150000005960464,0.0,0.048000000417233,0.0,2010-2014,Pre-Pandemia
Japan,JPN,2015,Buses,BEV,0.0,2.0,0.0,21.0,0.0,0.0,2015-2019,Pre-Pandemia
Japan,JPN,2015,Buses,EV,0.0,0.0,0.014999999664724,0.0,0.009200000204146,0.0,2015-2019,Pre-Pandemia
Japan,JPN,2015,Cars,BEV,0.0,10000.0,0.0,79000.0,0.0,0.0,2015-2019,Pre-Pandemia
Japan,JPN,2015,Cars,EV,0.0,0.0,0.519999980926514,0.0,0.219999998807907,0.0,2015-2019,Pre-Pandemia
Japan,JPN,2015,Cars,FCEV,0.0,390.0,0.0,400.0,0.0,0.0,2015-2019,Pre-Pandemia
Japan,JPN,2015,Cars,PHEV,0.0,14000.0,0.0,55000.0,0.0,0.0,2015-2019,Pre-Pandemia
Japan,JPN,2015,EV,Publicly available fast,6000.0,0.0,0.0,0.0,0.0,0.0,2015-2019,Pre-Pandemia
Japan,JPN,2015,EV,Publicly available slow,16000.0,0.0,0.0,0.0,0.0,0.0,2015-2019,Pre-Pandemia
Japan,JPN,2015,Vans,BEV,0.0,830.0,0.0,7300.0,0.0,0.0,2015-2019,Pre-Pandemia
Japan,JPN,2015,Vans,EV,0.0,0.0,0.129999995231628,0.0,0.054000001400709,0.0,2015-2019,Pre-Pandemia
Japan,JPN,2016,Buses,BEV,0.0,8.0,0.0,29.0,0.0,0.0,2015-2019,Pre-Pandemia
Japan,JPN,2016,Buses,EV,0.0,0.0,0.052000001072884,0.0,0.012000000104308,0.0,2015-2019,Pre-Pandemia
Japan,JPN,2016,Cars,BEV,0.0,15000.0,0.0,88000.0,0.0,0.0,2015-2019,Pre-Pandemia
Japan,JPN,2016,Cars,EV,0.0,0.0,0.509999990463257,0.0,0.25,0.0,2015-2019,Pre-Pandemia
Japan,JPN,2016,Cars,FCEV,0.0,1100.0,0.0,1400.0,0.0,0.0,2015-2019,Pre-Pandemia
Japan,JPN,2016,Cars,PHEV,0.0,9400.0,0.0,65000.0,0.0,0.0,2015-2019,Pre-Pandemia
Japan,JPN,2016,EV,Publicly available fast,7100.0,0.0,0.0,0.0,0.0,0.0,2015-2019,Pre-Pandemia
Japan,JPN,2016,EV,Publicly available slow,17000.0,0.0,0.0,0.0,0.0,0.0,2015-2019,Pre-Pandemia
Japan,JPN,2016,Vans,BEV,0.0,320.0,0.0,7600.0,0.0,0.0,2015-2019,Pre-Pandemia
Japan,JPN,2016,Vans,EV,0.0,0.0,0.050999999046326,0.0,0.057000000029802,0.0,2015-2019,Pre-Pandemia
Japan,JPN,2017,Buses,BEV,0.0,10.0,0.0,29.0,0.0,0.0,2015-2019,Pre-Pandemia
Japan,JPN,2017,Buses,EV,0.0,0.0,0.064000003039837,0.0,0.012000000104308,0.0,2015-2019,Pre-Pandemia
Japan,JPN,2017,Cars,BEV,0.0,18000.0,0.0,100000.0,0.0,0.0,2015-2019,Pre-Pandemia
Japan,JPN,2017,Cars,EV,0.0,0.0,1.20000004768372,0.0,0.310000002384186,0.0,2015-2019,Pre-Pandemia
Japan,JPN,2017,Cars,FCEV,0.0,850.0,0.0,2300.0,0.0,0.0,2015-2019,Pre-Pandemia
Japan,JPN,2017,Cars,PHEV,0.0,36000.0,0.0,100000.0,0.0,0.0,2015-2019,Pre-Pandemia
Japan,JPN,2017,EV,Publicly available fast,7300.0,0.0,0.0,0.0,0.0,0.0,2015-2019,Pre-Pandemia
Japan,JPN,2017,EV,Publicly available slow,22000.0,0.0,0.0,0.0,0.0,0.0,2015-2019,Pre-Pandemia
Japan,JPN,2017,Vans,BEV,0.0,320.0,0.0,7900.0,0.0,0.0,2015-2019,Pre-Pandemia
Japan,JPN,2017,Vans,EV,0.0,0.0,0.050000000745058,0.0,0.059999998658896,0.0,2015-2019,Pre-Pandemia
Japan,JPN,2018,Buses,BEV,0.0,10.0,0.0,39.0,0.0,0.0,2015-2019,Pre-Pandemia
Japan,JPN,2018,Buses,EV,0.0,0.0,0.072999998927116,0.0,0.017000000923872,0.0,2015-2019,Pre-Pandemia
Japan,JPN,2018,Cars,BEV,0.0,27000.0,0.0,110000.0,0.0,0.0,2015-2019,Pre-Pandemia
Japan,JPN,2018,Cars,EV,0.0,0.0,1.10000002384186,0.0,0.360000014305115,0.0,2015-2019,Pre-Pandemia
Japan,JPN,2018,Cars,FCEV,0.0,610.0,0.0,2900.0,0.0,0.0,2015-2019,Pre-Pandemia
Japan,JPN,2018,Cars,PHEV,0.0,23000.0,0.0,120000.0,0.0,0.0,2015-2019,Pre-Pandemia
Japan,JPN,2018,EV,Publicly available fast,7700.0,0.0,0.0,0.0,0.0,0.0,2015-2019,Pre-Pandemia
Japan,JPN,2018,EV,Publicly available slow,22000.0,0.0,0.0,0.0,0.0,0.0,2015-2019,Pre-Pandemia
Japan,JPN,2018,Trucks,BEV,0.0,5.0,0.0,5.0,0.0,0.0,2015-2019,Pre-Pandemia
Japan,JPN,2018,Trucks,EV,0.0,0.0,0.002799999900162,0.0,0.000440000003437,0.0,2015-2019,Pre-Pandemia
Japan,JPN,2018,Vans,BEV,0.0,280.0,0.0,8200.0,0.0,0.0,2015-2019,Pre-Pandemia
Japan,JPN,2018,Vans,EV,0.0,0.0,0.03999999910593,0.0,0.061999998986721,0.0,2015-2019,Pre-Pandemia
Japan,JPN,2019,Buses,BEV,0.0,8.0,0.0,47.0,0.0,0.0,2015-2019,Pre-Pandemia
Japan,JPN,2019,Buses,EV,0.0,0.0,0.059000000357628,0.0,0.019999999552965,0.0,2015-2019,Pre-Pandemia
Japan,JPN,2019,Cars,BEV,0.0,21000.0,0.0,120000.0,0.0,0.0,2015-2019,Pre-Pandemia
Japan,JPN,2019,Cars,EV,0.0,0.0,0.860000014305115,0.0,0.409999996423721,0.0,2015-2019,Pre-Pandemia
Japan,JPN,2019,Cars,FCEV,0.0,670.0,0.0,3600.0,0.0,0.0,2015-2019,Pre-Pandemia
Japan,JPN,2019,Cars,PHEV,0.0,18000.0,0.0,140000.0,0.0,0.0,2015-2019,Pre-Pandemia
Japan,JPN,2019,EV,Publicly available fast,7900.0,0.0,0.0,0.0,0.0,0.0,2015-2019,Pre-Pandemia
Japan,JPN,2019,EV,Publicly available slow,23000.0,0.0,0.0,0.0,0.0,0.0,2015-2019,Pre-Pandemia
Japan,JPN,2019,Trucks,BEV,0.0,50.0,0.0,55.0,0.0,0.0,2015-2019,Pre-Pandemia
Japan,JPN,2019,Trucks,EV,0.0,0.0,0.027000000700355,0.0,0.0046999999322,0.0,2015-2019,Pre-Pandemia
Japan,JPN,2019,Vans,BEV,0.0,520.0,0.0,8700.0,0.0,0.0,2015-2019,Pre-Pandemia
Japan,JPN,2019,Vans,EV,0.0,0.0,0.075000002980232,0.0,0.06700000166893,0.0,2015-2019,Pre-Pandemia
Japan,JPN,2020,Buses,BEV,0.0,10.0,0.0,57.0,0.0,0.0,2020-2023,Pandemia
Japan,JPN,2020,Buses,EV,0.0,0.0,0.109999999403954,0.0,0.025000000372529,0.0,2020-2023,Pandemia
Japan,JPN,2020,Buses,FCEV,0.0,100.0,0.0,10.0,0.0,0.0,2020-2023,Pandemia
Japan,JPN,2020,Cars,BEV,0.0,15000.0,0.0,140000.0,0.0,0.0,2020-2023,Pandemia
Japan,JPN,2020,Cars,EV,0.0,0.0,0.75,0.0,0.449999988079071,0.0,2020-2023,Pandemia
Japan,JPN,2020,Cars,FCEV,0.0,490.0,0.0,4100.0,0.0,0.0,2020-2023,Pandemia
Japan,JPN,2020,Cars,PHEV,0.0,15000.0,0.0,160000.0,0.0,0.0,2020-2023,Pandemia
Japan,JPN,2020,EV,Publicly available fast,7900.0,0.0,0.0,0.0,0.0,0.0,2020-2023,Pandemia
Japan,JPN,2020,EV,Publicly available slow,22000.0,0.0,0.0,0.0,0.0,0.0,2020-2023,Pandemia
Japan,JPN,2020,Trucks,BEV,0.0,35.0,0.0,55.0,0.0,0.0,2020-2023,Pandemia
Japan,JPN,2020,Trucks,EV,0.0,0.0,0.021999999880791,0.0,0.0046999999322,0.0,2020-2023,Pandemia
Japan,JPN,2020,Vans,BEV,0.0,1500.0,0.0,10000.0,0.0,0.0,2020-2023,Pandemia
Japan,JPN,2020,Vans,EV,0.0,0.0,0.239999994635582,0.0,0.078000001609325,0.0,2020-2023,Pandemia
Japan,JPN,2021,Buses,BEV,0.0,32.0,0.0,57.0,0.0,0.0,2020-2023,Pandemia
Japan,JPN,2021,Buses,EV,0.0,0.0,0.46000000834465,0.0,0.026000000536442,0.0,2020-2023,Pandemia
Japan,JPN,2021,Cars,BEV,0.0,22000.0,0.0,160000.0,0.0,0.0,2020-2023,Pandemia
Japan,JPN,2021,Cars,EV,0.0,0.0,1.20000004768372,0.0,0.509999990463257,0.0,2020-2023,Pandemia
Japan,JPN,2021,Cars,FCEV,0.0,2500.0,0.0,6600.0,0.0,0.0,2020-2023,Pandemia
Japan,JPN,2021,Cars,PHEV,0.0,23000.0,0.0,180000.0,0.0,0.0,2020-2023,Pandemia
Japan,JPN,2021,EV,Publicly available fast,8000.0,0.0,0.0,0.0,0.0,0.0,2020-2023,Pandemia
Japan,JPN,2021,EV,Publicly available slow,21000.0,0.0,0.0,0.0,0.0,0.0,2020-2023,Pandemia
Japan,JPN,2021,Trucks,BEV,0.0,3.0,0.0,55.0,0.0,0.0,2020-2023,Pandemia
Japan,JPN,2021,Trucks,EV,0.0,0.0,0.001900000032038,0.0,0.004600000102073,0.0,2020-2023,Pandemia
Japan,JPN,2021,Vans,BEV,0.0,920.0,0.0,11000.0,0.0,0.0,2020-2023,Pandemia
Japan,JPN,2021,Vans,EV,0.0,0.0,0.150000005960464,0.0,0.08500000089407,0.0,2020-2023,Pandemia
Japan,JPN,2022,Buses,BEV,0.0,20.0,0.0,77.0,0.0,0.0,2020-2023,Post-Pandemia
Japan,JPN,2022,Buses,EV,0.0,0.0,0.360000014305115,0.0,0.037000000476837,0.0,2020-2023,Post-Pandemia
Japan,JPN,2022,Buses,FCEV,0.0,0.0,0.0,10.0,0.0,0.0,2020-2023,Post-Pandemia
Japan,JPN,2022,Cars,BEV,0.0,59000.0,0.0,210000.0,0.0,0.0,2020-2023,Post-Pandemia
Japan,JPN,2022,Cars,EV,0.0,0.0,2.79999995231628,0.0,0.639999985694885,0.0,2020-2023,Post-Pandemia
Japan,JPN,2022,Cars,FCEV,0.0,990.0,0.0,7600.0,0.0,0.0,2020-2023,Post-Pandemia
Japan,JPN,2022,Cars,PHEV,0.0,38000.0,0.0,200000.0,0.0,0.0,2020-2023,Post-Pandemia
Japan,JPN,2022,EV,Publicly available fast,8400.0,0.0,0.0,0.0,0.0,0.0,2020-2023,Post-Pandemia
Japan,JPN,2022,EV,Publicly available slow,21000.0,0.0,0.0,0.0,0.0,0.0,2020-2023,Post-Pandemia
Japan,JPN,2022,Trucks,BEV,0.0,10.0,0.0,55.0,0.0,0.0,2020-2023,Post-Pandemia
Japan,JPN,2022,Trucks,EV,0.0,0.0,0.008200000040233,0.0,0.004800000227988,0.0,2020-2023,Post-Pandemia
Japan,JPN,2022,Vans,BEV,0.0,1600.0,0.0,39000.0,0.0,0.0,2020-2023,Post-Pandemia
Japan,JPN,2022,Vans,EV,0.0,0.0,0.25,0.0,0.310000002384186,0.0,2020-2023,Post-Pandemia
Japan,JPN,2023,Buses,BEV,0.0,69.0,0.0,170.0,0.0,0.0,2020-2023,Post-Pandemia
Japan,JPN,2023,Buses,EV,0.0,0.0,1.10000002384186,0.0,0.087999999523163,0.0,2020-2023,Post-Pandemia
Japan,JPN,2023,Buses,FCEV,0.0,0.0,0.0,100.0,0.0,0.0,2020-2023,Post-Pandemia
Japan,JPN,2023,Cars,BEV,0.0,88000.0,0.0,290000.0,0.0,0.0,2020-2023,Post-Pandemia
Japan,JPN,2023,Cars,EV,0.0,0.0,3.59999990463257,0.0,0.839999973773956,0.0,2020-2023,Post-Pandemia
Japan,JPN,2023,Cars,FCEV,0.0,320.0,0.0,7900.0,0.0,0.0,2020-2023,Post-Pandemia
Japan,JPN,2023,Cars,PHEV,0.0,52000.0,0.0,250000.0,0.0,0.0,2020-2023,Post-Pandemia
Japan,JPN,2023,EV,Publicly available fast,9600.0,0.0,0.0,0.0,0.0,0.0,2020-2023,Post-Pandemia
Japan,JPN,2023,EV,Publicly available slow,22000.0,0.0,0.0,0.0,0.0,0.0,2020-2023,Post-Pandemia
Japan,JPN,2023,Trucks,BEV,0.0,50.0,0.0,150.0,0.0,0.0,2020-2023,Post-Pandemia
Japan,JPN,2023,Trucks,EV,0.0,0.0,0.035000000149012,0.0,0.013000000268221,0.0,2020-2023,Post-Pandemia
Japan,JPN,2023,Vans,BEV,0.0,2800.0,0.0,15000.0,0.0,0.0,2020-2023,Post-Pandemia
Japan,JPN,2023,Vans,EV,0.0,0.0,0.430000007152557,0.0,0.129999995231628,0.0,2020-2023,Post-Pandemia
Latvia,LVA,2015,Cars,BEV,0.0,17.0,0.0,0.0,0.0,0.0,2015-2019,Pre-Pandemia
Latvia,LVA,2015,Cars,EV,0.0,0.0,0.189999997615814,0.0,0.0,0.0,2015-2019,Pre-Pandemia
Latvia,LVA,2015,Cars,PHEV,0.0,9.0,0.0,0.0,0.0,0.0,2015-2019,Pre-Pandemia
Latvia,LVA,2016,Cars,BEV,0.0,22.0,0.0,0.0,0.0,0.0,2015-2019,Pre-Pandemia
Latvia,LVA,2016,Cars,EV,0.0,0.0,0.239999994635582,0.0,0.0,0.0,2015-2019,Pre-Pandemia
Latvia,LVA,2016,Cars,PHEV,0.0,18.0,0.0,0.0,0.0,0.0,2015-2019,Pre-Pandemia
Latvia,LVA,2017,Cars,BEV,0.0,22.0,0.0,0.0,0.0,0.0,2015-2019,Pre-Pandemia
Latvia,LVA,2017,Cars,EV,0.0,0.0,0.239999994635582,0.0,0.0,0.0,2015-2019,Pre-Pandemia
Latvia,LVA,2017,Cars,PHEV,0.0,18.0,0.0,0.0,0.0,0.0,2015-2019,Pre-Pandemia
Latvia,LVA,2018,Cars,BEV,0.0,73.0,0.0,0.0,0.0,0.0,2015-2019,Pre-Pandemia
Latvia,LVA,2018,Cars,EV,0.0,0.0,0.529999971389771,0.0,0.0,0.0,2015-2019,Pre-Pandemia
Latvia,LVA,2018,Cars,PHEV,0.0,17.0,0.0,0.0,0.0,0.0,2015-2019,Pre-Pandemia
Latvia,LVA,2019,Cars,BEV,0.0,86.0,0.0,0.0,0.0,0.0,2015-2019,Pre-Pandemia
Latvia,LVA,2019,Cars,EV,0.0,0.0,0.540000021457672,0.0,0.0,0.0,2015-2019,Pre-Pandemia
Latvia,LVA,2019,Cars,PHEV,0.0,12.0,0.0,0.0,0.0,0.0,2015-2019,Pre-Pandemia
Latvia,LVA,2020,Cars,BEV,0.0,310.0,0.0,0.0,0.0,0.0,2020-2023,Pandemia
Latvia,LVA,2020,Cars,EV,0.0,0.0,2.59999990463257,0.0,0.0,0.0,2020-2023,Pandemia
Latvia,LVA,2020,Cars,PHEV,0.0,73.0,0.0,0.0,0.0,0.0,2020-2023,Pandemia
Latvia,LVA,2021,Cars,BEV,0.0,410.0,0.0,0.0,0.0,0.0,2020-2023,Pandemia
Latvia,LVA,2021,Cars,EV,0.0,0.0,3.90000009536743,0.0,0.0,0.0,2020-2023,Pandemia
Latvia,LVA,2021,Cars,PHEV,0.0,140.0,0.0,0.0,0.0,0.0,2020-2023,Pandemia
Latvia,LVA,2022,Cars,BEV,0.0,1100.0,0.0,0.0,0.0,0.0,2020-2023,Post-Pandemia
Latvia,LVA,2022,Cars,EV,0.0,0.0,8.10000038146973,0.0,0.0,0.0,2020-2023,Post-Pandemia
Latvia,LVA,2022,Cars,PHEV,0.0,300.0,0.0,0.0,0.0,0.0,2020-2023,Post-Pandemia
Latvia,LVA,2023,Cars,BEV,0.0,1700.0,0.0,0.0,0.0,0.0,2020-2023,Post-Pandemia
Latvia,LVA,2023,Cars,EV,0.0,0.0,11.0,0.0,0.0,0.0,2020-2023,Post-Pandemia
Latvia,LVA,2023,Cars,PHEV,0.0,360.0,0.0,0.0,0.0,0.0,2020-2023,Post-Pandemia
Lithuania,LTU,2015,Cars,BEV,0.0,37.0,0.0,0.0,0.0,0.0,2015-2019,Pre-Pandemia
Lithuania,LTU,2015,Cars,EV,0.0,0.0,0.219999998807907,0.0,0.0,0.0,2015-2019,Pre-Pandemia
Lithuania,LTU,2016,Cars,BEV,0.0,64.0,0.0,0.0,0.0,0.0,2015-2019,Pre-Pandemia
Lithuania,LTU,2016,Cars,EV,0.0,0.0,0.319999992847443,0.0,0.0,0.0,2015-2019,Pre-Pandemia
Lithuania,LTU,2017,Cars,BEV,0.0,52.0,0.0,0.0,0.0,0.0,2015-2019,Pre-Pandemia
Lithuania,LTU,2017,Cars,EV,0.0,0.0,0.200000002980232,0.0,0.0,0.0,2015-2019,Pre-Pandemia
Lithuania,LTU,2018,Cars,BEV,0.0,140.0,0.0,0.0,0.0,0.0,2015-2019,Pre-Pandemia
Lithuania,LTU,2019,Cars,BEV,0.0,160.0,0.0,0.0,0.0,0.0,2015-2019,Pre-Pandemia
Lithuania,LTU,2019,Cars,EV,0.0,0.0,0.349999994039536,0.0,0.0,0.0,2015-2019,Pre-Pandemia
Lithuania,LTU,2020,Cars,BEV,0.0,450.0,0.0,0.0,0.0,0.0,2020-2023,Pandemia
Lithuania,LTU,2020,Cars,EV,0.0,0.0,1.10000002384186,0.0,0.0,0.0,2020-2023,Pandemia
Lithuania,LTU,2021,Cars,BEV,0.0,1200.0,0.0,0.0,0.0,0.0,2020-2023,Pandemia
Lithuania,LTU,2021,Cars,EV,0.0,0.0,5.0,0.0,0.0,0.0,2020-2023,Pandemia
Lithuania,LTU,2021,Cars,PHEV,0.0,400.0,0.0,0.0,0.0,0.0,2020-2023,Pandemia
Lithuania,LTU,2022,Cars,BEV,0.0,1400.0,0.0,0.0,0.0,0.0,2020-2023,Post-Pandemia
Lithuania,LTU,2022,Cars,EV,0.0,0.0,7.90000009536743,0.0,0.0,0.0,2020-2023,Post-Pandemia
Lithuania,LTU,2022,Cars,PHEV,0.0,670.0,0.0,0.0,0.0,0.0,2020-2023,Post-Pandemia
Lithuania,LTU,2023,Cars,BEV,0.0,2100.0,0.0,0.0,0.0,0.0,2020-2023,Post-Pandemia
Lithuania,LTU,2023,Cars,EV,0.0,0.0,7.5,0.0,0.0,0.0,2020-2023,Post-Pandemia
Luxembourg,LUX,2019,Cars,BEV,0.0,990.0,0.0,0.0,0.0,0.0,2015-2019,Pre-Pandemia
Luxembourg,LUX,2019,Cars,EV,0.0,0.0,3.5,0.0,0.0,0.0,2015-2019,Pre-Pandemia
Luxembourg,LUX,2019,Cars,PHEV,0.0,910.0,0.0,0.0,0.0,0.0,2015-2019,Pre-Pandemia
Luxembourg,LUX,2020,Cars,BEV,0.0,2500.0,0.0,0.0,0.0,0.0,2020-2023,Pandemia
Luxembourg,LUX,2020,Cars,EV,0.0,0.0,11.0,0.0,0.0,0.0,2020-2023,Pandemia
Luxembourg,LUX,2020,Cars,PHEV,0.0,2700.0,0.0,0.0,0.0,0.0,2020-2023,Pandemia
Luxembourg,LUX,2021,Cars,BEV,0.0,4600.0,0.0,0.0,0.0,0.0,2020-2023,Pandemia
Luxembourg,LUX,2021,Cars,EV,0.0,0.0,20.0,0.0,0.0,0.0,2020-2023,Pandemia
Luxembourg,LUX,2021,Cars,PHEV,0.0,4400.0,0.0,0.0,0.0,0.0,2020-2023,Pandemia
Luxembourg,LUX,2022,Cars,BEV,0.0,6400.0,0.0,0.0,0.0,0.0,2020-2023,Post-Pandemia
Luxembourg,LUX,2022,Cars,EV,0.0,0.0,24.0,0.0,0.0,0.0,2020-2023,Post-Pandemia
Luxembourg,LUX,2022,Cars,PHEV,0.0,3800.0,0.0,0.0,0.0,0.0,2020-2023,Post-Pandemia
Luxembourg,LUX,2023,Cars,BEV,0.0,11000.0,0.0,0.0,0.0,0.0,2020-2023,Post-Pandemia
Luxembourg,LUX,2023,Cars,EV,0.0,0.0,32.0,0.0,0.0,0.0,2020-2023,Post-Pandemia
Luxembourg,LUX,2023,Cars,PHEV,0.0,4800.0,0.0,0.0,0.0,0.0,2020-2023,Post-Pandemia
Mexico,MEX,2011,Cars,BEV,0.0,3.0,0.0,3.0,0.0,0.0,2010-2014,Pre-Pandemia
Mexico,MEX,2011,Cars,EV,0.0,0.0,0.000260000000708,0.0,1.49999996210681e-05,0.0,2010-2014,Pre-Pandemia
Mexico,MEX,2012,Cars,BEV,0.0,88.0,0.0,91.0,0.0,0.0,2010-2014,Pre-Pandemia
Mexico,MEX,2012,Cars,EV,0.0,0.0,0.007699999958277,0.0,0.000440000003437,0.0,2010-2014,Pre-Pandemia
Mexico,MEX,2013,Cars,BEV,0.0,12.0,0.0,100.0,0.0,0.0,2010-2014,Pre-Pandemia
Mexico,MEX,2013,Cars,EV,0.0,0.0,0.00089000002481,0.0,0.000479999987874,0.0,2010-2014,Pre-Pandemia
Mexico,MEX,2014,Cars,BEV,0.0,48.0,0.0,150.0,0.0,0.0,2010-2014,Pre-Pandemia
Mexico,MEX,2014,Cars,EV,0.0,0.0,0.003800000064075,0.0,0.000669999979436,0.0,2010-2014,Pre-Pandemia
Mexico,MEX,2015,Cars,BEV,0.0,92.0,0.0,240.0,0.0,0.0,2015-2019,Pre-Pandemia
Mexico,MEX,2015,Cars,EV,0.0,0.0,0.00800000037998,0.0,0.00109999999404,0.0,2015-2019,Pre-Pandemia
Mexico,MEX,2015,Cars,PHEV,0.0,7.0,0.0,7.0,0.0,0.0,2015-2019,Pre-Pandemia
Mexico,MEX,2015,EV,Publicly available slow,83.0,0.0,0.0,0.0,0.0,0.0,2015-2019,Pre-Pandemia
Mexico,MEX,2016,Cars,BEV,0.0,250.0,0.0,500.0,0.0,0.0,2015-2019,Pre-Pandemia
Mexico,MEX,2016,Cars,EV,0.0,0.0,0.052999999374151,0.0,0.004199999850243,0.0,2015-2019,Pre-Pandemia
Mexico,MEX,2016,Cars,PHEV,0.0,520.0,0.0,530.0,0.0,0.0,2015-2019,Pre-Pandemia
Mexico,MEX,2016,EV,Publicly available fast,6.0,0.0,0.0,0.0,0.0,0.0,2015-2019,Pre-Pandemia
Mexico,MEX,2016,EV,Publicly available slow,240.0,0.0,0.0,0.0,0.0,0.0,2015-2019,Pre-Pandemia
Mexico,MEX,2017,Cars,BEV,0.0,230.0,0.0,730.0,0.0,0.0,2015-2019,Pre-Pandemia
Mexico,MEX,2017,Cars,EV,0.0,0.0,0.086000002920628,0.0,0.008899999782443,0.0,2015-2019,Pre-Pandemia
Mexico,MEX,2017,Cars,PHEV,0.0,970.0,0.0,1500.0,0.0,0.0,2015-2019,Pre-Pandemia
Mexico,MEX,2017,EV,Publicly available fast,50.0,0.0,0.0,0.0,0.0,0.0,2015-2019,Pre-Pandemia
Mexico,MEX,2017,EV,Publicly available slow,700.0,0.0,0.0,0.0,0.0,0.0,2015-2019,Pre-Pandemia
Mexico,MEX,2018,Cars,BEV,0.0,200.0,0.0,930.0,0.0,0.0,2015-2019,Pre-Pandemia
Mexico,MEX,2018,Cars,EV,0.0,0.0,0.140000000596046,0.0,0.014999999664724,0.0,2015-2019,Pre-Pandemia
Mexico,MEX,2018,Cars,PHEV,0.0,1600.0,0.0,3100.0,0.0,0.0,2015-2019,Pre-Pandemia
Mexico,MEX,2018,EV,Publicly available fast,76.0,0.0,0.0,0.0,0.0,0.0,2015-2019,Pre-Pandemia
Mexico,MEX,2018,EV,Publicly available slow,1100.0,0.0,0.0,0.0,0.0,0.0,2015-2019,Pre-Pandemia
Mexico,MEX,2019,Cars,BEV,0.0,290.0,0.0,1200.0,0.0,0.0,2015-2019,Pre-Pandemia
Mexico,MEX,2019,Cars,EV,0.0,0.0,0.140000000596046,0.0,0.020999999716878,0.0,2015-2019,Pre-Pandemia
Mexico,MEX,2019,Cars,PHEV,0.0,1400.0,0.0,4400.0,0.0,0.0,2015-2019,Pre-Pandemia
Mexico,MEX,2019,EV,Publicly available fast,76.0,0.0,0.0,0.0,0.0,0.0,2015-2019,Pre-Pandemia
Mexico,MEX,2019,EV,Publicly available slow,1100.0,0.0,0.0,0.0,0.0,0.0,2015-2019,Pre-Pandemia
Mexico,MEX,2020,Cars,BEV,0.0,1800.0,0.0,3100.0,0.0,0.0,2020-2023,Pandemia
Mexico,MEX,2020,Cars,EV,0.0,0.0,0.449999988079071,0.0,0.035000000149012,0.0,2020-2023,Pandemia
Mexico,MEX,2020,Cars,PHEV,0.0,2000.0,0.0,6400.0,0.0,0.0,2020-2023,Pandemia
Mexico,MEX,2020,EV,Publicly available fast,76.0,0.0,0.0,0.0,0.0,0.0,2020-2023,Pandemia
Mexico,MEX,2020,EV,Publicly available slow,1100.0,0.0,0.0,0.0,0.0,0.0,2020-2023,Pandemia
Mexico,MEX,2021,Cars,BEV,0.0,3000.0,0.0,6100.0,0.0,0.0,2020-2023,Pandemia
Mexico,MEX,2021,Cars,EV,0.0,0.0,0.72000002861023,0.0,0.059000000357628,0.0,2020-2023,Pandemia
Mexico,MEX,2021,Cars,PHEV,0.0,3500.0,0.0,9900.0,0.0,0.0,2020-2023,Pandemia
Mexico,MEX,2021,EV,Publicly available fast,76.0,0.0,0.0,0.0,0.0,0.0,2020-2023,Pandemia
Mexico,MEX,2021,EV,Publicly available slow,1100.0,0.0,0.0,0.0,0.0,0.0,2020-2023,Pandemia
Mexico,MEX,2022,Cars,BEV,0.0,4400.0,0.0,10000.0,0.0,0.0,2020-2023,Post-Pandemia
Mexico,MEX,2022,Cars,EV,0.0,0.0,0.889999985694885,0.0,0.089000001549721,0.0,2020-2023,Post-Pandemia
Mexico,MEX,2022,Cars,PHEV,0.0,4000.0,0.0,14000.0,0.0,0.0,2020-2023,Post-Pandemia
Mexico,MEX,2022,EV,Publicly available fast,76.0,0.0,0.0,0.0,0.0,0.0,2020-2023,Post-Pandemia
Mexico,MEX,2022,EV,Publicly available slow,2000.0,0.0,0.0,0.0,0.0,0.0,2020-2023,Post-Pandemia
Mexico,MEX,2023,Cars,BEV,0.0,13000.0,0.0,24000.0,0.0,0.0,2020-2023,Post-Pandemia
Mexico,MEX,2023,Cars,EV,0.0,0.0,1.29999995231628,0.0,0.140000000596046,0.0,2020-2023,Post-Pandemia
Mexico,MEX,2023,Cars,PHEV,0.0,2200.0,0.0,16000.0,0.0,0.0,2020-2023,Post-Pandemia
Mexico,MEX,2023,EV,Publicly available fast,76.0,0.0,0.0,0.0,0.0,0.0,2020-2023,Post-Pandemia
Mexico,MEX,2023,EV,Publicly available slow,2000.0,0.0,0.0,0.0,0.0,0.0,2020-2023,Post-Pandemia
Netherlands,NLD,2010,Buses,BEV,0.0,0.0,0.0,15.0,0.0,0.0,2010-2014,Pre-Pandemia
Netherlands,NLD,2010,Buses,EV,0.0,0.0,0.0,0.0,0.150000005960464,0.0,2010-2014,Pre-Pandemia
Netherlands,NLD,2010,Cars,BEV,0.0,120.0,0.0,270.0,0.0,0.0,2010-2014,Pre-Pandemia
Netherlands,NLD,2010,Cars,EV,0.0,0.0,0.025000000372529,0.0,0.00359999993816,0.0,2010-2014,Pre-Pandemia
Netherlands,NLD,2010,Cars,PHEV,0.0,0.0,0.0,11.0,0.0,0.0,2010-2014,Pre-Pandemia
Netherlands,NLD,2010,EV,Publicly available slow,400.0,0.0,0.0,0.0,0.0,0.0,2010-2014,Pre-Pandemia
Netherlands,NLD,2010,Trucks,BEV,0.0,0.0,0.0,23.0,0.0,0.0,2010-2014,Pre-Pandemia
Netherlands,NLD,2010,Trucks,EV,0.0,0.0,0.0,0.0,0.016000000759959,0.0,2010-2014,Pre-Pandemia
Netherlands,NLD,2010,Vans,BEV,0.0,39.0,0.0,86.0,0.0,0.0,2010-2014,Pre-Pandemia
Netherlands,NLD,2010,Vans,EV,0.0,0.0,0.079000003635883,0.0,0.009999999776483,0.0,2010-2014,Pre-Pandemia
Netherlands,NLD,2011,Buses,BEV,0.0,0.0,0.0,22.0,0.0,0.0,2010-2014,Pre-Pandemia
Netherlands,NLD,2011,Buses,EV,0.0,0.0,0.0,0.0,0.219999998807907,0.0,2010-2014,Pre-Pandemia
Netherlands,NLD,2011,Cars,BEV,0.0,860.0,0.0,1100.0,0.0,0.0,2010-2014,Pre-Pandemia
Netherlands,NLD,2011,Cars,EV,0.0,0.0,0.159999996423721,0.0,0.014999999664724,0.0,2010-2014,Pre-Pandemia
Netherlands,NLD,2011,Cars,PHEV,0.0,17.0,0.0,26.0,0.0,0.0,2010-2014,Pre-Pandemia
Netherlands,NLD,2011,EV,Publicly available slow,400.0,0.0,0.0,0.0,0.0,0.0,2010-2014,Pre-Pandemia
Netherlands,NLD,2011,Trucks,BEV,0.0,0.0,0.0,29.0,0.0,0.0,2010-2014,Pre-Pandemia
Netherlands,NLD,2011,Trucks,EV,0.0,0.0,0.0,0.0,0.01799999922514,0.0,2010-2014,Pre-Pandemia
Netherlands,NLD,2011,Vans,BEV,0.0,72.0,0.0,160.0,0.0,0.0,2010-2014,Pre-Pandemia
Netherlands,NLD,2011,Vans,EV,0.0,0.0,0.119999997317791,0.0,0.017000000923872,0.0,2010-2014,Pre-Pandemia
Netherlands,NLD,2012,Buses,BEV,0.0,0.0,0.0,23.0,0.0,0.0,2010-2014,Pre-Pandemia
Netherlands,NLD,2012,Buses,EV,0.0,0.0,0.0,0.0,0.239999994635582,0.0,2010-2014,Pre-Pandemia
Netherlands,NLD,2012,Cars,BEV,0.0,790.0,0.0,1900.0,0.0,0.0,2010-2014,Pre-Pandemia
Netherlands,NLD,2012,Cars,EV,0.0,0.0,1.0,0.0,0.079000003635883,0.0,2010-2014,Pre-Pandemia
Netherlands,NLD,2012,Cars,PHEV,0.0,4300.0,0.0,4400.0,0.0,0.0,2010-2014,Pre-Pandemia
Netherlands,NLD,2012,EV,Publicly available fast,21.0,0.0,0.0,0.0,0.0,0.0,2010-2014,Pre-Pandemia
Netherlands,NLD,2012,EV,Publicly available slow,2800.0,0.0,0.0,0.0,0.0,0.0,2010-2014,Pre-Pandemia
Netherlands,NLD,2012,Trucks,BEV,0.0,0.0,0.0,57.0,0.0,0.0,2010-2014,Pre-Pandemia
Netherlands,NLD,2012,Trucks,EV,0.0,0.0,0.0,0.0,0.037000000476837,0.0,2010-2014,Pre-Pandemia
Netherlands,NLD,2012,Vans,BEV,0.0,340.0,0.0,490.0,0.0,0.0,2010-2014,Pre-Pandemia
Netherlands,NLD,2012,Vans,EV,0.0,0.0,0.589999973773956,0.0,0.054999999701977,0.0,2010-2014,Pre-Pandemia
Netherlands,NLD,2013,Buses,BEV,0.0,5.0,0.0,39.0,0.0,0.0,2010-2014,Pre-Pandemia
Netherlands,NLD,2013,Buses,EV,0.0,0.0,0.839999973773956,0.0,0.430000007152557,0.0,2010-2014,Pre-Pandemia
Netherlands,NLD,2013,Cars,BEV,0.0,2600.0,0.0,4200.0,0.0,0.0,2010-2014,Pre-Pandemia
Netherlands,NLD,2013,Cars,EV,0.0,0.0,5.5,0.0,0.360000014305115,0.0,2010-2014,Pre-Pandemia
Netherlands,NLD,2013,Cars,PHEV,0.0,20000.0,0.0,24000.0,0.0,0.0,2010-2014,Pre-Pandemia
Netherlands,NLD,2013,EV,Publicly available fast,21.0,0.0,0.0,0.0,0.0,0.0,2010-2014,Pre-Pandemia
Netherlands,NLD,2013,EV,Publicly available slow,5800.0,0.0,0.0,0.0,0.0,0.0,2010-2014,Pre-Pandemia
Netherlands,NLD,2013,Trucks,BEV,0.0,0.0,0.0,70.0,0.0,0.0,2010-2014,Pre-Pandemia
Netherlands,NLD,2013,Trucks,EV,0.0,0.0,0.0,0.0,0.046000000089407,0.0,2010-2014,Pre-Pandemia
Netherlands,NLD,2013,Vans,BEV,0.0,180.0,0.0,670.0,0.0,0.0,2010-2014,Pre-Pandemia
Netherlands,NLD,2013,Vans,EV,0.0,0.0,0.349999994039536,0.0,0.075000002980232,0.0,2010-2014,Pre-Pandemia
Netherlands,NLD,2014,Buses,BEV,0.0,7.0,0.0,46.0,0.0,0.0,2010-2014,Pre-Pandemia
Netherlands,NLD,2014,Buses,EV,0.0,0.0,1.0,0.0,0.519999980926514,0.0,2010-2014,Pre-Pandemia
Netherlands,NLD,2014,Cars,BEV,0.0,2700.0,0.0,6800.0,0.0,0.0,2010-2014,Pre-Pandemia
Netherlands,NLD,2014,Cars,EV,0.0,0.0,3.90000009536743,0.0,0.550000011920929,0.0,2010-2014,Pre-Pandemia
Netherlands,NLD,2014,Cars,FCEV,0.0,2.20000004768372,0.0,2.20000004768372,0.0,0.0,2010-2014,Pre-Pandemia
Netherlands,NLD,2014,Cars,PHEV,0.0,12000.0,0.0,37000.0,0.0,0.0,2010-2014,Pre-Pandemia
Netherlands,NLD,2014,EV,Publicly available fast,120.0,0.0,0.0,0.0,0.0,0.0,2010-2014,Pre-Pandemia
Netherlands,NLD,2014,EV,Publicly available slow,12000.0,0.0,0.0,0.0,0.0,0.0,2010-2014,Pre-Pandemia
Netherlands,NLD,2014,Trucks,BEV,0.0,0.0,0.0,76.0,0.0,0.0,2010-2014,Pre-Pandemia
Netherlands,NLD,2014,Trucks,EV,0.0,0.0,0.0,0.0,0.048000000417233,0.0,2010-2014,Pre-Pandemia
Netherlands,NLD,2014,Vans,BEV,0.0,590.0,0.0,1300.0,0.0,0.0,2010-2014,Pre-Pandemia
Netherlands,NLD,2014,Vans,EV,0.0,0.0,1.10000002384186,0.0,0.140000000596046,0.0,2010-2014,Pre-Pandemia
Netherlands,NLD,2015,Buses,BEV,0.0,12.0,0.0,92.0,0.0,0.0,2015-2019,Pre-Pandemia
Netherlands,NLD,2015,Buses,EV,0.0,0.0,3.70000004768372,0.0,1.10000002384186,0.0,2015-2019,Pre-Pandemia
Netherlands,NLD,2015,Buses,FCEV,0.0,0.0,0.0,2.0,0.0,0.0,2015-2019,Pre-Pandemia
Netherlands,NLD,2015,Buses,PHEV,0.0,0.0,0.0,12.0,0.0,0.0,2015-2019,Pre-Pandemia
Netherlands,NLD,2015,Cars,BEV,0.0,3400.0,0.0,9400.0,0.0,0.0,2015-2019,Pre-Pandemia
Netherlands,NLD,2015,Cars,EV,0.0,0.0,9.5,0.0,1.10000002384186,0.0,2015-2019,Pre-Pandemia
Netherlands,NLD,2015,Cars,FCEV,0.0,19.0,0.0,26.0,0.0,0.0,2015-2019,Pre-Pandemia
Netherlands,NLD,2015,Cars,PHEV,0.0,39000.0,0.0,79000.0,0.0,0.0,2015-2019,Pre-Pandemia
Netherlands,NLD,2015,EV,Publicly available fast,220.0,0.0,0.0,0.0,0.0,0.0,2015-2019,Pre-Pandemia
Netherlands,NLD,2015,EV,Publicly available slow,18000.0,0.0,0.0,0.0,0.0,0.0,2015-2019,Pre-Pandemia
Netherlands,NLD,2015,Trucks,BEV,0.0,4.0,0.0,77.0,0.0,0.0,2015-2019,Pre-Pandemia
Netherlands,NLD,2015,Trucks,EV,0.0,0.0,0.028000000864267,0.0,0.068000003695488,0.0,2015-2019,Pre-Pandemia
Netherlands,NLD,2015,Trucks,FCEV,0.0,0.0,0.0,5.0,0.0,0.0,2015-2019,Pre-Pandemia
Netherlands,NLD,2015,Trucks,PHEV,0.0,0.0,0.0,36.0,0.0,0.0,2015-2019,Pre-Pandemia
Netherlands,NLD,2015,Vans,BEV,0.0,260.0,0.0,1500.0,0.0,0.0,2015-2019,Pre-Pandemia
Netherlands,NLD,2015,Vans,EV,0.0,0.0,0.469999998807907,0.0,0.159999996423721,0.0,2015-2019,Pre-Pandemia
Netherlands,NLD,2015,Vans,FCEV,0.0,0.0,0.0,4.0,0.0,0.0,2015-2019,Pre-Pandemia
Netherlands,NLD,2015,Vans,PHEV,0.0,0.0,0.0,2.0,0.0,0.0,2015-2019,Pre-Pandemia
Netherlands,NLD,2016,Buses,BEV,0.0,80.0,0.0,170.0,0.0,0.0,2015-2019,Pre-Pandemia
Netherlands,NLD,2016,Buses,EV,0.0,0.0,9.80000019073486,0.0,1.79999995231628,0.0,2015-2019,Pre-Pandemia
Netherlands,NLD,2016,Buses,FCEV,0.0,1.0,0.0,3.0,0.0,0.0,2015-2019,Pre-Pandemia
Netherlands,NLD,2016,Buses,PHEV,0.0,0.0,0.0,13.0,0.0,0.0,2015-2019,Pre-Pandemia
Netherlands,NLD,2016,Cars,BEV,0.0,4000.0,0.0,13000.0,0.0,0.0,2015-2019,Pre-Pandemia
Netherlands,NLD,2016,Cars,EV,0.0,0.0,5.80000019073486,0.0,1.39999997615814,0.0,2015-2019,Pre-Pandemia
Netherlands,NLD,2016,Cars,FCEV,0.0,7.0,0.0,33.0,0.0,0.0,2015-2019,Pre-Pandemia
Netherlands,NLD,2016,Cars,PHEV,0.0,18000.0,0.0,99000.0,0.0,0.0,2015-2019,Pre-Pandemia
Netherlands,NLD,2016,EV,Publicly available fast,400.0,0.0,0.0,0.0,0.0,0.0,2015-2019,Pre-Pandemia
Netherlands,NLD,2016,EV,Publicly available slow,32000.0,0.0,0.0,0.0,0.0,0.0,2015-2019,Pre-Pandemia
Netherlands,NLD,2016,Trucks,BEV,0.0,26.0,0.0,94.0,0.0,0.0,2015-2019,Pre-Pandemia
Netherlands,NLD,2016,Trucks,EV,0.0,0.0,0.159999996423721,0.0,0.078000001609325,0.0,2015-2019,Pre-Pandemia
Netherlands,NLD,2016,Trucks,FCEV,0.0,0.0,0.0,2.0,0.0,0.0,2015-2019,Pre-Pandemia
Netherlands,NLD,2016,Trucks,PHEV,0.0,0.0,0.0,39.0,0.0,0.0,2015-2019,Pre-Pandemia
Netherlands,NLD,2016,Vans,BEV,0.0,290.0,0.0,1600.0,0.0,0.0,2015-2019,Pre-Pandemia
Netherlands,NLD,2016,Vans,EV,0.0,0.0,0.430000007152557,0.0,0.170000001788139,0.0,2015-2019,Pre-Pandemia
Netherlands,NLD,2016,Vans,FCEV,0.0,0.0,0.0,5.0,0.0,0.0,2015-2019,Pre-Pandemia
Netherlands,NLD,2016,Vans,PHEV,0.0,0.0,0.0,2.0,0.0,0.0,2015-2019,Pre-Pandemia
Netherlands,NLD,2017,Buses,BEV,0.0,150.0,0.0,250.0,0.0,0.0,2015-2019,Pre-Pandemia
Netherlands,NLD,2017,Buses,EV,0.0,0.0,14.0,0.0,2.70000004768372,0.0,2015-2019,Pre-Pandemia
Netherlands,NLD,2017,Buses,FCEV,0.0,3.0,0.0,6.0,0.0,0.0,2015-2019,Pre-Pandemia
Netherlands,NLD,2017,Buses,PHEV,0.0,0.0,0.0,13.0,0.0,0.0,2015-2019,Pre-Pandemia
Netherlands,NLD,2017,Cars,BEV,0.0,8700.0,0.0,21000.0,0.0,0.0,2015-2019,Pre-Pandemia
Netherlands,NLD,2017,Cars,EV,0.0,0.0,1.79999995231628,0.0,1.39999997615814,0.0,2015-2019,Pre-Pandemia
Netherlands,NLD,2017,Cars,FCEV,0.0,7.0,0.0,39.0,0.0,0.0,2015-2019,Pre-Pandemia
Netherlands,NLD,2017,Cars,PHEV,0.0,2500.0,0.0,97000.0,0.0,0.0,2015-2019,Pre-Pandemia
Netherlands,NLD,2017,EV,Publicly available fast,410.0,0.0,0.0,0.0,0.0,0.0,2015-2019,Pre-Pandemia
Netherlands,NLD,2017,EV,Publicly available slow,33000.0,0.0,0.0,0.0,0.0,0.0,2015-2019,Pre-Pandemia
Netherlands,NLD,2017,Trucks,BEV,0.0,18.0,0.0,100.0,0.0,0.0,2015-2019,Pre-Pandemia
Netherlands,NLD,2017,Trucks,EV,0.0,0.0,0.109999999403954,0.0,0.086999997496605,0.0,2015-2019,Pre-Pandemia
Netherlands,NLD,2017,Trucks,FCEV,0.0,0.0,0.0,2.0,0.0,0.0,2015-2019,Pre-Pandemia
Netherlands,NLD,2017,Trucks,PHEV,0.0,2.0,0.0,42.0,0.0,0.0,2015-2019,Pre-Pandemia
Netherlands,NLD,2017,Vans,BEV,0.0,650.0,0.0,2200.0,0.0,0.0,2015-2019,Pre-Pandemia
Netherlands,NLD,2017,Vans,EV,0.0,0.0,0.740000009536743,0.0,0.230000004172325,0.0,2015-2019,Pre-Pandemia
Netherlands,NLD,2017,Vans,FCEV,0.0,1.0,0.0,3.0,0.0,0.0,2015-2019,Pre-Pandemia
Netherlands,NLD,2017,Vans,PHEV,0.0,0.0,0.0,2.0,0.0,0.0,2015-2019,Pre-Pandemia
Netherlands,NLD,2018,Buses,BEV,0.0,110.0,0.0,360.0,0.0,0.0,2015-2019,Pre-Pandemia
Netherlands,NLD,2018,Buses,EV,0.0,0.0,17.0,0.0,3.79999995231628,0.0,2015-2019,Pre-Pandemia
Netherlands,NLD,2018,Buses,FCEV,0.0,0.0,0.0,6.0,0.0,0.0,2015-2019,Pre-Pandemia
Netherlands,NLD,2018,Buses,PHEV,0.0,0.0,0.0,13.0,0.0,0.0,2015-2019,Pre-Pandemia
Netherlands,NLD,2018,Cars,BEV,0.0,25000.0,0.0,44000.0,0.0,0.0,2015-2019,Pre-Pandemia
Netherlands,NLD,2018,Cars,EV,0.0,0.0,4.69999980926514,0.0,1.60000002384186,0.0,2015-2019,Pre-Pandemia
Netherlands,NLD,2018,Cars,FCEV,0.0,13.0,0.0,52.0,0.0,0.0,2015-2019,Pre-Pandemia
Netherlands,NLD,2018,Cars,PHEV,0.0,5100.0,0.0,95000.0,0.0,0.0,2015-2019,Pre-Pandemia
Netherlands,NLD,2018,EV,Publicly available fast,820.0,0.0,0.0,0.0,0.0,0.0,2015-2019,Pre-Pandemia
Netherlands,NLD,2018,EV,Publicly available slow,36000.0,0.0,0.0,0.0,0.0,0.0,2015-2019,Pre-Pandemia
Netherlands,NLD,2018,Trucks,BEV,0.0,30.0,0.0,120.0,0.0,0.0,2015-2019,Pre-Pandemia
Netherlands,NLD,2018,Trucks,EV,0.0,0.0,0.150000005960464,0.0,0.100000001490116,0.0,2015-2019,Pre-Pandemia
Netherlands,NLD,2018,Trucks,FCEV,0.0,0.0,0.0,2.0,0.0,0.0,2015-2019,Pre-Pandemia
Netherlands,NLD,2018,Trucks,PHEV,0.0,1.0,0.0,46.0,0.0,0.0,2015-2019,Pre-Pandemia
Netherlands,NLD,2018,Vans,BEV,0.0,1000.0,0.0,3100.0,0.0,0.0,2015-2019,Pre-Pandemia
Netherlands,NLD,2018,Vans,EV,0.0,0.0,1.10000002384186,0.0,0.319999992847443,0.0,2015-2019,Pre-Pandemia
Netherlands,NLD,2018,Vans,FCEV,0.0,2.0,0.0,5.0,0.0,0.0,2015-2019,Pre-Pandemia
Netherlands,NLD,2018,Vans,PHEV,0.0,0.0,0.0,3.0,0.0,0.0,2015-2019,Pre-Pandemia
Netherlands,NLD,2019,Buses,BEV,0.0,380.0,0.0,730.0,0.0,0.0,2015-2019,Pre-Pandemia
Netherlands,NLD,2019,Buses,EV,0.0,0.0,38.0,0.0,8.39999961853027,0.0,2015-2019,Pre-Pandemia
Netherlands,NLD,2019,Buses,FCEV,0.0,1.0,0.0,7.0,0.0,0.0,2015-2019,Pre-Pandemia
Netherlands,NLD,2019,Buses,PHEV,0.0,0.0,0.0,110.0,0.0,0.0,2015-2019,Pre-Pandemia
Netherlands,NLD,2019,Cars,BEV,0.0,63000.0,0.0,110000.0,0.0,0.0,2015-2019,Pre-Pandemia
Netherlands,NLD,2019,Cars,EV,0.0,0.0,11.0,0.0,2.29999995231628,0.0,2015-2019,Pre-Pandemia
Netherlands,NLD,2019,Cars,FCEV,0.0,160.0,0.0,210.0,0.0,0.0,2015-2019,Pre-Pandemia
Netherlands,NLD,2019,Cars,PHEV,0.0,6700.0,0.0,92000.0,0.0,0.0,2015-2019,Pre-Pandemia
Netherlands,NLD,2019,EV,Publicly available fast,1300.0,0.0,0.0,0.0,0.0,0.0,2015-2019,Pre-Pandemia
Netherlands,NLD,2019,EV,Publicly available slow,46000.0,0.0,0.0,0.0,0.0,0.0,2015-2019,Pre-Pandemia
Netherlands,NLD,2019,Trucks,BEV,0.0,130.0,0.0,220.0,0.0,0.0,2015-2019,Pre-Pandemia
Netherlands,NLD,2019,Trucks,EV,0.0,0.0,0.639999985694885,0.0,0.159999996423721,0.0,2015-2019,Pre-Pandemia
Netherlands,NLD,2019,Trucks,FCEV,0.0,0.0,0.0,4.0,0.0,0.0,2015-2019,Pre-Pandemia
Netherlands,NLD,2019,Trucks,PHEV,0.0,1.0,0.0,47.0,0.0,0.0,2015-2019,Pre-Pandemia
Netherlands,NLD,2019,Vans,BEV,0.0,1400.0,0.0,4300.0,0.0,0.0,2015-2019,Pre-Pandemia
Netherlands,NLD,2019,Vans,EV,0.0,0.0,1.5,0.0,0.439999997615814,0.0,2015-2019,Pre-Pandemia
Netherlands,NLD,2019,Vans,FCEV,0.0,0.0,0.0,5.0,0.0,0.0,2015-2019,Pre-Pandemia
Netherlands,NLD,2019,Vans,PHEV,0.0,0.0,0.0,3.0,0.0,0.0,2015-2019,Pre-Pandemia
Netherlands,NLD,2020,Buses,BEV,0.0,450.0,0.0,1200.0,0.0,0.0,2020-2023,Pandemia
Netherlands,NLD,2020,Buses,EV,0.0,0.0,65.0,0.0,13.0,0.0,2020-2023,Pandemia
Netherlands,NLD,2020,Buses,FCEV,0.0,0.0,0.0,5.0,0.0,0.0,2020-2023,Pandemia
Netherlands,NLD,2020,Buses,PHEV,0.0,0.0,0.0,99.0,0.0,0.0,2020-2023,Pandemia
Netherlands,NLD,2020,Cars,BEV,0.0,76000.0,0.0,170000.0,0.0,0.0,2020-2023,Pandemia
Netherlands,NLD,2020,Cars,EV,0.0,0.0,16.0,0.0,3.09999990463257,0.0,2020-2023,Pandemia
Netherlands,NLD,2020,Cars,FCEV,0.0,170.0,0.0,360.0,0.0,0.0,2020-2023,Pandemia
Netherlands,NLD,2020,Cars,PHEV,0.0,18000.0,0.0,98000.0,0.0,0.0,2020-2023,Pandemia
Netherlands,NLD,2020,EV,Publicly available fast,2100.0,0.0,0.0,0.0,0.0,0.0,2020-2023,Pandemia
Netherlands,NLD,2020,EV,Publicly available slow,63000.0,0.0,0.0,0.0,0.0,0.0,2020-2023,Pandemia
Netherlands,NLD,2020,Trucks,BEV,0.0,50.0,0.0,210.0,0.0,0.0,2020-2023,Pandemia
Netherlands,NLD,2020,Trucks,EV,0.0,0.0,0.360000014305115,0.0,0.150000005960464,0.0,2020-2023,Pandemia
Netherlands,NLD,2020,Trucks,FCEV,0.0,2.0,0.0,8.0,0.0,0.0,2020-2023,Pandemia
Netherlands,NLD,2020,Trucks,PHEV,0.0,3.0,0.0,41.0,0.0,0.0,2020-2023,Pandemia
Netherlands,NLD,2020,Vans,BEV,0.0,1700.0,0.0,5900.0,0.0,0.0,2020-2023,Pandemia
Netherlands,NLD,2020,Vans,EV,0.0,0.0,2.40000009536743,0.0,0.589999973773956,0.0,2020-2023,Pandemia
Netherlands,NLD,2020,Vans,FCEV,0.0,0.0,0.0,12.0,0.0,0.0,2020-2023,Pandemia
Netherlands,NLD,2020,Vans,PHEV,0.0,33.0,0.0,30.0,0.0,0.0,2020-2023,Pandemia
Netherlands,NLD,2021,Buses,BEV,0.0,150.0,0.0,1300.0,0.0,0.0,2020-2023,Pandemia
Netherlands,NLD,2021,Buses,EV,0.0,0.0,37.0,0.0,15.0,0.0,2020-2023,Pandemia
Netherlands,NLD,2021,Buses,FCEV,0.0,37.0,0.0,41.0,0.0,0.0,2020-2023,Pandemia
Netherlands,NLD,2021,Buses,PHEV,0.0,0.0,0.0,99.0,0.0,0.0,2020-2023,Pandemia
Netherlands,NLD,2021,Cars,BEV,0.0,70000.0,0.0,240000.0,0.0,0.0,2020-2023,Pandemia
Netherlands,NLD,2021,Cars,EV,0.0,0.0,19.0,0.0,4.30000019073486,0.0,2020-2023,Pandemia
Netherlands,NLD,2021,Cars,FCEV,0.0,140.0,0.0,490.0,0.0,0.0,2020-2023,Pandemia
Netherlands,NLD,2021,Cars,PHEV,0.0,40000.0,0.0,140000.0,0.0,0.0,2020-2023,Pandemia
Netherlands,NLD,2021,EV,Publicly available fast,2600.0,0.0,0.0,0.0,0.0,0.0,2020-2023,Pandemia
Netherlands,NLD,2021,EV,Publicly available slow,81000.0,0.0,0.0,0.0,0.0,0.0,2020-2023,Pandemia
Netherlands,NLD,2021,Trucks,BEV,0.0,71.0,0.0,270.0,0.0,0.0,2020-2023,Pandemia
Netherlands,NLD,2021,Trucks,EV,0.0,0.0,0.509999990463257,0.0,0.189999997615814,0.0,2020-2023,Pandemia
Netherlands,NLD,2021,Trucks,FCEV,0.0,8.0,0.0,14.0,0.0,0.0,2020-2023,Pandemia
Netherlands,NLD,2021,Trucks,PHEV,0.0,16.0,0.0,48.0,0.0,0.0,2020-2023,Pandemia
Netherlands,NLD,2021,Vans,BEV,0.0,3300.0,0.0,9000.0,0.0,0.0,2020-2023,Pandemia
Netherlands,NLD,2021,Vans,EV,0.0,0.0,3.90000009536743,0.0,0.870000004768372,0.0,2020-2023,Pandemia
Netherlands,NLD,2021,Vans,FCEV,0.0,0.0,0.0,13.0,0.0,0.0,2020-2023,Pandemia
Netherlands,NLD,2021,Vans,PHEV,0.0,46.0,0.0,78.0,0.0,0.0,2020-2023,Pandemia
Netherlands,NLD,2022,Buses,BEV,0.0,99.0,0.0,1400.0,0.0,0.0,2020-2023,Post-Pandemia
Netherlands,NLD,2022,Buses,EV,0.0,0.0,25.0,0.0,16.0,0.0,2020-2023,Post-Pandemia
Netherlands,NLD,2022,Buses,FCEV,0.0,14.0,0.0,55.0,0.0,0.0,2020-2023,Post-Pandemia
Netherlands,NLD,2022,Buses,PHEV,0.0,0.0,0.0,100.0,0.0,0.0,2020-2023,Post-Pandemia
Netherlands,NLD,2022,Cars,BEV,0.0,87000.0,0.0,330000.0,0.0,0.0,2020-2023,Post-Pandemia
Netherlands,NLD,2022,Cars,EV,0.0,0.0,26.0,0.0,6.0,0.0,2020-2023,Post-Pandemia
Netherlands,NLD,2022,Cars,FCEV,0.0,87.0,0.0,600.0,0.0,0.0,2020-2023,Post-Pandemia
Netherlands,NLD,2022,Cars,PHEV,0.0,50000.0,0.0,190000.0,0.0,0.0,2020-2023,Post-Pandemia
Netherlands,NLD,2022,EV,Publicly available fast,4300.0,0.0,0.0,0.0,0.0,0.0,2020-2023,Post-Pandemia
Netherlands,NLD,2022,EV,Publicly available slow,120000.0,0.0,0.0,0.0,0.0,0.0,2020-2023,Post-Pandemia
Netherlands,NLD,2022,Trucks,BEV,0.0,120.0,0.0,370.0,0.0,0.0,2020-2023,Post-Pandemia
Netherlands,NLD,2022,Trucks,EV,0.0,0.0,0.769999980926514,0.0,0.25,0.0,2020-2023,Post-Pandemia
Netherlands,NLD,2022,Trucks,FCEV,0.0,14.0,0.0,26.0,0.0,0.0,2020-2023,Post-Pandemia
Netherlands,NLD,2022,Trucks,PHEV,0.0,17.0,0.0,56.0,0.0,0.0,2020-2023,Post-Pandemia
Netherlands,NLD,2022,Vans,BEV,0.0,5000.0,0.0,14000.0,0.0,0.0,2020-2023,Post-Pandemia
Netherlands,NLD,2022,Vans,EV,0.0,0.0,6.59999990463257,0.0,1.29999995231628,0.0,2020-2023,Post-Pandemia
Netherlands,NLD,2022,Vans,FCEV,0.0,0.0,0.0,13.0,0.0,0.0,2020-2023,Post-Pandemia
Netherlands,NLD,2022,Vans,PHEV,0.0,35.0,0.0,130.0,0.0,0.0,2020-2023,Post-Pandemia
Netherlands,NLD,2023,Buses,BEV,0.0,180.0,0.0,1600.0,0.0,0.0,2020-2023,Post-Pandemia
Netherlands,NLD,2023,Buses,EV,0.0,0.0,31.0,0.0,18.0,0.0,2020-2023,Post-Pandemia
Netherlands,NLD,2023,Buses,FCEV,0.0,9.0,0.0,64.0,0.0,0.0,2020-2023,Post-Pandemia
Netherlands,NLD,2023,Buses,PHEV,0.0,0.0,0.0,97.0,0.0,0.0,2020-2023,Post-Pandemia
Netherlands,NLD,2023,Cars,BEV,0.0,130000.0,0.0,440000.0,0.0,0.0,2020-2023,Post-Pandemia
Netherlands,NLD,2023,Cars,EV,0.0,0.0,35.0,0.0,8.30000019073486,0.0,2020-2023,Post-Pandemia
Netherlands,NLD,2023,Cars,FCEV,0.0,65.0,0.0,620.0,0.0,0.0,2020-2023,Post-Pandemia
Netherlands,NLD,2023,Cars,PHEV,0.0,80000.0,0.0,260000.0,0.0,0.0,2020-2023,Post-Pandemia
Netherlands,NLD,2023,EV,Publicly available fast,5800.0,0.0,0.0,0.0,0.0,0.0,2020-2023,Post-Pandemia
Netherlands,NLD,2023,EV,Publicly available slow,140000.0,0.0,0.0,0.0,0.0,0.0,2020-2023,Post-Pandemia
Netherlands,NLD,2023,Trucks,BEV,0.0,1200.0,0.0,1500.0,0.0,0.0,2020-2023,Post-Pandemia
Netherlands,NLD,2023,Trucks,EV,0.0,0.0,5.90000009536743,0.0,0.910000026226044,0.0,2020-2023,Post-Pandemia
Netherlands,NLD,2023,Trucks,FCEV,0.0,8.0,0.0,57.0,0.0,0.0,2020-2023,Post-Pandemia
Netherlands,NLD,2023,Trucks,PHEV,0.0,26.0,0.0,73.0,0.0,0.0,2020-2023,Post-Pandemia
Netherlands,NLD,2023,Vans,BEV,0.0,10000.0,0.0,23000.0,0.0,0.0,2020-2023,Post-Pandemia
Netherlands,NLD,2023,Vans,EV,0.0,0.0,12.0,0.0,2.20000004768372,0.0,2020-2023,Post-Pandemia
Netherlands,NLD,2023,Vans,FCEV,0.0,0.0,0.0,13.0,0.0,0.0,2020-2023,Post-Pandemia
Netherlands,NLD,2023,Vans,PHEV,0.0,90.0,0.0,160.0,0.0,0.0,2020-2023,Post-Pandemia
New Zealand,NZL,2010,Buses,BEV,0.0,0.0,0.0,62.0,0.0,0.0,2010-2014,Pre-Pandemia
New Zealand,NZL,2010,Buses,EV,0.0,0.0,0.0,0.0,0.28999999165535,0.0,2010-2014,Pre-Pandemia
New Zealand,NZL,2010,Cars,BEV,0.0,10.0,0.0,14.0,0.0,0.0,2010-2014,Pre-Pandemia
New Zealand,NZL,2010,Cars,EV,0.0,0.0,0.006300000008196,0.0,0.000479999987874,0.0,2010-2014,Pre-Pandemia
New Zealand,NZL,2011,Buses,BEV,0.0,2.0,0.0,64.0,0.0,0.0,2010-2014,Pre-Pandemia
New Zealand,NZL,2011,Buses,EV,0.0,0.0,0.239999994635582,0.0,0.300000011920929,0.0,2010-2014,Pre-Pandemia
New Zealand,NZL,2011,Cars,BEV,0.0,13.0,0.0,27.0,0.0,0.0,2010-2014,Pre-Pandemia
New Zealand,NZL,2011,Cars,EV,0.0,0.0,0.009899999946356,0.0,0.000989999971353,0.0,2010-2014,Pre-Pandemia
New Zealand,NZL,2011,Cars,PHEV,0.0,2.0,0.0,2.0,0.0,0.0,2010-2014,Pre-Pandemia
New Zealand,NZL,2012,Buses,BEV,0.0,1.0,0.0,65.0,0.0,0.0,2010-2014,Pre-Pandemia
New Zealand,NZL,2012,Buses,EV,0.0,0.0,0.119999997317791,0.0,0.300000011920929,0.0,2010-2014,Pre-Pandemia
New Zealand,NZL,2012,Cars,BEV,0.0,22.0,0.0,49.0,0.0,0.0,2010-2014,Pre-Pandemia
New Zealand,NZL,2012,Cars,EV,0.0,0.0,0.017000000923872,0.0,0.001900000032038,0.0,2010-2014,Pre-Pandemia
New Zealand,NZL,2012,Cars,PHEV,0.0,5.0,0.0,7.0,0.0,0.0,2010-2014,Pre-Pandemia
New Zealand,NZL,2013,Buses,BEV,0.0,0.0,0.0,65.0,0.0,0.0,2010-2014,Pre-Pandemia
New Zealand,NZL,2013,Buses,EV,0.0,0.0,0.0,0.0,0.300000011920929,0.0,2010-2014,Pre-Pandemia
New Zealand,NZL,2013,Cars,BEV,0.0,30.0,0.0,79.0,0.0,0.0,2010-2014,Pre-Pandemia
New Zealand,NZL,2013,Cars,EV,0.0,0.0,0.018999999389052,0.0,0.003100000089034,0.0,2010-2014,Pre-Pandemia
New Zealand,NZL,2013,Cars,PHEV,0.0,6.0,0.0,13.0,0.0,0.0,2010-2014,Pre-Pandemia
New Zealand,NZL,2014,Buses,BEV,0.0,0.0,0.0,65.0,0.0,0.0,2010-2014,Pre-Pandemia
New Zealand,NZL,2014,Buses,EV,0.0,0.0,0.0,0.0,0.28999999165535,0.0,2010-2014,Pre-Pandemia
New Zealand,NZL,2014,Cars,BEV,0.0,110.0,0.0,190.0,0.0,0.0,2010-2014,Pre-Pandemia
New Zealand,NZL,2014,Cars,EV,0.0,0.0,0.140000000596046,0.0,0.014000000432134,0.0,2010-2014,Pre-Pandemia
New Zealand,NZL,2014,Cars,PHEV,0.0,210.0,0.0,220.0,0.0,0.0,2010-2014,Pre-Pandemia
New Zealand,NZL,2015,Buses,BEV,0.0,0.0,0.0,65.0,0.0,0.0,2015-2019,Pre-Pandemia
New Zealand,NZL,2015,Buses,EV,0.0,0.0,0.0,0.0,0.280000001192093,0.0,2015-2019,Pre-Pandemia
New Zealand,NZL,2015,Cars,BEV,0.0,300.0,0.0,490.0,0.0,0.0,2015-2019,Pre-Pandemia
New Zealand,NZL,2015,Cars,EV,0.0,0.0,0.300000011920929,0.0,0.029999999329448,0.0,2015-2019,Pre-Pandemia
New Zealand,NZL,2015,Cars,PHEV,0.0,200.0,0.0,420.0,0.0,0.0,2015-2019,Pre-Pandemia
New Zealand,NZL,2016,Buses,BEV,0.0,0.0,0.0,65.0,0.0,0.0,2015-2019,Pre-Pandemia
New Zealand,NZL,2016,Buses,EV,0.0,0.0,0.0,0.0,0.270000010728836,0.0,2015-2019,Pre-Pandemia
New Zealand,NZL,2016,Cars,BEV,0.0,1200.0,0.0,1600.0,0.0,0.0,2015-2019,Pre-Pandemia
New Zealand,NZL,2016,Cars,EV,0.0,0.0,0.779999971389771,0.0,0.079999998211861,0.0,2015-2019,Pre-Pandemia
New Zealand,NZL,2016,Cars,PHEV,0.0,340.0,0.0,760.0,0.0,0.0,2015-2019,Pre-Pandemia
New Zealand,NZL,2017,Buses,BEV,0.0,1.0,0.0,66.0,0.0,0.0,2015-2019,Pre-Pandemia
New Zealand,NZL,2017,Buses,EV,0.0,0.0,0.03999999910593,0.0,0.25,0.0,2015-2019,Pre-Pandemia
New Zealand,NZL,2017,Cars,BEV,0.0,2900.0,0.0,4600.0,0.0,0.0,2015-2019,Pre-Pandemia
New Zealand,NZL,2017,Cars,EV,0.0,0.0,1.39999997615814,0.0,0.189999997615814,0.0,2015-2019,Pre-Pandemia
New Zealand,NZL,2017,Cars,PHEV,0.0,540.0,0.0,1300.0,0.0,0.0,2015-2019,Pre-Pandemia
New Zealand,NZL,2017,EV,Publicly available fast,100.0,0.0,0.0,0.0,0.0,0.0,2015-2019,Pre-Pandemia
New Zealand,NZL,2018,Buses,BEV,0.0,11.0,0.0,77.0,0.0,0.0,2015-2019,Pre-Pandemia
New Zealand,NZL,2018,Buses,EV,0.0,0.0,0.430000007152557,0.0,0.280000001192093,0.0,2015-2019,Pre-Pandemia
New Zealand,NZL,2018,Cars,BEV,0.0,4400.0,0.0,8900.0,0.0,0.0,2015-2019,Pre-Pandemia
New Zealand,NZL,2018,Cars,EV,0.0,0.0,2.09999990463257,0.0,0.370000004768372,0.0,2015-2019,Pre-Pandemia
New Zealand,NZL,2018,Cars,PHEV,0.0,1200.0,0.0,2500.0,0.0,0.0,2015-2019,Pre-Pandemia
New Zealand,NZL,2018,EV,Publicly available fast,200.0,0.0,0.0,0.0,0.0,0.0,2015-2019,Pre-Pandemia
New Zealand,NZL,2018,EV,Publicly available slow,89.0,0.0,0.0,0.0,0.0,0.0,2015-2019,Pre-Pandemia
New Zealand,NZL,2019,Buses,BEV,0.0,13.0,0.0,100.0,0.0,0.0,2015-2019,Pre-Pandemia
New Zealand,NZL,2019,Buses,EV,0.0,0.0,0.529999971389771,0.0,0.349999994039536,0.0,2015-2019,Pre-Pandemia
New Zealand,NZL,2019,Cars,BEV,0.0,5300.0,0.0,13000.0,0.0,0.0,2015-2019,Pre-Pandemia
New Zealand,NZL,2019,Cars,EV,0.0,0.0,2.29999995231628,0.0,0.569999992847443,0.0,2015-2019,Pre-Pandemia
New Zealand,NZL,2019,Cars,FCEV,0.0,2.0,0.0,2.0,0.0,0.0,2015-2019,Pre-Pandemia
New Zealand,NZL,2019,Cars,PHEV,0.0,1600.0,0.0,4400.0,0.0,0.0,2015-2019,Pre-Pandemia
New Zealand,NZL,2019,EV,Publicly available fast,260.0,0.0,0.0,0.0,0.0,0.0,2015-2019,Pre-Pandemia
New Zealand,NZL,2019,EV,Publicly available slow,130.0,0.0,0.0,0.0,0.0,0.0,2015-2019,Pre-Pandemia
New Zealand,NZL,2019,Vans,BEV,0.0,70.0,0.0,780.0,0.0,0.0,2015-2019,Pre-Pandemia
New Zealand,NZL,2019,Vans,EV,0.0,0.0,0.119999997317791,0.0,0.129999995231628,0.0,2015-2019,Pre-Pandemia
New Zealand,NZL,2020,Buses,BEV,0.0,17.0,0.0,120.0,0.0,0.0,2020-2023,Pandemia
New Zealand,NZL,2020,Buses,EV,0.0,0.0,0.899999976158142,0.0,0.389999985694885,0.0,2020-2023,Pandemia
New Zealand,NZL,2020,Cars,BEV,0.0,3900.0,0.0,17000.0,0.0,0.0,2020-2023,Pandemia
New Zealand,NZL,2020,Cars,EV,0.0,0.0,1.60000002384186,0.0,0.72000002861023,0.0,2020-2023,Pandemia
New Zealand,NZL,2020,Cars,FCEV,0.0,3.0,0.0,5.0,0.0,0.0,2020-2023,Pandemia
New Zealand,NZL,2020,Cars,PHEV,0.0,1500.0,0.0,5900.0,0.0,0.0,2020-2023,Pandemia
New Zealand,NZL,2020,EV,Publicly available fast,310.0,0.0,0.0,0.0,0.0,0.0,2020-2023,Pandemia
New Zealand,NZL,2020,EV,Publicly available slow,150.0,0.0,0.0,0.0,0.0,0.0,2020-2023,Pandemia
New Zealand,NZL,2020,Vans,BEV,0.0,78.0,0.0,850.0,0.0,0.0,2020-2023,Pandemia
New Zealand,NZL,2020,Vans,EV,0.0,0.0,0.140000000596046,0.0,0.129999995231628,0.0,2020-2023,Pandemia
New Zealand,NZL,2020,Vans,PHEV,0.0,1.0,0.0,1.0,0.0,0.0,2020-2023,Pandemia
New Zealand,NZL,2021,Buses,BEV,0.0,75.0,0.0,170.0,0.0,0.0,2020-2023,Pandemia
New Zealand,NZL,2021,Buses,EV,0.0,0.0,2.90000009536743,0.0,0.540000021457672,0.0,2020-2023,Pandemia
New Zealand,NZL,2021,Buses,PHEV,0.0,1.0,0.0,1.0,0.0,0.0,2020-2023,Pandemia
New Zealand,NZL,2021,Cars,BEV,0.0,6800.0,0.0,26000.0,0.0,0.0,2020-2023,Pandemia
New Zealand,NZL,2021,Cars,EV,0.0,0.0,3.40000009536743,0.0,1.10000002384186,0.0,2020-2023,Pandemia
New Zealand,NZL,2021,Cars,FCEV,0.0,1.0,0.0,6.0,0.0,0.0,2020-2023,Pandemia
New Zealand,NZL,2021,Cars,PHEV,0.0,3500.0,0.0,9400.0,0.0,0.0,2020-2023,Pandemia
New Zealand,NZL,2021,EV,Publicly available fast,430.0,0.0,0.0,0.0,0.0,0.0,2020-2023,Pandemia
New Zealand,NZL,2021,EV,Publicly available slow,170.0,0.0,0.0,0.0,0.0,0.0,2020-2023,Pandemia
New Zealand,NZL,2021,Vans,BEV,0.0,140.0,0.0,980.0,0.0,0.0,2020-2023,Pandemia
New Zealand,NZL,2021,Vans,EV,0.0,0.0,0.300000011920929,0.0,0.150000005960464,0.0,2020-2023,Pandemia
New Zealand,NZL,2021,Vans,FCEV,0.0,0.0,0.0,6.0,0.0,0.0,2020-2023,Pandemia
New Zealand,NZL,2021,Vans,PHEV,0.0,22.0,0.0,25.0,0.0,0.0,2020-2023,Pandemia
New Zealand,NZL,2022,Buses,BEV,0.0,110.0,0.0,260.0,0.0,0.0,2020-2023,Post-Pandemia
New Zealand,NZL,2022,Buses,EV,0.0,0.0,6.0,0.0,0.800000011920929,0.0,2020-2023,Post-Pandemia
New Zealand,NZL,2022,Buses,PHEV,0.0,0.0,0.0,1.0,0.0,0.0,2020-2023,Post-Pandemia
New Zealand,NZL,2022,Cars,BEV,0.0,19000.0,0.0,46000.0,0.0,0.0,2020-2023,Post-Pandemia
New Zealand,NZL,2022,Cars,EV,0.0,0.0,11.0,0.0,1.89999997615814,0.0,2020-2023,Post-Pandemia
New Zealand,NZL,2022,Cars,FCEV,0.0,10.0,0.0,16.0,0.0,0.0,2020-2023,Post-Pandemia
New Zealand,NZL,2022,Cars,PHEV,0.0,9200.0,0.0,19000.0,0.0,0.0,2020-2023,Post-Pandemia
New Zealand,NZL,2022,EV,Publicly available fast,480.0,0.0,0.0,0.0,0.0,0.0,2020-2023,Post-Pandemia
New Zealand,NZL,2022,EV,Publicly available slow,200.0,0.0,0.0,0.0,0.0,0.0,2020-2023,Post-Pandemia
New Zealand,NZL,2022,Vans,BEV,0.0,420.0,0.0,1400.0,0.0,0.0,2020-2023,Post-Pandemia
New Zealand,NZL,2022,Vans,EV,0.0,0.0,1.10000002384186,0.0,0.209999993443489,0.0,2020-2023,Post-Pandemia
New Zealand,NZL,2022,Vans,FCEV,0.0,0.0,0.0,6.0,0.0,0.0,2020-2023,Post-Pandemia
New Zealand,NZL,2022,Vans,PHEV,0.0,50.0,0.0,74.0,0.0,0.0,2020-2023,Post-Pandemia
New Zealand,NZL,2023,Buses,BEV,0.0,100.0,0.0,350.0,0.0,0.0,2020-2023,Post-Pandemia
New Zealand,NZL,2023,Buses,EV,0.0,0.0,5.19999980926514,0.0,1.0,0.0,2020-2023,Post-Pandemia
New Zealand,NZL,2023,Buses,PHEV,0.0,0.0,0.0,1.0,0.0,0.0,2020-2023,Post-Pandemia
New Zealand,NZL,2023,Cars,BEV,0.0,26000.0,0.0,70000.0,0.0,0.0,2020-2023,Post-Pandemia
New Zealand,NZL,2023,Cars,EV,0.0,0.0,14.0,0.0,2.79999995231628,0.0,2020-2023,Post-Pandemia
New Zealand,NZL,2023,Cars,FCEV,0.0,4.0,0.0,20.0,0.0,0.0,2020-2023,Post-Pandemia
New Zealand,NZL,2023,Cars,PHEV,0.0,12000.0,0.0,30000.0,0.0,0.0,2020-2023,Post-Pandemia
New Zealand,NZL,2023,EV,Publicly available fast,860.0,0.0,0.0,0.0,0.0,0.0,2020-2023,Post-Pandemia
New Zealand,NZL,2023,EV,Publicly available slow,280.0,0.0,0.0,0.0,0.0,0.0,2020-2023,Post-Pandemia
New Zealand,NZL,2023,Vans,BEV,0.0,500.0,0.0,1800.0,0.0,0.0,2020-2023,Post-Pandemia
New Zealand,NZL,2023,Vans,EV,0.0,0.0,1.5,0.0,0.259999990463257,0.0,2020-2023,Post-Pandemia
New Zealand,NZL,2023,Vans,PHEV,0.0,15.0,0.0,88.0,0.0,0.0,2020-2023,Post-Pandemia
Norway,NOR,2010,Cars,BEV,0.0,360.0,0.0,2700.0,0.0,0.0,2010-2014,Pre-Pandemia
Norway,NOR,2010,Cars,EV,0.0,0.0,0.280000001192093,0.0,0.119999997317791,0.0,2010-2014,Pre-Pandemia
Norway,NOR,2010,Cars,PHEV,0.0,0.0,0.0,2.0,0.0,0.0,2010-2014,Pre-Pandemia
Norway,NOR,2010,EV,Publicly available slow,2800.0,0.0,0.0,0.0,0.0,0.0,2010-2014,Pre-Pandemia
Norway,NOR,2010,Vans,BEV,0.0,1.0,0.0,0.0,0.0,0.0,2010-2014,Pre-Pandemia
Norway,NOR,2010,Vans,EV,0.0,0.0,0.003400000045076,0.0,0.0,0.0,2010-2014,Pre-Pandemia
Norway,NOR,2011,Cars,BEV,0.0,2000.0,0.0,3900.0,0.0,0.0,2010-2014,Pre-Pandemia
Norway,NOR,2011,Cars,EV,0.0,0.0,1.39999997615814,0.0,0.170000001788139,0.0,2010-2014,Pre-Pandemia
Norway,NOR,2011,Cars,PHEV,0.0,0.0,0.0,3.0,0.0,0.0,2010-2014,Pre-Pandemia
Norway,NOR,2011,EV,Publicly available fast,18.0,0.0,0.0,0.0,0.0,0.0,2010-2014,Pre-Pandemia
Norway,NOR,2011,EV,Publicly available slow,3100.0,0.0,0.0,0.0,0.0,0.0,2010-2014,Pre-Pandemia
Norway,NOR,2011,Vans,BEV,0.0,42.0,0.0,1.0,0.0,0.0,2010-2014,Pre-Pandemia
Norway,NOR,2011,Vans,EV,0.0,0.0,0.119999997317791,0.0,0.000220000001718,0.0,2010-2014,Pre-Pandemia
Norway,NOR,2012,Cars,BEV,0.0,3900.0,0.0,8000.0,0.0,0.0,2010-2014,Pre-Pandemia
Norway,NOR,2012,Cars,EV,0.0,0.0,3.09999990463257,0.0,0.360000014305115,0.0,2010-2014,Pre-Pandemia
Norway,NOR,2012,Cars,PHEV,0.0,320.0,0.0,340.0,0.0,0.0,2010-2014,Pre-Pandemia
Norway,NOR,2012,EV,Publicly available fast,58.0,0.0,0.0,0.0,0.0,0.0,2010-2014,Pre-Pandemia
Norway,NOR,2012,EV,Publicly available slow,3700.0,0.0,0.0,0.0,0.0,0.0,2010-2014,Pre-Pandemia
Norway,NOR,2012,Vans,BEV,0.0,61.0,0.0,5.0,0.0,0.0,2010-2014,Pre-Pandemia
Norway,NOR,2012,Vans,EV,0.0,0.0,0.189999997615814,0.0,0.00109999999404,0.0,2010-2014,Pre-Pandemia
Norway,NOR,2013,Cars,BEV,0.0,7900.0,0.0,15000.0,0.0,0.0,2010-2014,Pre-Pandemia
Norway,NOR,2013,Cars,EV,0.0,0.0,5.80000019073486,0.0,0.639999985694885,0.0,2010-2014,Pre-Pandemia
Norway,NOR,2013,Cars,PHEV,0.0,340.0,0.0,660.0,0.0,0.0,2010-2014,Pre-Pandemia
Norway,NOR,2013,EV,Publicly available fast,96.0,0.0,0.0,0.0,0.0,0.0,2010-2014,Pre-Pandemia
Norway,NOR,2013,EV,Publicly available slow,4500.0,0.0,0.0,0.0,0.0,0.0,2010-2014,Pre-Pandemia
Norway,NOR,2013,Vans,BEV,0.0,340.0,0.0,5.0,0.0,0.0,2010-2014,Pre-Pandemia
Norway,NOR,2013,Vans,EV,0.0,0.0,1.20000004768372,0.0,0.001000000047497,0.0,2010-2014,Pre-Pandemia
Norway,NOR,2014,Cars,BEV,0.0,20000.0,0.0,33000.0,0.0,0.0,2010-2014,Pre-Pandemia
Norway,NOR,2014,Cars,EV,0.0,0.0,15.0,0.0,1.39999997615814,0.0,2010-2014,Pre-Pandemia
Norway,NOR,2014,Cars,FCEV,0.0,4.0,0.0,4.0,0.0,0.0,2010-2014,Pre-Pandemia
Norway,NOR,2014,Cars,PHEV,0.0,1700.0,0.0,2300.0,0.0,0.0,2010-2014,Pre-Pandemia
Norway,NOR,2014,EV,Publicly available fast,110.0,0.0,0.0,0.0,0.0,0.0,2010-2014,Pre-Pandemia
Norway,NOR,2014,EV,Publicly available slow,5200.0,0.0,0.0,0.0,0.0,0.0,2010-2014,Pre-Pandemia
Norway,NOR,2014,Vans,BEV,0.0,560.0,0.0,560.0,0.0,0.0,2010-2014,Pre-Pandemia
Norway,NOR,2014,Vans,EV,0.0,0.0,2.0,0.0,0.119999997317791,0.0,2010-2014,Pre-Pandemia
Norway,NOR,2015,Cars,BEV,0.0,26000.0,0.0,59000.0,0.0,0.0,2015-2019,Pre-Pandemia
Norway,NOR,2015,Cars,EV,0.0,0.0,22.0,0.0,2.70000004768372,0.0,2015-2019,Pre-Pandemia
Norway,NOR,2015,Cars,FCEV,0.0,9.0,0.0,13.0,0.0,0.0,2015-2019,Pre-Pandemia
Norway,NOR,2015,Cars,PHEV,0.0,7900.0,0.0,10000.0,0.0,0.0,2015-2019,Pre-Pandemia
Norway,NOR,2015,EV,Publicly available fast,330.0,0.0,0.0,0.0,0.0,0.0,2015-2019,Pre-Pandemia
Norway,NOR,2015,EV,Publicly available slow,5200.0,0.0,0.0,0.0,0.0,0.0,2015-2019,Pre-Pandemia
Norway,NOR,2015,Vans,BEV,0.0,710.0,0.0,1300.0,0.0,0.0,2015-2019,Pre-Pandemia
Norway,NOR,2015,Vans,EV,0.0,0.0,2.29999995231628,0.0,0.259999990463257,0.0,2015-2019,Pre-Pandemia
Norway,NOR,2016,Buses,BEV,0.0,13.0,0.0,13.0,0.0,0.0,2015-2019,Pre-Pandemia
Norway,NOR,2016,Buses,EV,0.0,0.0,0.930000007152557,0.0,0.100000001490116,0.0,2015-2019,Pre-Pandemia
Norway,NOR,2016,Cars,BEV,0.0,24000.0,0.0,83000.0,0.0,0.0,2015-2019,Pre-Pandemia
Norway,NOR,2016,Cars,EV,0.0,0.0,29.0,0.0,4.30000019073486,0.0,2015-2019,Pre-Pandemia
Norway,NOR,2016,Cars,FCEV,0.0,20.0,0.0,40.0,0.0,0.0,2015-2019,Pre-Pandemia
Norway,NOR,2016,Cars,PHEV,0.0,21000.0,0.0,31000.0,0.0,0.0,2015-2019,Pre-Pandemia
Norway,NOR,2016,EV,Publicly available fast,500.0,0.0,0.0,0.0,0.0,0.0,2015-2019,Pre-Pandemia
Norway,NOR,2016,EV,Publicly available slow,7000.0,0.0,0.0,0.0,0.0,0.0,2015-2019,Pre-Pandemia
Norway,NOR,2016,Vans,BEV,0.0,640.0,0.0,2000.0,0.0,0.0,2015-2019,Pre-Pandemia
Norway,NOR,2016,Vans,EV,0.0,0.0,1.89999997615814,0.0,0.389999985694885,0.0,2015-2019,Pre-Pandemia
Norway,NOR,2017,Buses,BEV,0.0,18.0,0.0,31.0,0.0,0.0,2015-2019,Pre-Pandemia
Norway,NOR,2017,Buses,EV,0.0,0.0,1.5,0.0,0.239999994635582,0.0,2015-2019,Pre-Pandemia
Norway,NOR,2017,Cars,BEV,0.0,33000.0,0.0,120000.0,0.0,0.0,2015-2019,Pre-Pandemia
Norway,NOR,2017,Cars,EV,0.0,0.0,39.0,0.0,6.40000009536743,0.0,2015-2019,Pre-Pandemia
Norway,NOR,2017,Cars,FCEV,0.0,30.0,0.0,70.0,0.0,0.0,2015-2019,Pre-Pandemia
Norway,NOR,2017,Cars,PHEV,0.0,29000.0,0.0,60000.0,0.0,0.0,2015-2019,Pre-Pandemia
Norway,NOR,2017,EV,Publicly available fast,920.0,0.0,0.0,0.0,0.0,0.0,2015-2019,Pre-Pandemia
Norway,NOR,2017,EV,Publicly available slow,8300.0,0.0,0.0,0.0,0.0,0.0,2015-2019,Pre-Pandemia
Norway,NOR,2017,Trucks,BEV,0.0,2.0,0.0,2.0,0.0,0.0,2015-2019,Pre-Pandemia
Norway,NOR,2017,Trucks,EV,0.0,0.0,0.032000001519919,0.0,0.002400000113994,0.0,2015-2019,Pre-Pandemia
Norway,NOR,2017,Vans,BEV,0.0,770.0,0.0,2900.0,0.0,0.0,2015-2019,Pre-Pandemia
Norway,NOR,2017,Vans,EV,0.0,0.0,2.20000004768372,0.0,0.569999992847443,0.0,2015-2019,Pre-Pandemia
Norway,NOR,2017,Vans,PHEV,0.0,0.0,0.0,10.0,0.0,0.0,2015-2019,Pre-Pandemia
Norway,NOR,2018,Buses,BEV,0.0,12.0,0.0,43.0,0.0,0.0,2015-2019,Pre-Pandemia
Norway,NOR,2018,Buses,EV,0.0,0.0,1.20000004768372,0.0,0.330000013113022,0.0,2015-2019,Pre-Pandemia
Norway,NOR,2018,Cars,BEV,0.0,46000.0,0.0,160000.0,0.0,0.0,2015-2019,Pre-Pandemia
Norway,NOR,2018,Cars,EV,0.0,0.0,49.0,0.0,8.89999961853027,0.0,2015-2019,Pre-Pandemia
Norway,NOR,2018,Cars,FCEV,0.0,45.0,0.0,120.0,0.0,0.0,2015-2019,Pre-Pandemia
Norway,NOR,2018,Cars,PHEV,0.0,27000.0,0.0,87000.0,0.0,0.0,2015-2019,Pre-Pandemia
Norway,NOR,2018,EV,Publicly available fast,1200.0,0.0,0.0,0.0,0.0,0.0,2015-2019,Pre-Pandemia
Norway,NOR,2018,EV,Publicly available slow,9300.0,0.0,0.0,0.0,0.0,0.0,2015-2019,Pre-Pandemia
Norway,NOR,2018,Trucks,BEV,0.0,0.0,0.0,2.0,0.0,0.0,2015-2019,Pre-Pandemia
Norway,NOR,2018,Trucks,EV,0.0,0.0,0.0,0.0,0.002400000113994,0.0,2015-2019,Pre-Pandemia
Norway,NOR,2018,Vans,BEV,0.0,1800.0,0.0,4700.0,0.0,0.0,2015-2019,Pre-Pandemia
Norway,NOR,2018,Vans,EV,0.0,0.0,5.09999990463257,0.0,0.899999976158142,0.0,2015-2019,Pre-Pandemia
Norway,NOR,2018,Vans,PHEV,0.0,0.0,0.0,10.0,0.0,0.0,2015-2019,Pre-Pandemia
Norway,NOR,2019,Buses,BEV,0.0,160.0,0.0,200.0,0.0,0.0,2015-2019,Pre-Pandemia
Norway,NOR,2019,Buses,EV,0.0,0.0,7.0,0.0,1.5,0.0,2015-2019,Pre-Pandemia
Norway,NOR,2019,Cars,BEV,0.0,60000.0,0.0,220000.0,0.0,0.0,2015-2019,Pre-Pandemia
Norway,NOR,2019,Cars,EV,0.0,0.0,56.0,0.0,12.0,0.0,2015-2019,Pre-Pandemia
Norway,NOR,2019,Cars,FCEV,0.0,29.0,0.0,180.0,0.0,0.0,2015-2019,Pre-Pandemia
Norway,NOR,2019,Cars,PHEV,0.0,19000.0,0.0,110000.0,0.0,0.0,2015-2019,Pre-Pandemia
Norway,NOR,2019,EV,Publicly available fast,4000.0,0.0,0.0,0.0,0.0,0.0,2015-2019,Pre-Pandemia
Norway,NOR,2019,EV,Publicly available slow,10000.0,0.0,0.0,0.0,0.0,0.0,2015-2019,Pre-Pandemia
Norway,NOR,2019,Trucks,BEV,0.0,3.0,0.0,2.0,0.0,0.0,2015-2019,Pre-Pandemia
Norway,NOR,2019,Trucks,EV,0.0,0.0,0.041000001132488,0.0,0.002300000051036,0.0,2015-2019,Pre-Pandemia
Norway,NOR,2019,Vans,BEV,0.0,2000.0,0.0,6700.0,0.0,0.0,2015-2019,Pre-Pandemia
Norway,NOR,2019,Vans,EV,0.0,0.0,5.59999990463257,0.0,1.29999995231628,0.0,2015-2019,Pre-Pandemia
Norway,NOR,2019,Vans,PHEV,0.0,0.0,0.0,10.0,0.0,0.0,2015-2019,Pre-Pandemia
Norway,NOR,2020,Buses,BEV,0.0,230.0,0.0,420.0,0.0,0.0,2020-2023,Pandemia
Norway,NOR,2020,Buses,EV,0.0,0.0,21.0,0.0,3.40000009536743,0.0,2020-2023,Pandemia
Norway,NOR,2020,Buses,FCEV,0.0,0.0,0.0,5.0,0.0,0.0,2020-2023,Pandemia
Norway,NOR,2020,Buses,PHEV,0.0,63.0,0.0,63.0,0.0,0.0,2020-2023,Pandemia
Norway,NOR,2020,Cars,BEV,0.0,77000.0,0.0,340000.0,0.0,0.0,2020-2023,Pandemia
Norway,NOR,2020,Cars,EV,0.0,0.0,75.0,0.0,17.0,0.0,2020-2023,Pandemia
Norway,NOR,2020,Cars,FCEV,0.0,16.0,0.0,200.0,0.0,0.0,2020-2023,Pandemia
Norway,NOR,2020,Cars,PHEV,0.0,29000.0,0.0,150000.0,0.0,0.0,2020-2023,Pandemia
Norway,NOR,2020,EV,Publicly available fast,5300.0,0.0,0.0,0.0,0.0,0.0,2020-2023,Pandemia
Norway,NOR,2020,EV,Publicly available slow,12000.0,0.0,0.0,0.0,0.0,0.0,2020-2023,Pandemia
Norway,NOR,2020,Trucks,BEV,0.0,26.0,0.0,18.0,0.0,0.0,2020-2023,Pandemia
Norway,NOR,2020,Trucks,EV,0.0,0.0,0.449999988079071,0.0,0.021999999880791,0.0,2020-2023,Pandemia
Norway,NOR,2020,Trucks,FCEV,0.0,3.0,0.0,0.0,0.0,0.0,2020-2023,Pandemia
Norway,NOR,2020,Trucks,PHEV,0.0,1.0,0.0,1.0,0.0,0.0,2020-2023,Pandemia
Norway,NOR,2020,Vans,BEV,0.0,2600.0,0.0,9700.0,0.0,0.0,2020-2023,Pandemia
Norway,NOR,2020,Vans,EV,0.0,0.0,8.5,0.0,1.79999995231628,0.0,2020-2023,Pandemia
Norway,NOR,2020,Vans,FCEV,0.0,0.0,0.0,1.0,0.0,0.0,2020-2023,Pandemia
Norway,NOR,2020,Vans,PHEV,0.0,11.0,0.0,43.0,0.0,0.0,2020-2023,Pandemia
Norway,NOR,2021,Buses,BEV,0.0,99.0,0.0,520.0,0.0,0.0,2020-2023,Pandemia
Norway,NOR,2021,Buses,EV,0.0,0.0,9.0,0.0,4.19999980926514,0.0,2020-2023,Pandemia
Norway,NOR,2021,Buses,PHEV,0.0,5.0,0.0,70.0,0.0,0.0,2020-2023,Pandemia
Norway,NOR,2021,Cars,BEV,0.0,110000.0,0.0,450000.0,0.0,0.0,2020-2023,Pandemia
Norway,NOR,2021,Cars,EV,0.0,0.0,86.0,0.0,21.0,0.0,2020-2023,Pandemia
Norway,NOR,2021,Cars,FCEV,0.0,39.0,0.0,230.0,0.0,0.0,2020-2023,Pandemia
Norway,NOR,2021,Cars,PHEV,0.0,38000.0,0.0,180000.0,0.0,0.0,2020-2023,Pandemia
Norway,NOR,2021,EV,Publicly available fast,6700.0,0.0,0.0,0.0,0.0,0.0,2020-2023,Pandemia
Norway,NOR,2021,EV,Publicly available slow,13000.0,0.0,0.0,0.0,0.0,0.0,2020-2023,Pandemia
Norway,NOR,2021,Trucks,BEV,0.0,110.0,0.0,96.0,0.0,0.0,2020-2023,Pandemia
Norway,NOR,2021,Trucks,EV,0.0,0.0,1.79999995231628,0.0,0.109999999403954,0.0,2020-2023,Pandemia
Norway,NOR,2021,Trucks,PHEV,0.0,0.0,0.0,2.0,0.0,0.0,2020-2023,Pandemia
Norway,NOR,2021,Vans,BEV,0.0,1600.0,0.0,11000.0,0.0,0.0,2020-2023,Pandemia
Norway,NOR,2021,Vans,EV,0.0,0.0,5.59999990463257,0.0,2.20000004768372,0.0,2020-2023,Pandemia
Norway,NOR,2021,Vans,FCEV,0.0,0.0,0.0,1.0,0.0,0.0,2020-2023,Pandemia
Norway,NOR,2021,Vans,PHEV,0.0,58.0,0.0,310.0,0.0,0.0,2020-2023,Pandemia
Norway,NOR,2022,Buses,BEV,0.0,310.0,0.0,830.0,0.0,0.0,2020-2023,Post-Pandemia
Norway,NOR,2022,Buses,EV,0.0,0.0,48.0,0.0,6.59999990463257,0.0,2020-2023,Post-Pandemia
Norway,NOR,2022,Buses,FCEV,0.0,0.0,0.0,10.0,0.0,0.0,2020-2023,Post-Pandemia
Norway,NOR,2022,Buses,PHEV,0.0,0.0,0.0,69.0,0.0,0.0,2020-2023,Post-Pandemia
Norway,NOR,2022,Cars,BEV,0.0,140000.0,0.0,590000.0,0.0,0.0,2020-2023,Post-Pandemia
Norway,NOR,2022,Cars,EV,0.0,0.0,89.0,0.0,26.0,0.0,2020-2023,Post-Pandemia
Norway,NOR,2022,Cars,FCEV,0.0,27.0,0.0,260.0,0.0,0.0,2020-2023,Post-Pandemia
Norway,NOR,2022,Cars,PHEV,0.0,16000.0,0.0,200000.0,0.0,0.0,2020-2023,Post-Pandemia
Norway,NOR,2022,EV,Publicly available fast,9100.0,0.0,0.0,0.0,0.0,0.0,2020-2023,Post-Pandemia
Norway,NOR,2022,EV,Publicly available slow,15000.0,0.0,0.0,0.0,0.0,0.0,2020-2023,Post-Pandemia
Norway,NOR,2022,Trucks,BEV,0.0,530.0,0.0,220.0,0.0,0.0,2020-2023,Post-Pandemia
Norway,NOR,2022,Trucks,EV,0.0,0.0,9.19999980926514,0.0,0.259999990463257,0.0,2020-2023,Post-Pandemia
Norway,NOR,2022,Trucks,PHEV,0.0,0.0,0.0,5.0,0.0,0.0,2020-2023,Post-Pandemia
Norway,NOR,2022,Vans,BEV,0.0,7000.0,0.0,21000.0,0.0,0.0,2020-2023,Post-Pandemia
Norway,NOR,2022,Vans,EV,0.0,0.0,24.0,0.0,4.09999990463257,0.0,2020-2023,Post-Pandemia
Norway,NOR,2022,Vans,FCEV,0.0,0.0,0.0,1.0,0.0,0.0,2020-2023,Post-Pandemia
Norway,NOR,2022,Vans,PHEV,0.0,220.0,0.0,500.0,0.0,0.0,2020-2023,Post-Pandemia
Norway,NOR,2023,Buses,BEV,0.0,540.0,0.0,1200.0,0.0,0.0,2020-2023,Post-Pandemia
Norway,NOR,2023,Buses,EV,0.0,0.0,53.0,0.0,9.89999961853027,0.0,2020-2023,Post-Pandemia
Norway,NOR,2023,Buses,PHEV,0.0,0.0,0.0,68.0,0.0,0.0,2020-2023,Post-Pandemia
Norway,NOR,2023,Cars,BEV,0.0,100000.0,0.0,690000.0,0.0,0.0,2020-2023,Post-Pandemia
Norway,NOR,2023,Cars,EV,0.0,0.0,93.0,0.0,29.0,0.0,2020-2023,Post-Pandemia
Norway,NOR,2023,Cars,FCEV,0.0,6.0,0.0,290.0,0.0,0.0,2020-2023,Post-Pandemia
Norway,NOR,2023,Cars,PHEV,0.0,10000.0,0.0,210000.0,0.0,0.0,2020-2023,Post-Pandemia
Norway,NOR,2023,EV,Publicly available fast,11000.0,0.0,0.0,0.0,0.0,0.0,2020-2023,Post-Pandemia
Norway,NOR,2023,EV,Publicly available slow,16000.0,0.0,0.0,0.0,0.0,0.0,2020-2023,Post-Pandemia
Norway,NOR,2023,Trucks,BEV,0.0,700.0,0.0,1200.0,0.0,0.0,2020-2023,Post-Pandemia
Norway,NOR,2023,Trucks,EV,0.0,0.0,11.0,0.0,1.39999997615814,0.0,2020-2023,Post-Pandemia
Norway,NOR,2023,Trucks,PHEV,0.0,0.0,0.0,1.0,0.0,0.0,2020-2023,Post-Pandemia
Norway,NOR,2023,Vans,BEV,0.0,8800.0,0.0,30000.0,0.0,0.0,2020-2023,Post-Pandemia
Norway,NOR,2023,Vans,EV,0.0,0.0,29.0,0.0,5.80000019073486,0.0,2020-2023,Post-Pandemia
Norway,NOR,2023,Vans,FCEV,0.0,0.0,0.0,1.0,0.0,0.0,2020-2023,Post-Pandemia
Norway,NOR,2023,Vans,PHEV,0.0,130.0,0.0,660.0,0.0,0.0,2020-2023,Post-Pandemia
Poland,POL,2010,Cars,BEV,0.0,15.0,0.0,0.0,0.0,0.0,2010-2014,Pre-Pandemia
Poland,POL,2010,Cars,EV,0.0,0.0,0.004800000227988,0.0,0.0,0.0,2010-2014,Pre-Pandemia
Poland,POL,2010,Cars,PHEV,0.0,1.0,0.0,0.0,0.0,0.0,2010-2014,Pre-Pandemia
Poland,POL,2010,Vans,BEV,0.0,3.0,0.0,0.0,0.0,0.0,2010-2014,Pre-Pandemia
Poland,POL,2010,Vans,EV,0.0,0.0,0.007799999788404,0.0,0.0,0.0,2010-2014,Pre-Pandemia
Poland,POL,2011,Cars,BEV,0.0,43.0,0.0,0.0,0.0,0.0,2010-2014,Pre-Pandemia
Poland,POL,2011,Cars,EV,0.0,0.0,0.014000000432134,0.0,0.0,0.0,2010-2014,Pre-Pandemia
Poland,POL,2011,Vans,BEV,0.0,3.0,0.0,0.0,0.0,0.0,2010-2014,Pre-Pandemia
Poland,POL,2011,Vans,EV,0.0,0.0,0.006599999964237,0.0,0.0,0.0,2010-2014,Pre-Pandemia
Poland,POL,2012,Cars,BEV,0.0,44.0,0.0,0.0,0.0,0.0,2010-2014,Pre-Pandemia
Poland,POL,2012,Cars,EV,0.0,0.0,0.017000000923872,0.0,0.0,0.0,2010-2014,Pre-Pandemia
Poland,POL,2012,Cars,PHEV,0.0,4.0,0.0,0.0,0.0,0.0,2010-2014,Pre-Pandemia
Poland,POL,2012,Vans,BEV,0.0,16.0,0.0,0.0,0.0,0.0,2010-2014,Pre-Pandemia
Poland,POL,2012,Vans,EV,0.0,0.0,0.041999999433756,0.0,0.0,0.0,2010-2014,Pre-Pandemia
Poland,POL,2013,Cars,BEV,0.0,31.0,0.0,0.0,0.0,0.0,2010-2014,Pre-Pandemia
Poland,POL,2013,Cars,EV,0.0,0.0,0.013000000268221,0.0,0.0,0.0,2010-2014,Pre-Pandemia
Poland,POL,2013,Cars,PHEV,0.0,6.0,0.0,0.0,0.0,0.0,2010-2014,Pre-Pandemia
Poland,POL,2013,Vans,BEV,0.0,10.0,0.0,0.0,0.0,0.0,2010-2014,Pre-Pandemia
Poland,POL,2013,Vans,EV,0.0,0.0,0.025000000372529,0.0,0.0,0.0,2010-2014,Pre-Pandemia
Poland,POL,2014,Cars,BEV,0.0,140.0,0.0,0.0,0.0,0.0,2010-2014,Pre-Pandemia
Poland,POL,2014,Cars,EV,0.0,0.0,0.061999998986721,0.0,0.0,0.0,2010-2014,Pre-Pandemia
Poland,POL,2014,Cars,PHEV,0.0,61.0,0.0,0.0,0.0,0.0,2010-2014,Pre-Pandemia
Poland,POL,2014,EV,Publicly available fast,4.0,0.0,0.0,0.0,0.0,0.0,2010-2014,Pre-Pandemia
Poland,POL,2014,EV,Publicly available slow,120.0,0.0,0.0,0.0,0.0,0.0,2010-2014,Pre-Pandemia
Poland,POL,2014,Vans,BEV,0.0,8.0,0.0,0.0,0.0,0.0,2010-2014,Pre-Pandemia
Poland,POL,2014,Vans,EV,0.0,0.0,0.01799999922514,0.0,0.0,0.0,2010-2014,Pre-Pandemia
Poland,POL,2015,Buses,EV,0.0,0.0,0.0,0.0,0.023000000044704,0.0,2015-2019,Pre-Pandemia
Poland,POL,2015,Buses,PHEV,0.0,0.0,0.0,14.0,0.0,0.0,2015-2019,Pre-Pandemia
Poland,POL,2015,Cars,BEV,0.0,70.0,0.0,2500.0,0.0,0.0,2015-2019,Pre-Pandemia
Poland,POL,2015,Cars,EV,0.0,0.0,0.061000000685454,0.0,0.012000000104308,0.0,2015-2019,Pre-Pandemia
Poland,POL,2015,Cars,PHEV,0.0,150.0,0.0,0.0,0.0,0.0,2015-2019,Pre-Pandemia
Poland,POL,2015,EV,Publicly available fast,8.0,0.0,0.0,0.0,0.0,0.0,2015-2019,Pre-Pandemia
Poland,POL,2015,EV,Publicly available slow,290.0,0.0,0.0,0.0,0.0,0.0,2015-2019,Pre-Pandemia
Poland,POL,2015,Vans,BEV,0.0,13.0,0.0,18.0,0.0,0.0,2015-2019,Pre-Pandemia
Poland,POL,2015,Vans,EV,0.0,0.0,0.028000000864267,0.0,0.000739999988582,0.0,2015-2019,Pre-Pandemia
Poland,POL,2015,Vans,PHEV,0.0,2.0,0.0,0.0,0.0,0.0,2015-2019,Pre-Pandemia
Poland,POL,2016,Buses,EV,0.0,0.0,0.0,0.0,0.054999999701977,0.0,2015-2019,Pre-Pandemia
Poland,POL,2016,Buses,PHEV,0.0,0.0,0.0,34.0,0.0,0.0,2015-2019,Pre-Pandemia
Poland,POL,2016,Cars,BEV,0.0,110.0,0.0,2600.0,0.0,0.0,2015-2019,Pre-Pandemia
Poland,POL,2016,Cars,EV,0.0,0.0,0.119999997317791,0.0,0.017000000923872,0.0,2015-2019,Pre-Pandemia
Poland,POL,2016,Cars,PHEV,0.0,400.0,0.0,0.0,0.0,0.0,2015-2019,Pre-Pandemia
Poland,POL,2016,EV,Publicly available fast,32.0,0.0,0.0,0.0,0.0,0.0,2015-2019,Pre-Pandemia
Poland,POL,2016,EV,Publicly available slow,290.0,0.0,0.0,0.0,0.0,0.0,2015-2019,Pre-Pandemia
Poland,POL,2016,Vans,BEV,0.0,16.0,0.0,27.0,0.0,0.0,2015-2019,Pre-Pandemia
Poland,POL,2016,Vans,EV,0.0,0.0,0.027000000700355,0.0,0.00109999999404,0.0,2015-2019,Pre-Pandemia
Poland,POL,2017,Buses,BEV,0.0,0.0,0.0,1.0,0.0,0.0,2015-2019,Pre-Pandemia
Poland,POL,2017,Buses,EV,0.0,0.0,0.0,0.0,0.054999999701977,0.0,2015-2019,Pre-Pandemia
Poland,POL,2017,Buses,PHEV,0.0,0.0,0.0,34.0,0.0,0.0,2015-2019,Pre-Pandemia
Poland,POL,2017,Cars,BEV,0.0,440.0,0.0,3100.0,0.0,0.0,2015-2019,Pre-Pandemia
Poland,POL,2017,Cars,EV,0.0,0.0,0.219999998807907,0.0,0.014000000432134,0.0,2015-2019,Pre-Pandemia
Poland,POL,2017,Cars,FCEV,0.0,0.0,0.0,14.0,0.0,0.0,2015-2019,Pre-Pandemia
Poland,POL,2017,Cars,PHEV,0.0,640.0,0.0,0.0,0.0,0.0,2015-2019,Pre-Pandemia
Poland,POL,2017,EV,Publicly available fast,110.0,0.0,0.0,0.0,0.0,0.0,2015-2019,Pre-Pandemia
Poland,POL,2017,EV,Publicly available slow,410.0,0.0,0.0,0.0,0.0,0.0,2015-2019,Pre-Pandemia
Poland,POL,2017,Vans,BEV,0.0,28.0,0.0,34.0,0.0,0.0,2015-2019,Pre-Pandemia
Poland,POL,2017,Vans,EV,0.0,0.0,0.046999998390675,0.0,0.001300000003539,0.0,2015-2019,Pre-Pandemia
Poland,POL,2018,Buses,BEV,0.0,63.0,0.0,63.0,0.0,0.0,2015-2019,Pre-Pandemia
Poland,POL,2018,Buses,EV,0.0,0.0,1.70000004768372,0.0,0.150000005960464,0.0,2015-2019,Pre-Pandemia
Poland,POL,2018,Buses,PHEV,0.0,38.0,0.0,38.0,0.0,0.0,2015-2019,Pre-Pandemia
Poland,POL,2018,Cars,BEV,0.0,620.0,0.0,3700.0,0.0,0.0,2015-2019,Pre-Pandemia
Poland,POL,2018,Cars,EV,0.0,0.0,0.259999990463257,0.0,0.020999999716878,0.0,2015-2019,Pre-Pandemia
Poland,POL,2018,Cars,FCEV,0.0,1.0,0.0,28.0,0.0,0.0,2015-2019,Pre-Pandemia
Poland,POL,2018,Cars,PHEV,0.0,760.0,0.0,0.0,0.0,0.0,2015-2019,Pre-Pandemia
Poland,POL,2018,EV,Publicly available fast,280.0,0.0,0.0,0.0,0.0,0.0,2015-2019,Pre-Pandemia
Poland,POL,2018,EV,Publicly available slow,490.0,0.0,0.0,0.0,0.0,0.0,2015-2019,Pre-Pandemia
Poland,POL,2018,Vans,BEV,0.0,42.0,0.0,120.0,0.0,0.0,2015-2019,Pre-Pandemia
Poland,POL,2018,Vans,EV,0.0,0.0,0.061000000685454,0.0,0.005799999926239,0.0,2015-2019,Pre-Pandemia
Poland,POL,2019,Buses,BEV,0.0,54.0,0.0,230.0,0.0,0.0,2015-2019,Pre-Pandemia
Poland,POL,2019,Buses,EV,0.0,0.0,1.20000004768372,0.0,0.389999985694885,0.0,2015-2019,Pre-Pandemia
Poland,POL,2019,Buses,PHEV,0.0,1.0,0.0,38.0,0.0,0.0,2015-2019,Pre-Pandemia
Poland,POL,2019,Cars,BEV,0.0,1500.0,0.0,4800.0,0.0,0.0,2015-2019,Pre-Pandemia
Poland,POL,2019,Cars,EV,0.0,0.0,0.490000009536743,0.0,0.046999998390675,0.0,2015-2019,Pre-Pandemia
Poland,POL,2019,Cars,FCEV,0.0,0.0,0.0,34.0,0.0,0.0,2015-2019,Pre-Pandemia
Poland,POL,2019,Cars,PHEV,0.0,1200.0,0.0,3800.0,0.0,0.0,2015-2019,Pre-Pandemia
Poland,POL,2019,EV,Publicly available fast,310.0,0.0,0.0,0.0,0.0,0.0,2015-2019,Pre-Pandemia
Poland,POL,2019,EV,Publicly available slow,530.0,0.0,0.0,0.0,0.0,0.0,2015-2019,Pre-Pandemia
Poland,POL,2019,Vans,BEV,0.0,130.0,0.0,490.0,0.0,0.0,2015-2019,Pre-Pandemia
Poland,POL,2019,Vans,EV,0.0,0.0,0.189999997615814,0.0,0.021999999880791,0.0,2015-2019,Pre-Pandemia
Poland,POL,2019,Vans,PHEV,0.0,0.0,0.0,3.0,0.0,0.0,2015-2019,Pre-Pandemia
Poland,POL,2020,Buses,BEV,0.0,200.0,0.0,430.0,0.0,0.0,2020-2023,Pandemia
Poland,POL,2020,Buses,EV,0.0,0.0,40.0,0.0,0.709999978542328,0.0,2020-2023,Pandemia
Poland,POL,2020,Buses,PHEV,0.0,0.0,0.0,38.0,0.0,0.0,2020-2023,Pandemia
Poland,POL,2020,Cars,BEV,0.0,3700.0,0.0,9400.0,0.0,0.0,2020-2023,Pandemia
Poland,POL,2020,Cars,EV,0.0,0.0,1.89999997615814,0.0,0.094999998807907,0.0,2020-2023,Pandemia
Poland,POL,2020,Cars,FCEV,0.0,0.0,0.0,28.0,0.0,0.0,2020-2023,Pandemia
Poland,POL,2020,Cars,PHEV,0.0,4500.0,0.0,8300.0,0.0,0.0,2020-2023,Pandemia
Poland,POL,2020,EV,Publicly available fast,680.0,0.0,0.0,0.0,0.0,0.0,2020-2023,Pandemia
Poland,POL,2020,EV,Publicly available slow,1000.0,0.0,0.0,0.0,0.0,0.0,2020-2023,Pandemia
Poland,POL,2020,Vans,BEV,0.0,220.0,0.0,810.0,0.0,0.0,2020-2023,Pandemia
Poland,POL,2020,Vans,EV,0.0,0.0,0.370000004768372,0.0,0.035999998450279,0.0,2020-2023,Pandemia
Poland,POL,2020,Vans,PHEV,0.0,2.0,0.0,8.0,0.0,0.0,2020-2023,Pandemia
Poland,POL,2021,Buses,BEV,0.0,220.0,0.0,600.0,0.0,0.0,2020-2023,Pandemia
Poland,POL,2021,Buses,EV,0.0,0.0,16.0,0.0,0.959999978542328,0.0,2020-2023,Pandemia
Poland,POL,2021,Buses,PHEV,0.0,1.0,0.0,38.0,0.0,0.0,2020-2023,Pandemia
Poland,POL,2021,Cars,BEV,0.0,7200.0,0.0,18000.0,0.0,0.0,2020-2023,Pandemia
Poland,POL,2021,Cars,EV,0.0,0.0,3.59999990463257,0.0,0.189999997615814,0.0,2020-2023,Pandemia
Poland,POL,2021,Cars,FCEV,0.0,78.0,0.0,91.0,0.0,0.0,2020-2023,Pandemia
Poland,POL,2021,Cars,PHEV,0.0,9100.0,0.0,19000.0,0.0,0.0,2020-2023,Pandemia
Poland,POL,2021,EV,Publicly available fast,1400.0,0.0,0.0,0.0,0.0,0.0,2020-2023,Pandemia
Poland,POL,2021,EV,Publicly available slow,2300.0,0.0,0.0,0.0,0.0,0.0,2020-2023,Pandemia
Poland,POL,2021,Vans,BEV,0.0,840.0,0.0,1500.0,0.0,0.0,2020-2023,Pandemia
Poland,POL,2021,Vans,EV,0.0,0.0,1.10000002384186,0.0,0.063000001013279,0.0,2020-2023,Pandemia
Poland,POL,2021,Vans,PHEV,0.0,1.0,0.0,4.0,0.0,0.0,2020-2023,Pandemia
Poland,POL,2022,Buses,BEV,0.0,180.0,0.0,820.0,0.0,0.0,2020-2023,Post-Pandemia
Poland,POL,2022,Buses,EV,0.0,0.0,16.0,0.0,1.29999995231628,0.0,2020-2023,Post-Pandemia
Poland,POL,2022,Buses,PHEV,0.0,1.0,0.0,38.0,0.0,0.0,2020-2023,Post-Pandemia
Poland,POL,2022,Cars,BEV,0.0,14000.0,0.0,31000.0,0.0,0.0,2020-2023,Post-Pandemia
Poland,POL,2022,Cars,EV,0.0,0.0,6.0,0.0,0.310000002384186,0.0,2020-2023,Post-Pandemia
Poland,POL,2022,Cars,FCEV,0.0,46.0,0.0,130.0,0.0,0.0,2020-2023,Post-Pandemia
Poland,POL,2022,Cars,PHEV,0.0,11000.0,0.0,30000.0,0.0,0.0,2020-2023,Post-Pandemia
Poland,POL,2022,EV,Publicly available fast,1100.0,0.0,0.0,0.0,0.0,0.0,2020-2023,Post-Pandemia
Poland,POL,2022,EV,Publicly available slow,4000.0,0.0,0.0,0.0,0.0,0.0,2020-2023,Post-Pandemia
Poland,POL,2022,Vans,BEV,0.0,1100.0,0.0,3100.0,0.0,0.0,2020-2023,Post-Pandemia
Poland,POL,2022,Vans,EV,0.0,0.0,1.79999995231628,0.0,0.129999995231628,0.0,2020-2023,Post-Pandemia
Poland,POL,2022,Vans,PHEV,0.0,1.0,0.0,5.0,0.0,0.0,2020-2023,Post-Pandemia
Poland,POL,2023,Buses,BEV,0.0,360.0,0.0,1200.0,0.0,0.0,2020-2023,Post-Pandemia
Poland,POL,2023,Buses,EV,0.0,0.0,20.0,0.0,1.79999995231628,0.0,2020-2023,Post-Pandemia
Poland,POL,2023,Buses,FCEV,0.0,34.0,0.0,34.0,0.0,0.0,2020-2023,Post-Pandemia
Poland,POL,2023,Buses,PHEV,0.0,3.0,0.0,44.0,0.0,0.0,2020-2023,Post-Pandemia
Poland,POL,2023,Cars,BEV,0.0,17000.0,0.0,52000.0,0.0,0.0,2020-2023,Post-Pandemia
Poland,POL,2023,Cars,EV,0.0,0.0,6.59999990463257,0.0,0.490000009536743,0.0,2020-2023,Post-Pandemia
Poland,POL,2023,Cars,FCEV,0.0,83.0,0.0,210.0,0.0,0.0,2020-2023,Post-Pandemia
Poland,POL,2023,Cars,PHEV,0.0,13000.0,0.0,47000.0,0.0,0.0,2020-2023,Post-Pandemia
Poland,POL,2023,EV,Publicly available fast,1500.0,0.0,0.0,0.0,0.0,0.0,2020-2023,Post-Pandemia
Poland,POL,2023,EV,Publicly available slow,4400.0,0.0,0.0,0.0,0.0,0.0,2020-2023,Post-Pandemia
Poland,POL,2023,Vans,BEV,0.0,2400.0,0.0,5800.0,0.0,0.0,2020-2023,Post-Pandemia
Poland,POL,2023,Vans,EV,0.0,0.0,3.79999995231628,0.0,0.239999994635582,0.0,2020-2023,Post-Pandemia
Poland,POL,2023,Vans,PHEV,0.0,0.0,0.0,6.0,0.0,0.0,2020-2023,Post-Pandemia
Portugal,PRT,2010,Cars,BEV,0.0,13.0,0.0,720.0,0.0,0.0,2010-2014,Pre-Pandemia
Portugal,PRT,2010,Cars,EV,0.0,0.0,0.005799999926239,0.0,0.014999999664724,0.0,2010-2014,Pre-Pandemia
Portugal,PRT,2011,Cars,BEV,0.0,170.0,0.0,910.0,0.0,0.0,2010-2014,Pre-Pandemia
Portugal,PRT,2011,Cars,EV,0.0,0.0,0.109999999403954,0.0,0.018999999389052,0.0,2010-2014,Pre-Pandemia
Portugal,PRT,2011,Cars,PHEV,0.0,2.0,0.0,0.0,0.0,0.0,2010-2014,Pre-Pandemia
Portugal,PRT,2011,EV,Publicly available fast,6.0,0.0,0.0,0.0,0.0,0.0,2010-2014,Pre-Pandemia
Portugal,PRT,2011,EV,Publicly available slow,1100.0,0.0,0.0,0.0,0.0,0.0,2010-2014,Pre-Pandemia
Portugal,PRT,2012,Cars,BEV,0.0,54.0,0.0,960.0,0.0,0.0,2010-2014,Pre-Pandemia
Portugal,PRT,2012,Cars,EV,0.0,0.0,0.087999999523163,0.0,0.023000000044704,0.0,2010-2014,Pre-Pandemia
Portugal,PRT,2012,Cars,PHEV,0.0,30.0,0.0,0.0,0.0,0.0,2010-2014,Pre-Pandemia
Portugal,PRT,2012,EV,Publicly available fast,7.0,0.0,0.0,0.0,0.0,0.0,2010-2014,Pre-Pandemia
Portugal,PRT,2012,EV,Publicly available slow,1100.0,0.0,0.0,0.0,0.0,0.0,2010-2014,Pre-Pandemia
Portugal,PRT,2013,Cars,BEV,0.0,150.0,0.0,1100.0,0.0,0.0,2010-2014,Pre-Pandemia
Portugal,PRT,2013,Cars,EV,0.0,0.0,0.170000001788139,0.0,0.027000000700355,0.0,2010-2014,Pre-Pandemia
Portugal,PRT,2013,Cars,PHEV,0.0,35.0,0.0,37.0,0.0,0.0,2010-2014,Pre-Pandemia
Portugal,PRT,2013,EV,Publicly available fast,17.0,0.0,0.0,0.0,0.0,0.0,2010-2014,Pre-Pandemia
Portugal,PRT,2013,EV,Publicly available slow,1200.0,0.0,0.0,0.0,0.0,0.0,2010-2014,Pre-Pandemia
Portugal,PRT,2013,Vans,BEV,0.0,27.0,0.0,0.0,0.0,0.0,2010-2014,Pre-Pandemia
Portugal,PRT,2013,Vans,EV,0.0,0.0,0.150000005960464,0.0,0.0,0.0,2010-2014,Pre-Pandemia
Portugal,PRT,2014,Buses,EV,0.0,0.0,0.839999973773956,0.0,0.0,0.0,2010-2014,Pre-Pandemia
Portugal,PRT,2014,Buses,PHEV,0.0,2.0,0.0,0.0,0.0,0.0,2010-2014,Pre-Pandemia
Portugal,PRT,2014,Cars,BEV,0.0,190.0,0.0,1300.0,0.0,0.0,2010-2014,Pre-Pandemia
Portugal,PRT,2014,Cars,EV,0.0,0.0,0.200000002980232,0.0,0.028999999165535,0.0,2010-2014,Pre-Pandemia
Portugal,PRT,2014,Cars,PHEV,0.0,98.0,0.0,46.0,0.0,0.0,2010-2014,Pre-Pandemia
Portugal,PRT,2014,EV,Publicly available fast,17.0,0.0,0.0,0.0,0.0,0.0,2010-2014,Pre-Pandemia
Portugal,PRT,2014,EV,Publicly available slow,1200.0,0.0,0.0,0.0,0.0,0.0,2010-2014,Pre-Pandemia
Portugal,PRT,2014,Vans,BEV,0.0,26.0,0.0,0.0,0.0,0.0,2010-2014,Pre-Pandemia
Portugal,PRT,2014,Vans,EV,0.0,0.0,0.100000001490116,0.0,0.0,0.0,2010-2014,Pre-Pandemia
Portugal,PRT,2015,Cars,BEV,0.0,670.0,0.0,2000.0,0.0,0.0,2015-2019,Pre-Pandemia
Portugal,PRT,2015,Cars,EV,0.0,0.0,0.620000004768372,0.0,0.052999999374151,0.0,2015-2019,Pre-Pandemia
Portugal,PRT,2015,Cars,PHEV,0.0,430.0,0.0,530.0,0.0,0.0,2015-2019,Pre-Pandemia
Portugal,PRT,2015,EV,Publicly available fast,22.0,0.0,0.0,0.0,0.0,0.0,2015-2019,Pre-Pandemia
Portugal,PRT,2015,EV,Publicly available slow,1200.0,0.0,0.0,0.0,0.0,0.0,2015-2019,Pre-Pandemia
Portugal,PRT,2016,Cars,BEV,0.0,800.0,0.0,2800.0,0.0,0.0,2015-2019,Pre-Pandemia
Portugal,PRT,2016,Cars,EV,0.0,0.0,0.870000004768372,0.0,0.093000002205372,0.0,2015-2019,Pre-Pandemia
Portugal,PRT,2016,Cars,PHEV,0.0,1000.0,0.0,1600.0,0.0,0.0,2015-2019,Pre-Pandemia
Portugal,PRT,2016,EV,Publicly available fast,41.0,0.0,0.0,0.0,0.0,0.0,2015-2019,Pre-Pandemia
Portugal,PRT,2016,EV,Publicly available slow,1300.0,0.0,0.0,0.0,0.0,0.0,2015-2019,Pre-Pandemia
Portugal,PRT,2017,Buses,BEV,0.0,0.0,0.0,23.0,0.0,0.0,2015-2019,Pre-Pandemia
Portugal,PRT,2017,Buses,EV,0.0,0.0,0.519999980926514,0.0,0.159999996423721,0.0,2015-2019,Pre-Pandemia
Portugal,PRT,2017,Buses,PHEV,0.0,2.0,0.0,0.0,0.0,0.0,2015-2019,Pre-Pandemia
Portugal,PRT,2017,Cars,BEV,0.0,1900.0,0.0,4700.0,0.0,0.0,2015-2019,Pre-Pandemia
Portugal,PRT,2017,Cars,EV,0.0,0.0,2.0,0.0,0.189999997615814,0.0,2015-2019,Pre-Pandemia
Portugal,PRT,2017,Cars,PHEV,0.0,2500.0,0.0,4100.0,0.0,0.0,2015-2019,Pre-Pandemia
Portugal,PRT,2017,EV,Publicly available fast,150.0,0.0,0.0,0.0,0.0,0.0,2015-2019,Pre-Pandemia
Portugal,PRT,2017,EV,Publicly available slow,1500.0,0.0,0.0,0.0,0.0,0.0,2015-2019,Pre-Pandemia
Portugal,PRT,2017,Vans,BEV,0.0,200.0,0.0,76.0,0.0,0.0,2015-2019,Pre-Pandemia
Portugal,PRT,2017,Vans,EV,0.0,0.0,0.560000002384186,0.0,0.006899999920279,0.0,2015-2019,Pre-Pandemia
Portugal,PRT,2018,Buses,BEV,0.0,10.0,0.0,33.0,0.0,0.0,2015-2019,Pre-Pandemia
Portugal,PRT,2018,Buses,EV,0.0,0.0,1.89999997615814,0.0,0.230000004172325,0.0,2015-2019,Pre-Pandemia
Portugal,PRT,2018,Cars,BEV,0.0,4300.0,0.0,8700.0,0.0,0.0,2015-2019,Pre-Pandemia
Portugal,PRT,2018,Cars,EV,0.0,0.0,3.59999990463257,0.0,0.360000014305115,0.0,2015-2019,Pre-Pandemia
Portugal,PRT,2018,Cars,PHEV,0.0,3900.0,0.0,8000.0,0.0,0.0,2015-2019,Pre-Pandemia
Portugal,PRT,2018,EV,Publicly available fast,180.0,0.0,0.0,0.0,0.0,0.0,2015-2019,Pre-Pandemia
Portugal,PRT,2018,EV,Publicly available slow,1600.0,0.0,0.0,0.0,0.0,0.0,2015-2019,Pre-Pandemia
Portugal,PRT,2018,Vans,BEV,0.0,260.0,0.0,330.0,0.0,0.0,2015-2019,Pre-Pandemia
Portugal,PRT,2018,Vans,EV,0.0,0.0,0.670000016689301,0.0,0.028999999165535,0.0,2015-2019,Pre-Pandemia
Portugal,PRT,2019,Buses,BEV,0.0,17.0,0.0,50.0,0.0,0.0,2015-2019,Pre-Pandemia
Portugal,PRT,2019,Buses,EV,0.0,0.0,4.90000009536743,0.0,0.409999996423721,0.0,2015-2019,Pre-Pandemia
Portugal,PRT,2019,Buses,PHEV,0.0,10.0,0.0,10.0,0.0,0.0,2015-2019,Pre-Pandemia
Portugal,PRT,2019,Cars,BEV,0.0,6800.0,0.0,16000.0,0.0,0.0,2015-2019,Pre-Pandemia
Portugal,PRT,2019,Cars,EV,0.0,0.0,5.59999990463257,0.0,0.620000004768372,0.0,2015-2019,Pre-Pandemia
Portugal,PRT,2019,Cars,PHEV,0.0,5800.0,0.0,14000.0,0.0,0.0,2015-2019,Pre-Pandemia
Portugal,PRT,2019,EV,Publicly available fast,360.0,0.0,0.0,0.0,0.0,0.0,2015-2019,Pre-Pandemia
Portugal,PRT,2019,EV,Publicly available slow,1600.0,0.0,0.0,0.0,0.0,0.0,2015-2019,Pre-Pandemia
Portugal,PRT,2019,Vans,BEV,0.0,230.0,0.0,540.0,0.0,0.0,2015-2019,Pre-Pandemia
Portugal,PRT,2019,Vans,EV,0.0,0.0,0.620000004768372,0.0,0.048000000417233,0.0,2015-2019,Pre-Pandemia
Portugal,PRT,2020,Buses,BEV,0.0,10.0,0.0,60.0,0.0,0.0,2020-2023,Pandemia
Portugal,PRT,2020,Buses,EV,0.0,0.0,2.20000004768372,0.0,0.490000009536743,0.0,2020-2023,Pandemia
Portugal,PRT,2020,Buses,PHEV,0.0,0.0,0.0,10.0,0.0,0.0,2020-2023,Pandemia
Portugal,PRT,2020,Cars,BEV,0.0,7800.0,0.0,23000.0,0.0,0.0,2020-2023,Pandemia
Portugal,PRT,2020,Cars,EV,0.0,0.0,13.0,0.0,1.10000002384186,0.0,2020-2023,Pandemia
Portugal,PRT,2020,Cars,PHEV,0.0,12000.0,0.0,26000.0,0.0,0.0,2020-2023,Pandemia
Portugal,PRT,2020,EV,Publicly available fast,650.0,0.0,0.0,0.0,0.0,0.0,2020-2023,Pandemia
Portugal,PRT,2020,EV,Publicly available slow,2200.0,0.0,0.0,0.0,0.0,0.0,2020-2023,Pandemia
Portugal,PRT,2020,Vans,BEV,0.0,270.0,0.0,1900.0,0.0,0.0,2020-2023,Pandemia
Portugal,PRT,2020,Vans,EV,0.0,0.0,0.990000009536743,0.0,0.170000001788139,0.0,2020-2023,Pandemia
Portugal,PRT,2021,Buses,BEV,0.0,44.0,0.0,100.0,0.0,0.0,2020-2023,Pandemia
Portugal,PRT,2021,Buses,EV,0.0,0.0,7.40000009536743,0.0,0.810000002384186,0.0,2020-2023,Pandemia
Portugal,PRT,2021,Buses,FCEV,0.0,0.0,0.0,2.0,0.0,0.0,2020-2023,Pandemia
Portugal,PRT,2021,Buses,PHEV,0.0,2.0,0.0,12.0,0.0,0.0,2020-2023,Pandemia
Portugal,PRT,2021,Cars,BEV,0.0,13000.0,0.0,37000.0,0.0,0.0,2020-2023,Pandemia
Portugal,PRT,2021,Cars,EV,0.0,0.0,20.0,0.0,1.70000004768372,0.0,2020-2023,Pandemia
Portugal,PRT,2021,Cars,FCEV,0.0,1.0,0.0,3.0,0.0,0.0,2020-2023,Pandemia
Portugal,PRT,2021,Cars,PHEV,0.0,16000.0,0.0,41000.0,0.0,0.0,2020-2023,Pandemia
Portugal,PRT,2021,EV,Publicly available fast,1400.0,0.0,0.0,0.0,0.0,0.0,2020-2023,Pandemia
Portugal,PRT,2021,EV,Publicly available slow,2800.0,0.0,0.0,0.0,0.0,0.0,2020-2023,Pandemia
Portugal,PRT,2021,Vans,BEV,0.0,360.0,0.0,2300.0,0.0,0.0,2020-2023,Pandemia
Portugal,PRT,2021,Vans,EV,0.0,0.0,1.29999995231628,0.0,0.200000002980232,0.0,2020-2023,Pandemia
Portugal,PRT,2021,Vans,PHEV,0.0,7.0,0.0,7.0,0.0,0.0,2020-2023,Pandemia
Portugal,PRT,2022,Buses,BEV,0.0,76.0,0.0,250.0,0.0,0.0,2020-2023,Post-Pandemia
Portugal,PRT,2022,Buses,EV,0.0,0.0,5.30000019073486,0.0,1.70000004768372,0.0,2020-2023,Post-Pandemia
Portugal,PRT,2022,Buses,FCEV,0.0,0.0,0.0,3.0,0.0,0.0,2020-2023,Post-Pandemia
Portugal,PRT,2022,Buses,PHEV,0.0,0.0,0.0,12.0,0.0,0.0,2020-2023,Post-Pandemia
Portugal,PRT,2022,Cars,BEV,0.0,18000.0,0.0,54000.0,0.0,0.0,2020-2023,Post-Pandemia
Portugal,PRT,2022,Cars,EV,0.0,0.0,22.0,0.0,2.5,0.0,2020-2023,Post-Pandemia
Portugal,PRT,2022,Cars,FCEV,0.0,0.0,0.0,3.0,0.0,0.0,2020-2023,Post-Pandemia
Portugal,PRT,2022,Cars,PHEV,0.0,16000.0,0.0,57000.0,0.0,0.0,2020-2023,Post-Pandemia
Portugal,PRT,2022,EV,Publicly available fast,1600.0,0.0,0.0,0.0,0.0,0.0,2020-2023,Post-Pandemia
Portugal,PRT,2022,EV,Publicly available slow,4000.0,0.0,0.0,0.0,0.0,0.0,2020-2023,Post-Pandemia
Portugal,PRT,2022,Vans,BEV,0.0,1000.0,0.0,3300.0,0.0,0.0,2020-2023,Post-Pandemia
Portugal,PRT,2022,Vans,EV,0.0,0.0,4.30000019073486,0.0,0.300000011920929,0.0,2020-2023,Post-Pandemia
Portugal,PRT,2022,Vans,PHEV,0.0,2.0,0.0,9.0,0.0,0.0,2020-2023,Post-Pandemia
Portugal,PRT,2023,Buses,BEV,0.0,360.0,0.0,570.0,0.0,0.0,2020-2023,Post-Pandemia
Portugal,PRT,2023,Buses,EV,0.0,0.0,36.0,0.0,3.59999990463257,0.0,2020-2023,Post-Pandemia
Portugal,PRT,2023,Buses,FCEV,0.0,1.0,0.0,1.0,0.0,0.0,2020-2023,Post-Pandemia
Portugal,PRT,2023,Buses,PHEV,0.0,0.0,0.0,16.0,0.0,0.0,2020-2023,Post-Pandemia
Portugal,PRT,2023,Cars,BEV,0.0,36000.0,0.0,91000.0,0.0,0.0,2020-2023,Post-Pandemia
Portugal,PRT,2023,Cars,EV,0.0,0.0,32.0,0.0,3.90000009536743,0.0,2020-2023,Post-Pandemia
Portugal,PRT,2023,Cars,FCEV,0.0,2.0,0.0,3.0,0.0,0.0,2020-2023,Post-Pandemia
Portugal,PRT,2023,Cars,PHEV,0.0,27000.0,0.0,84000.0,0.0,0.0,2020-2023,Post-Pandemia
Portugal,PRT,2023,EV,Publicly available fast,3800.0,0.0,0.0,0.0,0.0,0.0,2020-2023,Post-Pandemia
Portugal,PRT,2023,EV,Publicly available slow,5600.0,0.0,0.0,0.0,0.0,0.0,2020-2023,Post-Pandemia
Portugal,PRT,2023,Vans,BEV,0.0,2500.0,0.0,4800.0,0.0,0.0,2020-2023,Post-Pandemia
Portugal,PRT,2023,Vans,EV,0.0,0.0,8.60000038146973,0.0,0.469999998807907,0.0,2020-2023,Post-Pandemia
Portugal,PRT,2023,Vans,PHEV,0.0,0.0,0.0,9.0,0.0,0.0,2020-2023,Post-Pandemia
Romania,ROU,2015,Cars,BEV,0.0,24.0,0.0,0.0,0.0,0.0,2015-2019,Pre-Pandemia
Romania,ROU,2015,Cars,EV,0.0,0.0,0.029999999329448,0.0,0.0,0.0,2015-2019,Pre-Pandemia
Romania,ROU,2016,Cars,BEV,0.0,74.0,0.0,0.0,0.0,0.0,2015-2019,Pre-Pandemia
Romania,ROU,2016,Cars,EV,0.0,0.0,0.079999998211861,0.0,0.0,0.0,2015-2019,Pre-Pandemia
Romania,ROU,2017,Cars,BEV,0.0,190.0,0.0,0.0,0.0,0.0,2015-2019,Pre-Pandemia
Romania,ROU,2017,Cars,EV,0.0,0.0,0.180000007152557,0.0,0.0,0.0,2015-2019,Pre-Pandemia
Romania,ROU,2018,Cars,BEV,0.0,600.0,0.0,0.0,0.0,0.0,2015-2019,Pre-Pandemia
Romania,ROU,2018,Cars,EV,0.0,0.0,0.46000000834465,0.0,0.0,0.0,2015-2019,Pre-Pandemia
Romania,ROU,2019,Cars,BEV,0.0,1500.0,0.0,0.0,0.0,0.0,2015-2019,Pre-Pandemia
Romania,ROU,2019,Cars,EV,0.0,0.0,0.930000007152557,0.0,0.0,0.0,2015-2019,Pre-Pandemia
Romania,ROU,2020,Cars,BEV,0.0,2800.0,0.0,0.0,0.0,0.0,2020-2023,Pandemia
Romania,ROU,2020,Cars,EV,0.0,0.0,3.09999990463257,0.0,0.0,0.0,2020-2023,Pandemia
Romania,ROU,2020,Cars,PHEV,0.0,1000.0,0.0,0.0,0.0,0.0,2020-2023,Pandemia
Romania,ROU,2021,Cars,BEV,0.0,6300.0,0.0,0.0,0.0,0.0,2020-2023,Pandemia
Romania,ROU,2021,Cars,EV,0.0,0.0,5.19999980926514,0.0,0.0,0.0,2020-2023,Pandemia
Romania,ROU,2022,Cars,BEV,0.0,12000.0,0.0,0.0,0.0,0.0,2020-2023,Post-Pandemia
Romania,ROU,2022,Cars,EV,0.0,0.0,9.0,0.0,0.0,0.0,2020-2023,Post-Pandemia
Romania,ROU,2023,Cars,BEV,0.0,15000.0,0.0,0.0,0.0,0.0,2020-2023,Post-Pandemia
Romania,ROU,2023,Cars,EV,0.0,0.0,11.0,0.0,0.0,0.0,2020-2023,Post-Pandemia
Seychelles,SYC,2015,Cars,BEV,0.0,3.0,0.0,0.0,0.0,0.0,2015-2019,Pre-Pandemia
Seychelles,SYC,2015,Cars,EV,0.0,0.0,0.150000005960464,0.0,0.0,0.0,2015-2019,Pre-Pandemia
Seychelles,SYC,2016,Cars,BEV,0.0,12.0,0.0,0.0,0.0,0.0,2015-2019,Pre-Pandemia
Seychelles,SYC,2016,Cars,EV,0.0,0.0,0.629999995231628,0.0,0.0,0.0,2015-2019,Pre-Pandemia
Seychelles,SYC,2017,Cars,BEV,0.0,30.0,0.0,0.0,0.0,0.0,2015-2019,Pre-Pandemia
Seychelles,SYC,2017,Cars,EV,0.0,0.0,2.0,0.0,0.0,0.0,2015-2019,Pre-Pandemia
Seychelles,SYC,2018,Cars,BEV,0.0,32.0,0.0,0.0,0.0,0.0,2015-2019,Pre-Pandemia
Seychelles,SYC,2018,Cars,EV,0.0,0.0,2.29999995231628,0.0,0.0,0.0,2015-2019,Pre-Pandemia
Seychelles,SYC,2019,Cars,BEV,0.0,37.0,0.0,0.0,0.0,0.0,2015-2019,Pre-Pandemia
Seychelles,SYC,2019,Cars,EV,0.0,0.0,2.59999990463257,0.0,0.0,0.0,2015-2019,Pre-Pandemia
Seychelles,SYC,2020,Cars,BEV,0.0,26.0,0.0,0.0,0.0,0.0,2020-2023,Pandemia
Seychelles,SYC,2020,Cars,EV,0.0,0.0,3.29999995231628,0.0,0.0,0.0,2020-2023,Pandemia
Seychelles,SYC,2021,Cars,BEV,0.0,61.0,0.0,0.0,0.0,0.0,2020-2023,Pandemia
Seychelles,SYC,2021,Cars,EV,0.0,0.0,4.19999980926514,0.0,0.0,0.0,2020-2023,Pandemia
Seychelles,SYC,2022,Cars,BEV,0.0,37.0,0.0,0.0,0.0,0.0,2020-2023,Post-Pandemia
Seychelles,SYC,2022,Cars,EV,0.0,0.0,1.70000004768372,0.0,0.0,0.0,2020-2023,Post-Pandemia
Seychelles,SYC,2023,Cars,BEV,0.0,100.0,0.0,0.0,0.0,0.0,2020-2023,Post-Pandemia
Seychelles,SYC,2023,Cars,EV,0.0,0.0,5.0,0.0,0.0,0.0,2020-2023,Post-Pandemia
Slovakia,SVK,2015,Cars,BEV,0.0,52.0,0.0,0.0,0.0,0.0,2015-2019,Pre-Pandemia
Slovakia,SVK,2015,Cars,EV,0.0,0.0,0.070000000298023,0.0,0.0,0.0,2015-2019,Pre-Pandemia
Slovakia,SVK,2016,Cars,BEV,0.0,59.0,0.0,0.0,0.0,0.0,2015-2019,Pre-Pandemia
Slovakia,SVK,2016,Cars,EV,0.0,0.0,0.070000000298023,0.0,0.0,0.0,2015-2019,Pre-Pandemia
Slovakia,SVK,2017,Cars,BEV,0.0,210.0,0.0,0.0,0.0,0.0,2015-2019,Pre-Pandemia
Slovakia,SVK,2017,Cars,EV,0.0,0.0,0.219999998807907,0.0,0.0,0.0,2015-2019,Pre-Pandemia
Slovakia,SVK,2018,Cars,BEV,0.0,290.0,0.0,0.0,0.0,0.0,2015-2019,Pre-Pandemia
Slovakia,SVK,2018,Cars,EV,0.0,0.0,0.300000011920929,0.0,0.0,0.0,2015-2019,Pre-Pandemia
Slovakia,SVK,2019,Cars,BEV,0.0,160.0,0.0,0.0,0.0,0.0,2015-2019,Pre-Pandemia
Slovakia,SVK,2019,Cars,EV,0.0,0.0,0.360000014305115,0.0,0.0,0.0,2015-2019,Pre-Pandemia
Slovakia,SVK,2019,Cars,PHEV,0.0,200.0,0.0,0.0,0.0,0.0,2015-2019,Pre-Pandemia
Slovakia,SVK,2020,Cars,BEV,0.0,920.0,0.0,0.0,0.0,0.0,2020-2023,Pandemia
Slovakia,SVK,2020,Cars,EV,0.0,0.0,2.29999995231628,0.0,0.0,0.0,2020-2023,Pandemia
Slovakia,SVK,2020,Cars,PHEV,0.0,860.0,0.0,0.0,0.0,0.0,2020-2023,Pandemia
Slovakia,SVK,2021,Cars,BEV,0.0,1100.0,0.0,0.0,0.0,0.0,2020-2023,Pandemia
Slovakia,SVK,2021,Cars,EV,0.0,0.0,3.0,0.0,0.0,0.0,2020-2023,Pandemia
Slovakia,SVK,2021,Cars,PHEV,0.0,1200.0,0.0,0.0,0.0,0.0,2020-2023,Pandemia
Slovakia,SVK,2022,Cars,BEV,0.0,1400.0,0.0,0.0,0.0,0.0,2020-2023,Post-Pandemia
Slovakia,SVK,2022,Cars,EV,0.0,0.0,3.70000004768372,0.0,0.0,0.0,2020-2023,Post-Pandemia
Slovakia,SVK,2022,Cars,PHEV,0.0,1600.0,0.0,0.0,0.0,0.0,2020-2023,Post-Pandemia
Slovakia,SVK,2023,Cars,BEV,0.0,2300.0,0.0,0.0,0.0,0.0,2020-2023,Post-Pandemia
Slovakia,SVK,2023,Cars,EV,0.0,0.0,6.09999990463257,0.0,0.0,0.0,2020-2023,Post-Pandemia
Slovakia,SVK,2023,Cars,PHEV,0.0,3000.0,0.0,0.0,0.0,0.0,2020-2023,Post-Pandemia
Slovenia,SVN,2016,Cars,BEV,0.0,140.0,0.0,0.0,0.0,0.0,2015-2019,Pre-Pandemia
Slovenia,SVN,2016,Cars,EV,0.0,0.0,0.319999992847443,0.0,0.0,0.0,2015-2019,Pre-Pandemia
Slovenia,SVN,2016,Cars,PHEV,0.0,46.0,0.0,0.0,0.0,0.0,2015-2019,Pre-Pandemia
Slovenia,SVN,2017,Cars,BEV,0.0,290.0,0.0,0.0,0.0,0.0,2015-2019,Pre-Pandemia
Slovenia,SVN,2017,Cars,EV,0.0,0.0,0.639999985694885,0.0,0.0,0.0,2015-2019,Pre-Pandemia
Slovenia,SVN,2017,Cars,PHEV,0.0,170.0,0.0,0.0,0.0,0.0,2015-2019,Pre-Pandemia
Slovenia,SVN,2018,Cars,BEV,0.0,470.0,0.0,0.0,0.0,0.0,2015-2019,Pre-Pandemia
Slovenia,SVN,2018,Cars,EV,0.0,0.0,0.910000026226044,0.0,0.0,0.0,2015-2019,Pre-Pandemia
Slovenia,SVN,2018,Cars,PHEV,0.0,190.0,0.0,0.0,0.0,0.0,2015-2019,Pre-Pandemia
Slovenia,SVN,2019,Cars,BEV,0.0,190.0,0.0,0.0,0.0,0.0,2015-2019,Pre-Pandemia
Slovenia,SVN,2019,Cars,EV,0.0,0.0,0.28999999165535,0.0,0.0,0.0,2015-2019,Pre-Pandemia
Slovenia,SVN,2019,Cars,PHEV,0.0,28.0,0.0,0.0,0.0,0.0,2015-2019,Pre-Pandemia
Slovenia,SVN,2020,Cars,BEV,0.0,1600.0,0.0,0.0,0.0,0.0,2020-2023,Pandemia
Slovenia,SVN,2020,Cars,EV,0.0,0.0,3.09999990463257,0.0,0.0,0.0,2020-2023,Pandemia
Slovenia,SVN,2020,Cars,PHEV,0.0,39.0,0.0,0.0,0.0,0.0,2020-2023,Pandemia
Slovenia,SVN,2021,Cars,BEV,0.0,1700.0,0.0,0.0,0.0,0.0,2020-2023,Pandemia
Slovenia,SVN,2021,Cars,EV,0.0,0.0,3.79999995231628,0.0,0.0,0.0,2020-2023,Pandemia
Slovenia,SVN,2021,Cars,PHEV,0.0,310.0,0.0,0.0,0.0,0.0,2020-2023,Pandemia
Slovenia,SVN,2022,Cars,BEV,0.0,2300.0,0.0,0.0,0.0,0.0,2020-2023,Post-Pandemia
Slovenia,SVN,2022,Cars,EV,0.0,0.0,6.19999980926514,0.0,0.0,0.0,2020-2023,Post-Pandemia
Slovenia,SVN,2022,Cars,PHEV,0.0,590.0,0.0,0.0,0.0,0.0,2020-2023,Post-Pandemia
Slovenia,SVN,2023,Cars,BEV,0.0,4300.0,0.0,0.0,0.0,0.0,2020-2023,Post-Pandemia
Slovenia,SVN,2023,Cars,EV,0.0,0.0,11.0,0.0,0.0,0.0,2020-2023,Post-Pandemia
Slovenia,SVN,2023,Cars,PHEV,0.0,1000.0,0.0,0.0,0.0,0.0,2020-2023,Post-Pandemia
South Africa,ZAF,2013,Cars,BEV,0.0,34.0,0.0,34.0,0.0,0.0,2010-2014,Pre-Pandemia
South Africa,ZAF,2013,Cars,EV,0.0,0.0,0.007499999832362,0.0,0.000520000001416,0.0,2010-2014,Pre-Pandemia
South Africa,ZAF,2014,Cars,BEV,0.0,14.0,0.0,48.0,0.0,0.0,2010-2014,Pre-Pandemia
South Africa,ZAF,2014,Cars,EV,0.0,0.0,0.003400000045076,0.0,0.000720000010915,0.0,2010-2014,Pre-Pandemia
South Africa,ZAF,2014,Cars,PHEV,0.0,1.0,0.0,1.0,0.0,0.0,2010-2014,Pre-Pandemia
South Africa,ZAF,2015,Cars,BEV,0.0,120.0,0.0,160.0,0.0,0.0,2015-2019,Pre-Pandemia
South Africa,ZAF,2015,Cars,EV,0.0,0.0,0.05799999833107,0.0,0.004100000020117,0.0,2015-2019,Pre-Pandemia
South Africa,ZAF,2015,Cars,PHEV,0.0,120.0,0.0,120.0,0.0,0.0,2015-2019,Pre-Pandemia
South Africa,ZAF,2016,Cars,BEV,0.0,100.0,0.0,260.0,0.0,0.0,2015-2019,Pre-Pandemia
South Africa,ZAF,2016,Cars,EV,0.0,0.0,0.100000001490116,0.0,0.009300000034273,0.0,2015-2019,Pre-Pandemia
South Africa,ZAF,2016,Cars,PHEV,0.0,280.0,0.0,400.0,0.0,0.0,2015-2019,Pre-Pandemia
South Africa,ZAF,2017,Cars,BEV,0.0,68.0,0.0,330.0,0.0,0.0,2015-2019,Pre-Pandemia
South Africa,ZAF,2017,Cars,EV,0.0,0.0,0.052999999374151,0.0,0.012000000104308,0.0,2015-2019,Pre-Pandemia
South Africa,ZAF,2017,Cars,PHEV,0.0,130.0,0.0,530.0,0.0,0.0,2015-2019,Pre-Pandemia
South Africa,ZAF,2017,EV,Publicly available fast,37.0,0.0,0.0,0.0,0.0,0.0,2015-2019,Pre-Pandemia
South Africa,ZAF,2017,EV,Publicly available slow,87.0,0.0,0.0,0.0,0.0,0.0,2015-2019,Pre-Pandemia
South Africa,ZAF,2018,Cars,BEV,0.0,66.0,0.0,400.0,0.0,0.0,2015-2019,Pre-Pandemia
South Africa,ZAF,2018,Cars,EV,0.0,0.0,0.041000001132488,0.0,0.014000000432134,0.0,2015-2019,Pre-Pandemia
South Africa,ZAF,2018,Cars,PHEV,0.0,82.0,0.0,610.0,0.0,0.0,2015-2019,Pre-Pandemia
South Africa,ZAF,2018,EV,Publicly available fast,81.0,0.0,0.0,0.0,0.0,0.0,2015-2019,Pre-Pandemia
South Africa,ZAF,2018,EV,Publicly available slow,160.0,0.0,0.0,0.0,0.0,0.0,2015-2019,Pre-Pandemia
South Africa,ZAF,2019,Cars,BEV,0.0,160.0,0.0,560.0,0.0,0.0,2015-2019,Pre-Pandemia
South Africa,ZAF,2019,Cars,EV,0.0,0.0,0.064000003039837,0.0,0.016000000759959,0.0,2015-2019,Pre-Pandemia
South Africa,ZAF,2019,Cars,PHEV,0.0,72.0,0.0,680.0,0.0,0.0,2015-2019,Pre-Pandemia
South Africa,ZAF,2019,EV,Publicly available fast,130.0,0.0,0.0,0.0,0.0,0.0,2015-2019,Pre-Pandemia
South Africa,ZAF,2019,EV,Publicly available slow,110.0,0.0,0.0,0.0,0.0,0.0,2015-2019,Pre-Pandemia
South Africa,ZAF,2020,Cars,BEV,0.0,92.0,0.0,640.0,0.0,0.0,2020-2023,Pandemia
South Africa,ZAF,2020,Cars,EV,0.0,0.0,0.097999997437,0.0,0.018999999389052,0.0,2020-2023,Pandemia
South Africa,ZAF,2020,Cars,PHEV,0.0,150.0,0.0,830.0,0.0,0.0,2020-2023,Pandemia
South Africa,ZAF,2020,EV,Publicly available fast,160.0,0.0,0.0,0.0,0.0,0.0,2020-2023,Pandemia
South Africa,ZAF,2020,EV,Publicly available slow,140.0,0.0,0.0,0.0,0.0,0.0,2020-2023,Pandemia
South Africa,ZAF,2021,Cars,BEV,0.0,220.0,0.0,860.0,0.0,0.0,2020-2023,Pandemia
South Africa,ZAF,2021,Cars,EV,0.0,0.0,0.087999999523163,0.0,0.023000000044704,0.0,2020-2023,Pandemia
South Africa,ZAF,2021,Cars,FCEV,0.0,1.0,0.0,1.0,0.0,0.0,2020-2023,Pandemia
South Africa,ZAF,2021,Cars,PHEV,0.0,51.0,0.0,880.0,0.0,0.0,2020-2023,Pandemia
South Africa,ZAF,2021,EV,Publicly available fast,160.0,0.0,0.0,0.0,0.0,0.0,2020-2023,Pandemia
South Africa,ZAF,2021,EV,Publicly available slow,140.0,0.0,0.0,0.0,0.0,0.0,2020-2023,Pandemia
South Africa,ZAF,2022,Cars,BEV,0.0,500.0,0.0,1400.0,0.0,0.0,2020-2023,Post-Pandemia
South Africa,ZAF,2022,Cars,EV,0.0,0.0,0.170000001788139,0.0,0.028000000864267,0.0,2020-2023,Post-Pandemia
South Africa,ZAF,2022,Cars,FCEV,0.0,2.0,0.0,3.0,0.0,0.0,2020-2023,Post-Pandemia
South Africa,ZAF,2022,Cars,PHEV,0.0,120.0,0.0,820.0,0.0,0.0,2020-2023,Post-Pandemia
South Africa,ZAF,2022,EV,Publicly available fast,160.0,0.0,0.0,0.0,0.0,0.0,2020-2023,Post-Pandemia
South Africa,ZAF,2022,EV,Publicly available slow,140.0,0.0,0.0,0.0,0.0,0.0,2020-2023,Post-Pandemia
South Africa,ZAF,2023,Cars,BEV,0.0,810.0,0.0,2200.0,0.0,0.0,2020-2023,Post-Pandemia
South Africa,ZAF,2023,Cars,EV,0.0,0.0,0.28999999165535,0.0,0.043999999761582,0.0,2020-2023,Post-Pandemia
South Africa,ZAF,2023,Cars,FCEV,0.0,0.0,0.0,3.0,0.0,0.0,2020-2023,Post-Pandemia
South Africa,ZAF,2023,Cars,PHEV,0.0,270.0,0.0,1300.0,0.0,0.0,2020-2023,Post-Pandemia
South Africa,ZAF,2023,EV,Publicly available fast,160.0,0.0,0.0,0.0,0.0,0.0,2020-2023,Post-Pandemia
South Africa,ZAF,2023,EV,Publicly available slow,140.0,0.0,0.0,0.0,0.0,0.0,2020-2023,Post-Pandemia
South Korea,KOR,2010,Buses,BEV,0.0,5.0,0.0,5.0,0.0,0.0,2010-2014,Pre-Pandemia
South Korea,KOR,2010,Buses,EV,0.0,0.0,0.007000000216067,0.0,0.000869999988936,0.0,2010-2014,Pre-Pandemia
South Korea,KOR,2010,Cars,BEV,0.0,61.0,0.0,61.0,0.0,0.0,2010-2014,Pre-Pandemia
South Korea,KOR,2010,Cars,EV,0.0,0.0,0.004999999888241,0.0,0.000399999989895,0.0,2010-2014,Pre-Pandemia
South Korea,KOR,2011,Buses,BEV,0.0,4.0,0.0,9.0,0.0,0.0,2010-2014,Pre-Pandemia
South Korea,KOR,2011,Buses,EV,0.0,0.0,0.005400000140071,0.0,0.001700000022538,0.0,2010-2014,Pre-Pandemia
South Korea,KOR,2011,Cars,BEV,0.0,270.0,0.0,340.0,0.0,0.0,2010-2014,Pre-Pandemia
South Korea,KOR,2011,Cars,EV,0.0,0.0,0.023000000044704,0.0,0.002199999988079,0.0,2010-2014,Pre-Pandemia
South Korea,KOR,2012,Buses,BEV,0.0,2.0,0.0,11.0,0.0,0.0,2010-2014,Pre-Pandemia
South Korea,KOR,2012,Buses,EV,0.0,0.0,0.00289999996312,0.0,0.002099999925122,0.0,2010-2014,Pre-Pandemia
South Korea,KOR,2012,Cars,BEV,0.0,510.0,0.0,850.0,0.0,0.0,2010-2014,Pre-Pandemia
South Korea,KOR,2012,Cars,EV,0.0,0.0,0.041000001132488,0.0,0.005400000140071,0.0,2010-2014,Pre-Pandemia
South Korea,KOR,2013,Buses,BEV,0.0,6.0,0.0,17.0,0.0,0.0,2010-2014,Pre-Pandemia
South Korea,KOR,2013,Buses,EV,0.0,0.0,0.008100000210106,0.0,0.003400000045076,0.0,2010-2014,Pre-Pandemia
South Korea,KOR,2013,Cars,BEV,0.0,600.0,0.0,1400.0,0.0,0.0,2010-2014,Pre-Pandemia
South Korea,KOR,2013,Cars,EV,0.0,0.0,0.0489999987185,0.0,0.009100000374019,0.0,2010-2014,Pre-Pandemia
South Korea,KOR,2014,Buses,BEV,0.0,3.0,0.0,20.0,0.0,0.0,2010-2014,Pre-Pandemia
South Korea,KOR,2014,Buses,EV,0.0,0.0,0.003899999894202,0.0,0.004100000020117,0.0,2010-2014,Pre-Pandemia
South Korea,KOR,2014,Cars,BEV,0.0,1300.0,0.0,2700.0,0.0,0.0,2010-2014,Pre-Pandemia
South Korea,KOR,2014,Cars,EV,0.0,0.0,0.093000002205372,0.0,0.017000000923872,0.0,2010-2014,Pre-Pandemia
South Korea,KOR,2015,Buses,BEV,0.0,2.0,0.0,22.0,0.0,0.0,2015-2019,Pre-Pandemia
South Korea,KOR,2015,Buses,EV,0.0,0.0,0.002700000070035,0.0,0.004499999806285,0.0,2015-2019,Pre-Pandemia
South Korea,KOR,2015,Cars,BEV,0.0,3100.0,0.0,5800.0,0.0,0.0,2015-2019,Pre-Pandemia
South Korea,KOR,2015,Cars,EV,0.0,0.0,0.219999998807907,0.0,0.035999998450279,0.0,2015-2019,Pre-Pandemia
South Korea,KOR,2015,Cars,FCEV,0.0,29.0,0.0,12.0,0.0,0.0,2015-2019,Pre-Pandemia
South Korea,KOR,2015,Cars,PHEV,0.0,250.0,0.0,250.0,0.0,0.0,2015-2019,Pre-Pandemia
South Korea,KOR,2015,Vans,BEV,0.0,18.0,0.0,18.0,0.0,0.0,2015-2019,Pre-Pandemia
South Korea,KOR,2015,Vans,EV,0.0,0.0,0.010999999940395,0.0,0.000750000006519,0.0,2015-2019,Pre-Pandemia
South Korea,KOR,2016,Buses,BEV,0.0,30.0,0.0,52.0,0.0,0.0,2015-2019,Pre-Pandemia
South Korea,KOR,2016,Buses,EV,0.0,0.0,0.041999999433756,0.0,0.010999999940395,0.0,2015-2019,Pre-Pandemia
South Korea,KOR,2016,Cars,BEV,0.0,4700.0,0.0,10000.0,0.0,0.0,2015-2019,Pre-Pandemia
South Korea,KOR,2016,Cars,EV,0.0,0.0,0.330000013113022,0.0,0.064000003039837,0.0,2015-2019,Pre-Pandemia
South Korea,KOR,2016,Cars,FCEV,0.0,58.0,0.0,46.0,0.0,0.0,2015-2019,Pre-Pandemia
South Korea,KOR,2016,Cars,PHEV,0.0,330.0,0.0,580.0,0.0,0.0,2015-2019,Pre-Pandemia
South Korea,KOR,2016,EV,Publicly available fast,920.0,0.0,0.0,0.0,0.0,0.0,2015-2019,Pre-Pandemia
South Korea,KOR,2016,EV,Publicly available slow,1100.0,0.0,0.0,0.0,0.0,0.0,2015-2019,Pre-Pandemia
South Korea,KOR,2016,Vans,BEV,0.0,14.0,0.0,32.0,0.0,0.0,2015-2019,Pre-Pandemia
South Korea,KOR,2016,Vans,EV,0.0,0.0,0.009399999864399,0.0,0.001300000003539,0.0,2015-2019,Pre-Pandemia
South Korea,KOR,2017,Buses,BEV,0.0,0.0,0.0,52.0,0.0,0.0,2015-2019,Pre-Pandemia
South Korea,KOR,2017,Buses,EV,0.0,0.0,0.0,0.0,0.009499999694526,0.0,2015-2019,Pre-Pandemia
South Korea,KOR,2017,Cars,BEV,0.0,14000.0,0.0,24000.0,0.0,0.0,2015-2019,Pre-Pandemia
South Korea,KOR,2017,Cars,EV,0.0,0.0,0.949999988079071,0.0,0.140000000596046,0.0,2015-2019,Pre-Pandemia
South Korea,KOR,2017,Cars,FCEV,0.0,75.0,0.0,100.0,0.0,0.0,2015-2019,Pre-Pandemia
South Korea,KOR,2017,Cars,PHEV,0.0,670.0,0.0,1300.0,0.0,0.0,2015-2019,Pre-Pandemia
South Korea,KOR,2017,EV,Publicly available fast,3300.0,0.0,0.0,0.0,0.0,0.0,2015-2019,Pre-Pandemia
South Korea,KOR,2017,EV,Publicly available slow,10000.0,0.0,0.0,0.0,0.0,0.0,2015-2019,Pre-Pandemia
South Korea,KOR,2017,Vans,BEV,0.0,0.0,0.0,32.0,0.0,0.0,2015-2019,Pre-Pandemia
South Korea,KOR,2017,Vans,EV,0.0,0.0,0.0,0.0,0.001300000003539,0.0,2015-2019,Pre-Pandemia
South Korea,KOR,2018,Buses,BEV,0.0,50.0,0.0,100.0,0.0,0.0,2015-2019,Pre-Pandemia
South Korea,KOR,2018,Buses,EV,0.0,0.0,0.035000000149012,0.0,0.017000000923872,0.0,2015-2019,Pre-Pandemia
South Korea,KOR,2018,Cars,BEV,0.0,55000.0,0.0,55000.0,0.0,0.0,2015-2019,Pre-Pandemia
South Korea,KOR,2018,Cars,EV,0.0,0.0,3.79999995231628,0.0,0.330000013113022,0.0,2015-2019,Pre-Pandemia
South Korea,KOR,2018,Cars,FCEV,0.0,910.0,0.0,900.0,0.0,0.0,2015-2019,Pre-Pandemia
South Korea,KOR,2018,Cars,PHEV,0.0,4400.0,0.0,5600.0,0.0,0.0,2015-2019,Pre-Pandemia
South Korea,KOR,2018,EV,Publicly available fast,5200.0,0.0,0.0,0.0,0.0,0.0,2015-2019,Pre-Pandemia
South Korea,KOR,2018,EV,Publicly available slow,22000.0,0.0,0.0,0.0,0.0,0.0,2015-2019,Pre-Pandemia
South Korea,KOR,2018,Vans,BEV,0.0,300.0,0.0,330.0,0.0,0.0,2015-2019,Pre-Pandemia
South Korea,KOR,2018,Vans,EV,0.0,0.0,0.140000000596046,0.0,0.013000000268221,0.0,2015-2019,Pre-Pandemia
South Korea,KOR,2018,Vans,FCEV,0.0,2.0,0.0,0.0,0.0,0.0,2015-2019,Pre-Pandemia
South Korea,KOR,2019,Buses,BEV,0.0,110.0,0.0,220.0,0.0,0.0,2015-2019,Pre-Pandemia
South Korea,KOR,2019,Buses,EV,0.0,0.0,0.086000002920628,0.0,0.032999999821186,0.0,2015-2019,Pre-Pandemia
South Korea,KOR,2019,Buses,FCEV,0.0,0.0,0.0,15.0,0.0,0.0,2015-2019,Pre-Pandemia
South Korea,KOR,2019,Cars,BEV,0.0,33000.0,0.0,89000.0,0.0,0.0,2015-2019,Pre-Pandemia
South Korea,KOR,2019,Cars,EV,0.0,0.0,2.29999995231628,0.0,0.529999971389771,0.0,2015-2019,Pre-Pandemia
South Korea,KOR,2019,Cars,FCEV,0.0,4200.0,0.0,5100.0,0.0,0.0,2015-2019,Pre-Pandemia
South Korea,KOR,2019,Cars,PHEV,0.0,2700.0,0.0,11000.0,0.0,0.0,2015-2019,Pre-Pandemia
South Korea,KOR,2019,EV,Publicly available fast,7400.0,0.0,0.0,0.0,0.0,0.0,2015-2019,Pre-Pandemia
South Korea,KOR,2019,EV,Publicly available slow,37000.0,0.0,0.0,0.0,0.0,0.0,2015-2019,Pre-Pandemia
South Korea,KOR,2019,Vans,BEV,0.0,1500.0,0.0,1900.0,0.0,0.0,2015-2019,Pre-Pandemia
South Korea,KOR,2019,Vans,EV,0.0,0.0,0.730000019073486,0.0,0.072999998927116,0.0,2015-2019,Pre-Pandemia
South Korea,KOR,2019,Vans,FCEV,0.0,15.0,0.0,0.0,0.0,0.0,2015-2019,Pre-Pandemia
South Korea,KOR,2020,Buses,BEV,0.0,700.0,0.0,1800.0,0.0,0.0,2020-2023,Pandemia
South Korea,KOR,2020,Buses,EV,0.0,0.0,0.479999989271164,0.0,0.259999990463257,0.0,2020-2023,Pandemia
South Korea,KOR,2020,Buses,FCEV,0.0,37.0,0.0,52.0,0.0,0.0,2020-2023,Pandemia
South Korea,KOR,2020,Cars,BEV,0.0,31000.0,0.0,120000.0,0.0,0.0,2020-2023,Pandemia
South Korea,KOR,2020,Cars,EV,0.0,0.0,2.40000009536743,0.0,0.740000009536743,0.0,2020-2023,Pandemia
South Korea,KOR,2020,Cars,FCEV,0.0,5000.0,0.0,10000.0,0.0,0.0,2020-2023,Pandemia
South Korea,KOR,2020,Cars,PHEV,0.0,8700.0,0.0,24000.0,0.0,0.0,2020-2023,Pandemia
South Korea,KOR,2020,EV,Publicly available fast,9800.0,0.0,0.0,0.0,0.0,0.0,2020-2023,Pandemia
South Korea,KOR,2020,EV,Publicly available slow,37000.0,0.0,0.0,0.0,0.0,0.0,2020-2023,Pandemia
South Korea,KOR,2020,Vans,BEV,0.0,15000.0,0.0,16000.0,0.0,0.0,2020-2023,Pandemia
South Korea,KOR,2020,Vans,EV,0.0,0.0,6.0,0.0,0.629999995231628,0.0,2020-2023,Pandemia
South Korea,KOR,2020,Vans,FCEV,0.0,60.0,0.0,0.0,0.0,0.0,2020-2023,Pandemia
South Korea,KOR,2021,Buses,BEV,0.0,340.0,0.0,3100.0,0.0,0.0,2020-2023,Pandemia
South Korea,KOR,2021,Buses,EV,0.0,0.0,0.209999993443489,0.0,0.400000005960465,0.0,2020-2023,Pandemia
South Korea,KOR,2021,Buses,FCEV,0.0,77.0,0.0,130.0,0.0,0.0,2020-2023,Pandemia
South Korea,KOR,2021,Cars,BEV,0.0,72000.0,0.0,190000.0,0.0,0.0,2020-2023,Pandemia
South Korea,KOR,2021,Cars,EV,0.0,0.0,5.80000019073486,0.0,1.20000004768372,0.0,2020-2023,Pandemia
South Korea,KOR,2021,Cars,FCEV,0.0,9200.0,0.0,19000.0,0.0,0.0,2020-2023,Pandemia
South Korea,KOR,2021,Cars,PHEV,0.0,19000.0,0.0,44000.0,0.0,0.0,2020-2023,Pandemia
South Korea,KOR,2021,EV,Publicly available fast,15000.0,0.0,0.0,0.0,0.0,0.0,2020-2023,Pandemia
South Korea,KOR,2021,EV,Publicly available slow,92000.0,0.0,0.0,0.0,0.0,0.0,2020-2023,Pandemia
South Korea,KOR,2021,Vans,BEV,0.0,29000.0,0.0,45000.0,0.0,0.0,2020-2023,Pandemia
South Korea,KOR,2021,Vans,EV,0.0,0.0,12.0,0.0,1.70000004768372,0.0,2020-2023,Pandemia
South Korea,KOR,2021,Vans,FCEV,0.0,54.0,0.0,0.0,0.0,0.0,2020-2023,Pandemia
South Korea,KOR,2022,Buses,BEV,0.0,640.0,0.0,5200.0,0.0,0.0,2020-2023,Post-Pandemia
South Korea,KOR,2022,Buses,EV,0.0,0.0,0.25,0.0,0.560000002384186,0.0,2020-2023,Post-Pandemia
South Korea,KOR,2022,Buses,FCEV,0.0,150.0,0.0,280.0,0.0,0.0,2020-2023,Post-Pandemia
South Korea,KOR,2022,Cars,BEV,0.0,120000.0,0.0,300000.0,0.0,0.0,2020-2023,Post-Pandemia
South Korea,KOR,2022,Cars,EV,0.0,0.0,8.5,0.0,1.70000004768372,0.0,2020-2023,Post-Pandemia
South Korea,KOR,2022,Cars,FCEV,0.0,10000.0,0.0,29000.0,0.0,0.0,2020-2023,Post-Pandemia
South Korea,KOR,2022,Cars,PHEV,0.0,11000.0,0.0,57000.0,0.0,0.0,2020-2023,Post-Pandemia
South Korea,KOR,2022,EV,Publicly available fast,21000.0,0.0,0.0,0.0,0.0,0.0,2020-2023,Post-Pandemia
South Korea,KOR,2022,EV,Publicly available slow,180000.0,0.0,0.0,0.0,0.0,0.0,2020-2023,Post-Pandemia
South Korea,KOR,2022,Vans,BEV,0.0,36000.0,0.0,81000.0,0.0,0.0,2020-2023,Post-Pandemia
South Korea,KOR,2022,Vans,EV,0.0,0.0,15.0,0.0,2.90000009536743,0.0,2020-2023,Post-Pandemia
South Korea,KOR,2023,Buses,BEV,0.0,2500.0,0.0,4400.0,0.0,0.0,2020-2023,Post-Pandemia
South Korea,KOR,2023,Buses,EV,0.0,0.0,0.97000002861023,0.0,0.409999996423721,0.0,2020-2023,Post-Pandemia
South Korea,KOR,2023,Buses,FCEV,0.0,370.0,0.0,650.0,0.0,0.0,2020-2023,Post-Pandemia
South Korea,KOR,2023,Cars,BEV,0.0,120000.0,0.0,460000.0,0.0,0.0,2020-2023,Post-Pandemia
South Korea,KOR,2023,Cars,EV,0.0,0.0,7.90000009536743,0.0,2.40000009536743,0.0,2020-2023,Post-Pandemia
South Korea,KOR,2023,Cars,FCEV,0.0,4300.0,0.0,34000.0,0.0,0.0,2020-2023,Post-Pandemia
South Korea,KOR,2023,Cars,PHEV,0.0,12000.0,0.0,59000.0,0.0,0.0,2020-2023,Post-Pandemia
South Korea,KOR,2023,EV,Publicly available fast,21000.0,0.0,0.0,0.0,0.0,0.0,2020-2023,Post-Pandemia
South Korea,KOR,2023,EV,Publicly available slow,180000.0,0.0,0.0,0.0,0.0,0.0,2020-2023,Post-Pandemia
South Korea,KOR,2023,Vans,BEV,0.0,41000.0,0.0,120000.0,0.0,0.0,2020-2023,Post-Pandemia
South Korea,KOR,2023,Vans,EV,0.0,0.0,18.0,0.0,4.19999980926514,0.0,2020-2023,Post-Pandemia
Spain,ESP,2010,Cars,BEV,0.0,76.0,0.0,76.0,0.0,0.0,2010-2014,Pre-Pandemia
Spain,ESP,2010,Cars,EV,0.0,0.0,0.007699999958277,0.0,0.000339999998687,0.0,2010-2014,Pre-Pandemia
Spain,ESP,2011,Cars,BEV,0.0,390.0,0.0,460.0,0.0,0.0,2010-2014,Pre-Pandemia
Spain,ESP,2011,Cars,EV,0.0,0.0,0.0489999987185,0.0,0.002099999925122,0.0,2010-2014,Pre-Pandemia
Spain,ESP,2011,Cars,PHEV,0.0,8.0,0.0,8.0,0.0,0.0,2010-2014,Pre-Pandemia
Spain,ESP,2011,Vans,BEV,0.0,24.0,0.0,0.0,0.0,0.0,2010-2014,Pre-Pandemia
Spain,ESP,2011,Vans,EV,0.0,0.0,0.023000000044704,0.0,0.0,0.0,2010-2014,Pre-Pandemia
Spain,ESP,2012,Cars,BEV,0.0,430.0,0.0,890.0,0.0,0.0,2010-2014,Pre-Pandemia
Spain,ESP,2012,Cars,EV,0.0,0.0,0.07599999755621,0.0,0.004499999806285,0.0,2010-2014,Pre-Pandemia
Spain,ESP,2012,Cars,PHEV,0.0,110.0,0.0,120.0,0.0,0.0,2010-2014,Pre-Pandemia
Spain,ESP,2012,EV,Publicly available slow,400.0,0.0,0.0,0.0,0.0,0.0,2010-2014,Pre-Pandemia
Spain,ESP,2012,Vans,BEV,0.0,200.0,0.0,0.0,0.0,0.0,2010-2014,Pre-Pandemia
Spain,ESP,2012,Vans,EV,0.0,0.0,0.270000010728836,0.0,0.0,0.0,2010-2014,Pre-Pandemia
Spain,ESP,2013,Cars,BEV,0.0,810.0,0.0,1700.0,0.0,0.0,2010-2014,Pre-Pandemia
Spain,ESP,2013,Cars,EV,0.0,0.0,0.119999997317791,0.0,0.008600000292063,0.0,2010-2014,Pre-Pandemia
Spain,ESP,2013,Cars,PHEV,0.0,72.0,0.0,190.0,0.0,0.0,2010-2014,Pre-Pandemia
Spain,ESP,2013,EV,Publicly available fast,91.0,0.0,0.0,0.0,0.0,0.0,2010-2014,Pre-Pandemia
Spain,ESP,2013,EV,Publicly available slow,800.0,0.0,0.0,0.0,0.0,0.0,2010-2014,Pre-Pandemia
Spain,ESP,2013,Vans,BEV,0.0,72.0,0.0,0.0,0.0,0.0,2010-2014,Pre-Pandemia
Spain,ESP,2013,Vans,EV,0.0,0.0,0.083999998867512,0.0,0.0,0.0,2010-2014,Pre-Pandemia
Spain,ESP,2014,Buses,BEV,0.0,11.0,0.0,0.0,0.0,0.0,2010-2014,Pre-Pandemia
Spain,ESP,2014,Buses,EV,0.0,0.0,0.409999996423721,0.0,0.0,0.0,2010-2014,Pre-Pandemia
Spain,ESP,2014,Cars,BEV,0.0,1400.0,0.0,3100.0,0.0,0.0,2010-2014,Pre-Pandemia
Spain,ESP,2014,Cars,EV,0.0,0.0,0.200000002980232,0.0,0.016000000759959,0.0,2010-2014,Pre-Pandemia
Spain,ESP,2014,Cars,PHEV,0.0,330.0,0.0,520.0,0.0,0.0,2010-2014,Pre-Pandemia
Spain,ESP,2014,EV,Publicly available fast,110.0,0.0,0.0,0.0,0.0,0.0,2010-2014,Pre-Pandemia
Spain,ESP,2014,EV,Publicly available slow,800.0,0.0,0.0,0.0,0.0,0.0,2010-2014,Pre-Pandemia
Spain,ESP,2014,Vans,BEV,0.0,360.0,0.0,0.0,0.0,0.0,2010-2014,Pre-Pandemia
Spain,ESP,2014,Vans,EV,0.0,0.0,0.310000002384186,0.0,0.0,0.0,2010-2014,Pre-Pandemia
Spain,ESP,2015,Buses,BEV,0.0,2.0,0.0,0.0,0.0,0.0,2015-2019,Pre-Pandemia
Spain,ESP,2015,Buses,EV,0.0,0.0,0.059000000357628,0.0,0.0,0.0,2015-2019,Pre-Pandemia
Spain,ESP,2015,Cars,BEV,0.0,1300.0,0.0,4400.0,0.0,0.0,2015-2019,Pre-Pandemia
Spain,ESP,2015,Cars,EV,0.0,0.0,0.200000002980232,0.0,0.026000000536442,0.0,2015-2019,Pre-Pandemia
Spain,ESP,2015,Cars,PHEV,0.0,780.0,0.0,1300.0,0.0,0.0,2015-2019,Pre-Pandemia
Spain,ESP,2015,EV,Publicly available fast,240.0,0.0,0.0,0.0,0.0,0.0,2015-2019,Pre-Pandemia
Spain,ESP,2015,EV,Publicly available slow,1400.0,0.0,0.0,0.0,0.0,0.0,2015-2019,Pre-Pandemia
Spain,ESP,2015,Vans,BEV,0.0,540.0,0.0,1100.0,0.0,0.0,2015-2019,Pre-Pandemia
Spain,ESP,2015,Vans,EV,0.0,0.0,0.370000004768372,0.0,0.024000000208616,0.0,2015-2019,Pre-Pandemia
Spain,ESP,2016,Buses,BEV,0.0,27.0,0.0,0.0,0.0,0.0,2015-2019,Pre-Pandemia
Spain,ESP,2016,Buses,EV,0.0,0.0,0.649999976158142,0.0,0.0,0.0,2015-2019,Pre-Pandemia
Spain,ESP,2016,Cars,BEV,0.0,2000.0,0.0,6500.0,0.0,0.0,2015-2019,Pre-Pandemia
Spain,ESP,2016,Cars,EV,0.0,0.0,0.310000002384186,0.0,0.03999999910593,0.0,2015-2019,Pre-Pandemia
Spain,ESP,2016,Cars,PHEV,0.0,1500.0,0.0,2800.0,0.0,0.0,2015-2019,Pre-Pandemia
Spain,ESP,2016,EV,Publicly available fast,230.0,0.0,0.0,0.0,0.0,0.0,2015-2019,Pre-Pandemia
Spain,ESP,2016,EV,Publicly available slow,3300.0,0.0,0.0,0.0,0.0,0.0,2015-2019,Pre-Pandemia
Spain,ESP,2016,Trucks,BEV,0.0,13.0,0.0,0.0,0.0,0.0,2015-2019,Pre-Pandemia
Spain,ESP,2016,Trucks,EV,0.0,0.0,0.052000001072884,0.0,0.0,0.0,2015-2019,Pre-Pandemia
Spain,ESP,2016,Vans,BEV,0.0,720.0,0.0,2100.0,0.0,0.0,2015-2019,Pre-Pandemia
Spain,ESP,2016,Vans,EV,0.0,0.0,0.469999998807907,0.0,0.061000000685454,0.0,2015-2019,Pre-Pandemia
Spain,ESP,2017,Buses,BEV,0.0,8.0,0.0,100.0,0.0,0.0,2015-2019,Pre-Pandemia
Spain,ESP,2017,Buses,EV,0.0,0.0,0.300000011920929,0.0,0.230000004172325,0.0,2015-2019,Pre-Pandemia
Spain,ESP,2017,Buses,PHEV,0.0,5.0,0.0,42.0,0.0,0.0,2015-2019,Pre-Pandemia
Spain,ESP,2017,Cars,BEV,0.0,3900.0,0.0,10000.0,0.0,0.0,2015-2019,Pre-Pandemia
Spain,ESP,2017,Cars,EV,0.0,0.0,0.600000023841858,0.0,0.071000002324581,0.0,2015-2019,Pre-Pandemia
Spain,ESP,2017,Cars,PHEV,0.0,3500.0,0.0,6300.0,0.0,0.0,2015-2019,Pre-Pandemia
Spain,ESP,2017,EV,Publicly available fast,600.0,0.0,0.0,0.0,0.0,0.0,2015-2019,Pre-Pandemia
Spain,ESP,2017,EV,Publicly available slow,4300.0,0.0,0.0,0.0,0.0,0.0,2015-2019,Pre-Pandemia
Spain,ESP,2017,Trucks,BEV,0.0,2.0,0.0,0.0,0.0,0.0,2015-2019,Pre-Pandemia
Spain,ESP,2017,Trucks,EV,0.0,0.0,0.008100000210106,0.0,0.0,0.0,2015-2019,Pre-Pandemia
Spain,ESP,2017,Vans,BEV,0.0,840.0,0.0,3000.0,0.0,0.0,2015-2019,Pre-Pandemia
Spain,ESP,2017,Vans,EV,0.0,0.0,0.509999990463257,0.0,0.083999998867512,0.0,2015-2019,Pre-Pandemia
Spain,ESP,2018,Buses,BEV,0.0,30.0,0.0,130.0,0.0,0.0,2015-2019,Pre-Pandemia
Spain,ESP,2018,Buses,EV,0.0,0.0,0.910000026226044,0.0,0.28999999165535,0.0,2015-2019,Pre-Pandemia
Spain,ESP,2018,Buses,PHEV,0.0,8.0,0.0,50.0,0.0,0.0,2015-2019,Pre-Pandemia
Spain,ESP,2018,Cars,BEV,0.0,6000.0,0.0,16000.0,0.0,0.0,2015-2019,Pre-Pandemia
Spain,ESP,2018,Cars,EV,0.0,0.0,0.879999995231628,0.0,0.119999997317791,0.0,2015-2019,Pre-Pandemia
Spain,ESP,2018,Cars,FCEV,0.0,1.0,0.0,1.0,0.0,0.0,2015-2019,Pre-Pandemia
Spain,ESP,2018,Cars,PHEV,0.0,5600.0,0.0,12000.0,0.0,0.0,2015-2019,Pre-Pandemia
Spain,ESP,2018,EV,Publicly available fast,620.0,0.0,0.0,0.0,0.0,0.0,2015-2019,Pre-Pandemia
Spain,ESP,2018,EV,Publicly available slow,4400.0,0.0,0.0,0.0,0.0,0.0,2015-2019,Pre-Pandemia
Spain,ESP,2018,Vans,BEV,0.0,1800.0,0.0,4800.0,0.0,0.0,2015-2019,Pre-Pandemia
Spain,ESP,2018,Vans,EV,0.0,0.0,0.959999978542328,0.0,0.129999995231628,0.0,2015-2019,Pre-Pandemia
Spain,ESP,2019,Buses,BEV,0.0,100.0,0.0,240.0,0.0,0.0,2015-2019,Pre-Pandemia
Spain,ESP,2019,Buses,EV,0.0,0.0,2.70000004768372,0.0,0.46000000834465,0.0,2015-2019,Pre-Pandemia
Spain,ESP,2019,Buses,PHEV,0.0,6.0,0.0,56.0,0.0,0.0,2015-2019,Pre-Pandemia
Spain,ESP,2019,Cars,BEV,0.0,10000.0,0.0,26000.0,0.0,0.0,2015-2019,Pre-Pandemia
Spain,ESP,2019,Cars,EV,0.0,0.0,1.39999997615814,0.0,0.189999997615814,0.0,2015-2019,Pre-Pandemia
Spain,ESP,2019,Cars,FCEV,0.0,1.0,0.0,2.0,0.0,0.0,2015-2019,Pre-Pandemia
Spain,ESP,2019,Cars,PHEV,0.0,7400.0,0.0,19000.0,0.0,0.0,2015-2019,Pre-Pandemia
Spain,ESP,2019,EV,Publicly available fast,1000.0,0.0,0.0,0.0,0.0,0.0,2015-2019,Pre-Pandemia
Spain,ESP,2019,EV,Publicly available slow,4500.0,0.0,0.0,0.0,0.0,0.0,2015-2019,Pre-Pandemia
Spain,ESP,2019,Trucks,BEV,0.0,7.0,0.0,5.0,0.0,0.0,2015-2019,Pre-Pandemia
Spain,ESP,2019,Trucks,EV,0.0,0.0,0.028000000864267,0.0,0.000850000011269,0.0,2015-2019,Pre-Pandemia
Spain,ESP,2019,Vans,BEV,0.0,1900.0,0.0,6300.0,0.0,0.0,2015-2019,Pre-Pandemia
Spain,ESP,2019,Vans,EV,0.0,0.0,1.10000002384186,0.0,0.170000001788139,0.0,2015-2019,Pre-Pandemia
Spain,ESP,2019,Vans,PHEV,0.0,0.0,0.0,8.0,0.0,0.0,2015-2019,Pre-Pandemia
Spain,ESP,2020,Buses,BEV,0.0,51.0,0.0,240.0,0.0,0.0,2020-2023,Pandemia
Spain,ESP,2020,Buses,EV,0.0,0.0,2.0,0.0,0.490000009536743,0.0,2020-2023,Pandemia
Spain,ESP,2020,Buses,PHEV,0.0,7.0,0.0,63.0,0.0,0.0,2020-2023,Pandemia
Spain,ESP,2020,Cars,BEV,0.0,18000.0,0.0,45000.0,0.0,0.0,2020-2023,Pandemia
Spain,ESP,2020,Cars,EV,0.0,0.0,4.90000009536743,0.0,0.360000014305115,0.0,2020-2023,Pandemia
Spain,ESP,2020,Cars,FCEV,0.0,7.0,0.0,9.0,0.0,0.0,2020-2023,Pandemia
Spain,ESP,2020,Cars,PHEV,0.0,24000.0,0.0,43000.0,0.0,0.0,2020-2023,Pandemia
Spain,ESP,2020,EV,Publicly available fast,2100.0,0.0,0.0,0.0,0.0,0.0,2020-2023,Pandemia
Spain,ESP,2020,EV,Publicly available slow,6000.0,0.0,0.0,0.0,0.0,0.0,2020-2023,Pandemia
Spain,ESP,2020,Trucks,BEV,0.0,8.0,0.0,13.0,0.0,0.0,2020-2023,Pandemia
Spain,ESP,2020,Trucks,EV,0.0,0.0,0.041000001132488,0.0,0.002199999988079,0.0,2020-2023,Pandemia
Spain,ESP,2020,Vans,BEV,0.0,2000.0,0.0,7900.0,0.0,0.0,2020-2023,Pandemia
Spain,ESP,2020,Vans,EV,0.0,0.0,1.5,0.0,0.209999993443489,0.0,2020-2023,Pandemia
Spain,ESP,2020,Vans,PHEV,0.0,0.0,0.0,8.0,0.0,0.0,2020-2023,Pandemia
Spain,ESP,2021,Buses,BEV,0.0,150.0,0.0,350.0,0.0,0.0,2020-2023,Pandemia
Spain,ESP,2021,Buses,EV,0.0,0.0,6.09999990463257,0.0,0.730000019073486,0.0,2020-2023,Pandemia
Spain,ESP,2021,Buses,PHEV,0.0,16.0,0.0,100.0,0.0,0.0,2020-2023,Pandemia
Spain,ESP,2021,Cars,BEV,0.0,24000.0,0.0,69000.0,0.0,0.0,2020-2023,Pandemia
Spain,ESP,2021,Cars,EV,0.0,0.0,7.80000019073486,0.0,0.620000004768372,0.0,2020-2023,Pandemia
Spain,ESP,2021,Cars,FCEV,0.0,10.0,0.0,19.0,0.0,0.0,2020-2023,Pandemia
Spain,ESP,2021,Cars,PHEV,0.0,43000.0,0.0,86000.0,0.0,0.0,2020-2023,Pandemia
Spain,ESP,2021,EV,Publicly available fast,2600.0,0.0,0.0,0.0,0.0,0.0,2020-2023,Pandemia
Spain,ESP,2021,EV,Publicly available slow,5600.0,0.0,0.0,0.0,0.0,0.0,2020-2023,Pandemia
Spain,ESP,2021,Trucks,BEV,0.0,23.0,0.0,29.0,0.0,0.0,2020-2023,Pandemia
Spain,ESP,2021,Trucks,EV,0.0,0.0,0.109999999403954,0.0,0.005100000184029,0.0,2020-2023,Pandemia
Spain,ESP,2021,Vans,BEV,0.0,2300.0,0.0,10000.0,0.0,0.0,2020-2023,Pandemia
Spain,ESP,2021,Vans,EV,0.0,0.0,1.60000002384186,0.0,0.270000010728836,0.0,2020-2023,Pandemia
Spain,ESP,2021,Vans,PHEV,0.0,46.0,0.0,46.0,0.0,0.0,2020-2023,Pandemia
Spain,ESP,2022,Buses,BEV,0.0,250.0,0.0,610.0,0.0,0.0,2020-2023,Post-Pandemia
Spain,ESP,2022,Buses,EV,0.0,0.0,9.19999980926514,0.0,1.10000002384186,0.0,2020-2023,Post-Pandemia
Spain,ESP,2022,Buses,FCEV,0.0,6.0,0.0,6.0,0.0,0.0,2020-2023,Post-Pandemia
Spain,ESP,2022,Buses,PHEV,0.0,1.0,0.0,100.0,0.0,0.0,2020-2023,Post-Pandemia
Spain,ESP,2022,Cars,BEV,0.0,33000.0,0.0,96000.0,0.0,0.0,2020-2023,Post-Pandemia
Spain,ESP,2022,Cars,EV,0.0,0.0,8.89999961853027,0.0,0.939999997615814,0.0,2020-2023,Post-Pandemia
Spain,ESP,2022,Cars,FCEV,0.0,4.0,0.0,23.0,0.0,0.0,2020-2023,Post-Pandemia
Spain,ESP,2022,Cars,PHEV,0.0,49000.0,0.0,130000.0,0.0,0.0,2020-2023,Post-Pandemia
Spain,ESP,2022,EV,Publicly available fast,2200.0,0.0,0.0,0.0,0.0,0.0,2020-2023,Post-Pandemia
Spain,ESP,2022,EV,Publicly available slow,10000.0,0.0,0.0,0.0,0.0,0.0,2020-2023,Post-Pandemia
Spain,ESP,2022,Trucks,BEV,0.0,210.0,0.0,200.0,0.0,0.0,2020-2023,Post-Pandemia
Spain,ESP,2022,Trucks,EV,0.0,0.0,0.889999985694885,0.0,0.035999998450279,0.0,2020-2023,Post-Pandemia
Spain,ESP,2022,Vans,BEV,0.0,3500.0,0.0,14000.0,0.0,0.0,2020-2023,Post-Pandemia
Spain,ESP,2022,Vans,EV,0.0,0.0,3.09999990463257,0.0,0.370000004768372,0.0,2020-2023,Post-Pandemia
Spain,ESP,2022,Vans,PHEV,0.0,94.0,0.0,200.0,0.0,0.0,2020-2023,Post-Pandemia
Spain,ESP,2023,Buses,BEV,0.0,520.0,0.0,1200.0,0.0,0.0,2020-2023,Post-Pandemia
Spain,ESP,2023,Buses,EV,0.0,0.0,13.0,0.0,1.79999995231628,0.0,2020-2023,Post-Pandemia
Spain,ESP,2023,Buses,FCEV,0.0,13.0,0.0,19.0,0.0,0.0,2020-2023,Post-Pandemia
Spain,ESP,2023,Buses,PHEV,0.0,29.0,0.0,72.0,0.0,0.0,2020-2023,Post-Pandemia
Spain,ESP,2023,Cars,BEV,0.0,57000.0,0.0,160000.0,0.0,0.0,2020-2023,Post-Pandemia
Spain,ESP,2023,Cars,EV,0.0,0.0,12.0,0.0,1.5,0.0,2020-2023,Post-Pandemia
Spain,ESP,2023,Cars,FCEV,0.0,4.0,0.0,27.0,0.0,0.0,2020-2023,Post-Pandemia
Spain,ESP,2023,Cars,PHEV,0.0,65000.0,0.0,200000.0,0.0,0.0,2020-2023,Post-Pandemia
Spain,ESP,2023,EV,Publicly available fast,6600.0,0.0,0.0,0.0,0.0,0.0,2020-2023,Post-Pandemia
Spain,ESP,2023,EV,Publicly available slow,19000.0,0.0,0.0,0.0,0.0,0.0,2020-2023,Post-Pandemia
Spain,ESP,2023,Trucks,BEV,0.0,440.0,0.0,700.0,0.0,0.0,2020-2023,Post-Pandemia
Spain,ESP,2023,Trucks,EV,0.0,0.0,1.5,0.0,0.129999995231628,0.0,2020-2023,Post-Pandemia
Spain,ESP,2023,Vans,BEV,0.0,10000.0,0.0,24000.0,0.0,0.0,2020-2023,Post-Pandemia
Spain,ESP,2023,Vans,EV,0.0,0.0,7.19999980926514,0.0,0.680000007152557,0.0,2020-2023,Post-Pandemia
Spain,ESP,2023,Vans,PHEV,0.0,5.0,0.0,210.0,0.0,0.0,2020-2023,Post-Pandemia
Sweden,SWE,2010,Cars,BEV,0.0,4.0,0.0,4.0,0.0,0.0,2010-2014,Pre-Pandemia
Sweden,SWE,2010,Cars,EV,0.0,0.0,0.001300000003539,0.0,9.20000020414591e-05,0.0,2010-2014,Pre-Pandemia
Sweden,SWE,2011,Cars,BEV,0.0,180.0,0.0,180.0,0.0,0.0,2010-2014,Pre-Pandemia
Sweden,SWE,2011,Cars,EV,0.0,0.0,0.054000001400709,0.0,0.004100000020117,0.0,2010-2014,Pre-Pandemia
Sweden,SWE,2011,Vans,BEV,0.0,9.0,0.0,9.0,0.0,0.0,2010-2014,Pre-Pandemia
Sweden,SWE,2011,Vans,EV,0.0,0.0,0.018999999389052,0.0,0.001900000032038,0.0,2010-2014,Pre-Pandemia
Sweden,SWE,2012,Buses,BEV,0.0,0.0,0.0,6.0,0.0,0.0,2010-2014,Pre-Pandemia
Sweden,SWE,2012,Buses,EV,0.0,0.0,0.0,0.0,0.048000000417233,0.0,2010-2014,Pre-Pandemia
Sweden,SWE,2012,Cars,BEV,0.0,270.0,0.0,600.0,0.0,0.0,2010-2014,Pre-Pandemia
Sweden,SWE,2012,Cars,EV,0.0,0.0,0.310000002384186,0.0,0.028000000864267,0.0,2010-2014,Pre-Pandemia
Sweden,SWE,2012,Cars,PHEV,0.0,660.0,0.0,650.0,0.0,0.0,2010-2014,Pre-Pandemia
Sweden,SWE,2012,Vans,BEV,0.0,280.0,0.0,370.0,0.0,0.0,2010-2014,Pre-Pandemia
Sweden,SWE,2012,Vans,EV,0.0,0.0,0.699999988079071,0.0,0.07599999755621,0.0,2010-2014,Pre-Pandemia
Sweden,SWE,2013,Buses,BEV,0.0,0.0,0.0,8.0,0.0,0.0,2010-2014,Pre-Pandemia
Sweden,SWE,2013,Buses,EV,0.0,0.0,0.0,0.0,0.061000000685454,0.0,2010-2014,Pre-Pandemia
Sweden,SWE,2013,Cars,BEV,0.0,430.0,0.0,1000.0,0.0,0.0,2010-2014,Pre-Pandemia
Sweden,SWE,2013,Cars,EV,0.0,0.0,0.529999971389771,0.0,0.05799999833107,0.0,2010-2014,Pre-Pandemia
Sweden,SWE,2013,Cars,FCEV,0.0,3.0,0.0,3.0,0.0,0.0,2010-2014,Pre-Pandemia
Sweden,SWE,2013,Cars,PHEV,0.0,1100.0,0.0,1600.0,0.0,0.0,2010-2014,Pre-Pandemia
Sweden,SWE,2013,EV,Publicly available slow,5.0,0.0,0.0,0.0,0.0,0.0,2010-2014,Pre-Pandemia
Sweden,SWE,2013,Vans,BEV,0.0,210.0,0.0,550.0,0.0,0.0,2010-2014,Pre-Pandemia
Sweden,SWE,2013,Vans,EV,0.0,0.0,0.550000011920929,0.0,0.109999999403954,0.0,2010-2014,Pre-Pandemia
Sweden,SWE,2014,Buses,BEV,0.0,0.0,0.0,11.0,0.0,0.0,2010-2014,Pre-Pandemia
Sweden,SWE,2014,Buses,EV,0.0,0.0,0.0,0.0,0.083999998867512,0.0,2010-2014,Pre-Pandemia
Sweden,SWE,2014,Cars,BEV,0.0,1200.0,0.0,2200.0,0.0,0.0,2010-2014,Pre-Pandemia
Sweden,SWE,2014,Cars,EV,0.0,0.0,1.39999997615814,0.0,0.150000005960464,0.0,2010-2014,Pre-Pandemia
Sweden,SWE,2014,Cars,FCEV,0.0,0.0,0.0,3.0,0.0,0.0,2010-2014,Pre-Pandemia
Sweden,SWE,2014,Cars,PHEV,0.0,3400.0,0.0,4900.0,0.0,0.0,2010-2014,Pre-Pandemia
Sweden,SWE,2014,EV,Publicly available slow,1000.0,0.0,0.0,0.0,0.0,0.0,2010-2014,Pre-Pandemia
Sweden,SWE,2014,Vans,BEV,0.0,280.0,0.0,830.0,0.0,0.0,2010-2014,Pre-Pandemia
Sweden,SWE,2014,Vans,EV,0.0,0.0,0.660000026226044,0.0,0.159999996423721,0.0,2010-2014,Pre-Pandemia
Sweden,SWE,2015,Buses,BEV,0.0,9.0,0.0,20.0,0.0,0.0,2015-2019,Pre-Pandemia
Sweden,SWE,2015,Buses,EV,0.0,0.0,1.10000002384186,0.0,0.189999997615814,0.0,2015-2019,Pre-Pandemia
Sweden,SWE,2015,Buses,PHEV,0.0,5.0,0.0,5.0,0.0,0.0,2015-2019,Pre-Pandemia
Sweden,SWE,2015,Cars,BEV,0.0,3000.0,0.0,4800.0,0.0,0.0,2015-2019,Pre-Pandemia
Sweden,SWE,2015,Cars,EV,0.0,0.0,2.40000009536743,0.0,0.310000002384186,0.0,2015-2019,Pre-Pandemia
Sweden,SWE,2015,Cars,FCEV,0.0,1.0,0.0,4.0,0.0,0.0,2015-2019,Pre-Pandemia
Sweden,SWE,2015,Cars,PHEV,0.0,5700.0,0.0,9800.0,0.0,0.0,2015-2019,Pre-Pandemia
Sweden,SWE,2015,EV,Publicly available slow,1100.0,0.0,0.0,0.0,0.0,0.0,2015-2019,Pre-Pandemia
Sweden,SWE,2015,Vans,BEV,0.0,320.0,0.0,1200.0,0.0,0.0,2015-2019,Pre-Pandemia
Sweden,SWE,2015,Vans,EV,0.0,0.0,0.72000002861023,0.0,0.239999994635582,0.0,2015-2019,Pre-Pandemia
Sweden,SWE,2015,Vans,PHEV,0.0,7.0,0.0,7.0,0.0,0.0,2015-2019,Pre-Pandemia
Sweden,SWE,2016,Buses,BEV,0.0,33.0,0.0,42.0,0.0,0.0,2015-2019,Pre-Pandemia
Sweden,SWE,2016,Buses,EV,0.0,0.0,3.79999995231628,0.0,0.5,0.0,2015-2019,Pre-Pandemia
Sweden,SWE,2016,Buses,PHEV,0.0,17.0,0.0,22.0,0.0,0.0,2015-2019,Pre-Pandemia
Sweden,SWE,2016,Cars,BEV,0.0,2900.0,0.0,7500.0,0.0,0.0,2015-2019,Pre-Pandemia
Sweden,SWE,2016,Cars,EV,0.0,0.0,3.40000009536743,0.0,0.550000011920929,0.0,2015-2019,Pre-Pandemia
Sweden,SWE,2016,Cars,FCEV,0.0,3.0,0.0,7.0,0.0,0.0,2015-2019,Pre-Pandemia
Sweden,SWE,2016,Cars,PHEV,0.0,10000.0,0.0,19000.0,0.0,0.0,2015-2019,Pre-Pandemia
Sweden,SWE,2016,EV,Publicly available slow,1700.0,0.0,0.0,0.0,0.0,0.0,2015-2019,Pre-Pandemia
Sweden,SWE,2016,Vans,BEV,0.0,45.0,0.0,1600.0,0.0,0.0,2015-2019,Pre-Pandemia
Sweden,SWE,2016,Vans,EV,0.0,0.0,0.083999998867512,0.0,0.28999999165535,0.0,2015-2019,Pre-Pandemia
Sweden,SWE,2016,Vans,PHEV,0.0,0.0,0.0,7.0,0.0,0.0,2015-2019,Pre-Pandemia
Sweden,SWE,2017,Buses,BEV,0.0,12.0,0.0,54.0,0.0,0.0,2015-2019,Pre-Pandemia
Sweden,SWE,2017,Buses,EV,0.0,0.0,0.910000026226044,0.0,0.649999976158142,0.0,2015-2019,Pre-Pandemia
Sweden,SWE,2017,Buses,PHEV,0.0,0.0,0.0,32.0,0.0,0.0,2015-2019,Pre-Pandemia
Sweden,SWE,2017,Cars,BEV,0.0,4400.0,0.0,11000.0,0.0,0.0,2015-2019,Pre-Pandemia
Sweden,SWE,2017,Cars,EV,0.0,0.0,5.09999990463257,0.0,0.889999985694885,0.0,2015-2019,Pre-Pandemia
Sweden,SWE,2017,Cars,FCEV,0.0,14.0,0.0,21.0,0.0,0.0,2015-2019,Pre-Pandemia
Sweden,SWE,2017,Cars,PHEV,0.0,16000.0,0.0,32000.0,0.0,0.0,2015-2019,Pre-Pandemia
Sweden,SWE,2017,EV,Publicly available fast,790.0,0.0,0.0,0.0,0.0,0.0,2015-2019,Pre-Pandemia
Sweden,SWE,2017,EV,Publicly available slow,3400.0,0.0,0.0,0.0,0.0,0.0,2015-2019,Pre-Pandemia
Sweden,SWE,2017,Trucks,BEV,0.0,0.0,0.0,1.0,0.0,0.0,2015-2019,Pre-Pandemia
Sweden,SWE,2017,Trucks,EV,0.0,0.0,0.0,0.0,0.001200000056997,0.0,2015-2019,Pre-Pandemia
Sweden,SWE,2017,Vans,BEV,0.0,200.0,0.0,1900.0,0.0,0.0,2015-2019,Pre-Pandemia
Sweden,SWE,2017,Vans,EV,0.0,0.0,0.340000003576279,0.0,0.349999994039536,0.0,2015-2019,Pre-Pandemia
Sweden,SWE,2017,Vans,PHEV,0.0,0.0,0.0,7.0,0.0,0.0,2015-2019,Pre-Pandemia
Sweden,SWE,2018,Buses,BEV,0.0,36.0,0.0,90.0,0.0,0.0,2015-2019,Pre-Pandemia
Sweden,SWE,2018,Buses,EV,0.0,0.0,4.09999990463257,0.0,1.39999997615814,0.0,2015-2019,Pre-Pandemia
Sweden,SWE,2018,Buses,PHEV,0.0,0.0,0.0,93.0,0.0,0.0,2015-2019,Pre-Pandemia
Sweden,SWE,2018,Cars,BEV,0.0,7100.0,0.0,17000.0,0.0,0.0,2015-2019,Pre-Pandemia
Sweden,SWE,2018,Cars,EV,0.0,0.0,7.59999990463257,0.0,1.29999995231628,0.0,2015-2019,Pre-Pandemia
Sweden,SWE,2018,Cars,FCEV,0.0,0.0,0.0,21.0,0.0,0.0,2015-2019,Pre-Pandemia
Sweden,SWE,2018,Cars,PHEV,0.0,22000.0,0.0,49000.0,0.0,0.0,2015-2019,Pre-Pandemia
Sweden,SWE,2018,EV,Publicly available fast,1000.0,0.0,0.0,0.0,0.0,0.0,2015-2019,Pre-Pandemia
Sweden,SWE,2018,EV,Publicly available slow,5500.0,0.0,0.0,0.0,0.0,0.0,2015-2019,Pre-Pandemia
Sweden,SWE,2018,Trucks,BEV,0.0,4.0,0.0,4.0,0.0,0.0,2015-2019,Pre-Pandemia
Sweden,SWE,2018,Trucks,EV,0.0,0.0,0.046000000089407,0.0,0.004900000058115,0.0,2015-2019,Pre-Pandemia
Sweden,SWE,2018,Vans,BEV,0.0,760.0,0.0,2700.0,0.0,0.0,2015-2019,Pre-Pandemia
Sweden,SWE,2018,Vans,EV,0.0,0.0,1.29999995231628,0.0,0.469999998807907,0.0,2015-2019,Pre-Pandemia
Sweden,SWE,2018,Vans,PHEV,0.0,9.0,0.0,16.0,0.0,0.0,2015-2019,Pre-Pandemia
Sweden,SWE,2019,Buses,BEV,0.0,98.0,0.0,190.0,0.0,0.0,2015-2019,Pre-Pandemia
Sweden,SWE,2019,Buses,EV,0.0,0.0,7.40000009536743,0.0,2.09999990463257,0.0,2015-2019,Pre-Pandemia
Sweden,SWE,2019,Buses,PHEV,0.0,0.0,0.0,93.0,0.0,0.0,2015-2019,Pre-Pandemia
Sweden,SWE,2019,Cars,BEV,0.0,16000.0,0.0,30000.0,0.0,0.0,2015-2019,Pre-Pandemia
Sweden,SWE,2019,Cars,EV,0.0,0.0,11.0,0.0,2.0,0.0,2015-2019,Pre-Pandemia
Sweden,SWE,2019,Cars,FCEV,0.0,2.0,0.0,42.0,0.0,0.0,2015-2019,Pre-Pandemia
Sweden,SWE,2019,Cars,PHEV,0.0,25000.0,0.0,67000.0,0.0,0.0,2015-2019,Pre-Pandemia
Sweden,SWE,2019,EV,Publicly available fast,1200.0,0.0,0.0,0.0,0.0,0.0,2015-2019,Pre-Pandemia
Sweden,SWE,2019,EV,Publicly available slow,7800.0,0.0,0.0,0.0,0.0,0.0,2015-2019,Pre-Pandemia
Sweden,SWE,2019,Trucks,BEV,0.0,4.0,0.0,11.0,0.0,0.0,2015-2019,Pre-Pandemia
Sweden,SWE,2019,Trucks,EV,0.0,0.0,0.043000001460314,0.0,0.013000000268221,0.0,2015-2019,Pre-Pandemia
Sweden,SWE,2019,Vans,BEV,0.0,1400.0,0.0,3900.0,0.0,0.0,2015-2019,Pre-Pandemia
Sweden,SWE,2019,Vans,EV,0.0,0.0,2.5,0.0,0.680000007152557,0.0,2015-2019,Pre-Pandemia
Sweden,SWE,2019,Vans,PHEV,0.0,0.0,0.0,4.0,0.0,0.0,2015-2019,Pre-Pandemia
Sweden,SWE,2020,Buses,BEV,0.0,160.0,0.0,350.0,0.0,0.0,2020-2023,Pandemia
Sweden,SWE,2020,Buses,EV,0.0,0.0,9.89999961853027,0.0,3.70000004768372,0.0,2020-2023,Pandemia
Sweden,SWE,2020,Buses,PHEV,0.0,0.0,0.0,93.0,0.0,0.0,2020-2023,Pandemia
Sweden,SWE,2020,Cars,BEV,0.0,28000.0,0.0,56000.0,0.0,0.0,2020-2023,Pandemia
Sweden,SWE,2020,Cars,EV,0.0,0.0,32.0,0.0,3.59999990463257,0.0,2020-2023,Pandemia
Sweden,SWE,2020,Cars,FCEV,0.0,5.0,0.0,47.0,0.0,0.0,2020-2023,Pandemia
Sweden,SWE,2020,Cars,PHEV,0.0,66000.0,0.0,120000.0,0.0,0.0,2020-2023,Pandemia
Sweden,SWE,2020,EV,Publicly available fast,1400.0,0.0,0.0,0.0,0.0,0.0,2020-2023,Pandemia
Sweden,SWE,2020,EV,Publicly available slow,9800.0,0.0,0.0,0.0,0.0,0.0,2020-2023,Pandemia
Sweden,SWE,2020,Trucks,BEV,0.0,24.0,0.0,58.0,0.0,0.0,2020-2023,Pandemia
Sweden,SWE,2020,Trucks,EV,0.0,0.0,0.349999994039536,0.0,0.071000002324581,0.0,2020-2023,Pandemia
Sweden,SWE,2020,Vans,BEV,0.0,2100.0,0.0,5900.0,0.0,0.0,2020-2023,Pandemia
Sweden,SWE,2020,Vans,EV,0.0,0.0,6.09999990463257,0.0,1.10000002384186,0.0,2020-2023,Pandemia
Sweden,SWE,2020,Vans,PHEV,0.0,0.0,0.0,880.0,0.0,0.0,2020-2023,Pandemia
Sweden,SWE,2021,Buses,BEV,0.0,180.0,0.0,530.0,0.0,0.0,2020-2023,Pandemia
Sweden,SWE,2021,Buses,EV,0.0,0.0,25.0,0.0,5.19999980926514,0.0,2020-2023,Pandemia
Sweden,SWE,2021,Buses,FCEV,0.0,2.0,0.0,2.0,0.0,0.0,2020-2023,Pandemia
Sweden,SWE,2021,Buses,PHEV,0.0,0.0,0.0,93.0,0.0,0.0,2020-2023,Pandemia
Sweden,SWE,2021,Cars,BEV,0.0,57000.0,0.0,110000.0,0.0,0.0,2020-2023,Pandemia
Sweden,SWE,2021,Cars,EV,0.0,0.0,43.0,0.0,6.0,0.0,2020-2023,Pandemia
Sweden,SWE,2021,Cars,FCEV,0.0,16.0,0.0,63.0,0.0,0.0,2020-2023,Pandemia
Sweden,SWE,2021,Cars,PHEV,0.0,78000.0,0.0,190000.0,0.0,0.0,2020-2023,Pandemia
Sweden,SWE,2021,EV,Publicly available fast,1700.0,0.0,0.0,0.0,0.0,0.0,2020-2023,Pandemia
Sweden,SWE,2021,EV,Publicly available slow,12000.0,0.0,0.0,0.0,0.0,0.0,2020-2023,Pandemia
Sweden,SWE,2021,Trucks,BEV,0.0,100.0,0.0,140.0,0.0,0.0,2020-2023,Pandemia
Sweden,SWE,2021,Trucks,EV,0.0,0.0,1.29999995231628,0.0,0.170000001788139,0.0,2020-2023,Pandemia
Sweden,SWE,2021,Vans,BEV,0.0,2600.0,0.0,8400.0,0.0,0.0,2020-2023,Pandemia
Sweden,SWE,2021,Vans,EV,0.0,0.0,6.80000019073486,0.0,1.39999997615814,0.0,2020-2023,Pandemia
Sweden,SWE,2021,Vans,PHEV,0.0,0.0,0.0,160.0,0.0,0.0,2020-2023,Pandemia
Sweden,SWE,2022,Buses,BEV,0.0,210.0,0.0,920.0,0.0,0.0,2020-2023,Post-Pandemia
Sweden,SWE,2022,Buses,EV,0.0,0.0,17.0,0.0,8.5,0.0,2020-2023,Post-Pandemia
Sweden,SWE,2022,Buses,FCEV,0.0,0.0,0.0,2.0,0.0,0.0,2020-2023,Post-Pandemia
Sweden,SWE,2022,Buses,PHEV,0.0,0.0,0.0,93.0,0.0,0.0,2020-2023,Post-Pandemia
Sweden,SWE,2022,Cars,BEV,0.0,96000.0,0.0,200000.0,0.0,0.0,2020-2023,Post-Pandemia
Sweden,SWE,2022,Cars,EV,0.0,0.0,54.0,0.0,8.69999980926514,0.0,2020-2023,Post-Pandemia
Sweden,SWE,2022,Cars,FCEV,0.0,2.0,0.0,65.0,0.0,0.0,2020-2023,Post-Pandemia
Sweden,SWE,2022,Cars,PHEV,0.0,67000.0,0.0,240000.0,0.0,0.0,2020-2023,Post-Pandemia
Sweden,SWE,2022,EV,Publicly available fast,2600.0,0.0,0.0,0.0,0.0,0.0,2020-2023,Post-Pandemia
Sweden,SWE,2022,EV,Publicly available slow,15000.0,0.0,0.0,0.0,0.0,0.0,2020-2023,Post-Pandemia
Sweden,SWE,2022,Trucks,BEV,0.0,340.0,0.0,290.0,0.0,0.0,2020-2023,Post-Pandemia
Sweden,SWE,2022,Trucks,EV,0.0,0.0,4.30000019073486,0.0,0.360000014305115,0.0,2020-2023,Post-Pandemia
Sweden,SWE,2022,Trucks,PHEV,0.0,7.0,0.0,8.0,0.0,0.0,2020-2023,Post-Pandemia
Sweden,SWE,2022,Vans,BEV,0.0,5000.0,0.0,13000.0,0.0,0.0,2020-2023,Post-Pandemia
Sweden,SWE,2022,Vans,EV,0.0,0.0,13.0,0.0,2.29999995231628,0.0,2020-2023,Post-Pandemia
Sweden,SWE,2022,Vans,PHEV,0.0,0.0,0.0,420.0,0.0,0.0,2020-2023,Post-Pandemia
Sweden,SWE,2023,Buses,BEV,0.0,310.0,0.0,1200.0,0.0,0.0,2020-2023,Post-Pandemia
Sweden,SWE,2023,Buses,EV,0.0,0.0,25.0,0.0,10.0,0.0,2020-2023,Post-Pandemia
Sweden,SWE,2023,Buses,FCEV,0.0,8.0,0.0,10.0,0.0,0.0,2020-2023,Post-Pandemia
Sweden,SWE,2023,Buses,PHEV,0.0,0.0,0.0,22.0,0.0,0.0,2020-2023,Post-Pandemia
Sweden,SWE,2023,Cars,BEV,0.0,110000.0,0.0,290000.0,0.0,0.0,2020-2023,Post-Pandemia
Sweden,SWE,2023,Cars,EV,0.0,0.0,60.0,0.0,11.0,0.0,2020-2023,Post-Pandemia
Sweden,SWE,2023,Cars,FCEV,0.0,2.0,0.0,48.0,0.0,0.0,2020-2023,Post-Pandemia
Sweden,SWE,2023,Cars,PHEV,0.0,61000.0,0.0,270000.0,0.0,0.0,2020-2023,Post-Pandemia
Sweden,SWE,2023,EV,Publicly available fast,4500.0,0.0,0.0,0.0,0.0,0.0,2020-2023,Post-Pandemia
Sweden,SWE,2023,EV,Publicly available slow,30000.0,0.0,0.0,0.0,0.0,0.0,2020-2023,Post-Pandemia
Sweden,SWE,2023,Trucks,BEV,0.0,290.0,0.0,700.0,0.0,0.0,2020-2023,Post-Pandemia
Sweden,SWE,2023,Trucks,EV,0.0,0.0,3.40000009536743,0.0,0.839999973773956,0.0,2020-2023,Post-Pandemia
Sweden,SWE,2023,Trucks,PHEV,0.0,0.0,0.0,7.0,0.0,0.0,2020-2023,Post-Pandemia
Sweden,SWE,2023,Vans,BEV,0.0,8700.0,0.0,21000.0,0.0,0.0,2020-2023,Post-Pandemia
Sweden,SWE,2023,Vans,EV,0.0,0.0,19.0,0.0,3.5,0.0,2020-2023,Post-Pandemia
Sweden,SWE,2023,Vans,PHEV,0.0,5.0,0.0,430.0,0.0,0.0,2020-2023,Post-Pandemia
Switzerland,CHE,2011,Cars,BEV,0.0,400.0,0.0,400.0,0.0,0.0,2010-2014,Pre-Pandemia
Switzerland,CHE,2011,Cars,EV,0.0,0.0,0.140000000596046,0.0,0.009999999776483,0.0,2010-2014,Pre-Pandemia
Switzerland,CHE,2011,Cars,PHEV,0.0,41.0,0.0,41.0,0.0,0.0,2010-2014,Pre-Pandemia
Switzerland,CHE,2012,Cars,BEV,0.0,340.0,0.0,740.0,0.0,0.0,2010-2014,Pre-Pandemia
Switzerland,CHE,2012,Cars,EV,0.0,0.0,0.230000004172325,0.0,0.028000000864267,0.0,2010-2014,Pre-Pandemia
Switzerland,CHE,2012,Cars,PHEV,0.0,400.0,0.0,440.0,0.0,0.0,2010-2014,Pre-Pandemia
Switzerland,CHE,2012,EV,Publicly available fast,4.0,0.0,0.0,0.0,0.0,0.0,2010-2014,Pre-Pandemia
Switzerland,CHE,2012,EV,Publicly available slow,400.0,0.0,0.0,0.0,0.0,0.0,2010-2014,Pre-Pandemia
Switzerland,CHE,2012,Vans,BEV,0.0,120.0,0.0,120.0,0.0,0.0,2010-2014,Pre-Pandemia
Switzerland,CHE,2012,Vans,EV,0.0,0.0,0.379999995231628,0.0,0.03999999910593,0.0,2010-2014,Pre-Pandemia
Switzerland,CHE,2013,Cars,BEV,0.0,1200.0,0.0,1900.0,0.0,0.0,2010-2014,Pre-Pandemia
Switzerland,CHE,2013,Cars,EV,0.0,0.0,0.430000007152557,0.0,0.05799999833107,0.0,2010-2014,Pre-Pandemia
Switzerland,CHE,2013,Cars,PHEV,0.0,170.0,0.0,600.0,0.0,0.0,2010-2014,Pre-Pandemia
Switzerland,CHE,2013,EV,Publicly available fast,27.0,0.0,0.0,0.0,0.0,0.0,2010-2014,Pre-Pandemia
Switzerland,CHE,2013,EV,Publicly available slow,600.0,0.0,0.0,0.0,0.0,0.0,2010-2014,Pre-Pandemia
Switzerland,CHE,2013,Vans,BEV,0.0,110.0,0.0,230.0,0.0,0.0,2010-2014,Pre-Pandemia
Switzerland,CHE,2013,Vans,EV,0.0,0.0,0.379999995231628,0.0,0.071999996900559,0.0,2010-2014,Pre-Pandemia
Switzerland,CHE,2014,Cars,BEV,0.0,2700.0,0.0,4600.0,0.0,0.0,2010-2014,Pre-Pandemia
Switzerland,CHE,2014,Cars,EV,0.0,0.0,0.959999978542328,0.0,0.119999997317791,0.0,2010-2014,Pre-Pandemia
Switzerland,CHE,2014,Cars,PHEV,0.0,200.0,0.0,810.0,0.0,0.0,2010-2014,Pre-Pandemia
Switzerland,CHE,2014,EV,Publicly available fast,99.0,0.0,0.0,0.0,0.0,0.0,2010-2014,Pre-Pandemia
Switzerland,CHE,2014,EV,Publicly available slow,1300.0,0.0,0.0,0.0,0.0,0.0,2010-2014,Pre-Pandemia
Switzerland,CHE,2014,Vans,BEV,0.0,52.0,0.0,290.0,0.0,0.0,2010-2014,Pre-Pandemia
Switzerland,CHE,2014,Vans,EV,0.0,0.0,0.180000007152557,0.0,0.08500000089407,0.0,2010-2014,Pre-Pandemia
Switzerland,CHE,2015,Buses,EV,0.0,0.0,0.0,0.0,0.129999995231628,0.0,2015-2019,Pre-Pandemia
Switzerland,CHE,2015,Buses,PHEV,0.0,0.0,0.0,11.0,0.0,0.0,2015-2019,Pre-Pandemia
Switzerland,CHE,2015,Cars,BEV,0.0,3300.0,0.0,7800.0,0.0,0.0,2015-2019,Pre-Pandemia
Switzerland,CHE,2015,Cars,EV,0.0,0.0,1.70000004768372,0.0,0.25,0.0,2015-2019,Pre-Pandemia
Switzerland,CHE,2015,Cars,FCEV,0.0,10.0,0.0,10.0,0.0,0.0,2015-2019,Pre-Pandemia
Switzerland,CHE,2015,Cars,PHEV,0.0,2400.0,0.0,3200.0,0.0,0.0,2015-2019,Pre-Pandemia
Switzerland,CHE,2015,EV,Publicly available fast,260.0,0.0,0.0,0.0,0.0,0.0,2015-2019,Pre-Pandemia
Switzerland,CHE,2015,EV,Publicly available slow,3400.0,0.0,0.0,0.0,0.0,0.0,2015-2019,Pre-Pandemia
Switzerland,CHE,2015,Vans,BEV,0.0,160.0,0.0,440.0,0.0,0.0,2015-2019,Pre-Pandemia
Switzerland,CHE,2015,Vans,EV,0.0,0.0,0.509999990463257,0.0,0.129999995231628,0.0,2015-2019,Pre-Pandemia
Switzerland,CHE,2016,Buses,BEV,0.0,5.0,0.0,5.0,0.0,0.0,2015-2019,Pre-Pandemia
Switzerland,CHE,2016,Buses,EV,0.0,0.0,0.610000014305115,0.0,0.219999998807907,0.0,2015-2019,Pre-Pandemia
Switzerland,CHE,2016,Buses,FCEV,0.0,5.0,0.0,4.0,0.0,0.0,2015-2019,Pre-Pandemia
Switzerland,CHE,2016,Buses,PHEV,0.0,0.0,0.0,14.0,0.0,0.0,2015-2019,Pre-Pandemia
Switzerland,CHE,2016,Cars,BEV,0.0,3300.0,0.0,11000.0,0.0,0.0,2015-2019,Pre-Pandemia
Switzerland,CHE,2016,Cars,EV,0.0,0.0,1.89999997615814,0.0,0.360000014305115,0.0,2015-2019,Pre-Pandemia
Switzerland,CHE,2016,Cars,FCEV,0.0,26.0,0.0,36.0,0.0,0.0,2015-2019,Pre-Pandemia
Switzerland,CHE,2016,Cars,PHEV,0.0,2800.0,0.0,5000.0,0.0,0.0,2015-2019,Pre-Pandemia
Switzerland,CHE,2016,EV,Publicly available fast,350.0,0.0,0.0,0.0,0.0,0.0,2015-2019,Pre-Pandemia
Switzerland,CHE,2016,EV,Publicly available slow,3500.0,0.0,0.0,0.0,0.0,0.0,2015-2019,Pre-Pandemia
Switzerland,CHE,2016,Vans,BEV,0.0,85.0,0.0,540.0,0.0,0.0,2015-2019,Pre-Pandemia
Switzerland,CHE,2016,Vans,EV,0.0,0.0,0.280000001192093,0.0,0.150000005960464,0.0,2015-2019,Pre-Pandemia
Switzerland,CHE,2017,Buses,BEV,0.0,2.0,0.0,7.0,0.0,0.0,2015-2019,Pre-Pandemia
Switzerland,CHE,2017,Buses,EV,0.0,0.0,0.25,0.0,0.490000009536743,0.0,2015-2019,Pre-Pandemia
Switzerland,CHE,2017,Buses,FCEV,0.0,0.0,0.0,10.0,0.0,0.0,2015-2019,Pre-Pandemia
Switzerland,CHE,2017,Buses,PHEV,0.0,0.0,0.0,35.0,0.0,0.0,2015-2019,Pre-Pandemia
Switzerland,CHE,2017,Cars,BEV,0.0,4800.0,0.0,16000.0,0.0,0.0,2015-2019,Pre-Pandemia
Switzerland,CHE,2017,Cars,EV,0.0,0.0,2.70000004768372,0.0,0.540000021457672,0.0,2015-2019,Pre-Pandemia
Switzerland,CHE,2017,Cars,FCEV,0.0,1.0,0.0,37.0,0.0,0.0,2015-2019,Pre-Pandemia
Switzerland,CHE,2017,Cars,PHEV,0.0,3600.0,0.0,9000.0,0.0,0.0,2015-2019,Pre-Pandemia
Switzerland,CHE,2017,EV,Publicly available fast,580.0,0.0,0.0,0.0,0.0,0.0,2015-2019,Pre-Pandemia
Switzerland,CHE,2017,EV,Publicly available slow,3500.0,0.0,0.0,0.0,0.0,0.0,2015-2019,Pre-Pandemia
Switzerland,CHE,2017,Vans,BEV,0.0,220.0,0.0,620.0,0.0,0.0,2015-2019,Pre-Pandemia
Switzerland,CHE,2017,Vans,EV,0.0,0.0,0.670000016689301,0.0,0.170000001788139,0.0,2015-2019,Pre-Pandemia
Switzerland,CHE,2018,Buses,BEV,0.0,18.0,0.0,17.0,0.0,0.0,2015-2019,Pre-Pandemia
Switzerland,CHE,2018,Buses,EV,0.0,0.0,2.29999995231628,0.0,0.589999973773956,0.0,2015-2019,Pre-Pandemia
Switzerland,CHE,2018,Buses,FCEV,0.0,10.0,0.0,20.0,0.0,0.0,2015-2019,Pre-Pandemia
Switzerland,CHE,2018,Buses,PHEV,0.0,0.0,0.0,35.0,0.0,0.0,2015-2019,Pre-Pandemia
Switzerland,CHE,2018,Cars,BEV,0.0,5100.0,0.0,21000.0,0.0,0.0,2015-2019,Pre-Pandemia
Switzerland,CHE,2018,Cars,EV,0.0,0.0,3.20000004768372,0.0,0.769999980926514,0.0,2015-2019,Pre-Pandemia
Switzerland,CHE,2018,Cars,FCEV,0.0,22.0,0.0,59.0,0.0,0.0,2015-2019,Pre-Pandemia
Switzerland,CHE,2018,Cars,PHEV,0.0,4400.0,0.0,14000.0,0.0,0.0,2015-2019,Pre-Pandemia
Switzerland,CHE,2018,EV,Publicly available fast,740.0,0.0,0.0,0.0,0.0,0.0,2015-2019,Pre-Pandemia
Switzerland,CHE,2018,EV,Publicly available slow,4400.0,0.0,0.0,0.0,0.0,0.0,2015-2019,Pre-Pandemia
Switzerland,CHE,2018,Vans,BEV,0.0,300.0,0.0,1000.0,0.0,0.0,2015-2019,Pre-Pandemia
Switzerland,CHE,2018,Vans,EV,0.0,0.0,0.899999976158142,0.0,0.259999990463257,0.0,2015-2019,Pre-Pandemia
Switzerland,CHE,2019,Buses,BEV,0.0,10.0,0.0,26.0,0.0,0.0,2015-2019,Pre-Pandemia
Switzerland,CHE,2019,Buses,EV,0.0,0.0,1.29999995231628,0.0,0.680000007152557,0.0,2015-2019,Pre-Pandemia
Switzerland,CHE,2019,Buses,FCEV,0.0,0.0,0.0,20.0,0.0,0.0,2015-2019,Pre-Pandemia
Switzerland,CHE,2019,Buses,PHEV,0.0,0.0,0.0,35.0,0.0,0.0,2015-2019,Pre-Pandemia
Switzerland,CHE,2019,Cars,BEV,0.0,13000.0,0.0,34000.0,0.0,0.0,2015-2019,Pre-Pandemia
Switzerland,CHE,2019,Cars,EV,0.0,0.0,5.59999990463257,0.0,1.10000002384186,0.0,2015-2019,Pre-Pandemia
Switzerland,CHE,2019,Cars,FCEV,0.0,25.0,0.0,84.0,0.0,0.0,2015-2019,Pre-Pandemia
Switzerland,CHE,2019,Cars,PHEV,0.0,4300.0,0.0,16000.0,0.0,0.0,2015-2019,Pre-Pandemia
Switzerland,CHE,2019,EV,Publicly available fast,920.0,0.0,0.0,0.0,0.0,0.0,2015-2019,Pre-Pandemia
Switzerland,CHE,2019,EV,Publicly available slow,5400.0,0.0,0.0,0.0,0.0,0.0,2015-2019,Pre-Pandemia
Switzerland,CHE,2019,Trucks,BEV,0.0,36.0,0.0,0.0,0.0,0.0,2015-2019,Pre-Pandemia
Switzerland,CHE,2019,Trucks,EV,0.0,0.0,0.790000021457672,0.0,0.0,0.0,2015-2019,Pre-Pandemia
Switzerland,CHE,2019,Vans,BEV,0.0,580.0,0.0,1600.0,0.0,0.0,2015-2019,Pre-Pandemia
Switzerland,CHE,2019,Vans,EV,0.0,0.0,1.60000002384186,0.0,0.409999996423721,0.0,2015-2019,Pre-Pandemia
Switzerland,CHE,2020,Buses,BEV,0.0,22.0,0.0,48.0,0.0,0.0,2020-2023,Pandemia
Switzerland,CHE,2020,Buses,EV,0.0,0.0,3.29999995231628,0.0,1.0,0.0,2020-2023,Pandemia
Switzerland,CHE,2020,Buses,FCEV,0.0,0.0,0.0,20.0,0.0,0.0,2020-2023,Pandemia
Switzerland,CHE,2020,Buses,PHEV,0.0,0.0,0.0,35.0,0.0,0.0,2020-2023,Pandemia
Switzerland,CHE,2020,Cars,BEV,0.0,20000.0,0.0,54000.0,0.0,0.0,2020-2023,Pandemia
Switzerland,CHE,2020,Cars,EV,0.0,0.0,14.0,0.0,1.79999995231628,0.0,2020-2023,Pandemia
Switzerland,CHE,2020,Cars,FCEV,0.0,0.0,0.0,84.0,0.0,0.0,2020-2023,Pandemia
Switzerland,CHE,2020,Cars,PHEV,0.0,14000.0,0.0,30000.0,0.0,0.0,2020-2023,Pandemia
Switzerland,CHE,2020,EV,Publicly available fast,1000.0,0.0,0.0,0.0,0.0,0.0,2020-2023,Pandemia
Switzerland,CHE,2020,EV,Publicly available slow,6700.0,0.0,0.0,0.0,0.0,0.0,2020-2023,Pandemia
Switzerland,CHE,2020,Trucks,BEV,0.0,38.0,0.0,0.0,0.0,0.0,2020-2023,Pandemia
Switzerland,CHE,2020,Trucks,EV,0.0,0.0,0.959999978542328,0.0,0.0,0.0,2020-2023,Pandemia
Switzerland,CHE,2020,Trucks,FCEV,0.0,20.0,0.0,0.0,0.0,0.0,2020-2023,Pandemia
Switzerland,CHE,2020,Vans,BEV,0.0,780.0,0.0,2400.0,0.0,0.0,2020-2023,Pandemia
Switzerland,CHE,2020,Vans,EV,0.0,0.0,2.79999995231628,0.0,0.579999983310699,0.0,2020-2023,Pandemia
Switzerland,CHE,2020,Vans,PHEV,0.0,9.0,0.0,9.0,0.0,0.0,2020-2023,Pandemia
Switzerland,CHE,2021,Buses,BEV,0.0,55.0,0.0,91.0,0.0,0.0,2020-2023,Pandemia
Switzerland,CHE,2021,Buses,EV,0.0,0.0,6.80000019073486,0.0,1.39999997615814,0.0,2020-2023,Pandemia
Switzerland,CHE,2021,Buses,FCEV,0.0,0.0,0.0,20.0,0.0,0.0,2020-2023,Pandemia
Switzerland,CHE,2021,Buses,PHEV,0.0,0.0,0.0,35.0,0.0,0.0,2020-2023,Pandemia
Switzerland,CHE,2021,Cars,BEV,0.0,32000.0,0.0,86000.0,0.0,0.0,2020-2023,Pandemia
Switzerland,CHE,2021,Cars,EV,0.0,0.0,23.0,0.0,2.90000009536743,0.0,2020-2023,Pandemia
Switzerland,CHE,2021,Cars,FCEV,0.0,56.0,0.0,140.0,0.0,0.0,2020-2023,Pandemia
Switzerland,CHE,2021,Cars,PHEV,0.0,22000.0,0.0,53000.0,0.0,0.0,2020-2023,Pandemia
Switzerland,CHE,2021,EV,Publicly available fast,1900.0,0.0,0.0,0.0,0.0,0.0,2020-2023,Pandemia
Switzerland,CHE,2021,EV,Publicly available slow,8200.0,0.0,0.0,0.0,0.0,0.0,2020-2023,Pandemia
Switzerland,CHE,2021,Trucks,BEV,0.0,50.0,0.0,0.0,0.0,0.0,2020-2023,Pandemia
Switzerland,CHE,2021,Trucks,EV,0.0,0.0,1.29999995231628,0.0,0.0,0.0,2020-2023,Pandemia
Switzerland,CHE,2021,Trucks,FCEV,0.0,60.0,0.0,0.0,0.0,0.0,2020-2023,Pandemia
Switzerland,CHE,2021,Vans,BEV,0.0,1300.0,0.0,3700.0,0.0,0.0,2020-2023,Pandemia
Switzerland,CHE,2021,Vans,EV,0.0,0.0,3.90000009536743,0.0,0.920000016689301,0.0,2020-2023,Pandemia
Switzerland,CHE,2021,Vans,PHEV,0.0,170.0,0.0,180.0,0.0,0.0,2020-2023,Pandemia
Switzerland,CHE,2022,Buses,BEV,0.0,110.0,0.0,150.0,0.0,0.0,2020-2023,Post-Pandemia
Switzerland,CHE,2022,Buses,EV,0.0,0.0,23.0,0.0,2.0,0.0,2020-2023,Post-Pandemia
Switzerland,CHE,2022,Buses,FCEV,0.0,0.0,0.0,20.0,0.0,0.0,2020-2023,Post-Pandemia
Switzerland,CHE,2022,Buses,PHEV,0.0,1.0,0.0,35.0,0.0,0.0,2020-2023,Post-Pandemia
Switzerland,CHE,2022,Cars,BEV,0.0,40000.0,0.0,130000.0,0.0,0.0,2020-2023,Post-Pandemia
Switzerland,CHE,2022,Cars,EV,0.0,0.0,26.0,0.0,4.19999980926514,0.0,2020-2023,Post-Pandemia
Switzerland,CHE,2022,Cars,FCEV,0.0,72.0,0.0,210.0,0.0,0.0,2020-2023,Post-Pandemia
Switzerland,CHE,2022,Cars,PHEV,0.0,19000.0,0.0,71000.0,0.0,0.0,2020-2023,Post-Pandemia
Switzerland,CHE,2022,EV,Publicly available fast,2200.0,0.0,0.0,0.0,0.0,0.0,2020-2023,Post-Pandemia
Switzerland,CHE,2022,EV,Publicly available slow,10000.0,0.0,0.0,0.0,0.0,0.0,2020-2023,Post-Pandemia
Switzerland,CHE,2022,Trucks,BEV,0.0,180.0,0.0,360.0,0.0,0.0,2020-2023,Post-Pandemia
Switzerland,CHE,2022,Trucks,EV,0.0,0.0,4.90000009536743,0.0,0.610000014305115,0.0,2020-2023,Post-Pandemia
Switzerland,CHE,2022,Vans,BEV,0.0,2400.0,0.0,6500.0,0.0,0.0,2020-2023,Post-Pandemia
Switzerland,CHE,2022,Vans,EV,0.0,0.0,9.60000038146973,0.0,1.60000002384186,0.0,2020-2023,Post-Pandemia
Switzerland,CHE,2022,Vans,FCEV,0.0,0.0,0.0,10.0,0.0,0.0,2020-2023,Post-Pandemia
Switzerland,CHE,2022,Vans,PHEV,0.0,4.0,0.0,190.0,0.0,0.0,2020-2023,Post-Pandemia
Switzerland,CHE,2023,Buses,BEV,0.0,770.0,0.0,220.0,0.0,0.0,2020-2023,Post-Pandemia
Switzerland,CHE,2023,Buses,EV,0.0,0.0,65.0,0.0,2.5,0.0,2020-2023,Post-Pandemia
Switzerland,CHE,2023,Buses,FCEV,0.0,0.0,0.0,15.0,0.0,0.0,2020-2023,Post-Pandemia
Switzerland,CHE,2023,Buses,PHEV,0.0,0.0,0.0,35.0,0.0,0.0,2020-2023,Post-Pandemia
Switzerland,CHE,2023,Cars,BEV,0.0,53000.0,0.0,180000.0,0.0,0.0,2020-2023,Post-Pandemia
Switzerland,CHE,2023,Cars,EV,0.0,0.0,30.0,0.0,5.80000019073486,0.0,2020-2023,Post-Pandemia
Switzerland,CHE,2023,Cars,FCEV,0.0,27.0,0.0,240.0,0.0,0.0,2020-2023,Post-Pandemia
Switzerland,CHE,2023,Cars,PHEV,0.0,23000.0,0.0,96000.0,0.0,0.0,2020-2023,Post-Pandemia
Switzerland,CHE,2023,EV,Publicly available fast,2800.0,0.0,0.0,0.0,0.0,0.0,2020-2023,Post-Pandemia
Switzerland,CHE,2023,EV,Publicly available slow,13000.0,0.0,0.0,0.0,0.0,0.0,2020-2023,Post-Pandemia
Switzerland,CHE,2023,Trucks,BEV,0.0,380.0,0.0,680.0,0.0,0.0,2020-2023,Post-Pandemia
Switzerland,CHE,2023,Trucks,EV,0.0,0.0,8.19999980926514,0.0,1.20000004768372,0.0,2020-2023,Post-Pandemia
Switzerland,CHE,2023,Trucks,FCEV,0.0,0.0,0.0,80.0,0.0,0.0,2020-2023,Post-Pandemia
Switzerland,CHE,2023,Vans,BEV,0.0,3900.0,0.0,10000.0,0.0,0.0,2020-2023,Post-Pandemia
Switzerland,CHE,2023,Vans,EV,0.0,0.0,13.0,0.0,2.29999995231628,0.0,2020-2023,Post-Pandemia
Switzerland,CHE,2023,Vans,PHEV,0.0,0.0,0.0,190.0,0.0,0.0,2020-2023,Post-Pandemia
Thailand,THA,2017,EV,Publicly available fast,8.0,0.0,0.0,0.0,0.0,0.0,2015-2019,Pre-Pandemia
Thailand,THA,2017,EV,Publicly available slow,88.0,0.0,0.0,0.0,0.0,0.0,2015-2019,Pre-Pandemia
Thailand,THA,2018,EV,Publicly available fast,8.0,0.0,0.0,0.0,0.0,0.0,2015-2019,Pre-Pandemia
Thailand,THA,2018,EV,Publicly available slow,88.0,0.0,0.0,0.0,0.0,0.0,2015-2019,Pre-Pandemia
Thailand,THA,2019,EV,Publicly available fast,69.0,0.0,0.0,0.0,0.0,0.0,2015-2019,Pre-Pandemia
Thailand,THA,2019,EV,Publicly available slow,750.0,0.0,0.0,0.0,0.0,0.0,2015-2019,Pre-Pandemia
Thailand,THA,2020,EV,Publicly available fast,710.0,0.0,0.0,0.0,0.0,0.0,2020-2023,Pandemia
Thailand,THA,2020,EV,Publicly available slow,1200.0,0.0,0.0,0.0,0.0,0.0,2020-2023,Pandemia
Thailand,THA,2021,EV,Publicly available fast,770.0,0.0,0.0,0.0,0.0,0.0,2020-2023,Pandemia
Thailand,THA,2021,EV,Publicly available slow,1500.0,0.0,0.0,0.0,0.0,0.0,2020-2023,Pandemia
Thailand,THA,2022,EV,Publicly available fast,770.0,0.0,0.0,0.0,0.0,0.0,2020-2023,Post-Pandemia
Thailand,THA,2022,EV,Publicly available slow,1500.0,0.0,0.0,0.0,0.0,0.0,2020-2023,Post-Pandemia
Thailand,THA,2023,EV,Publicly available fast,770.0,0.0,0.0,0.0,0.0,0.0,2020-2023,Post-Pandemia
Thailand,THA,2023,EV,Publicly available slow,1500.0,0.0,0.0,0.0,0.0,0.0,2020-2023,Post-Pandemia
Turkey,TUR,2012,Cars,BEV,0.0,92.0,0.0,0.0,0.0,0.0,2010-2014,Pre-Pandemia
Turkey,TUR,2012,Cars,EV,0.0,0.0,0.016000000759959,0.0,0.0,0.0,2010-2014,Pre-Pandemia
Turkey,TUR,2013,Cars,BEV,0.0,0.0,0.0,230.0,0.0,0.0,2010-2014,Pre-Pandemia
Turkey,TUR,2013,Cars,EV,0.0,0.0,0.000119999996969,0.0,0.002499999944121,0.0,2010-2014,Pre-Pandemia
Turkey,TUR,2013,Cars,PHEV,0.0,1.0,0.0,0.0,0.0,0.0,2010-2014,Pre-Pandemia
Turkey,TUR,2013,EV,Publicly available fast,1.0,0.0,0.0,0.0,0.0,0.0,2010-2014,Pre-Pandemia
Turkey,TUR,2014,Cars,BEV,0.0,46.0,0.0,260.0,0.0,0.0,2010-2014,Pre-Pandemia
Turkey,TUR,2014,Cars,EV,0.0,0.0,0.012000000104308,0.0,0.002700000070035,0.0,2010-2014,Pre-Pandemia
Turkey,TUR,2014,Cars,PHEV,0.0,22.0,0.0,0.0,0.0,0.0,2010-2014,Pre-Pandemia
Turkey,TUR,2014,EV,Publicly available fast,1.0,0.0,0.0,0.0,0.0,0.0,2010-2014,Pre-Pandemia
Turkey,TUR,2015,Cars,BEV,0.0,120.0,0.0,370.0,0.0,0.0,2015-2019,Pre-Pandemia
Turkey,TUR,2015,Cars,EV,0.0,0.0,0.030999999493361,0.0,0.003800000064075,0.0,2015-2019,Pre-Pandemia
Turkey,TUR,2015,Cars,PHEV,0.0,110.0,0.0,0.0,0.0,0.0,2015-2019,Pre-Pandemia
Turkey,TUR,2015,EV,Publicly available fast,7.0,0.0,0.0,0.0,0.0,0.0,2015-2019,Pre-Pandemia
Turkey,TUR,2016,Cars,BEV,0.0,44.0,0.0,420.0,0.0,0.0,2015-2019,Pre-Pandemia
Turkey,TUR,2016,Cars,EV,0.0,0.0,0.013000000268221,0.0,0.006000000052154,0.0,2015-2019,Pre-Pandemia
Turkey,TUR,2016,Cars,PHEV,0.0,83.0,0.0,210.0,0.0,0.0,2015-2019,Pre-Pandemia
Turkey,TUR,2016,EV,Publicly available fast,7.0,0.0,0.0,0.0,0.0,0.0,2015-2019,Pre-Pandemia
Turkey,TUR,2016,EV,Publicly available slow,11.0,0.0,0.0,0.0,0.0,0.0,2015-2019,Pre-Pandemia
Turkey,TUR,2017,Cars,BEV,0.0,77.0,0.0,500.0,0.0,0.0,2015-2019,Pre-Pandemia
Turkey,TUR,2017,Cars,EV,0.0,0.0,0.010999999940395,0.0,0.006599999964237,0.0,2015-2019,Pre-Pandemia
Turkey,TUR,2017,Cars,PHEV,0.0,34.0,0.0,240.0,0.0,0.0,2015-2019,Pre-Pandemia
Turkey,TUR,2017,EV,Publicly available fast,7.0,0.0,0.0,0.0,0.0,0.0,2015-2019,Pre-Pandemia
Turkey,TUR,2017,EV,Publicly available slow,69.0,0.0,0.0,0.0,0.0,0.0,2015-2019,Pre-Pandemia
Turkey,TUR,2018,Cars,BEV,0.0,190.0,0.0,650.0,0.0,0.0,2015-2019,Pre-Pandemia
Turkey,TUR,2018,Cars,EV,0.0,0.0,0.043999999761582,0.0,0.008200000040233,0.0,2015-2019,Pre-Pandemia
Turkey,TUR,2018,Cars,PHEV,0.0,45.0,0.0,280.0,0.0,0.0,2015-2019,Pre-Pandemia
Turkey,TUR,2018,EV,Publicly available fast,7.0,0.0,0.0,0.0,0.0,0.0,2015-2019,Pre-Pandemia
Turkey,TUR,2018,EV,Publicly available slow,69.0,0.0,0.0,0.0,0.0,0.0,2015-2019,Pre-Pandemia
Turkey,TUR,2019,Cars,BEV,0.0,230.0,0.0,1300.0,0.0,0.0,2015-2019,Pre-Pandemia
Turkey,TUR,2019,Cars,EV,0.0,0.0,0.06700000166893,0.0,0.016000000759959,0.0,2015-2019,Pre-Pandemia
Turkey,TUR,2019,Cars,PHEV,0.0,94.0,0.0,540.0,0.0,0.0,2015-2019,Pre-Pandemia
Turkey,TUR,2019,EV,Publicly available fast,30.0,0.0,0.0,0.0,0.0,0.0,2015-2019,Pre-Pandemia
Turkey,TUR,2019,EV,Publicly available slow,150.0,0.0,0.0,0.0,0.0,0.0,2015-2019,Pre-Pandemia
Turkey,TUR,2020,Cars,BEV,0.0,890.0,0.0,2900.0,0.0,0.0,2020-2023,Pandemia
Turkey,TUR,2020,Cars,EV,0.0,0.0,0.170000001788139,0.0,0.032999999821186,0.0,2020-2023,Pandemia
Turkey,TUR,2020,Cars,PHEV,0.0,400.0,0.0,1000.0,0.0,0.0,2020-2023,Pandemia
Turkey,TUR,2020,EV,Publicly available fast,120.0,0.0,0.0,0.0,0.0,0.0,2020-2023,Pandemia
Turkey,TUR,2020,EV,Publicly available slow,1200.0,0.0,0.0,0.0,0.0,0.0,2020-2023,Pandemia
Turkey,TUR,2021,Cars,BEV,0.0,3000.0,0.0,6800.0,0.0,0.0,2020-2023,Pandemia
Turkey,TUR,2021,Cars,EV,0.0,0.0,0.550000011920929,0.0,0.068999998271465,0.0,2020-2023,Pandemia
Turkey,TUR,2021,Cars,PHEV,0.0,920.0,0.0,1800.0,0.0,0.0,2020-2023,Pandemia
Turkey,TUR,2021,EV,Publicly available fast,180.0,0.0,0.0,0.0,0.0,0.0,2020-2023,Pandemia
Turkey,TUR,2021,EV,Publicly available slow,1800.0,0.0,0.0,0.0,0.0,0.0,2020-2023,Pandemia
Turkey,TUR,2022,Cars,BEV,0.0,7000.0,0.0,14000.0,0.0,0.0,2020-2023,Post-Pandemia
Turkey,TUR,2022,Cars,EV,0.0,0.0,1.10000002384186,0.0,0.129999995231628,0.0,2020-2023,Post-Pandemia
Turkey,TUR,2022,Cars,PHEV,0.0,540.0,0.0,2300.0,0.0,0.0,2020-2023,Post-Pandemia
Turkey,TUR,2022,EV,Publicly available fast,180.0,0.0,0.0,0.0,0.0,0.0,2020-2023,Post-Pandemia
Turkey,TUR,2022,EV,Publicly available slow,1800.0,0.0,0.0,0.0,0.0,0.0,2020-2023,Post-Pandemia
Turkey,TUR,2023,Cars,BEV,0.0,66000.0,0.0,77000.0,0.0,0.0,2020-2023,Post-Pandemia
Turkey,TUR,2023,Cars,EV,0.0,0.0,10.0,0.0,0.629999995231628,0.0,2020-2023,Post-Pandemia
Turkey,TUR,2023,Cars,PHEV,0.0,2700.0,0.0,4900.0,0.0,0.0,2020-2023,Post-Pandemia
Turkey,TUR,2023,EV,Publicly available fast,800.0,0.0,0.0,0.0,0.0,0.0,2020-2023,Post-Pandemia
Turkey,TUR,2023,EV,Publicly available slow,7000.0,0.0,0.0,0.0,0.0,0.0,2020-2023,Post-Pandemia
United Arab Emirates,ARE,2018,Cars,BEV,0.0,59.0,0.0,0.0,0.0,0.0,2015-2019,Pre-Pandemia
United Arab Emirates,ARE,2018,Cars,EV,0.0,0.0,0.025000000372529,0.0,0.0,0.0,2015-2019,Pre-Pandemia
United Arab Emirates,ARE,2018,Cars,PHEV,0.0,60.0,0.0,0.0,0.0,0.0,2015-2019,Pre-Pandemia
United Arab Emirates,ARE,2019,Cars,BEV,0.0,33.0,0.0,0.0,0.0,0.0,2015-2019,Pre-Pandemia
United Arab Emirates,ARE,2019,Cars,EV,0.0,0.0,0.026000000536442,0.0,0.0,0.0,2015-2019,Pre-Pandemia
United Arab Emirates,ARE,2019,Cars,PHEV,0.0,61.0,0.0,0.0,0.0,0.0,2015-2019,Pre-Pandemia
United Arab Emirates,ARE,2020,Cars,BEV,0.0,630.0,0.0,0.0,0.0,0.0,2020-2023,Pandemia
United Arab Emirates,ARE,2020,Cars,EV,0.0,0.0,0.529999971389771,0.0,0.0,0.0,2020-2023,Pandemia
United Arab Emirates,ARE,2020,Cars,PHEV,0.0,61.0,0.0,0.0,0.0,0.0,2020-2023,Pandemia
United Arab Emirates,ARE,2021,Cars,BEV,0.0,2100.0,0.0,0.0,0.0,0.0,2020-2023,Pandemia
United Arab Emirates,ARE,2021,Cars,EV,0.0,0.0,2.59999990463257,0.0,0.0,0.0,2020-2023,Pandemia
United Arab Emirates,ARE,2021,Cars,PHEV,0.0,2000.0,0.0,0.0,0.0,0.0,2020-2023,Pandemia
United Arab Emirates,ARE,2022,Cars,BEV,0.0,15000.0,0.0,0.0,0.0,0.0,2020-2023,Post-Pandemia
United Arab Emirates,ARE,2022,Cars,EV,0.0,0.0,11.0,0.0,0.0,0.0,2020-2023,Post-Pandemia
United Arab Emirates,ARE,2022,Cars,PHEV,0.0,3900.0,0.0,0.0,0.0,0.0,2020-2023,Post-Pandemia
United Arab Emirates,ARE,2023,Cars,BEV,0.0,23000.0,0.0,0.0,0.0,0.0,2020-2023,Post-Pandemia
United Arab Emirates,ARE,2023,Cars,EV,0.0,0.0,13.0,0.0,0.0,0.0,2020-2023,Post-Pandemia
United Arab Emirates,ARE,2023,Cars,PHEV,0.0,5900.0,0.0,0.0,0.0,0.0,2020-2023,Post-Pandemia
United Kingdom,GBR,2010,Buses,BEV,0.0,4.0,0.0,80.0,0.0,0.0,2010-2014,Pre-Pandemia
United Kingdom,GBR,2010,Buses,EV,0.0,0.0,0.041999999433756,0.0,0.071999996900559,0.0,2010-2014,Pre-Pandemia
United Kingdom,GBR,2010,Cars,BEV,0.0,240.0,0.0,1500.0,0.0,0.0,2010-2014,Pre-Pandemia
United Kingdom,GBR,2010,Cars,EV,0.0,0.0,0.013000000268221,0.0,0.005299999844283,0.0,2010-2014,Pre-Pandemia
United Kingdom,GBR,2010,Cars,PHEV,0.0,21.0,0.0,21.0,0.0,0.0,2010-2014,Pre-Pandemia
United Kingdom,GBR,2010,Trucks,BEV,0.0,9.0,0.0,940.0,0.0,0.0,2010-2014,Pre-Pandemia
United Kingdom,GBR,2010,Trucks,EV,0.0,0.0,0.025000000372529,0.0,0.189999997615814,0.0,2010-2014,Pre-Pandemia
United Kingdom,GBR,2010,Vans,BEV,0.0,230.0,0.0,3700.0,0.0,0.0,2010-2014,Pre-Pandemia
United Kingdom,GBR,2010,Vans,EV,0.0,0.0,0.100000001490116,0.0,0.109999999403954,0.0,2010-2014,Pre-Pandemia
United Kingdom,GBR,2010,Vans,FCEV,0.0,0.0,0.0,4.0,0.0,0.0,2010-2014,Pre-Pandemia
United Kingdom,GBR,2011,Buses,BEV,0.0,2.0,0.0,88.0,0.0,0.0,2010-2014,Pre-Pandemia
United Kingdom,GBR,2011,Buses,EV,0.0,0.0,0.026000000536442,0.0,0.079999998211861,0.0,2010-2014,Pre-Pandemia
United Kingdom,GBR,2011,Cars,BEV,0.0,1200.0,0.0,2600.0,0.0,0.0,2010-2014,Pre-Pandemia
United Kingdom,GBR,2011,Cars,EV,0.0,0.0,0.061999998986721,0.0,0.00899999961257,0.0,2010-2014,Pre-Pandemia
United Kingdom,GBR,2011,Cars,PHEV,0.0,7.0,0.0,28.0,0.0,0.0,2010-2014,Pre-Pandemia
United Kingdom,GBR,2011,EV,Publicly available slow,1500.0,0.0,0.0,0.0,0.0,0.0,2010-2014,Pre-Pandemia
United Kingdom,GBR,2011,Trucks,BEV,0.0,5.0,0.0,860.0,0.0,0.0,2010-2014,Pre-Pandemia
United Kingdom,GBR,2011,Trucks,EV,0.0,0.0,0.012000000104308,0.0,0.150000005960464,0.0,2010-2014,Pre-Pandemia
United Kingdom,GBR,2011,Vans,BEV,0.0,220.0,0.0,3600.0,0.0,0.0,2010-2014,Pre-Pandemia
United Kingdom,GBR,2011,Vans,EV,0.0,0.0,0.08500000089407,0.0,0.098999999463558,0.0,2010-2014,Pre-Pandemia
United Kingdom,GBR,2011,Vans,FCEV,0.0,0.0,0.0,4.0,0.0,0.0,2010-2014,Pre-Pandemia
United Kingdom,GBR,2012,Buses,BEV,0.0,14.0,0.0,100.0,0.0,0.0,2010-2014,Pre-Pandemia
United Kingdom,GBR,2012,Buses,EV,0.0,0.0,0.150000005960464,0.0,0.090999998152256,0.0,2010-2014,Pre-Pandemia
United Kingdom,GBR,2012,Cars,BEV,0.0,1600.0,0.0,4100.0,0.0,0.0,2010-2014,Pre-Pandemia
United Kingdom,GBR,2012,Cars,EV,0.0,0.0,0.129999995231628,0.0,0.017000000923872,0.0,2010-2014,Pre-Pandemia
United Kingdom,GBR,2012,Cars,PHEV,0.0,970.0,0.0,990.0,0.0,0.0,2010-2014,Pre-Pandemia
United Kingdom,GBR,2012,EV,Publicly available fast,36.0,0.0,0.0,0.0,0.0,0.0,2010-2014,Pre-Pandemia
United Kingdom,GBR,2012,EV,Publicly available slow,2800.0,0.0,0.0,0.0,0.0,0.0,2010-2014,Pre-Pandemia
United Kingdom,GBR,2012,Trucks,BEV,0.0,6.0,0.0,700.0,0.0,0.0,2010-2014,Pre-Pandemia
United Kingdom,GBR,2012,Trucks,EV,0.0,0.0,0.014000000432134,0.0,0.129999995231628,0.0,2010-2014,Pre-Pandemia
United Kingdom,GBR,2012,Vans,BEV,0.0,410.0,0.0,3700.0,0.0,0.0,2010-2014,Pre-Pandemia
United Kingdom,GBR,2012,Vans,EV,0.0,0.0,0.170000001788139,0.0,0.100000001490116,0.0,2010-2014,Pre-Pandemia
United Kingdom,GBR,2012,Vans,FCEV,0.0,0.0,0.0,4.0,0.0,0.0,2010-2014,Pre-Pandemia
United Kingdom,GBR,2013,Buses,BEV,0.0,23.0,0.0,120.0,0.0,0.0,2010-2014,Pre-Pandemia
United Kingdom,GBR,2013,Buses,EV,0.0,0.0,0.259999990463257,0.0,0.109999999403954,0.0,2010-2014,Pre-Pandemia
United Kingdom,GBR,2013,Cars,BEV,0.0,2600.0,0.0,6200.0,0.0,0.0,2010-2014,Pre-Pandemia
United Kingdom,GBR,2013,Cars,EV,0.0,0.0,0.159999996423721,0.0,0.027000000700355,0.0,2010-2014,Pre-Pandemia
United Kingdom,GBR,2013,Cars,PHEV,0.0,1100.0,0.0,2000.0,0.0,0.0,2010-2014,Pre-Pandemia
United Kingdom,GBR,2013,EV,Publicly available fast,260.0,0.0,0.0,0.0,0.0,0.0,2010-2014,Pre-Pandemia
United Kingdom,GBR,2013,EV,Publicly available slow,5400.0,0.0,0.0,0.0,0.0,0.0,2010-2014,Pre-Pandemia
United Kingdom,GBR,2013,Trucks,BEV,0.0,0.0,0.0,570.0,0.0,0.0,2010-2014,Pre-Pandemia
United Kingdom,GBR,2013,Trucks,EV,0.0,0.0,0.0,0.0,0.100000001490116,0.0,2010-2014,Pre-Pandemia
United Kingdom,GBR,2013,Vans,BEV,0.0,290.0,0.0,3600.0,0.0,0.0,2010-2014,Pre-Pandemia
United Kingdom,GBR,2013,Vans,EV,0.0,0.0,0.109999999403954,0.0,0.097000002861023,0.0,2010-2014,Pre-Pandemia
United Kingdom,GBR,2013,Vans,FCEV,0.0,0.0,0.0,4.0,0.0,0.0,2010-2014,Pre-Pandemia
United Kingdom,GBR,2014,Buses,BEV,0.0,47.0,0.0,170.0,0.0,0.0,2010-2014,Pre-Pandemia
United Kingdom,GBR,2014,Buses,EV,0.0,0.0,0.540000021457672,0.0,0.150000005960464,0.0,2010-2014,Pre-Pandemia
United Kingdom,GBR,2014,Cars,BEV,0.0,6700.0,0.0,12000.0,0.0,0.0,2010-2014,Pre-Pandemia
United Kingdom,GBR,2014,Cars,EV,0.0,0.0,0.589999973773956,0.0,0.071999996900559,0.0,2010-2014,Pre-Pandemia
United Kingdom,GBR,2014,Cars,PHEV,0.0,7800.0,0.0,9700.0,0.0,0.0,2010-2014,Pre-Pandemia
United Kingdom,GBR,2014,EV,Publicly available fast,520.0,0.0,0.0,0.0,0.0,0.0,2010-2014,Pre-Pandemia
United Kingdom,GBR,2014,EV,Publicly available slow,7200.0,0.0,0.0,0.0,0.0,0.0,2010-2014,Pre-Pandemia
United Kingdom,GBR,2014,Trucks,BEV,0.0,8.0,0.0,500.0,0.0,0.0,2010-2014,Pre-Pandemia
United Kingdom,GBR,2014,Trucks,EV,0.0,0.0,0.020999999716878,0.0,0.087999999523163,0.0,2010-2014,Pre-Pandemia
United Kingdom,GBR,2014,Vans,BEV,0.0,790.0,0.0,4100.0,0.0,0.0,2010-2014,Pre-Pandemia
United Kingdom,GBR,2014,Vans,EV,0.0,0.0,0.25,0.0,0.109999999403954,0.0,2010-2014,Pre-Pandemia
United Kingdom,GBR,2014,Vans,FCEV,0.0,0.0,0.0,4.0,0.0,0.0,2010-2014,Pre-Pandemia
United Kingdom,GBR,2014,Vans,PHEV,0.0,4.0,0.0,4.0,0.0,0.0,2010-2014,Pre-Pandemia
United Kingdom,GBR,2015,Buses,BEV,0.0,24.0,0.0,200.0,0.0,0.0,2015-2019,Pre-Pandemia
United Kingdom,GBR,2015,Buses,EV,0.0,0.0,0.140000000596046,0.0,0.170000001788139,0.0,2015-2019,Pre-Pandemia
United Kingdom,GBR,2015,Cars,BEV,0.0,10000.0,0.0,21000.0,0.0,0.0,2015-2019,Pre-Pandemia
United Kingdom,GBR,2015,Cars,EV,0.0,0.0,1.10000002384186,0.0,0.159999996423721,0.0,2015-2019,Pre-Pandemia
United Kingdom,GBR,2015,Cars,FCEV,0.0,11.0,0.0,0.0,0.0,0.0,2015-2019,Pre-Pandemia
United Kingdom,GBR,2015,Cars,PHEV,0.0,19000.0,0.0,27000.0,0.0,0.0,2015-2019,Pre-Pandemia
United Kingdom,GBR,2015,EV,Publicly available fast,1100.0,0.0,0.0,0.0,0.0,0.0,2015-2019,Pre-Pandemia
United Kingdom,GBR,2015,EV,Publicly available slow,8200.0,0.0,0.0,0.0,0.0,0.0,2015-2019,Pre-Pandemia
United Kingdom,GBR,2015,Trucks,BEV,0.0,3.0,0.0,410.0,0.0,0.0,2015-2019,Pre-Pandemia
United Kingdom,GBR,2015,Trucks,EV,0.0,0.0,0.006000000052154,0.0,0.070000000298023,0.0,2015-2019,Pre-Pandemia
United Kingdom,GBR,2015,Vans,BEV,0.0,960.0,0.0,4600.0,0.0,0.0,2015-2019,Pre-Pandemia
United Kingdom,GBR,2015,Vans,EV,0.0,0.0,0.280000001192093,0.0,0.119999997317791,0.0,2015-2019,Pre-Pandemia
United Kingdom,GBR,2015,Vans,FCEV,0.0,0.0,0.0,4.0,0.0,0.0,2015-2019,Pre-Pandemia
United Kingdom,GBR,2015,Vans,PHEV,0.0,98.0,0.0,100.0,0.0,0.0,2015-2019,Pre-Pandemia
United Kingdom,GBR,2016,Buses,BEV,0.0,59.0,0.0,260.0,0.0,0.0,2015-2019,Pre-Pandemia
United Kingdom,GBR,2016,Buses,EV,0.0,0.0,1.20000004768372,0.0,0.349999994039536,0.0,2015-2019,Pre-Pandemia
United Kingdom,GBR,2016,Buses,FCEV,0.0,20.0,0.0,0.0,0.0,0.0,2015-2019,Pre-Pandemia
United Kingdom,GBR,2016,Buses,PHEV,0.0,140.0,0.0,140.0,0.0,0.0,2015-2019,Pre-Pandemia
United Kingdom,GBR,2016,Cars,BEV,0.0,10000.0,0.0,30000.0,0.0,0.0,2015-2019,Pre-Pandemia
United Kingdom,GBR,2016,Cars,EV,0.0,0.0,1.39999997615814,0.0,0.270000010728836,0.0,2015-2019,Pre-Pandemia
United Kingdom,GBR,2016,Cars,FCEV,0.0,10.0,0.0,0.0,0.0,0.0,2015-2019,Pre-Pandemia
United Kingdom,GBR,2016,Cars,PHEV,0.0,29000.0,0.0,55000.0,0.0,0.0,2015-2019,Pre-Pandemia
United Kingdom,GBR,2016,EV,Publicly available fast,1800.0,0.0,0.0,0.0,0.0,0.0,2015-2019,Pre-Pandemia
United Kingdom,GBR,2016,EV,Publicly available slow,11000.0,0.0,0.0,0.0,0.0,0.0,2015-2019,Pre-Pandemia
United Kingdom,GBR,2016,Trucks,BEV,0.0,8.0,0.0,400.0,0.0,0.0,2015-2019,Pre-Pandemia
United Kingdom,GBR,2016,Trucks,EV,0.0,0.0,0.014999999664724,0.0,0.065999999642372,0.0,2015-2019,Pre-Pandemia
United Kingdom,GBR,2016,Vans,BEV,0.0,1000.0,0.0,5300.0,0.0,0.0,2015-2019,Pre-Pandemia
United Kingdom,GBR,2016,Vans,EV,0.0,0.0,0.28999999165535,0.0,0.129999995231628,0.0,2015-2019,Pre-Pandemia
United Kingdom,GBR,2016,Vans,FCEV,0.0,0.0,0.0,3.0,0.0,0.0,2015-2019,Pre-Pandemia
United Kingdom,GBR,2016,Vans,PHEV,0.0,78.0,0.0,180.0,0.0,0.0,2015-2019,Pre-Pandemia
United Kingdom,GBR,2017,Buses,BEV,0.0,39.0,0.0,300.0,0.0,0.0,2015-2019,Pre-Pandemia
United Kingdom,GBR,2017,Buses,EV,0.0,0.0,0.469999998807907,0.0,0.409999996423721,0.0,2015-2019,Pre-Pandemia
United Kingdom,GBR,2017,Buses,FCEV,0.0,5.0,0.0,0.0,0.0,0.0,2015-2019,Pre-Pandemia
United Kingdom,GBR,2017,Buses,PHEV,0.0,18.0,0.0,150.0,0.0,0.0,2015-2019,Pre-Pandemia
United Kingdom,GBR,2017,Cars,BEV,0.0,14000.0,0.0,42000.0,0.0,0.0,2015-2019,Pre-Pandemia
United Kingdom,GBR,2017,Cars,EV,0.0,0.0,1.89999997615814,0.0,0.400000005960465,0.0,2015-2019,Pre-Pandemia
United Kingdom,GBR,2017,Cars,FCEV,0.0,34.0,0.0,34.0,0.0,0.0,2015-2019,Pre-Pandemia
United Kingdom,GBR,2017,Cars,PHEV,0.0,35000.0,0.0,87000.0,0.0,0.0,2015-2019,Pre-Pandemia
United Kingdom,GBR,2017,EV,Publicly available fast,2200.0,0.0,0.0,0.0,0.0,0.0,2015-2019,Pre-Pandemia
United Kingdom,GBR,2017,EV,Publicly available slow,13000.0,0.0,0.0,0.0,0.0,0.0,2015-2019,Pre-Pandemia
United Kingdom,GBR,2017,Trucks,BEV,0.0,4.0,0.0,350.0,0.0,0.0,2015-2019,Pre-Pandemia
United Kingdom,GBR,2017,Trucks,EV,0.0,0.0,0.007699999958277,0.0,0.05799999833107,0.0,2015-2019,Pre-Pandemia
United Kingdom,GBR,2017,Vans,BEV,0.0,1300.0,0.0,6300.0,0.0,0.0,2015-2019,Pre-Pandemia
United Kingdom,GBR,2017,Vans,EV,0.0,0.0,0.370000004768372,0.0,0.150000005960464,0.0,2015-2019,Pre-Pandemia
United Kingdom,GBR,2017,Vans,FCEV,0.0,0.0,0.0,4.0,0.0,0.0,2015-2019,Pre-Pandemia
United Kingdom,GBR,2017,Vans,PHEV,0.0,94.0,0.0,220.0,0.0,0.0,2015-2019,Pre-Pandemia
United Kingdom,GBR,2018,Buses,BEV,0.0,89.0,0.0,400.0,0.0,0.0,2015-2019,Pre-Pandemia
United Kingdom,GBR,2018,Buses,EV,0.0,0.0,1.0,0.0,0.560000002384186,0.0,2015-2019,Pre-Pandemia
United Kingdom,GBR,2018,Buses,FCEV,0.0,10.0,0.0,10.0,0.0,0.0,2015-2019,Pre-Pandemia
United Kingdom,GBR,2018,Buses,PHEV,0.0,65.0,0.0,220.0,0.0,0.0,2015-2019,Pre-Pandemia
United Kingdom,GBR,2018,Cars,BEV,0.0,16000.0,0.0,56000.0,0.0,0.0,2015-2019,Pre-Pandemia
United Kingdom,GBR,2018,Cars,EV,0.0,0.0,2.59999990463257,0.0,0.569999992847443,0.0,2015-2019,Pre-Pandemia
United Kingdom,GBR,2018,Cars,FCEV,0.0,36.0,0.0,70.0,0.0,0.0,2015-2019,Pre-Pandemia
United Kingdom,GBR,2018,Cars,PHEV,0.0,46000.0,0.0,130000.0,0.0,0.0,2015-2019,Pre-Pandemia
United Kingdom,GBR,2018,EV,Publicly available fast,2700.0,0.0,0.0,0.0,0.0,0.0,2015-2019,Pre-Pandemia
United Kingdom,GBR,2018,EV,Publicly available slow,15000.0,0.0,0.0,0.0,0.0,0.0,2015-2019,Pre-Pandemia
United Kingdom,GBR,2018,Trucks,BEV,0.0,12.0,0.0,320.0,0.0,0.0,2015-2019,Pre-Pandemia
United Kingdom,GBR,2018,Trucks,EV,0.0,0.0,0.024000000208616,0.0,0.054000001400709,0.0,2015-2019,Pre-Pandemia
United Kingdom,GBR,2018,Vans,BEV,0.0,1500.0,0.0,7500.0,0.0,0.0,2015-2019,Pre-Pandemia
United Kingdom,GBR,2018,Vans,EV,0.0,0.0,0.449999988079071,0.0,0.180000007152557,0.0,2015-2019,Pre-Pandemia
United Kingdom,GBR,2018,Vans,FCEV,0.0,0.0,0.0,3.0,0.0,0.0,2015-2019,Pre-Pandemia
United Kingdom,GBR,2018,Vans,PHEV,0.0,150.0,0.0,410.0,0.0,0.0,2015-2019,Pre-Pandemia
United Kingdom,GBR,2019,Buses,BEV,0.0,120.0,0.0,510.0,0.0,0.0,2015-2019,Pre-Pandemia
United Kingdom,GBR,2019,Buses,EV,0.0,0.0,1.39999997615814,0.0,0.660000026226044,0.0,2015-2019,Pre-Pandemia
United Kingdom,GBR,2019,Buses,PHEV,0.0,0.0,0.0,220.0,0.0,0.0,2015-2019,Pre-Pandemia
United Kingdom,GBR,2019,Cars,BEV,0.0,38000.0,0.0,91000.0,0.0,0.0,2015-2019,Pre-Pandemia
United Kingdom,GBR,2019,Cars,EV,0.0,0.0,3.29999995231628,0.0,0.759999990463257,0.0,2015-2019,Pre-Pandemia
United Kingdom,GBR,2019,Cars,FCEV,0.0,68.0,0.0,170.0,0.0,0.0,2015-2019,Pre-Pandemia
United Kingdom,GBR,2019,Cars,PHEV,0.0,37000.0,0.0,160000.0,0.0,0.0,2015-2019,Pre-Pandemia
United Kingdom,GBR,2019,EV,Publicly available fast,2800.0,0.0,0.0,0.0,0.0,0.0,2015-2019,Pre-Pandemia
United Kingdom,GBR,2019,EV,Publicly available slow,14000.0,0.0,0.0,0.0,0.0,0.0,2015-2019,Pre-Pandemia
United Kingdom,GBR,2019,Trucks,BEV,0.0,20.0,0.0,340.0,0.0,0.0,2015-2019,Pre-Pandemia
United Kingdom,GBR,2019,Trucks,EV,0.0,0.0,0.035999998450279,0.0,0.054999999701977,0.0,2015-2019,Pre-Pandemia
United Kingdom,GBR,2019,Vans,BEV,0.0,3500.0,0.0,10000.0,0.0,0.0,2015-2019,Pre-Pandemia
United Kingdom,GBR,2019,Vans,EV,0.0,0.0,0.97000002861023,0.0,0.239999994635582,0.0,2015-2019,Pre-Pandemia
United Kingdom,GBR,2019,Vans,FCEV,0.0,0.0,0.0,4.0,0.0,0.0,2015-2019,Pre-Pandemia
United Kingdom,GBR,2019,Vans,PHEV,0.0,210.0,0.0,590.0,0.0,0.0,2015-2019,Pre-Pandemia
United Kingdom,GBR,2020,Buses,BEV,0.0,300.0,0.0,820.0,0.0,0.0,2020-2023,Pandemia
United Kingdom,GBR,2020,Buses,EV,0.0,0.0,11.0,0.0,0.959999978542328,0.0,2020-2023,Pandemia
United Kingdom,GBR,2020,Buses,FCEV,0.0,18.0,0.0,0.0,0.0,0.0,2020-2023,Pandemia
United Kingdom,GBR,2020,Buses,PHEV,0.0,0.0,0.0,220.0,0.0,0.0,2020-2023,Pandemia
United Kingdom,GBR,2020,Cars,BEV,0.0,110000.0,0.0,190000.0,0.0,0.0,2020-2023,Pandemia
United Kingdom,GBR,2020,Cars,EV,0.0,0.0,11.0,0.0,1.29999995231628,0.0,2020-2023,Pandemia
United Kingdom,GBR,2020,Cars,FCEV,0.0,57.0,0.0,230.0,0.0,0.0,2020-2023,Pandemia
United Kingdom,GBR,2020,Cars,PHEV,0.0,68000.0,0.0,220000.0,0.0,0.0,2020-2023,Pandemia
United Kingdom,GBR,2020,EV,Publicly available fast,3900.0,0.0,0.0,0.0,0.0,0.0,2020-2023,Pandemia
United Kingdom,GBR,2020,EV,Publicly available slow,17000.0,0.0,0.0,0.0,0.0,0.0,2020-2023,Pandemia
United Kingdom,GBR,2020,Trucks,BEV,0.0,16.0,0.0,320.0,0.0,0.0,2020-2023,Pandemia
United Kingdom,GBR,2020,Trucks,EV,0.0,0.0,0.032999999821186,0.0,0.043999999761582,0.0,2020-2023,Pandemia
United Kingdom,GBR,2020,Vans,BEV,0.0,5700.0,0.0,16000.0,0.0,0.0,2020-2023,Pandemia
United Kingdom,GBR,2020,Vans,EV,0.0,0.0,2.09999990463257,0.0,0.319999992847443,0.0,2020-2023,Pandemia
United Kingdom,GBR,2020,Vans,FCEV,0.0,0.0,0.0,4.0,0.0,0.0,2020-2023,Pandemia
United Kingdom,GBR,2020,Vans,PHEV,0.0,560.0,0.0,1100.0,0.0,0.0,2020-2023,Pandemia
United Kingdom,GBR,2021,Buses,BEV,0.0,540.0,0.0,1400.0,0.0,0.0,2020-2023,Pandemia
United Kingdom,GBR,2021,Buses,EV,0.0,0.0,8.69999980926514,0.0,2.0,0.0,2020-2023,Pandemia
United Kingdom,GBR,2021,Buses,FCEV,0.0,15.0,0.0,0.0,0.0,0.0,2020-2023,Pandemia
United Kingdom,GBR,2021,Buses,PHEV,0.0,0.0,0.0,220.0,0.0,0.0,2020-2023,Pandemia
United Kingdom,GBR,2021,Cars,BEV,0.0,190000.0,0.0,380000.0,0.0,0.0,2020-2023,Pandemia
United Kingdom,GBR,2021,Cars,EV,0.0,0.0,19.0,0.0,2.09999990463257,0.0,2020-2023,Pandemia
United Kingdom,GBR,2021,Cars,FCEV,0.0,12.0,0.0,240.0,0.0,0.0,2020-2023,Pandemia
United Kingdom,GBR,2021,Cars,PHEV,0.0,120000.0,0.0,330000.0,0.0,0.0,2020-2023,Pandemia
United Kingdom,GBR,2021,EV,Publicly available fast,5200.0,0.0,0.0,0.0,0.0,0.0,2020-2023,Pandemia
United Kingdom,GBR,2021,EV,Publicly available slow,23000.0,0.0,0.0,0.0,0.0,0.0,2020-2023,Pandemia
United Kingdom,GBR,2021,Trucks,BEV,0.0,140.0,0.0,450.0,0.0,0.0,2020-2023,Pandemia
United Kingdom,GBR,2021,Trucks,EV,0.0,0.0,0.340000003576279,0.0,0.061000000685454,0.0,2020-2023,Pandemia
United Kingdom,GBR,2021,Vans,BEV,0.0,12000.0,0.0,28000.0,0.0,0.0,2020-2023,Pandemia
United Kingdom,GBR,2021,Vans,EV,0.0,0.0,3.79999995231628,0.0,0.560000002384186,0.0,2020-2023,Pandemia
United Kingdom,GBR,2021,Vans,FCEV,0.0,0.0,0.0,5.0,0.0,0.0,2020-2023,Pandemia
United Kingdom,GBR,2021,Vans,PHEV,0.0,1200.0,0.0,2300.0,0.0,0.0,2020-2023,Pandemia
United Kingdom,GBR,2022,Buses,BEV,0.0,440.0,0.0,1800.0,0.0,0.0,2020-2023,Post-Pandemia
United Kingdom,GBR,2022,Buses,EV,0.0,0.0,6.5,0.0,2.70000004768372,0.0,2020-2023,Post-Pandemia
United Kingdom,GBR,2022,Buses,FCEV,0.0,65.0,0.0,37.0,0.0,0.0,2020-2023,Post-Pandemia
United Kingdom,GBR,2022,Buses,PHEV,0.0,0.0,0.0,220.0,0.0,0.0,2020-2023,Post-Pandemia
United Kingdom,GBR,2022,Cars,BEV,0.0,270000.0,0.0,550000.0,0.0,0.0,2020-2023,Post-Pandemia
United Kingdom,GBR,2022,Cars,EV,0.0,0.0,23.0,0.0,2.90000009536743,0.0,2020-2023,Post-Pandemia
United Kingdom,GBR,2022,Cars,FCEV,0.0,7.0,0.0,190.0,0.0,0.0,2020-2023,Post-Pandemia
United Kingdom,GBR,2022,Cars,PHEV,0.0,100000.0,0.0,400000.0,0.0,0.0,2020-2023,Post-Pandemia
United Kingdom,GBR,2022,EV,Publicly available fast,6900.0,0.0,0.0,0.0,0.0,0.0,2020-2023,Post-Pandemia
United Kingdom,GBR,2022,EV,Publicly available slow,30000.0,0.0,0.0,0.0,0.0,0.0,2020-2023,Post-Pandemia
United Kingdom,GBR,2022,Trucks,BEV,0.0,510.0,0.0,950.0,0.0,0.0,2020-2023,Post-Pandemia
United Kingdom,GBR,2022,Trucks,EV,0.0,0.0,1.10000002384186,0.0,0.129999995231628,0.0,2020-2023,Post-Pandemia
United Kingdom,GBR,2022,Vans,BEV,0.0,17000.0,0.0,39000.0,0.0,0.0,2020-2023,Post-Pandemia
United Kingdom,GBR,2022,Vans,EV,0.0,0.0,6.19999980926514,0.0,0.779999971389771,0.0,2020-2023,Post-Pandemia
United Kingdom,GBR,2022,Vans,FCEV,0.0,0.0,0.0,5.0,0.0,0.0,2020-2023,Post-Pandemia
United Kingdom,GBR,2022,Vans,PHEV,0.0,410.0,0.0,2700.0,0.0,0.0,2020-2023,Post-Pandemia
United Kingdom,GBR,2023,Buses,BEV,0.0,1300.0,0.0,3000.0,0.0,0.0,2020-2023,Post-Pandemia
United Kingdom,GBR,2023,Buses,EV,0.0,0.0,17.0,0.0,4.5,0.0,2020-2023,Post-Pandemia
United Kingdom,GBR,2023,Buses,FCEV,0.0,43.0,0.0,180.0,0.0,0.0,2020-2023,Post-Pandemia
United Kingdom,GBR,2023,Buses,PHEV,0.0,0.0,0.0,220.0,0.0,0.0,2020-2023,Post-Pandemia
United Kingdom,GBR,2023,Cars,BEV,0.0,310000.0,0.0,980000.0,0.0,0.0,2020-2023,Post-Pandemia
United Kingdom,GBR,2023,Cars,EV,0.0,0.0,24.0,0.0,5.0,0.0,2020-2023,Post-Pandemia
United Kingdom,GBR,2023,Cars,FCEV,0.0,25.0,0.0,260.0,0.0,0.0,2020-2023,Post-Pandemia
United Kingdom,GBR,2023,Cars,PHEV,0.0,140000.0,0.0,600000.0,0.0,0.0,2020-2023,Post-Pandemia
United Kingdom,GBR,2023,EV,Publicly available fast,10000.0,0.0,0.0,0.0,0.0,0.0,2020-2023,Post-Pandemia
United Kingdom,GBR,2023,EV,Publicly available slow,43000.0,0.0,0.0,0.0,0.0,0.0,2020-2023,Post-Pandemia
United Kingdom,GBR,2023,Trucks,BEV,0.0,1400.0,0.0,2300.0,0.0,0.0,2020-2023,Post-Pandemia
United Kingdom,GBR,2023,Trucks,EV,0.0,0.0,2.70000004768372,0.0,0.310000002384186,0.0,2020-2023,Post-Pandemia
United Kingdom,GBR,2023,Vans,BEV,0.0,22000.0,0.0,68000.0,0.0,0.0,2020-2023,Post-Pandemia
United Kingdom,GBR,2023,Vans,EV,0.0,0.0,6.5,0.0,1.29999995231628,0.0,2020-2023,Post-Pandemia
United Kingdom,GBR,2023,Vans,PHEV,0.0,110.0,0.0,2900.0,0.0,0.0,2020-2023,Post-Pandemia
United States,USA,2010,Cars,BEV,0.0,1200.0,0.0,3800.0,0.0,0.0,2010-2014,Pre-Pandemia
United States,USA,2010,Cars,EV,0.0,0.0,0.012000000104308,0.0,0.001700000022538,96.0,2010-2014,Pre-Pandemia
United States,USA,2010,EV,Publicly available slow,480.0,0.0,0.0,0.0,0.0,0.0,2010-2014,Pre-Pandemia
United States,USA,2011,Buses,BEV,0.0,190.0,0.0,190.0,0.0,0.0,2010-2014,Pre-Pandemia
United States,USA,2011,Buses,EV,0.0,0.0,0.239999994635582,0.0,0.028999999165535,25.0,2010-2014,Pre-Pandemia
United States,USA,2011,Cars,BEV,0.0,9800.0,0.0,14000.0,0.0,0.0,2010-2014,Pre-Pandemia
United States,USA,2011,Cars,EV,0.0,0.0,0.150000005960464,0.0,0.009899999946356,130.0,2010-2014,Pre-Pandemia
United States,USA,2011,Cars,PHEV,0.0,8000.0,0.0,8000.0,0.0,0.0,2010-2014,Pre-Pandemia
United States,USA,2011,EV,Publicly available slow,3900.0,0.0,0.0,0.0,0.0,0.0,2010-2014,Pre-Pandemia
United States,USA,2012,Buses,BEV,0.0,6.5,0.0,200.0,0.0,0.0,2010-2014,Pre-Pandemia
United States,USA,2012,Buses,EV,0.0,0.0,0.002799999900162,0.0,0.026000000536442,19.0,2010-2014,Pre-Pandemia
United States,USA,2012,Cars,BEV,0.0,15000.0,0.0,28000.0,0.0,0.0,2010-2014,Pre-Pandemia
United States,USA,2012,Cars,EV,0.0,0.0,0.419999986886978,0.0,0.034000001847744,310.0,2010-2014,Pre-Pandemia
United States,USA,2012,Cars,PHEV,0.0,39000.0,0.0,47000.0,0.0,0.0,2010-2014,Pre-Pandemia
United States,USA,2012,EV,Publicly available slow,12000.0,0.0,0.0,0.0,0.0,0.0,2010-2014,Pre-Pandemia
United States,USA,2013,Buses,BEV,0.0,8.69999980926514,0.0,210.0,0.0,0.0,2010-2014,Pre-Pandemia
United States,USA,2013,Buses,EV,0.0,0.0,0.003400000045076,0.0,0.024000000208616,11.0,2010-2014,Pre-Pandemia
United States,USA,2013,Cars,BEV,0.0,48000.0,0.0,76000.0,0.0,0.0,2010-2014,Pre-Pandemia
United States,USA,2013,Cars,EV,0.0,0.0,0.709999978542328,0.0,0.078000001609325,560.0,2010-2014,Pre-Pandemia
United States,USA,2013,Cars,PHEV,0.0,49000.0,0.0,96000.0,0.0,0.0,2010-2014,Pre-Pandemia
United States,USA,2013,EV,Publicly available slow,15000.0,0.0,0.0,0.0,0.0,0.0,2010-2014,Pre-Pandemia
United States,USA,2014,Buses,BEV,0.0,26.0,0.0,230.0,0.0,0.0,2010-2014,Pre-Pandemia
United States,USA,2014,Buses,EV,0.0,0.0,0.019999999552965,0.0,0.027000000700355,8.10000038146973,2010-2014,Pre-Pandemia
United States,USA,2014,Cars,BEV,0.0,63000.0,0.0,140000.0,0.0,0.0,2010-2014,Pre-Pandemia
United States,USA,2014,Cars,EV,0.0,0.0,0.769999980926514,0.0,0.140000000596046,840.0,2010-2014,Pre-Pandemia
United States,USA,2014,Cars,FCEV,0.0,55.0,0.0,55.0,0.0,0.0,2010-2014,Pre-Pandemia
United States,USA,2014,Cars,PHEV,0.0,55000.0,0.0,150000.0,0.0,0.0,2010-2014,Pre-Pandemia
United States,USA,2014,EV,Publicly available slow,20000.0,0.0,0.0,0.0,0.0,0.0,2010-2014,Pre-Pandemia
United States,USA,2015,Buses,BEV,0.0,81.0,0.0,310.0,0.0,0.0,2015-2019,Pre-Pandemia
United States,USA,2015,Buses,EV,0.0,0.0,0.439999997615814,0.0,0.097000002861023,27.0,2015-2019,Pre-Pandemia
United States,USA,2015,Buses,FCEV,0.0,0.0,0.0,24.0,0.0,0.0,2015-2019,Pre-Pandemia
United States,USA,2015,Buses,PHEV,0.0,550.0,0.0,550.0,0.0,0.0,2015-2019,Pre-Pandemia
United States,USA,2015,Cars,BEV,0.0,71000.0,0.0,210000.0,0.0,0.0,2015-2019,Pre-Pandemia
United States,USA,2015,Cars,EV,0.0,0.0,0.699999988079071,0.0,0.189999997615814,1900.0,2015-2019,Pre-Pandemia
United States,USA,2015,Cars,FCEV,0.0,100.0,0.0,160.0,0.0,0.0,2015-2019,Pre-Pandemia
United States,USA,2015,Cars,PHEV,0.0,43000.0,0.0,190000.0,0.0,0.0,2015-2019,Pre-Pandemia
United States,USA,2015,EV,Publicly available fast,3500.0,0.0,0.0,0.0,0.0,0.0,2015-2019,Pre-Pandemia
United States,USA,2015,EV,Publicly available slow,28000.0,0.0,0.0,0.0,0.0,0.0,2015-2019,Pre-Pandemia
United States,USA,2016,Buses,BEV,0.0,500.0,0.0,820.0,0.0,0.0,2015-2019,Pre-Pandemia
United States,USA,2016,Buses,EV,0.0,0.0,0.180000007152557,0.0,0.140000000596046,91.0,2015-2019,Pre-Pandemia
United States,USA,2016,Buses,FCEV,0.0,0.0,0.0,21.0,0.0,0.0,2015-2019,Pre-Pandemia
United States,USA,2016,Buses,PHEV,0.0,0.0,0.0,550.0,0.0,0.0,2015-2019,Pre-Pandemia
United States,USA,2016,Cars,BEV,0.0,87000.0,0.0,300000.0,0.0,0.0,2015-2019,Pre-Pandemia
United States,USA,2016,Cars,EV,0.0,0.0,0.990000009536743,0.0,0.259999990463257,3500.0,2015-2019,Pre-Pandemia
United States,USA,2016,Cars,FCEV,0.0,1100.0,0.0,1200.0,0.0,0.0,2015-2019,Pre-Pandemia
United States,USA,2016,Cars,PHEV,0.0,73000.0,0.0,270000.0,0.0,0.0,2015-2019,Pre-Pandemia
United States,USA,2016,EV,Publicly available fast,3100.0,0.0,0.0,0.0,0.0,0.0,2015-2019,Pre-Pandemia
United States,USA,2016,EV,Publicly available slow,35000.0,0.0,0.0,0.0,0.0,0.0,2015-2019,Pre-Pandemia
United States,USA,2017,Buses,BEV,0.0,190.0,0.0,1000.0,0.0,0.0,2015-2019,Pre-Pandemia
United States,USA,2017,Buses,EV,0.0,0.0,0.109999999403954,0.0,0.159999996423721,83.0,2015-2019,Pre-Pandemia
United States,USA,2017,Buses,FCEV,0.0,0.0,0.0,26.0,0.0,0.0,2015-2019,Pre-Pandemia
United States,USA,2017,Buses,PHEV,0.0,0.0,0.0,550.0,0.0,0.0,2015-2019,Pre-Pandemia
United States,USA,2017,Cars,BEV,0.0,100000.0,0.0,400000.0,0.0,0.0,2015-2019,Pre-Pandemia
United States,USA,2017,Cars,EV,0.0,0.0,1.29999995231628,0.0,0.330000013113022,3700.0,2015-2019,Pre-Pandemia
United States,USA,2017,Cars,FCEV,0.0,2300.0,0.0,3500.0,0.0,0.0,2015-2019,Pre-Pandemia
United States,USA,2017,Cars,PHEV,0.0,94000.0,0.0,360000.0,0.0,0.0,2015-2019,Pre-Pandemia
United States,USA,2017,EV,Publicly available fast,3400.0,0.0,0.0,0.0,0.0,0.0,2015-2019,Pre-Pandemia
United States,USA,2017,EV,Publicly available slow,40000.0,0.0,0.0,0.0,0.0,0.0,2015-2019,Pre-Pandemia
United States,USA,2018,Buses,BEV,0.0,620.0,0.0,1600.0,0.0,0.0,2015-2019,Pre-Pandemia
United States,USA,2018,Buses,EV,0.0,0.0,0.370000004768372,0.0,0.219999998807907,120.0,2015-2019,Pre-Pandemia
United States,USA,2018,Buses,FCEV,0.0,0.0,0.0,32.0,0.0,0.0,2015-2019,Pre-Pandemia
United States,USA,2018,Buses,PHEV,0.0,0.0,0.0,550.0,0.0,0.0,2015-2019,Pre-Pandemia
United States,USA,2018,Cars,BEV,0.0,240000.0,0.0,640000.0,0.0,0.0,2015-2019,Pre-Pandemia
United States,USA,2018,Cars,EV,0.0,0.0,2.29999995231628,0.0,0.479999989271164,5000.0,2015-2019,Pre-Pandemia
United States,USA,2018,Cars,FCEV,0.0,2700.0,0.0,6200.0,0.0,0.0,2015-2019,Pre-Pandemia
United States,USA,2018,Cars,PHEV,0.0,120000.0,0.0,480000.0,0.0,0.0,2015-2019,Pre-Pandemia
United States,USA,2018,EV,Publicly available fast,4200.0,0.0,0.0,0.0,0.0,0.0,2015-2019,Pre-Pandemia
United States,USA,2018,EV,Publicly available slow,50000.0,0.0,0.0,0.0,0.0,0.0,2015-2019,Pre-Pandemia
United States,USA,2019,Buses,BEV,0.0,560.0,0.0,2200.0,0.0,0.0,2015-2019,Pre-Pandemia
United States,USA,2019,Buses,EV,0.0,0.0,0.560000002384186,0.0,0.310000002384186,130.0,2015-2019,Pre-Pandemia
United States,USA,2019,Buses,FCEV,0.0,0.0,0.0,42.0,0.0,0.0,2015-2019,Pre-Pandemia
United States,USA,2019,Buses,PHEV,0.0,0.0,0.0,550.0,0.0,0.0,2015-2019,Pre-Pandemia
United States,USA,2019,Cars,BEV,0.0,240000.0,0.0,880000.0,0.0,0.0,2015-2019,Pre-Pandemia
United States,USA,2019,Cars,EV,0.0,0.0,2.09999990463257,0.0,0.620000004768372,6300.0,2015-2019,Pre-Pandemia
United States,USA,2019,Cars,FCEV,0.0,2000.0,0.0,8200.0,0.0,0.0,2015-2019,Pre-Pandemia
United States,USA,2019,Cars,PHEV,0.0,85000.0,0.0,570000.0,0.0,0.0,2015-2019,Pre-Pandemia
United States,USA,2019,EV,Publicly available fast,13000.0,0.0,0.0,0.0,0.0,0.0,2015-2019,Pre-Pandemia
United States,USA,2019,EV,Publicly available slow,64000.0,0.0,0.0,0.0,0.0,0.0,2015-2019,Pre-Pandemia
United States,USA,2020,Buses,BEV,0.0,520.0,0.0,2700.0,0.0,0.0,2020-2023,Pandemia
United States,USA,2020,Buses,EV,0.0,0.0,0.28999999165535,0.0,0.340000003576279,110.0,2020-2023,Pandemia
United States,USA,2020,Buses,FCEV,0.0,22.0,0.0,64.0,0.0,0.0,2020-2023,Pandemia
United States,USA,2020,Buses,PHEV,0.0,0.0,0.0,550.0,0.0,0.0,2020-2023,Pandemia
United States,USA,2020,Cars,BEV,0.0,230000.0,0.0,1100000.0,0.0,0.0,2020-2023,Pandemia
United States,USA,2020,Cars,EV,0.0,0.0,2.29999995231628,0.0,0.769999980926514,5400.0,2020-2023,Pandemia
United States,USA,2020,Cars,FCEV,0.0,1200.0,0.0,9200.0,0.0,0.0,2020-2023,Pandemia
United States,USA,2020,Cars,PHEV,0.0,64000.0,0.0,640000.0,0.0,0.0,2020-2023,Pandemia
United States,USA,2020,EV,Publicly available fast,17000.0,0.0,0.0,0.0,0.0,0.0,2020-2023,Pandemia
United States,USA,2020,EV,Publicly available slow,82000.0,0.0,0.0,0.0,0.0,0.0,2020-2023,Pandemia
United States,USA,2021,Buses,BEV,0.0,1100.0,0.0,3800.0,0.0,0.0,2020-2023,Pandemia
United States,USA,2021,Buses,EV,0.0,0.0,1.20000004768372,0.0,0.46000000834465,120.0,2020-2023,Pandemia
United States,USA,2021,Buses,FCEV,0.0,15.0,0.0,79.0,0.0,0.0,2020-2023,Pandemia
United States,USA,2021,Buses,PHEV,0.0,0.0,0.0,550.0,0.0,0.0,2020-2023,Pandemia
United States,USA,2021,Cars,BEV,0.0,470000.0,0.0,1500000.0,0.0,0.0,2020-2023,Pandemia
United States,USA,2021,Cars,EV,0.0,0.0,4.69999980926514,0.0,0.949999988079071,7000.0,2020-2023,Pandemia
United States,USA,2021,Cars,FCEV,0.0,3100.0,0.0,12000.0,0.0,0.0,2020-2023,Pandemia
United States,USA,2021,Cars,PHEV,0.0,160000.0,0.0,720000.0,0.0,0.0,2020-2023,Pandemia
United States,USA,2021,EV,Publicly available fast,22000.0,0.0,0.0,0.0,0.0,0.0,2020-2023,Pandemia
United States,USA,2021,EV,Publicly available slow,92000.0,0.0,0.0,0.0,0.0,0.0,2020-2023,Pandemia
United States,USA,2022,Buses,BEV,0.0,2400.0,0.0,6100.0,0.0,0.0,2020-2023,Post-Pandemia
United States,USA,2022,Buses,EV,0.0,0.0,2.70000004768372,0.0,0.769999980926514,140.0,2020-2023,Post-Pandemia
United States,USA,2022,Buses,FCEV,0.0,140.0,0.0,220.0,0.0,0.0,2020-2023,Post-Pandemia
United States,USA,2022,Buses,PHEV,0.0,0.0,0.0,550.0,0.0,0.0,2020-2023,Post-Pandemia
United States,USA,2022,Cars,BEV,0.0,800000.0,0.0,2100000.0,0.0,0.0,2020-2023,Post-Pandemia
United States,USA,2022,Cars,EV,0.0,0.0,7.40000009536743,0.0,1.29999995231628,7200.0,2020-2023,Post-Pandemia
United States,USA,2022,Cars,FCEV,0.0,2700.0,0.0,15000.0,0.0,0.0,2020-2023,Post-Pandemia
United States,USA,2022,Cars,PHEV,0.0,190000.0,0.0,910000.0,0.0,0.0,2020-2023,Post-Pandemia
United States,USA,2022,EV,Publicly available fast,28000.0,0.0,0.0,0.0,0.0,0.0,2020-2023,Post-Pandemia
United States,USA,2022,EV,Publicly available slow,100000.0,0.0,0.0,0.0,0.0,0.0,2020-2023,Post-Pandemia
United States,USA,2023,Buses,BEV,0.0,750.0,0.0,6900.0,0.0,0.0,2020-2023,Post-Pandemia
United States,USA,2023,Buses,EV,0.0,0.0,0.769999980926514,0.0,0.920000016689301,290.0,2020-2023,Post-Pandemia
United States,USA,2023,Buses,FCEV,0.0,0.0,0.0,220.0,0.0,0.0,2020-2023,Post-Pandemia
United States,USA,2023,Buses,PHEV,0.0,0.0,0.0,550.0,0.0,0.0,2020-2023,Post-Pandemia
United States,USA,2023,Cars,BEV,0.0,1100000.0,0.0,3500000.0,0.0,0.0,2020-2023,Post-Pandemia
United States,USA,2023,Cars,EV,0.0,0.0,9.5,0.0,2.09999990463257,22000.0,2020-2023,Post-Pandemia
United States,USA,2023,Cars,FCEV,0.0,3000.0,0.0,18000.0,0.0,0.0,2020-2023,Post-Pandemia
United States,USA,2023,Cars,PHEV,0.0,290000.0,0.0,1300000.0,0.0,0.0,2020-2023,Post-Pandemia
United States,USA,2023,EV,Publicly available fast,43000.0,0.0,0.0,0.0,0.0,0.0,2020-2023,Post-Pandemia
United States,USA,2023,EV,Publicly available slow,140000.0,0.0,0.0,0.0,0.0,0.0,2020-2023,Post-Pandemia
