country,isoCode,continent,continentCode,year,halfDecade,pandemicPeriod,population,GDP,co2Emissions,co2PerCapita,co2PerGDP,co2EmissionsOil,co2EmissionsOilPerCapita,co2EmissionsCoal,co2EmissionsCoalPerCapita,co2EmissionsPerUnitEnergy,energyConsumption
Afghanistan,AFG,Asia,AS,2010,2010-2014,Pre-Pandemia,28284088.0,47399425562.0,8.365,0.296,0.176,5.833,0.206,2.246,0.079,259.426,32.244
Afghanistan,AFG,Asia,AS,2011,2010-2014,Pre-Pandemia,29347708.0,53326336000.0,11.41,0.389,0.214,7.338,0.25,3.749,0.128,275.653,41.391
Afghanistan,AFG,Asia,AS,2012,2010-2014,Pre-Pandemia,30560036.0,59166900000.0,9.731,0.318,0.164,6.573,0.215,2.821,0.092,249.383,39.021
Afghanistan,AFG,Asia,AS,2013,2010-2014,Pre-Pandemia,31622709.0,62993700000.0,8.891,0.281,0.141,5.589,0.177,2.97,0.094,278.998,31.869
Afghanistan,AFG,Asia,AS,2014,2010-2014,Pre-Pandemia,32792528.0,64346106000.0,8.698,0.265,0.135,5.159,0.157,3.239,0.099,326.609,26.63
Afghanistan,AFG,Asia,AS,2015,2015-2019,Pre-Pandemia,33831767.0,62783392000.0,9.384,0.277,0.149,6.622,0.196,2.439,0.072,303.177,30.954
Afghanistan,AFG,Asia,AS,2016,2015-2019,Pre-Pandemia,34700613.0,64372217488.0,8.606,0.248,0.134,5.79,0.167,2.421,0.07,306.53,28.075
Afghanistan,AFG,Asia,AS,2017,2015-2019,Pre-Pandemia,35688941.0,65169281649.0,9.311,0.261,0.143,6.073,0.17,2.893,0.081,254.976,36.517
Afghanistan,AFG,Asia,AS,2018,2015-2019,Pre-Pandemia,36743040.0,65996738862.0,10.192,0.277,0.154,6.621,0.18,3.221,0.088,219.207,46.493
Afghanistan,AFG,Asia,AS,2019,2015-2019,Pre-Pandemia,37856125.0,73085701943.0,10.4,0.275,0.142,6.843,0.181,3.273,0.086,220.755,47.112
Afghanistan,AFG,Asia,AS,2020,2020-2023,Pandemia,39068977.0,71417706295.0,11.119,0.285,0.156,7.269,0.186,3.635,0.093,237.012,46.912
Afghanistan,AFG,Asia,AS,2021,2020-2023,Pandemia,40000410.0,56638852656.0,9.869,0.247,0.174,6.701,0.168,2.993,0.075,207.462,47.569
Afghanistan,AFG,Asia,AS,2022,2020-2023,Post-Pandemia,40578847.0,53303471617.0,10.17,0.251,0.191,6.528,0.161,3.488,0.086,225.465,45.106
Afghanistan,AFG,Asia,AS,2023,2020-2023,Post-Pandemia,41454762.0,,10.516,0.254,,6.498,0.157,3.867,0.093,261.071,40.281
Albania,ALB,Europe,EU,2010,2010-2014,Pre-Pandemia,2928731.0,26747818608.0,4.817,1.645,0.18,3.506,1.197,0.447,0.153,216.902,22.207
Albania,ALB,Europe,EU,2011,2010-2014,Pre-Pandemia,2911499.0,27431048326.0,5.175,1.778,0.189,3.583,1.231,0.586,0.201,215.931,23.968
Albania,ALB,Europe,EU,2012,2010-2014,Pre-Pandemia,2910003.0,27819814441.0,4.93,1.694,0.177,3.175,1.091,0.686,0.236,219.231,22.488
Albania,ALB,Europe,EU,2013,2010-2014,Pre-Pandemia,2907571.0,28098562696.0,5.346,1.839,0.19,3.338,1.148,0.846,0.291,202.824,26.358
Albania,ALB,Europe,EU,2014,2010-2014,Pre-Pandemia,2903748.0,28597169040.0,6.072,2.091,0.212,3.862,1.33,1.096,0.377,235.85,25.747
Albania,ALB,Europe,EU,2015,2015-2019,Pre-Pandemia,2898634.0,29231663899.0,4.712,1.626,0.161,3.338,1.152,0.322,0.111,196.032,24.038
Albania,ALB,Europe,EU,2016,2015-2019,Pre-Pandemia,2897868.0,30200694449.0,4.555,1.572,0.151,3.364,1.161,0.191,0.066,170.212,26.761
Albania,ALB,Europe,EU,2017,2015-2019,Pre-Pandemia,2898245.0,31348975722.0,5.344,1.844,0.17,3.778,1.303,0.44,0.152,182.443,29.29
Albania,ALB,Europe,EU,2018,2015-2019,Pre-Pandemia,2894229.0,32609000823.0,5.195,1.795,0.159,3.333,1.152,0.847,0.293,185.576,27.993
Albania,ALB,Europe,EU,2019,2015-2019,Pre-Pandemia,2885011.0,33289747424.0,4.941,1.712,0.148,3.426,1.187,0.451,0.156,198.433,24.898
Albania,ALB,Europe,EU,2020,2020-2023,Pandemia,2871950.0,32130726850.0,4.865,1.694,0.151,2.876,1.001,0.572,0.199,230.356,21.12
Albania,ALB,Europe,EU,2021,2020-2023,Pandemia,2849641.0,34866976278.0,5.137,1.803,0.147,2.862,1.004,0.861,0.302,201.51,25.493
Albania,ALB,Europe,EU,2022,2020-2023,Post-Pandemia,2827614.0,36171005594.0,4.498,1.591,0.124,2.946,1.042,0.542,0.192,173.886,25.869
Albania,ALB,Europe,EU,2023,2020-2023,Post-Pandemia,2811660.0,,4.417,1.571,,2.908,1.034,0.514,0.183,181.178,24.381
Algeria,DZA,Africa,AF,2010,2010-2014,Pre-Pandemia,36188237.0,450705801593.0,117.847,3.257,0.261,45.365,1.254,1.216,0.034,268.448,438.995
Algeria,DZA,Africa,AF,2011,2010-2014,Pre-Pandemia,36903374.0,482028679734.0,124.715,3.38,0.259,46.92,1.271,1.121,0.03,268.5,464.488
Algeria,DZA,Africa,AF,2012,2010-2014,Pre-Pandemia,37646165.0,498417638719.0,135.593,3.602,0.272,48.541,1.289,1.107,0.029,267.089,507.672
Algeria,DZA,Africa,AF,2013,2010-2014,Pre-Pandemia,38414176.0,512373332647.0,141.534,3.684,0.276,52.018,1.354,0.777,0.02,263.576,536.977
Algeria,DZA,Africa,AF,2014,2010-2014,Pre-Pandemia,39205035.0,531843509827.0,152.435,3.888,0.287,53.582,1.367,0.579,0.015,260.299,585.613
Algeria,DZA,Africa,AF,2015,2015-2019,Pre-Pandemia,40019528.0,551521739825.0,160.322,4.006,0.291,55.59,1.389,0.535,0.013,259.622,617.518
Algeria,DZA,Africa,AF,2016,2015-2019,Pre-Pandemia,40850719.0,569170418715.0,158.308,3.875,0.278,54.628,1.337,0.0,0.0,256.579,616.996
Algeria,DZA,Africa,AF,2017,2015-2019,Pre-Pandemia,41689302.0,577138830559.0,165.252,3.964,0.286,55.324,1.327,0.923,0.022,264.914,623.795
Algeria,DZA,Africa,AF,2018,2015-2019,Pre-Pandemia,42505033.0,584064441740.0,174.461,4.104,0.299,56.231,1.323,1.546,0.036,260.538,669.62
Algeria,DZA,Africa,AF,2019,2015-2019,Pre-Pandemia,43294551.0,589905104177.0,182.425,4.214,0.309,59.637,1.377,1.275,0.029,262.728,694.349
Algeria,DZA,Africa,AF,2020,2020-2023,Pandemia,44042094.0,559819958223.0,171.139,3.886,0.306,54.13,1.229,0.575,0.013,263.737,648.899
Algeria,DZA,Africa,AF,2021,2020-2023,Pandemia,44761099.0,578853830170.0,182.036,4.067,0.314,57.343,1.281,1.176,0.026,257.248,707.627
Algeria,DZA,Africa,AF,2022,2020-2023,Post-Pandemia,45477391.0,595820067103.0,192.779,4.239,0.324,61.61,1.355,0.758,0.017,262.552,734.248
Algeria,DZA,Africa,AF,2023,2020-2023,Post-Pandemia,46164222.0,,202.847,4.394,,64.676,1.401,0.734,0.016,258.557,784.532
Andorra,AND,Europe,EU,2010,2010-2014,Pre-Pandemia,80727.0,,0.517,6.4,,0.517,6.4,0.0,0.0,,
Andorra,AND,Europe,EU,2011,2010-2014,Pre-Pandemia,77801.0,,0.491,6.311,,0.491,6.311,0.0,0.0,,
Andorra,AND,Europe,EU,2012,2010-2014,Pre-Pandemia,76858.0,,0.487,6.34,,0.487,6.34,0.0,0.0,,
Andorra,AND,Europe,EU,2013,2010-2014,Pre-Pandemia,75220.0,,0.476,6.332,,0.476,6.332,0.0,0.0,,
Andorra,AND,Europe,EU,2014,2010-2014,Pre-Pandemia,73755.0,,0.462,6.259,,0.462,6.259,0.0,0.0,,
Andorra,AND,Europe,EU,2015,2015-2019,Pre-Pandemia,72195.0,,0.465,6.445,,0.465,6.445,0.0,0.0,,
Andorra,AND,Europe,EU,2016,2015-2019,Pre-Pandemia,72197.0,,0.473,6.547,,0.473,6.547,0.0,0.0,,
Andorra,AND,Europe,EU,2017,2015-2019,Pre-Pandemia,73780.0,,0.473,6.406,,0.469,6.357,0.0,0.0,,
Andorra,AND,Europe,EU,2018,2015-2019,Pre-Pandemia,75181.0,,0.498,6.628,,0.495,6.579,0.0,0.0,,
Andorra,AND,Europe,EU,2019,2015-2019,Pre-Pandemia,76492.0,,0.491,6.419,,0.487,6.37,0.0,0.0,,
Andorra,AND,Europe,EU,2020,2020-2023,Pandemia,77397.0,,0.377,4.876,,0.374,4.828,0.0,0.0,,
Andorra,AND,Europe,EU,2021,2020-2023,Pandemia,78379.0,,0.414,5.282,,0.407,5.189,0.0,0.0,,
Andorra,AND,Europe,EU,2022,2020-2023,Post-Pandemia,79722.0,,0.423,5.311,,0.416,5.219,0.0,0.0,,
Andorra,AND,Europe,EU,2023,2020-2023,Post-Pandemia,80869.0,,0.418,5.17,,0.411,5.079,0.0,0.0,,
Angola,AGO,Africa,AF,2010,2010-2014,Pre-Pandemia,23294822.0,126984175354.0,22.983,0.987,0.181,13.37,0.574,,,300.902,76.381
Angola,AGO,Africa,AF,2011,2010-2014,Pre-Pandemia,24218358.0,140477268750.0,23.397,0.966,0.167,14.345,0.592,,,292.866,79.89
Angola,AGO,Africa,AF,2012,2010-2014,Pre-Pandemia,25177398.0,152476849129.0,25.941,1.03,0.17,17.268,0.686,,,301.291,86.099
Angola,AGO,Africa,AF,2013,2010-2014,Pre-Pandemia,26165616.0,160032073258.0,25.71,0.983,0.161,17.441,0.667,,,275.219,93.416
Angola,AGO,Africa,AF,2014,2010-2014,Pre-Pandemia,27160767.0,167750415635.0,26.092,0.961,0.156,16.977,0.625,,,252.764,103.227
Angola,AGO,Africa,AF,2015,2015-2019,Pre-Pandemia,28157802.0,169333972139.0,27.505,0.977,0.162,16.167,0.574,,,253.526,108.491
Angola,AGO,Africa,AF,2016,2015-2019,Pre-Pandemia,29183072.0,164965166058.0,25.466,0.873,0.154,14.172,0.486,,,261.969,97.209
Angola,AGO,Africa,AF,2017,2015-2019,Pre-Pandemia,30234836.0,164717711409.0,23.601,0.781,0.143,13.888,0.459,,,281.385,83.874
Angola,AGO,Africa,AF,2018,2015-2019,Pre-Pandemia,31297160.0,162550037080.0,23.278,0.744,0.143,15.411,0.492,,,247.581,94.022
Angola,AGO,Africa,AF,2019,2015-2019,Pre-Pandemia,32375633.0,161408924528.0,22.21,0.686,0.138,14.286,0.441,,,227.256,97.731
Angola,AGO,Africa,AF,2020,2020-2023,Pandemia,33451139.0,152308692850.0,16.549,0.495,0.109,9.468,0.283,,,212.659,77.821
Angola,AGO,Africa,AF,2021,2020-2023,Pandemia,34532427.0,153971902307.0,19.219,0.557,0.125,12.282,0.356,,,219.978,87.366
Angola,AGO,Africa,AF,2022,2020-2023,Post-Pandemia,35635028.0,158346237030.0,21.089,0.592,0.133,14.887,0.418,,,216.041,97.616
Angola,AGO,Africa,AF,2023,2020-2023,Post-Pandemia,36749909.0,,21.675,0.59,,15.356,0.418,,,219.24,98.864
Anguilla,AIA,North America,NA,2010,2010-2014,Pre-Pandemia,13372.0,,0.128,9.59,,0.128,9.59,,,,
Anguilla,AIA,North America,NA,2011,2010-2014,Pre-Pandemia,13593.0,,0.125,9.165,,0.125,9.165,,,,
Anguilla,AIA,North America,NA,2012,2010-2014,Pre-Pandemia,13401.0,,0.121,9.023,,0.121,9.023,,,,
Anguilla,AIA,North America,NA,2013,2010-2014,Pre-Pandemia,13272.0,,0.114,8.558,,0.114,8.558,,,,
Anguilla,AIA,North America,NA,2014,2010-2014,Pre-Pandemia,13748.0,,0.121,8.795,,0.121,8.795,,,,
Anguilla,AIA,North America,NA,2015,2015-2019,Pre-Pandemia,14235.0,,0.136,9.524,,0.136,9.524,,,,
Anguilla,AIA,North America,NA,2016,2015-2019,Pre-Pandemia,14344.0,,0.139,9.707,,0.139,9.707,,,,
Anguilla,AIA,North America,NA,2017,2015-2019,Pre-Pandemia,14450.0,,0.128,8.875,,0.128,8.875,,,,
Anguilla,AIA,North America,NA,2018,2015-2019,Pre-Pandemia,14747.0,,0.132,8.944,,0.132,8.944,,,,
Anguilla,AIA,North America,NA,2019,2015-2019,Pre-Pandemia,14845.0,,0.143,9.626,,0.143,9.626,,,,
Anguilla,AIA,North America,NA,2020,2020-2023,Pandemia,14864.0,,0.136,9.121,,0.136,9.121,,,,
Anguilla,AIA,North America,NA,2021,2020-2023,Pandemia,14503.0,,0.139,9.6,,0.139,9.6,,,,
Anguilla,AIA,North America,NA,2022,2020-2023,Post-Pandemia,14202.0,,0.143,10.062,,0.143,10.062,,,,
Anguilla,AIA,North America,NA,2023,2020-2023,Post-Pandemia,14435.0,,0.143,9.879,,0.143,9.879,,,,
Antarctica,ATA,Antarctica,AN,2010,2010-2014,Pre-Pandemia,,,0.0,,,,,,,0.0,0.06
Antarctica,ATA,Antarctica,AN,2011,2010-2014,Pre-Pandemia,,,0.0,,,,,,,0.0,0.06
Antarctica,ATA,Antarctica,AN,2012,2010-2014,Pre-Pandemia,,,0.0,,,,,,,0.0,0.057
Antarctica,ATA,Antarctica,AN,2013,2010-2014,Pre-Pandemia,,,0.0,,,,,,,0.0,0.056
Antarctica,ATA,Antarctica,AN,2014,2010-2014,Pre-Pandemia,,,0.0,,,,,,,0.0,0.056
Antarctica,ATA,Antarctica,AN,2015,2015-2019,Pre-Pandemia,,,0.0,,,,,,,0.0,0.057
Antarctica,ATA,Antarctica,AN,2016,2015-2019,Pre-Pandemia,,,0.0,,,,,,,0.0,0.056
Antarctica,ATA,Antarctica,AN,2017,2015-2019,Pre-Pandemia,,,0.0,,,,,,,0.0,0.055
Antarctica,ATA,Antarctica,AN,2018,2015-2019,Pre-Pandemia,,,0.0,,,,,,,0.0,0.055
Antarctica,ATA,Antarctica,AN,2019,2015-2019,Pre-Pandemia,,,0.0,,,,,,,0.0,0.055
Antarctica,ATA,Antarctica,AN,2020,2020-2023,Pandemia,,,0.0,,,,,,,0.0,0.046
Antarctica,ATA,Antarctica,AN,2021,2020-2023,Pandemia,,,0.0,,,,,,,0.0,0.049
Antarctica,ATA,Antarctica,AN,2022,2020-2023,Post-Pandemia,,,0.0,,,,,,,0.0,0.052
Antarctica,ATA,Antarctica,AN,2023,2020-2023,Post-Pandemia,,,0.0,,,,,,,0.0,0.057
Antigua and Barbuda,ATG,North America,NA,2010,2010-2014,Pre-Pandemia,85337.0,,0.55,6.44,,0.55,6.44,,,193.725,2.837
Antigua and Barbuda,ATG,North America,NA,2011,2010-2014,Pre-Pandemia,86350.0,,0.546,6.322,,0.546,6.322,,,193.013,2.828
Antigua and Barbuda,ATG,North America,NA,2012,2010-2014,Pre-Pandemia,87275.0,,0.557,6.381,,0.557,6.381,,,191.596,2.907
Antigua and Barbuda,ATG,North America,NA,2013,2010-2014,Pre-Pandemia,88074.0,,0.557,6.323,,0.557,6.323,,,191.589,2.907
Antigua and Barbuda,ATG,North America,NA,2014,2010-2014,Pre-Pandemia,88784.0,,0.568,6.397,,0.568,6.397,,,191.079,2.972
Antigua and Barbuda,ATG,North America,NA,2015,2015-2019,Pre-Pandemia,89421.0,,0.579,6.474,,0.579,6.474,,,190.8,3.034
Antigua and Barbuda,ATG,North America,NA,2016,2015-2019,Pre-Pandemia,89980.0,,0.594,6.597,,0.594,6.597,,,192.772,3.079
Antigua and Barbuda,ATG,North America,NA,2017,2015-2019,Pre-Pandemia,90483.0,,0.601,6.641,,0.601,6.641,,,205.293,2.927
Antigua and Barbuda,ATG,North America,NA,2018,2015-2019,Pre-Pandemia,90942.0,,0.616,6.769,,0.616,6.769,,,210.991,2.917
Antigua and Barbuda,ATG,North America,NA,2019,2015-2019,Pre-Pandemia,91377.0,,0.638,6.977,,0.638,6.977,,,210.637,3.027
Antigua and Barbuda,ATG,North America,NA,2020,2020-2023,Pandemia,91864.0,,0.616,6.701,,0.616,6.701,,,210.489,2.924
Antigua and Barbuda,ATG,North America,NA,2021,2020-2023,Pandemia,92358.0,,0.634,6.863,,0.634,6.863,,,208.469,3.041
Antigua and Barbuda,ATG,North America,NA,2022,2020-2023,Post-Pandemia,92850.0,,0.642,6.913,,0.642,6.913,,,210.132,3.054
Antigua and Barbuda,ATG,North America,NA,2023,2020-2023,Post-Pandemia,93331.0,,0.641,6.863,,0.641,6.863,,,207.528,3.086
Argentina,ARG,South America,SA,2010,2010-2014,Pre-Pandemia,41288694.0,785785170150.0,186.121,4.508,0.237,90.145,2.183,4.082,0.099,210.958,882.268
Argentina,ARG,South America,SA,2011,2010-2014,Pre-Pandemia,41730655.0,837742673804.0,189.884,4.55,0.227,86.906,2.083,4.825,0.116,209.267,907.376
Argentina,ARG,South America,SA,2012,2010-2014,Pre-Pandemia,42161718.0,829147409948.0,191.715,4.547,0.231,85.589,2.03,5.078,0.12,203.059,944.132
Argentina,ARG,South America,SA,2013,2010-2014,Pre-Pandemia,42582453.0,849088398588.0,189.525,4.451,0.223,87.487,2.055,4.84,0.114,187.751,1009.449
Argentina,ARG,South America,SA,2014,2010-2014,Pre-Pandemia,43024071.0,827750786191.0,188.539,4.382,0.228,84.292,1.959,5.536,0.129,189.867,993.008
Argentina,ARG,South America,SA,2015,2015-2019,Pre-Pandemia,43477011.0,850356641236.0,191.809,4.412,0.226,86.954,2.0,5.467,0.126,189.911,1009.992
Argentina,ARG,South America,SA,2016,2015-2019,Pre-Pandemia,43900312.0,832669278245.0,190.02,4.328,0.228,84.554,1.926,4.192,0.095,188.939,1005.722
Argentina,ARG,South America,SA,2017,2015-2019,Pre-Pandemia,44288898.0,856142153676.0,187.068,4.224,0.219,80.857,1.826,4.28,0.097,187.633,996.988
Argentina,ARG,South America,SA,2018,2015-2019,Pre-Pandemia,44654876.0,833736983405.0,182.483,4.087,0.219,76.109,1.704,4.356,0.098,185.064,986.055
Argentina,ARG,South America,SA,2019,2015-2019,Pre-Pandemia,44973469.0,817053926667.0,180.428,4.012,0.221,76.609,1.703,2.143,0.048,194.918,925.658
Argentina,ARG,South America,SA,2020,2020-2023,Pandemia,45191960.0,735814250460.0,164.613,3.643,0.224,66.675,1.475,3.224,0.071,190.53,863.972
Argentina,ARG,South America,SA,2021,2020-2023,Pandemia,45312282.0,812324184006.0,190.197,4.197,0.234,85.441,1.886,4.51,0.1,200.59,948.187
Argentina,ARG,South America,SA,2022,2020-2023,Post-Pandemia,45407904.0,854914363923.0,183.768,4.047,0.215,81.967,1.805,4.731,0.104,183.54,1001.241
Argentina,ARG,South America,SA,2023,2020-2023,Post-Pandemia,45538402.0,,178.407,3.918,,79.241,1.74,4.226,0.093,177.65,1004.261
Armenia,ARM,Europe,EU,2010,2010-2014,Pre-Pandemia,2931083.0,24485670654.0,4.256,1.452,0.174,1.008,0.344,0.007,0.003,122.812,34.658
Armenia,ARM,Europe,EU,2011,2010-2014,Pre-Pandemia,2923269.0,24860520809.0,4.969,1.7,0.2,0.942,0.322,0.007,0.003,135.363,36.708
Armenia,ARM,Europe,EU,2012,2010-2014,Pre-Pandemia,2922529.0,26634064691.0,5.748,1.967,0.216,0.898,0.307,0.007,0.003,144.553,39.766
Armenia,ARM,Europe,EU,2013,2010-2014,Pre-Pandemia,2922526.0,27542825799.0,5.535,1.894,0.201,0.857,0.293,0.004,0.001,141.263,39.183
Armenia,ARM,Europe,EU,2014,2010-2014,Pre-Pandemia,2922433.0,28536291283.0,5.604,1.918,0.196,0.864,0.296,0.004,0.001,138.877,40.353
Armenia,ARM,Europe,EU,2015,2015-2019,Pre-Pandemia,2921179.0,29464863299.0,5.469,1.872,0.186,0.795,0.272,0.004,0.001,148.32,36.874
Armenia,ARM,Europe,EU,2016,2015-2019,Pre-Pandemia,2918796.0,29522321034.0,5.207,1.784,0.176,0.81,0.278,0.004,0.001,140.811,36.976
Armenia,ARM,Europe,EU,2017,2015-2019,Pre-Pandemia,2914966.0,31741802974.0,5.537,1.899,0.174,0.868,0.298,0.004,0.001,139.058,39.815
Armenia,ARM,Europe,EU,2018,2015-2019,Pre-Pandemia,2909971.0,33400320594.0,5.822,2.001,0.174,0.824,0.283,0.004,0.001,149.034,39.066
Armenia,ARM,Europe,EU,2019,2015-2019,Pre-Pandemia,2903975.0,35949092334.0,6.284,2.164,0.175,1.044,0.36,0.011,0.004,151.87,41.378
Armenia,ARM,Europe,EU,2020,2020-2023,Pandemia,2890893.0,33378378959.0,6.795,2.351,0.204,1.452,0.502,0.029,0.01,151.89,44.737
Armenia,ARM,Europe,EU,2021,2020-2023,Pandemia,2870339.0,35275596129.0,7.351,2.561,0.208,1.524,0.531,0.044,0.015,160.294,45.858
Armenia,ARM,Europe,EU,2022,2020-2023,Post-Pandemia,2880880.0,39721734780.0,7.699,2.672,0.194,1.521,0.528,0.044,0.015,155.42,49.535
Armenia,ARM,Europe,EU,2023,2020-2023,Post-Pandemia,2943398.0,,7.43,2.524,,1.562,0.531,0.04,0.014,153.571,48.383
Aruba,ABW,North America,NA,2010,2010-2014,Pre-Pandemia,100127.0,,2.506,25.03,,2.506,25.03,,,485.637,5.161
Aruba,ABW,North America,NA,2011,2010-2014,Pre-Pandemia,100995.0,,2.495,24.706,,2.495,24.706,,,615.669,4.053
Aruba,ABW,North America,NA,2012,2010-2014,Pre-Pandemia,101774.0,,1.345,13.212,,1.345,13.212,,,263.815,5.097
Aruba,ABW,North America,NA,2013,2010-2014,Pre-Pandemia,102570.0,,0.861,8.395,,0.861,8.395,,,175.831,4.897
Aruba,ABW,North America,NA,2014,2010-2014,Pre-Pandemia,103381.0,,0.872,8.435,,0.872,8.435,,,175.765,4.961
Aruba,ABW,North America,NA,2015,2015-2019,Pre-Pandemia,104200.0,,0.898,8.615,,0.898,8.615,,,176.155,5.096
Aruba,ABW,North America,NA,2016,2015-2019,Pre-Pandemia,104989.0,,0.883,8.411,,0.883,8.411,,,176.622,5.0
Aruba,ABW,North America,NA,2017,2015-2019,Pre-Pandemia,105737.0,,0.89,8.42,,0.89,8.42,,,171.631,5.188
Aruba,ABW,North America,NA,2018,2015-2019,Pre-Pandemia,106447.0,,0.868,8.158,,0.868,8.158,,,177.032,4.905
Aruba,ABW,North America,NA,2019,2015-2019,Pre-Pandemia,107089.0,,0.832,7.767,,0.832,7.767,,,177.995,4.673
Aruba,ABW,North America,NA,2020,2020-2023,Pandemia,107411.0,,0.821,7.641,,0.821,7.641,,,179.662,4.568
Aruba,ABW,North America,NA,2021,2020-2023,Pandemia,107565.0,,0.861,8.005,,0.861,8.005,,,178.358,4.828
Aruba,ABW,North America,NA,2022,2020-2023,Post-Pandemia,107792.0,,0.888,8.242,,0.888,8.242,,,179.842,4.94
Aruba,ABW,North America,NA,2023,2020-2023,Post-Pandemia,107946.0,,0.887,8.213,,0.887,8.213,,,181.542,4.884
Australia,AUS,Oceania,OC,2010,2010-2014,Pre-Pandemia,22141583.0,993853968687.0,405.026,18.293,0.408,124.506,5.623,200.635,9.061,268.436,1508.838
Australia,AUS,Oceania,OC,2011,2010-2014,Pre-Pandemia,22479779.0,1024000293343.0,403.874,17.966,0.394,129.836,5.776,192.232,8.551,259.126,1558.602
Australia,AUS,Oceania,OC,2012,2010-2014,Pre-Pandemia,22852648.0,1062662906305.0,405.005,17.722,0.381,132.478,5.797,189.244,8.281,263.656,1536.113
Australia,AUS,Oceania,OC,2013,2010-2014,Pre-Pandemia,23236271.0,1086068056518.0,397.85,17.122,0.366,135.764,5.843,176.436,7.593,255.756,1555.586
Australia,AUS,Oceania,OC,2014,2010-2014,Pre-Pandemia,23595599.0,1113888062929.0,392.61,16.639,0.352,137.132,5.812,168.219,7.129,250.635,1566.458
Australia,AUS,Oceania,OC,2015,2015-2019,Pre-Pandemia,23947997.0,1139303344945.0,400.589,16.727,0.352,136.869,5.715,174.222,7.275,250.114,1601.626
Australia,AUS,Oceania,OC,2016,2015-2019,Pre-Pandemia,24329963.0,1169967279612.0,409.666,16.838,0.35,136.761,5.621,179.594,7.382,254.944,1606.889
Australia,AUS,Oceania,OC,2017,2015-2019,Pre-Pandemia,24731044.0,1197832839959.0,413.408,16.716,0.345,139.221,5.629,176.951,7.155,258.053,1602.028
Australia,AUS,Oceania,OC,2018,2015-2019,Pre-Pandemia,25119700.0,1231576952488.0,414.781,16.512,0.337,143.397,5.709,169.336,6.741,255.107,1625.908
Australia,AUS,Oceania,OC,2019,2015-2019,Pre-Pandemia,25482714.0,1255505542015.0,414.925,16.283,0.33,142.693,5.6,164.888,6.471,246.936,1680.293
Australia,AUS,Oceania,OC,2020,2020-2023,Pandemia,25743787.0,1232259790388.0,398.547,15.481,0.323,134.777,5.235,156.622,6.084,251.384,1585.412
Australia,AUS,Oceania,OC,2021,2020-2023,Pandemia,25956417.0,1296705194119.0,388.472,14.966,0.3,134.179,5.169,151.821,5.849,244.426,1589.323
Australia,AUS,Oceania,OC,2022,2020-2023,Post-Pandemia,26200987.0,1344251444393.0,384.078,14.659,0.286,133.833,5.108,146.0,5.572,231.263,1660.79
Australia,AUS,Oceania,OC,2023,2020-2023,Post-Pandemia,26451126.0,,384.316,14.529,,141.61,5.354,140.982,5.33,231.882,1657.377
Austria,AUT,Europe,EU,2010,2010-2014,Pre-Pandemia,8365087.0,338832243101.0,72.0,8.607,0.212,34.785,4.158,15.497,1.853,170.795,421.558
Austria,AUT,Europe,EU,2011,2010-2014,Pre-Pandemia,8393272.0,349713455451.0,69.892,8.327,0.2,33.269,3.964,15.818,1.885,176.553,395.869
Austria,AUT,Europe,EU,2012,2010-2014,Pre-Pandemia,8431599.0,352093108730.0,67.26,7.977,0.191,32.627,3.87,14.686,1.742,162.307,414.402
Austria,AUT,Europe,EU,2013,2010-2014,Pre-Pandemia,8481411.0,352182904722.0,67.759,7.989,0.192,33.45,3.944,14.959,1.764,164.923,410.852
Austria,AUT,Europe,EU,2014,2010-2014,Pre-Pandemia,8547812.0,354511819035.0,64.159,7.506,0.181,32.413,3.792,13.801,1.615,162.473,394.889
Austria,AUT,Europe,EU,2015,2015-2019,Pre-Pandemia,8644037.0,358108266932.0,66.358,7.677,0.185,32.995,3.817,14.371,1.663,167.408,396.383
Austria,AUT,Europe,EU,2016,2015-2019,Pre-Pandemia,8737920.0,365232738553.0,67.219,7.693,0.184,34.108,3.903,13.334,1.526,164.088,409.651
Austria,AUT,Europe,EU,2017,2015-2019,Pre-Pandemia,8798779.0,373481694490.0,69.601,7.91,0.186,34.546,3.926,14.023,1.594,166.683,417.569
Austria,AUT,Europe,EU,2018,2015-2019,Pre-Pandemia,8841653.0,382540042762.0,66.567,7.529,0.174,34.087,3.855,12.294,1.391,162.993,408.402
Austria,AUT,Europe,EU,2019,2015-2019,Pre-Pandemia,8880876.0,388344674039.0,67.951,7.651,0.175,34.088,3.838,13.005,1.464,158.779,427.96
Austria,AUT,Europe,EU,2020,2020-2023,Pandemia,8921402.0,363281092036.0,62.18,6.97,0.171,30.779,3.45,11.371,1.275,155.394,400.144
Austria,AUT,Europe,EU,2021,2020-2023,Pandemia,8967053.0,379835198584.0,65.751,7.333,0.173,32.17,3.588,12.408,1.384,161.816,406.335
Austria,AUT,Europe,EU,2022,2020-2023,Post-Pandemia,9064678.0,398815419150.0,61.454,6.78,0.154,30.702,3.387,11.663,1.287,160.949,381.823
Austria,AUT,Europe,EU,2023,2020-2023,Post-Pandemia,9130434.0,,56.909,6.233,,29.376,3.217,11.146,1.221,144.454,393.96
Azerbaijan,AZE,Europe,EU,2010,2010-2014,Pre-Pandemia,9146852.0,144296577620.0,27.549,3.012,0.191,8.695,0.951,0.022,0.002,214.491,128.439
Azerbaijan,AZE,Europe,EU,2011,2010-2014,Pre-Pandemia,9256156.0,145980469968.0,30.21,3.264,0.207,10.267,1.109,0.018,0.002,207.29,145.739
Azerbaijan,AZE,Europe,EU,2012,2010-2014,Pre-Pandemia,9376179.0,149196415149.0,32.77,3.495,0.22,11.639,1.241,0.015,0.002,218.335,150.091
Azerbaijan,AZE,Europe,EU,2013,2010-2014,Pre-Pandemia,9504417.0,157913964589.0,33.559,3.531,0.213,12.069,1.27,0.011,0.001,217.616,154.212
Azerbaijan,AZE,Europe,EU,2014,2010-2014,Pre-Pandemia,9631136.0,162332395164.0,34.345,3.566,0.212,11.63,1.207,0.007,0.001,218.421,157.241
Azerbaijan,AZE,Europe,EU,2015,2015-2019,Pre-Pandemia,9752859.0,164036906588.0,34.683,3.556,0.211,11.534,1.183,0.011,0.001,201.851,171.826
Azerbaijan,AZE,Europe,EU,2016,2015-2019,Pre-Pandemia,9868434.0,159010796104.0,34.727,3.519,0.218,12.136,1.23,0.004,0.0,204.045,170.192
Azerbaijan,AZE,Europe,EU,2017,2015-2019,Pre-Pandemia,9968510.0,159255674569.0,34.698,3.481,0.218,12.587,1.263,0.004,0.0,207.831,166.954
Azerbaijan,AZE,Europe,EU,2018,2015-2019,Pre-Pandemia,10039782.0,161644514845.0,34.576,3.444,0.214,11.837,1.179,0.004,0.0,196.27,176.167
Azerbaijan,AZE,Europe,EU,2019,2015-2019,Pre-Pandemia,10110483.0,165653307401.0,37.753,3.734,0.228,12.112,1.198,0.004,0.0,203.09,185.891
Azerbaijan,AZE,Europe,EU,2020,2020-2023,Pandemia,10181736.0,158697520949.0,36.237,3.559,0.228,10.629,1.044,0.004,0.0,195.952,184.929
Azerbaijan,AZE,Europe,EU,2021,2020-2023,Pandemia,10234372.0,167584576527.0,38.3,3.742,0.229,11.744,1.148,0.0,0.0,193.874,197.549
Azerbaijan,AZE,Europe,EU,2022,2020-2023,Post-Pandemia,10295307.0,175370552026.0,41.175,3.999,0.235,12.847,1.248,0.044,0.004,195.802,210.286
Azerbaijan,AZE,Europe,EU,2023,2020-2023,Post-Pandemia,10318209.0,,42.748,4.143,,13.374,1.296,0.044,0.004,196.604,217.433
Bahamas,BHS,North America,NA,2010,2010-2014,Pre-Pandemia,367482.0,,2.231,6.072,,2.228,6.062,0.004,0.01,168.253,13.262
Bahamas,BHS,North America,NA,2011,2010-2014,Pre-Pandemia,371738.0,,2.11,5.677,,2.107,5.667,0.004,0.01,180.244,11.709
Bahamas,BHS,North America,NA,2012,2010-2014,Pre-Pandemia,375474.0,,2.048,5.455,,2.045,5.445,0.004,0.01,151.354,13.532
Bahamas,BHS,North America,NA,2013,2010-2014,Pre-Pandemia,378957.0,,1.993,5.26,,1.99,5.25,0.004,0.01,158.308,12.591
Bahamas,BHS,North America,NA,2014,2010-2014,Pre-Pandemia,382312.0,,2.063,5.396,,2.059,5.386,0.004,0.01,166.894,12.36
Bahamas,BHS,North America,NA,2015,2015-2019,Pre-Pandemia,385355.0,,2.231,5.79,,2.228,5.781,0.004,0.01,188.849,11.816
Bahamas,BHS,North America,NA,2016,2015-2019,Pre-Pandemia,388060.0,,2.246,5.788,,2.242,5.778,0.004,0.009,181.571,12.37
Bahamas,BHS,North America,NA,2017,2015-2019,Pre-Pandemia,390496.0,,2.521,6.455,,2.517,6.446,0.004,0.009,170.887,14.751
Bahamas,BHS,North America,NA,2018,2015-2019,Pre-Pandemia,392718.0,,2.455,6.251,,2.451,6.242,0.004,0.009,201.968,12.155
Bahamas,BHS,North America,NA,2019,2015-2019,Pre-Pandemia,394684.0,,2.521,6.387,,2.517,6.378,0.004,0.009,200.126,12.596
Bahamas,BHS,North America,NA,2020,2020-2023,Pandemia,395874.0,,2.052,5.183,,2.048,5.174,0.004,0.009,195.79,10.48
Bahamas,BHS,North America,NA,2021,2020-2023,Pandemia,396381.0,,2.726,6.877,,2.722,6.868,0.004,0.009,204.599,13.324
Bahamas,BHS,North America,NA,2022,2020-2023,Post-Pandemia,397542.0,,2.962,7.451,,2.958,7.442,0.004,0.009,238.921,12.397
Bahamas,BHS,North America,NA,2023,2020-2023,Post-Pandemia,399452.0,,2.956,7.4,,2.952,7.391,0.004,0.009,213.061,13.875
Bahrain,BHR,Asia,AS,2010,2010-2014,Pre-Pandemia,1213248.0,39778047298.0,29.143,24.02,0.733,4.114,3.391,,,169.202,172.235
Bahrain,BHR,Asia,AS,2011,2010-2014,Pre-Pandemia,1206733.0,43727144774.0,28.544,23.654,0.653,3.723,3.085,,,167.498,170.415
Bahrain,BHR,Asia,AS,2012,2010-2014,Pre-Pandemia,1216307.0,45357290589.0,27.202,22.365,0.6,2.158,1.774,,,148.592,183.069
Bahrain,BHR,Asia,AS,2013,2010-2014,Pre-Pandemia,1257206.0,47813841200.0,31.228,24.839,0.653,4.367,3.474,,,153.388,203.591
Bahrain,BHR,Asia,AS,2014,2010-2014,Pre-Pandemia,1312857.0,49894227022.0,30.971,23.59,0.621,2.012,1.532,,,153.466,201.809
Bahrain,BHR,Asia,AS,2015,2015-2019,Pre-Pandemia,1369656.0,51134096686.0,32.521,23.744,0.636,3.778,2.758,,,159.735,203.591
Bahrain,BHR,Asia,AS,2016,2015-2019,Pre-Pandemia,1429609.0,52953446666.0,31.635,22.129,0.597,3.712,2.596,,,155.733,203.139
Bahrain,BHR,Asia,AS,2017,2015-2019,Pre-Pandemia,1482003.0,55226208950.0,32.917,22.211,0.596,4.078,2.752,,,158.168,208.111
Bahrain,BHR,Asia,AS,2018,2015-2019,Pre-Pandemia,1497634.0,56391482183.0,32.698,21.833,0.58,3.678,2.456,,,154.59,211.518
Bahrain,BHR,Asia,AS,2019,2015-2019,Pre-Pandemia,1485675.0,57613480945.0,37.616,25.319,0.653,3.748,2.523,,,162.658,231.259
Bahrain,BHR,Asia,AS,2020,2020-2023,Pandemia,1483081.0,54937336615.0,37.429,25.238,0.681,3.609,2.433,,,163.544,228.863
Bahrain,BHR,Asia,AS,2021,2020-2023,Pandemia,1501762.0,56404169544.0,36.265,24.148,0.643,3.257,2.169,,,151.658,239.125
Bahrain,BHR,Asia,AS,2022,2020-2023,Post-Pandemia,1533460.0,58769760175.0,37.827,24.668,0.644,4.656,3.037,,,159.657,236.926
Bahrain,BHR,Asia,AS,2023,2020-2023,Post-Pandemia,1569674.0,,38.787,24.71,,4.709,3.0,,,160.36,241.872
Bangladesh,BGD,Asia,AS,2010,2010-2014,Pre-Pandemia,152201978.0,400087800634.0,54.036,0.355,0.135,10.885,0.072,3.074,0.02,215.217,251.074
Bangladesh,BGD,Asia,AS,2011,2010-2014,Pre-Pandemia,153591074.0,431418704062.0,55.593,0.362,0.129,13.865,0.09,2.836,0.018,204.664,271.629
Bangladesh,BGD,Asia,AS,2012,2010-2014,Pre-Pandemia,155070110.0,458456647637.0,59.704,0.385,0.13,15.576,0.1,3.422,0.022,202.367,295.028
Bangladesh,BGD,Asia,AS,2013,2010-2014,Pre-Pandemia,156532134.0,486135250102.0,64.763,0.414,0.133,16.312,0.104,3.748,0.024,211.245,306.577
Bangladesh,BGD,Asia,AS,2014,2010-2014,Pre-Pandemia,157964931.0,516793803718.0,67.552,0.428,0.131,18.287,0.116,3.51,0.022,212.055,318.558
Bangladesh,BGD,Asia,AS,2015,2015-2019,Pre-Pandemia,159383179.0,552104723056.0,76.946,0.483,0.139,18.727,0.117,8.607,0.054,199.807,385.102
Bangladesh,BGD,Asia,AS,2016,2015-2019,Pre-Pandemia,160811934.0,589932630231.0,81.761,0.508,0.139,21.644,0.135,6.071,0.038,211.432,386.701
Bangladesh,BGD,Asia,AS,2017,2015-2019,Pre-Pandemia,162186146.0,630957812405.0,86.531,0.534,0.137,25.478,0.157,7.152,0.044,214.735,402.965
Bangladesh,BGD,Asia,AS,2018,2015-2019,Pre-Pandemia,163523109.0,678912369102.0,86.608,0.53,0.128,24.359,0.149,8.182,0.05,201.279,430.288
Bangladesh,BGD,Asia,AS,2019,2015-2019,Pre-Pandemia,164913060.0,717214595514.0,94.808,0.575,0.132,25.187,0.153,8.68,0.053,196.467,482.562
Bangladesh,BGD,Asia,AS,2020,2020-2023,Pandemia,166298024.0,754358367084.0,95.729,0.576,0.127,23.636,0.142,10.549,0.063,209.268,457.447
Bangladesh,BGD,Asia,AS,2021,2020-2023,Pandemia,167658855.0,807308397444.0,98.53,0.588,0.122,22.596,0.135,14.216,0.085,200.074,492.47
Bangladesh,BGD,Asia,AS,2022,2020-2023,Post-Pandemia,169384891.0,858143907016.0,102.147,0.603,0.119,25.759,0.152,16.149,0.095,199.439,512.174
Bangladesh,BGD,Asia,AS,2023,2020-2023,Post-Pandemia,171466986.0,,104.527,0.61,,21.608,0.126,23.837,0.139,206.306,506.659
Barbados,BRB,North America,NA,2010,2010-2014,Pre-Pandemia,275251.0,3418936167.0,1.567,5.692,0.458,1.433,5.205,,,212.577,7.37
Barbados,BRB,North America,NA,2011,2010-2014,Pre-Pandemia,276150.0,3406690000.0,1.626,5.889,0.477,1.491,5.4,,,209.987,7.744
Barbados,BRB,North America,NA,2012,2010-2014,Pre-Pandemia,276949.0,3415680000.0,1.554,5.612,0.455,1.436,5.186,,,213.526,7.279
Barbados,BRB,North America,NA,2013,2010-2014,Pre-Pandemia,277669.0,3412801000.0,1.54,5.546,0.451,1.422,5.12,,,208.47,7.386
Barbados,BRB,North America,NA,2014,2010-2014,Pre-Pandemia,278355.0,3416200000.0,1.368,4.913,0.4,1.253,4.502,,,213.258,6.413
Barbados,BRB,North America,NA,2015,2015-2019,Pre-Pandemia,278999.0,3448059000.0,1.335,4.784,0.387,1.224,4.386,,,195.822,6.816
Barbados,BRB,North America,NA,2016,2015-2019,Pre-Pandemia,279604.0,3528285767.0,1.371,4.905,0.389,1.261,4.509,,,197.638,6.939
Barbados,BRB,North America,NA,2017,2015-2019,Pre-Pandemia,280177.0,3554020089.0,1.399,4.994,0.394,1.253,4.472,,,213.214,6.563
Barbados,BRB,North America,NA,2018,2015-2019,Pre-Pandemia,280719.0,3526291932.0,1.447,5.154,0.41,1.29,4.594,,,197.924,7.31
Barbados,BRB,North America,NA,2019,2015-2019,Pre-Pandemia,281216.0,3535586950.0,1.392,4.95,0.394,1.238,4.404,,,196.207,7.094
Barbados,BRB,North America,NA,2020,2020-2023,Pandemia,281706.0,3085224475.0,1.256,4.457,0.407,1.143,4.058,,,218.681,5.741
Barbados,BRB,North America,NA,2021,2020-2023,Pandemia,282157.0,3061072053.0,1.19,4.218,0.389,1.059,3.752,,,216.795,5.49
Barbados,BRB,North America,NA,2022,2020-2023,Post-Pandemia,282324.0,3408005977.0,1.315,4.658,0.386,1.18,4.179,,,221.666,5.932
Barbados,BRB,North America,NA,2023,2020-2023,Post-Pandemia,282347.0,,1.317,4.664,,1.177,4.17,,,196.872,6.688
Belarus,BLR,Europe,EU,2010,2010-2014,Pre-Pandemia,9490752.0,166239903113.0,62.515,6.587,0.376,16.326,1.72,2.901,0.306,204.165,306.201
Belarus,BLR,Europe,EU,2011,2010-2014,Pre-Pandemia,9472738.0,173120303880.0,61.353,6.477,0.354,17.418,1.839,2.975,0.314,204.045,300.684
Belarus,BLR,Europe,EU,2012,2010-2014,Pre-Pandemia,9463075.0,175940441074.0,62.592,6.614,0.356,17.088,1.806,5.004,0.529,192.45,325.236
Belarus,BLR,Europe,EU,2013,2010-2014,Pre-Pandemia,9464454.0,177632980571.0,64.152,6.778,0.361,18.704,1.976,4.838,0.511,218.051,294.205
Belarus,BLR,Europe,EU,2014,2010-2014,Pre-Pandemia,9472704.0,180627882895.0,63.699,6.725,0.353,18.383,1.941,4.634,0.489,216.03,294.863
Belarus,BLR,Europe,EU,2015,2015-2019,Pre-Pandemia,9487289.0,173709821418.0,58.828,6.201,0.339,17.178,1.811,4.094,0.432,220.361,266.962
Belarus,BLR,Europe,EU,2016,2015-2019,Pre-Pandemia,9499066.0,169304543676.0,58.188,6.126,0.344,17.313,1.823,3.692,0.389,213.301,272.798
Belarus,BLR,Europe,EU,2017,2015-2019,Pre-Pandemia,9495793.0,173606575679.0,59.444,6.26,0.342,17.345,1.827,3.882,0.409,213.952,277.84
Belarus,BLR,Europe,EU,2018,2015-2019,Pre-Pandemia,9480031.0,179054352755.0,62.171,6.558,0.347,18.139,1.913,3.964,0.418,202.393,307.179
Belarus,BLR,Europe,EU,2019,2015-2019,Pre-Pandemia,9435415.0,181643469714.0,62.171,6.589,0.342,17.973,1.905,4.101,0.435,201.336,308.79
Belarus,BLR,Europe,EU,2020,2020-2023,Pandemia,9350943.0,180420997693.0,59.123,6.323,0.328,17.906,1.915,3.789,0.405,206.331,286.544
Belarus,BLR,Europe,EU,2021,2020-2023,Pandemia,9251368.0,184521985376.0,60.861,6.579,0.33,17.728,1.916,3.883,0.42,194.616,312.725
Belarus,BLR,Europe,EU,2022,2020-2023,Post-Pandemia,9173240.0,175773799265.0,57.121,6.227,0.325,16.216,1.768,3.812,0.416,188.197,303.514
Belarus,BLR,Europe,EU,2023,2020-2023,Post-Pandemia,9115679.0,,55.736,6.114,,18.351,2.013,3.462,0.38,183.625,303.532
Belgium,BEL,Europe,EU,2010,2010-2014,Pre-Pandemia,10936619.0,411261674695.0,114.563,10.475,0.279,51.153,4.677,17.526,1.603,149.797,764.788
Belgium,BEL,Europe,EU,2011,2010-2014,Pre-Pandemia,11038624.0,420934235947.0,105.159,9.526,0.25,48.22,4.368,16.689,1.512,147.341,713.712
Belgium,BEL,Europe,EU,2012,2010-2014,Pre-Pandemia,11107522.0,424045845634.0,102.486,9.227,0.242,47.133,4.243,15.078,1.357,149.628,684.939
Belgium,BEL,Europe,EU,2013,2010-2014,Pre-Pandemia,11160277.0,425993254852.0,102.816,9.213,0.241,47.229,4.232,15.269,1.368,146.478,701.919
Belgium,BEL,Europe,EU,2014,2010-2014,Pre-Pandemia,11210113.0,432717694183.0,97.081,8.66,0.224,46.313,4.131,14.725,1.314,149.16,650.851
Belgium,BEL,Europe,EU,2015,2015-2019,Pre-Pandemia,11275332.0,441551470878.0,101.327,8.987,0.229,48.237,4.278,14.381,1.275,154.127,657.427
Belgium,BEL,Europe,EU,2016,2015-2019,Pre-Pandemia,11332707.0,447144517813.0,99.816,8.808,0.223,47.124,4.158,13.476,1.189,140.684,709.509
Belgium,BEL,Europe,EU,2017,2015-2019,Pre-Pandemia,11376583.0,454386396677.0,99.282,8.727,0.218,46.258,4.066,13.247,1.164,138.654,716.042
Belgium,BEL,Europe,EU,2018,2015-2019,Pre-Pandemia,11428608.0,462533269863.0,100.256,8.772,0.217,45.875,4.014,13.297,1.163,140.375,714.205
Belgium,BEL,Europe,EU,2019,2015-2019,Pre-Pandemia,11490623.0,472897988852.0,99.799,8.685,0.211,45.341,3.946,13.156,1.145,135.161,738.369
Belgium,BEL,Europe,EU,2020,2020-2023,Pandemia,11540102.0,447544069854.0,91.255,7.908,0.204,40.098,3.475,10.466,0.907,137.451,663.906
Belgium,BEL,Europe,EU,2021,2020-2023,Pandemia,11570843.0,474995824355.0,94.928,8.204,0.2,42.152,3.643,11.762,1.016,128.579,738.285
Belgium,BEL,Europe,EU,2022,2020-2023,Post-Pandemia,11641814.0,489678394377.0,88.915,7.638,0.182,41.466,3.562,11.903,1.022,128.036,694.453
Belgium,BEL,Europe,EU,2023,2020-2023,Post-Pandemia,11712891.0,,84.703,7.232,,41.188,3.516,10.431,0.891,130.201,650.558
Belize,BLZ,North America,NA,2010,2010-2014,Pre-Pandemia,320256.0,,0.539,1.682,,0.528,1.647,,,181.416,2.969
Belize,BLZ,North America,NA,2011,2010-2014,Pre-Pandemia,327306.0,,0.572,1.746,,0.561,1.713,,,237.574,2.406
Belize,BLZ,North America,NA,2012,2010-2014,Pre-Pandemia,334421.0,,0.473,1.413,,0.465,1.391,,,168.281,2.809
Belize,BLZ,North America,NA,2013,2010-2014,Pre-Pandemia,341635.0,,0.473,1.384,,0.469,1.373,,,162.878,2.902
Belize,BLZ,North America,NA,2014,2010-2014,Pre-Pandemia,348934.0,,0.502,1.439,,0.498,1.428,,,180.9,2.775
Belize,BLZ,North America,NA,2015,2015-2019,Pre-Pandemia,356341.0,,0.685,1.923,,0.682,1.913,,,214.977,3.187
Belize,BLZ,North America,NA,2016,2015-2019,Pre-Pandemia,364717.0,,0.674,1.848,,0.671,1.838,,,211.239,3.192
Belize,BLZ,North America,NA,2017,2015-2019,Pre-Pandemia,373215.0,,0.667,1.787,,0.663,1.777,,,185.503,3.595
Belize,BLZ,North America,NA,2018,2015-2019,Pre-Pandemia,380232.0,,0.66,1.735,,0.656,1.725,,,184.47,3.575
Belize,BLZ,North America,NA,2019,2015-2019,Pre-Pandemia,385833.0,,0.769,1.994,,0.769,1.994,,,177.625,4.332
Belize,BLZ,North America,NA,2020,2020-2023,Pandemia,390819.0,,0.654,1.672,,0.652,1.669,,,188.726,3.463
Belize,BLZ,North America,NA,2021,2020-2023,Pandemia,395355.0,,0.694,1.754,,0.689,1.742,,,197.053,3.52
Belize,BLZ,North America,NA,2022,2020-2023,Post-Pandemia,402741.0,,0.724,1.797,,0.718,1.783,,,194.192,3.727
Belize,BLZ,North America,NA,2023,2020-2023,Post-Pandemia,411112.0,,0.766,1.864,,0.761,1.852,,,187.443,4.089
Benin,BEN,Africa,AF,2010,2010-2014,Pre-Pandemia,9797488.0,17023196060.0,4.679,0.478,0.275,4.437,0.453,,,217.246,21.54
Benin,BEN,Africa,AF,2011,2010-2014,Pre-Pandemia,10093626.0,17416238625.0,4.48,0.444,0.257,4.247,0.421,,,222.47,20.136
Benin,BEN,Africa,AF,2012,2010-2014,Pre-Pandemia,10397659.0,18305935000.0,4.403,0.423,0.24,4.166,0.401,,,230.587,19.093
Benin,BEN,Africa,AF,2013,2010-2014,Pre-Pandemia,10708831.0,19651418479.0,4.566,0.426,0.232,4.331,0.404,,,234.331,19.485
Benin,BEN,Africa,AF,2014,2010-2014,Pre-Pandemia,11030008.0,21043177203.0,4.774,0.433,0.227,4.338,0.393,0.165,0.015,230.328,20.727
Benin,BEN,Africa,AF,2015,2015-2019,Pre-Pandemia,11360681.0,22279707949.0,5.318,0.468,0.239,4.943,0.435,0.099,0.009,233.583,22.768
Benin,BEN,Africa,AF,2016,2015-2019,Pre-Pandemia,11697845.0,23134706997.0,5.311,0.454,0.23,4.91,0.42,0.187,0.016,191.29,27.762
Benin,BEN,Africa,AF,2017,2015-2019,Pre-Pandemia,12039777.0,24568275710.0,5.555,0.461,0.226,5.056,0.42,0.176,0.015,188.636,29.448
Benin,BEN,Africa,AF,2018,2015-2019,Pre-Pandemia,12383349.0,26346543293.0,5.668,0.458,0.215,5.24,0.423,0.0,0.0,174.944,32.402
Benin,BEN,Africa,AF,2019,2015-2019,Pre-Pandemia,12726760.0,28155410176.0,5.273,0.414,0.187,4.525,0.356,0.238,0.019,174.683,30.184
Benin,BEN,Africa,AF,2020,2020-2023,Pandemia,13070169.0,29239039610.0,5.541,0.424,0.19,4.547,0.348,0.256,0.02,174.617,31.732
Benin,BEN,Africa,AF,2021,2020-2023,Pandemia,13413423.0,31331235336.0,5.806,0.433,0.185,4.711,0.351,0.293,0.022,235.518,24.651
Benin,BEN,Africa,AF,2022,2020-2023,Post-Pandemia,13759507.0,33290362034.0,6.092,0.443,0.183,4.974,0.362,0.348,0.025,240.385,25.344
Benin,BEN,Africa,AF,2023,2020-2023,Post-Pandemia,14111035.0,,5.928,0.42,,4.756,0.337,0.405,0.029,193.143,30.691
Bermuda,BMU,North America,NA,2010,2010-2014,Pre-Pandemia,63748.0,,0.605,9.484,,0.605,9.484,0.0,0.0,184.616,3.275
Bermuda,BMU,North America,NA,2011,2010-2014,Pre-Pandemia,63753.0,,0.443,6.954,,0.443,6.954,0.0,0.0,208.929,2.122
Bermuda,BMU,North America,NA,2012,2010-2014,Pre-Pandemia,63665.0,,0.366,5.755,,0.366,5.755,0.0,0.0,159.781,2.293
Bermuda,BMU,North America,NA,2013,2010-2014,Pre-Pandemia,63593.0,,0.535,8.412,,0.535,8.412,0.0,0.0,232.242,2.303
Bermuda,BMU,North America,NA,2014,2010-2014,Pre-Pandemia,63551.0,,0.667,10.493,,0.667,10.493,0.0,0.0,223.918,2.978
Bermuda,BMU,North America,NA,2015,2015-2019,Pre-Pandemia,63482.0,,0.542,8.542,,0.542,8.542,0.0,0.0,216.331,2.507
Bermuda,BMU,North America,NA,2016,2015-2019,Pre-Pandemia,63466.0,,0.616,9.699,,0.616,9.699,0.0,0.0,193.217,3.186
Bermuda,BMU,North America,NA,2017,2015-2019,Pre-Pandemia,63603.0,,0.641,10.081,,0.641,10.081,0.0,0.0,203.942,3.144
Bermuda,BMU,North America,NA,2018,2015-2019,Pre-Pandemia,63852.0,,0.696,10.903,,0.696,10.903,0.0,0.0,225.859,3.082
Bermuda,BMU,North America,NA,2019,2015-2019,Pre-Pandemia,64130.0,,0.594,9.256,,0.594,9.256,0.0,0.0,221.348,2.682
Bermuda,BMU,North America,NA,2020,2020-2023,Pandemia,64404.0,,0.436,6.77,,0.436,6.77,0.0,0.0,220.582,1.977
Bermuda,BMU,North America,NA,2021,2020-2023,Pandemia,64672.0,,0.517,7.988,,0.517,7.988,0.0,0.0,223.441,2.312
Bermuda,BMU,North America,NA,2022,2020-2023,Post-Pandemia,64772.0,,0.531,8.194,,0.531,8.194,0.0,0.0,224.791,2.361
Bermuda,BMU,North America,NA,2023,2020-2023,Post-Pandemia,64721.0,,0.53,8.184,,0.53,8.184,0.0,0.0,222.468,2.381
Bhutan,BTN,Asia,AS,2010,2010-2014,Pre-Pandemia,701638.0,,0.905,1.291,,0.311,0.444,0.495,0.705,248.445,3.645
Bhutan,BTN,Asia,AS,2011,2010-2014,Pre-Pandemia,709387.0,,1.007,1.419,,0.366,0.517,0.37,0.522,266.055,3.784
Bhutan,BTN,Asia,AS,2012,2010-2014,Pre-Pandemia,717288.0,,1.15,1.603,,0.442,0.616,0.449,0.626,278.366,4.131
Bhutan,BTN,Asia,AS,2013,2010-2014,Pre-Pandemia,725282.0,,1.269,1.75,,0.443,0.611,0.542,0.748,287.438,4.415
Bhutan,BTN,Asia,AS,2014,2010-2014,Pre-Pandemia,733151.0,,1.332,1.817,,0.432,0.59,0.557,0.76,302.776,4.4
Bhutan,BTN,Asia,AS,2015,2015-2019,Pre-Pandemia,740623.0,,1.434,1.936,,0.451,0.609,0.59,0.796,311.364,4.605
Bhutan,BTN,Asia,AS,2016,2015-2019,Pre-Pandemia,747878.0,,1.56,2.086,,0.479,0.64,0.614,0.821,307.552,5.073
Bhutan,BTN,Asia,AS,2017,2015-2019,Pre-Pandemia,754343.0,,1.649,2.186,,0.517,0.685,0.689,0.913,306.135,5.387
Bhutan,BTN,Asia,AS,2018,2015-2019,Pre-Pandemia,759766.0,,1.682,2.214,,0.564,0.743,0.627,0.825,273.444,6.151
Bhutan,BTN,Asia,AS,2019,2015-2019,Pre-Pandemia,764830.0,,1.565,2.046,,0.575,0.752,0.528,0.69,249.392,6.275
Bhutan,BTN,Asia,AS,2020,2020-2023,Pandemia,770013.0,,1.214,1.576,,0.405,0.526,0.486,0.631,133.591,9.085
Bhutan,BTN,Asia,AS,2021,2020-2023,Pandemia,775450.0,,1.455,1.876,,0.41,0.529,0.703,0.907,99.307,14.648
Bhutan,BTN,Asia,AS,2022,2020-2023,Post-Pandemia,780921.0,,1.55,1.984,,0.478,0.611,0.758,0.971,98.424,15.744
Bhutan,BTN,Asia,AS,2023,2020-2023,Post-Pandemia,786386.0,,1.63,2.072,,0.475,0.604,0.841,1.069,103.51,15.744
Bolivia,BOL,South America,SA,2010,2010-2014,Pre-Pandemia,10182345.0,51541502268.0,14.809,1.454,0.287,7.944,0.78,,,233.421,63.442
Bolivia,BOL,South America,SA,2011,2010-2014,Pre-Pandemia,10348931.0,54437027542.0,16.051,1.551,0.295,8.398,0.811,0.004,0.0,244.949,65.529
Bolivia,BOL,South America,SA,2012,2010-2014,Pre-Pandemia,10515814.0,57225289193.0,17.575,1.671,0.307,9.702,0.923,0.0,0.0,223.616,78.593
Bolivia,BOL,South America,SA,2013,2010-2014,Pre-Pandemia,10682612.0,61114326124.0,17.778,1.664,0.291,9.695,0.908,0.004,0.0,223.707,79.469
Bolivia,BOL,South America,SA,2014,2010-2014,Pre-Pandemia,10848889.0,64451770571.0,19.9,1.834,0.309,10.869,1.002,0.011,0.001,246.561,80.711
Bolivia,BOL,South America,SA,2015,2015-2019,Pre-Pandemia,11014707.0,67582198248.0,19.9,1.807,0.294,10.765,0.977,0.015,0.001,235.005,84.678
Bolivia,BOL,South America,SA,2016,2015-2019,Pre-Pandemia,11180020.0,70463901130.0,21.25,1.901,0.302,11.223,1.004,0.015,0.001,238.435,89.121
Bolivia,BOL,South America,SA,2017,2015-2019,Pre-Pandemia,11344591.0,73419862854.0,22.182,1.955,0.302,12.044,1.062,0.022,0.002,236.687,93.717
Bolivia,BOL,South America,SA,2018,2015-2019,Pre-Pandemia,11508370.0,76521114837.0,22.509,1.956,0.294,12.241,1.064,0.018,0.002,234.878,95.832
Bolivia,BOL,South America,SA,2019,2015-2019,Pre-Pandemia,11671386.0,78217588630.0,22.609,1.937,0.289,12.861,1.102,0.022,0.002,236.432,95.627
Bolivia,BOL,South America,SA,2020,2020-2023,Pandemia,11816301.0,71382934039.0,18.32,1.55,0.257,10.336,0.875,0.007,0.001,231.099,79.274
Bolivia,BOL,South America,SA,2021,2020-2023,Pandemia,11937369.0,75741579784.0,21.767,1.823,0.287,12.729,1.066,0.022,0.002,229.329,94.914
Bolivia,BOL,South America,SA,2022,2020-2023,Post-Pandemia,12077156.0,78165311428.0,23.488,1.945,0.3,13.76,1.139,0.022,0.002,226.921,103.508
Bolivia,BOL,South America,SA,2023,2020-2023,Post-Pandemia,12244161.0,,24.621,2.011,,13.975,1.141,0.024,0.002,224.836,109.504
Bonaire Sint Eustatius and Saba,BES,North America,NA,2010,2010-2014,Pre-Pandemia,20583.0,,0.075,3.655,,0.075,3.655,0.0,0.0,,
Bonaire Sint Eustatius and Saba,BES,North America,NA,2011,2010-2014,Pre-Pandemia,21650.0,,0.096,4.432,,0.096,4.432,0.0,0.0,,
Bonaire Sint Eustatius and Saba,BES,North America,NA,2012,2010-2014,Pre-Pandemia,22847.0,,0.117,5.132,,0.117,5.132,,,,
Bonaire Sint Eustatius and Saba,BES,North America,NA,2013,2010-2014,Pre-Pandemia,23835.0,,0.114,4.765,,0.114,4.765,,,,
Bonaire Sint Eustatius and Saba,BES,North America,NA,2014,2010-2014,Pre-Pandemia,24491.0,,0.117,4.787,,0.117,4.787,,,,
Bonaire Sint Eustatius and Saba,BES,North America,NA,2015,2015-2019,Pre-Pandemia,24638.0,,0.128,5.205,,0.128,5.205,,,,
Bonaire Sint Eustatius and Saba,BES,North America,NA,2016,2015-2019,Pre-Pandemia,24567.0,,0.132,5.369,,0.132,5.369,,,,
Bonaire Sint Eustatius and Saba,BES,North America,NA,2017,2015-2019,Pre-Pandemia,24821.0,,0.139,5.609,,0.139,5.609,,,,
Bonaire Sint Eustatius and Saba,BES,North America,NA,2018,2015-2019,Pre-Pandemia,25184.0,,0.132,5.238,,0.132,5.238,,,,
Bonaire Sint Eustatius and Saba,BES,North America,NA,2019,2015-2019,Pre-Pandemia,25652.0,,0.139,5.428,,0.139,5.428,,,,
Bonaire Sint Eustatius and Saba,BES,North America,NA,2020,2020-2023,Pandemia,26476.0,,0.132,4.982,,0.132,4.982,,,,
Bonaire Sint Eustatius and Saba,BES,North America,NA,2021,2020-2023,Pandemia,27347.0,,0.139,5.091,,0.139,5.091,,,,
Bonaire Sint Eustatius and Saba,BES,North America,NA,2022,2020-2023,Post-Pandemia,28654.0,,0.147,5.115,,0.147,5.115,,,,
Bonaire Sint Eustatius and Saba,BES,North America,NA,2023,2020-2023,Post-Pandemia,29920.0,,0.146,4.889,,0.146,4.889,,,,
Bosnia and Herzegovina,BIH,Europe,EU,2010,2010-2014,Pre-Pandemia,3811480.0,35774435069.0,21.146,5.548,0.591,4.458,1.17,15.87,4.164,342.539,61.732
Bosnia and Herzegovina,BIH,Europe,EU,2011,2010-2014,Pre-Pandemia,3741799.0,35664062419.0,23.765,6.351,0.666,4.419,1.181,18.488,4.941,359.526,66.101
Bosnia and Herzegovina,BIH,Europe,EU,2012,2010-2014,Pre-Pandemia,3670109.0,35371051813.0,22.138,6.032,0.626,4.107,1.119,17.235,4.696,342.468,64.642
Bosnia and Herzegovina,BIH,Europe,EU,2013,2010-2014,Pre-Pandemia,3610857.0,36202157063.0,21.801,6.038,0.602,4.004,1.109,17.086,4.732,361.22,60.354
Bosnia and Herzegovina,BIH,Europe,EU,2014,2010-2014,Pre-Pandemia,3564831.0,36619951250.0,19.312,5.417,0.527,4.093,1.148,14.55,4.081,319.79,60.389
Bosnia and Herzegovina,BIH,Europe,EU,2015,2015-2019,Pre-Pandemia,3518541.0,38199900995.0,18.46,5.247,0.483,4.254,1.209,13.491,3.834,300.244,61.485
Bosnia and Herzegovina,BIH,Europe,EU,2016,2015-2019,Pre-Pandemia,3472997.0,39438504839.0,21.734,6.258,0.551,4.836,1.393,16.155,4.651,344.889,63.018
Bosnia and Herzegovina,BIH,Europe,EU,2017,2015-2019,Pre-Pandemia,3428684.0,40717914490.0,22.153,6.461,0.544,4.891,1.427,16.455,4.799,336.395,65.853
Bosnia and Herzegovina,BIH,Europe,EU,2018,2015-2019,Pre-Pandemia,3386999.0,42277004927.0,22.079,6.519,0.522,4.639,1.37,16.604,4.902,352.657,62.607
Bosnia and Herzegovina,BIH,Europe,EU,2019,2015-2019,Pre-Pandemia,3345532.0,43497123759.0,20.81,6.22,0.478,4.683,1.4,15.334,4.583,352.279,59.074
Bosnia and Herzegovina,BIH,Europe,EU,2020,2020-2023,Pandemia,3299352.0,42185625323.0,20.832,6.314,0.494,4.287,1.299,15.722,4.765,366.228,56.882
Bosnia and Herzegovina,BIH,Europe,EU,2021,2020-2023,Pandemia,3244912.0,45303796505.0,21.268,6.554,0.469,4.812,1.483,15.564,4.796,325.699,65.298
Bosnia and Herzegovina,BIH,Europe,EU,2022,2020-2023,Post-Pandemia,3204802.0,47069138435.0,20.743,6.472,0.441,4.708,1.469,15.192,4.74,228.876,90.629
Bosnia and Herzegovina,BIH,Europe,EU,2023,2020-2023,Post-Pandemia,3185072.0,,19.881,6.242,,4.647,1.459,14.389,4.518,233.805,85.034
Botswana,BWA,Africa,AF,2010,2010-2014,Pre-Pandemia,2033110.0,24958864035.0,4.537,2.232,0.182,2.446,1.203,1.991,0.979,243.697,18.618
Botswana,BWA,Africa,AF,2011,2010-2014,Pre-Pandemia,2073538.0,27061119164.0,4.029,1.943,0.149,2.593,1.25,1.43,0.69,206.297,19.529
Botswana,BWA,Africa,AF,2012,2010-2014,Pre-Pandemia,2108617.0,27014847416.0,5.077,2.408,0.188,2.744,1.301,2.327,1.103,263.055,19.299
Botswana,BWA,Africa,AF,2013,2010-2014,Pre-Pandemia,2140687.0,30014304729.0,5.663,2.645,0.189,2.884,1.347,2.774,1.296,295.626,19.156
Botswana,BWA,Africa,AF,2014,2010-2014,Pre-Pandemia,2172053.0,31724220202.0,6.85,3.154,0.216,3.001,1.382,3.844,1.77,356.072,19.238
Botswana,BWA,Africa,AF,2015,2015-2019,Pre-Pandemia,2203276.0,30185273524.0,5.418,2.459,0.179,2.51,1.139,2.898,1.315,231.095,23.443
Botswana,BWA,Africa,AF,2016,2015-2019,Pre-Pandemia,2234784.0,32359220755.0,6.341,2.837,0.196,2.765,1.237,3.57,1.598,245.701,25.807
Botswana,BWA,Africa,AF,2017,2015-2019,Pre-Pandemia,2266749.0,33690154993.0,7.066,3.117,0.21,2.809,1.239,4.252,1.876,298.761,23.652
Botswana,BWA,Africa,AF,2018,2015-2019,Pre-Pandemia,2299149.0,35101769105.0,7.643,3.324,0.218,3.019,1.313,4.624,2.011,325.998,23.446
Botswana,BWA,Africa,AF,2019,2015-2019,Pre-Pandemia,2332082.0,36166405883.0,7.486,3.21,0.207,3.625,1.555,3.86,1.655,328.097,22.815
Botswana,BWA,Africa,AF,2020,2020-2023,Pandemia,2365895.0,33010529929.0,6.192,2.617,0.188,3.263,1.379,2.929,1.238,281.652,21.985
Botswana,BWA,Africa,AF,2021,2020-2023,Pandemia,2401448.0,36918974292.0,6.683,2.783,0.181,3.393,1.413,3.29,1.37,288.09,23.198
Botswana,BWA,Africa,AF,2022,2020-2023,Post-Pandemia,2439895.0,39293967463.0,7.396,3.031,0.188,3.039,1.246,4.353,1.784,252.555,29.284
Botswana,BWA,Africa,AF,2023,2020-2023,Post-Pandemia,2480242.0,,7.249,2.923,,3.07,1.238,4.174,1.683,310.819,23.321
Brazil,BRA,South America,SA,2010,2010-2014,Pre-Pandemia,193701931.0,2820492538862.0,440.269,2.273,0.156,286.08,1.477,56.688,0.293,138.07,3188.735
Brazil,BRA,South America,SA,2011,2010-2014,Pre-Pandemia,195284736.0,2968455007203.0,461.911,2.365,0.156,303.885,1.556,62.292,0.319,139.284,3316.323
Brazil,BRA,South America,SA,2012,2010-2014,Pre-Pandemia,196876113.0,3025484250011.0,497.468,2.527,0.164,327.734,1.665,61.016,0.31,145.956,3408.335
Brazil,BRA,South America,SA,2013,2010-2014,Pre-Pandemia,198478290.0,3116394665745.0,531.569,2.678,0.171,342.338,1.725,65.604,0.331,151.835,3500.955
Brazil,BRA,South America,SA,2014,2010-2014,Pre-Pandemia,200085126.0,3132099937531.0,556.526,2.781,0.178,356.751,1.783,69.037,0.345,155.644,3575.635
Brazil,BRA,South America,SA,2015,2015-2019,Pre-Pandemia,201675534.0,3021043246476.0,528.174,2.619,0.175,330.356,1.638,69.455,0.344,149.394,3535.438
Brazil,BRA,South America,SA,2016,2015-2019,Pre-Pandemia,203218108.0,2922076150345.0,491.745,2.42,0.168,312.942,1.54,63.828,0.314,142.475,3451.454
Brazil,BRA,South America,SA,2017,2015-2019,Pre-Pandemia,204703440.0,2960731613785.0,497.255,2.429,0.168,315.045,1.539,67.318,0.329,142.987,3477.629
Brazil,BRA,South America,SA,2018,2015-2019,Pre-Pandemia,206107265.0,3013541086239.0,476.601,2.312,0.158,298.889,1.45,65.837,0.319,136.704,3486.378
Brazil,BRA,South America,SA,2019,2015-2019,Pre-Pandemia,207455459.0,3050327159562.0,476.724,2.298,0.156,302.98,1.46,61.885,0.298,133.648,3567.019
Brazil,BRA,South America,SA,2020,2020-2023,Pandemia,208660845.0,2950377451264.0,447.999,2.147,0.152,285.284,1.367,55.949,0.268,130.901,3422.429
Brazil,BRA,South America,SA,2021,2020-2023,Pandemia,209550291.0,3097565215045.0,496.562,2.37,0.16,303.465,1.448,67.936,0.324,138.658,3581.199
Brazil,BRA,South America,SA,2022,2020-2023,Post-Pandemia,210306411.0,3187412907763.0,480.058,2.283,0.151,315.339,1.499,56.112,0.267,128.643,3731.718
Brazil,BRA,South America,SA,2023,2020-2023,Post-Pandemia,211140731.0,,483.992,2.292,,323.29,1.531,54.906,0.26,125.59,3853.746
British Virgin Islands,VGB,North America,NA,2010,2010-2014,Pre-Pandemia,27698.0,,0.213,7.672,,0.213,7.672,,,297.23,0.715
British Virgin Islands,VGB,North America,NA,2011,2010-2014,Pre-Pandemia,28733.0,,0.209,7.269,,0.209,7.269,,,285.3,0.732
British Virgin Islands,VGB,North America,NA,2012,2010-2014,Pre-Pandemia,30369.0,,0.209,6.877,,0.209,6.877,,,286.296,0.729
British Virgin Islands,VGB,North America,NA,2013,2010-2014,Pre-Pandemia,31727.0,,0.213,6.698,,0.213,6.698,,,291.319,0.729
British Virgin Islands,VGB,North America,NA,2014,2010-2014,Pre-Pandemia,32988.0,,0.216,6.553,,0.216,6.553,,,291.671,0.741
British Virgin Islands,VGB,North America,NA,2015,2015-2019,Pre-Pandemia,34523.0,,0.224,6.474,,0.224,6.474,,,300.445,0.744
British Virgin Islands,VGB,North America,NA,2016,2015-2019,Pre-Pandemia,33904.0,,0.227,6.7,,0.227,6.7,,,301.328,0.754
British Virgin Islands,VGB,North America,NA,2017,2015-2019,Pre-Pandemia,32724.0,,0.18,5.486,,0.18,5.486,,,253.237,0.709
British Virgin Islands,VGB,North America,NA,2018,2015-2019,Pre-Pandemia,34682.0,,0.158,4.543,,0.158,4.543,,,235.371,0.669
British Virgin Islands,VGB,North America,NA,2019,2015-2019,Pre-Pandemia,36423.0,,0.183,5.03,,0.183,5.03,,,239.835,0.764
British Virgin Islands,VGB,North America,NA,2020,2020-2023,Pandemia,37161.0,,0.18,4.831,,0.18,4.831,,,239.507,0.75
British Virgin Islands,VGB,North America,NA,2021,2020-2023,Pandemia,37833.0,,0.183,4.842,,0.183,4.842,,,239.45,0.765
British Virgin Islands,VGB,North America,NA,2022,2020-2023,Post-Pandemia,38346.0,,0.186,4.844,,0.186,4.844,,,239.189,0.777
British Virgin Islands,VGB,North America,NA,2023,2020-2023,Post-Pandemia,39009.0,,0.185,4.752,,0.185,4.752,,,235.208,0.788
Brunei,BRN,Asia,AS,2010,2010-2014,Pre-Pandemia,392340.0,,8.017,20.435,,1.59,4.053,,,188.987,42.423
Brunei,BRN,Asia,AS,2011,2010-2014,Pre-Pandemia,399395.0,,9.555,23.925,,1.957,4.899,,,219.278,43.577
Brunei,BRN,Asia,AS,2012,2010-2014,Pre-Pandemia,405564.0,,9.5,23.424,,2.066,5.093,,,224.278,42.357
Brunei,BRN,Asia,AS,2013,2010-2014,Pre-Pandemia,411205.0,,7.626,18.546,,1.656,4.027,,,193.585,39.394
Brunei,BRN,Asia,AS,2014,2010-2014,Pre-Pandemia,416757.0,,8.831,21.19,,1.689,4.053,,,199.324,44.305
Brunei,BRN,Asia,AS,2015,2015-2019,Pre-Pandemia,422223.0,,6.933,16.421,,1.645,3.896,,,141.617,48.958
Brunei,BRN,Asia,AS,2016,2015-2019,Pre-Pandemia,427571.0,,7.633,17.852,,1.803,4.218,,,149.254,51.14
Brunei,BRN,Asia,AS,2017,2015-2019,Pre-Pandemia,432787.0,,9.309,21.51,,1.927,4.453,,,181.306,51.346
Brunei,BRN,Asia,AS,2018,2015-2019,Pre-Pandemia,437811.0,,9.341,21.336,,1.905,4.352,,,175.323,53.279
Brunei,BRN,Asia,AS,2019,2015-2019,Pre-Pandemia,442690.0,,9.564,21.605,,2.411,5.446,0.605,1.366,177.605,53.851
Brunei,BRN,Asia,AS,2020,2020-2023,Pandemia,447411.0,,11.157,24.937,,3.41,7.622,2.132,4.765,190.009,58.719
Brunei,BRN,Asia,AS,2021,2020-2023,Pandemia,451722.0,,11.709,25.92,,3.228,7.146,2.744,6.075,210.01,55.754
Brunei,BRN,Asia,AS,2022,2020-2023,Post-Pandemia,455374.0,,12.237,26.872,,3.638,7.99,2.689,5.906,227.641,53.756
Brunei,BRN,Asia,AS,2023,2020-2023,Post-Pandemia,458959.0,,12.503,27.241,,3.621,7.89,2.981,6.496,238.274,52.472
Bulgaria,BGR,Europe,EU,2010,2010-2014,Pre-Pandemia,7437594.0,109045208364.0,47.816,6.429,0.438,10.912,1.467,29.294,3.939,226.11,211.471
Bulgaria,BGR,Europe,EU,2011,2010-2014,Pre-Pandemia,7380023.0,109435363210.0,53.12,7.198,0.485,10.107,1.369,34.481,4.672,236.504,224.607
Bulgaria,BGR,Europe,EU,2012,2010-2014,Pre-Pandemia,7317020.0,110261509885.0,48.277,6.598,0.438,10.627,1.452,29.412,4.02,226.196,213.428
Bulgaria,BGR,Europe,EU,2013,2010-2014,Pre-Pandemia,7264605.0,109643527181.0,42.583,5.862,0.388,9.557,1.316,24.997,3.441,214.948,198.108
Bulgaria,BGR,Europe,EU,2014,2010-2014,Pre-Pandemia,7223450.0,110703533681.0,45.169,6.253,0.408,10.562,1.462,26.579,3.68,213.514,211.55
Bulgaria,BGR,Europe,EU,2015,2015-2019,Pre-Pandemia,7177515.0,114498611934.0,48.127,6.705,0.42,11.488,1.601,27.678,3.856,214.203,224.68
Bulgaria,BGR,Europe,EU,2016,2015-2019,Pre-Pandemia,7127436.0,117979077002.0,45.344,6.362,0.384,11.886,1.668,24.155,3.389,212.764,213.117
Bulgaria,BGR,Europe,EU,2017,2015-2019,Pre-Pandemia,7075642.0,121237951710.0,47.446,6.706,0.391,12.162,1.719,25.792,3.645,217.467,218.174
Bulgaria,BGR,Europe,EU,2018,2015-2019,Pre-Pandemia,7024745.0,124492855771.0,43.503,6.193,0.349,12.372,1.761,22.113,3.148,198.814,218.814
Bulgaria,BGR,Europe,EU,2019,2015-2019,Pre-Pandemia,6975466.0,129520075495.0,42.195,6.049,0.326,12.901,1.849,20.806,2.983,199.455,211.551
Bulgaria,BGR,Europe,EU,2020,2020-2023,Pandemia,6933656.0,124392792956.0,36.571,5.274,0.294,11.944,1.723,16.204,2.337,187.185,195.374
Bulgaria,BGR,Europe,EU,2021,2020-2023,Pandemia,6877222.0,133889804025.0,42.365,6.16,0.316,12.742,1.853,20.423,2.97,190.935,221.882
Bulgaria,BGR,Europe,EU,2022,2020-2023,Post-Pandemia,6825862.0,138390156500.0,46.932,6.876,0.339,13.385,1.961,25.068,3.673,204.594,229.39
Bulgaria,BGR,Europe,EU,2023,2020-2023,Post-Pandemia,6795805.0,,34.501,5.077,,13.17,1.938,13.961,2.054,175.018,197.128
Burkina Faso,BFA,Africa,AF,2010,2010-2014,Pre-Pandemia,16176503.0,20688336651.0,1.985,0.123,0.096,1.759,0.109,,,245.254,8.094
Burkina Faso,BFA,Africa,AF,2011,2010-2014,Pre-Pandemia,16661907.0,21589787625.0,2.149,0.129,0.1,1.924,0.115,,,233.45,9.206
Burkina Faso,BFA,Africa,AF,2012,2010-2014,Pre-Pandemia,17172284.0,22982976785.0,2.612,0.152,0.114,2.36,0.137,,,240.594,10.855
Burkina Faso,BFA,Africa,AF,2013,2010-2014,Pre-Pandemia,17695411.0,24314382909.0,2.809,0.159,0.116,2.583,0.146,,,215.847,13.013
Burkina Faso,BFA,Africa,AF,2014,2010-2014,Pre-Pandemia,18229466.0,25366464630.0,2.868,0.157,0.113,2.711,0.149,,,236.355,12.132
Burkina Faso,BFA,Africa,AF,2015,2015-2019,Pre-Pandemia,18777488.0,26361085012.0,3.744,0.199,0.142,3.221,0.172,,,242.075,15.465
Burkina Faso,BFA,Africa,AF,2016,2015-2019,Pre-Pandemia,19334854.0,27931683815.0,3.988,0.206,0.143,3.348,0.173,,,269.847,14.777
Burkina Faso,BFA,Africa,AF,2017,2015-2019,Pre-Pandemia,19894413.0,29664279937.0,4.622,0.232,0.156,3.924,0.197,,,269.277,17.163
Burkina Faso,BFA,Africa,AF,2018,2015-2019,Pre-Pandemia,20438289.0,31623015393.0,5.226,0.256,0.165,4.393,0.215,,,270.993,19.286
Burkina Faso,BFA,Africa,AF,2019,2015-2019,Pre-Pandemia,20961956.0,33422048798.0,5.618,0.268,0.168,4.554,0.217,,,281.087,19.987
Burkina Faso,BFA,Africa,AF,2020,2020-2023,Pandemia,21478691.0,34067429050.0,5.618,0.262,0.165,4.533,0.211,,,279.386,20.109
Burkina Faso,BFA,Africa,AF,2021,2020-2023,Pandemia,21995249.0,36419784717.0,6.329,0.288,0.174,5.166,0.235,,,275.75,22.951
Burkina Faso,BFA,Africa,AF,2022,2020-2023,Post-Pandemia,22509038.0,37320442404.0,6.542,0.291,0.175,5.341,0.237,,,287.246,22.776
Burkina Faso,BFA,Africa,AF,2023,2020-2023,Post-Pandemia,23025777.0,,6.308,0.274,,5.107,0.222,,,256.913,24.555
Burundi,BDI,Africa,AF,2010,2010-2014,Pre-Pandemia,9376448.0,6558969212.0,0.333,0.036,0.051,0.315,0.034,0.018,0.002,213.33,1.563
Burundi,BDI,Africa,AF,2011,2010-2014,Pre-Pandemia,9717980.0,6787360000.0,0.414,0.043,0.061,0.403,0.041,0.011,0.001,216.811,1.91
Burundi,BDI,Africa,AF,2012,2010-2014,Pre-Pandemia,10071033.0,7086796000.0,0.392,0.039,0.055,0.366,0.036,0.026,0.003,221.394,1.771
Burundi,BDI,Africa,AF,2013,2010-2014,Pre-Pandemia,10439346.0,7430922000.0,0.436,0.042,0.059,0.414,0.04,0.022,0.002,223.829,1.948
Burundi,BDI,Africa,AF,2014,2010-2014,Pre-Pandemia,10799789.0,7764240000.0,0.355,0.033,0.046,0.34,0.032,0.015,0.001,197.183,1.801
Burundi,BDI,Africa,AF,2015,2015-2019,Pre-Pandemia,11047581.0,7340438000.0,0.355,0.032,0.048,0.352,0.032,0.004,0.0,193.752,1.834
Burundi,BDI,Africa,AF,2016,2015-2019,Pre-Pandemia,11239459.0,7554391939.0,0.429,0.038,0.057,0.392,0.035,0.037,0.003,209.416,2.047
Burundi,BDI,Africa,AF,2017,2015-2019,Pre-Pandemia,11506764.0,7833860723.0,0.516,0.045,0.066,0.494,0.043,0.022,0.002,213.48,2.419
Burundi,BDI,Africa,AF,2018,2015-2019,Pre-Pandemia,11859444.0,8207327776.0,0.645,0.054,0.079,0.627,0.053,0.018,0.002,206.256,3.128
Burundi,BDI,Africa,AF,2019,2015-2019,Pre-Pandemia,12255339.0,8573379471.0,0.685,0.056,0.08,0.641,0.052,0.044,0.004,214.836,3.189
Burundi,BDI,Africa,AF,2020,2020-2023,Pandemia,12617041.0,8635657446.0,0.739,0.059,0.086,0.711,0.056,0.026,0.002,205.164,3.604
Burundi,BDI,Africa,AF,2021,2020-2023,Pandemia,12965487.0,8956206318.0,0.772,0.06,0.086,0.725,0.056,0.044,0.003,218.346,3.534
Burundi,BDI,Africa,AF,2022,2020-2023,Post-Pandemia,13321102.0,9177077459.0,0.878,0.066,0.096,0.831,0.062,0.044,0.003,214.507,4.091
Burundi,BDI,Africa,AF,2023,2020-2023,Post-Pandemia,13689455.0,,0.901,0.066,,0.848,0.062,0.051,0.004,232.533,3.873
Cambodia,KHM,Asia,AS,2010,2010-2014,Pre-Pandemia,14500730.0,34365990229.0,5.067,0.349,0.147,4.613,0.318,0.084,0.006,221.948,22.831
Cambodia,KHM,Asia,AS,2011,2010-2014,Pre-Pandemia,14722587.0,35746712625.0,5.271,0.358,0.147,4.741,0.322,0.099,0.007,223.451,23.589
Cambodia,KHM,Asia,AS,2012,2010-2014,Pre-Pandemia,14945090.0,38360866456.0,5.572,0.373,0.145,4.954,0.331,0.132,0.009,218.817,25.466
Cambodia,KHM,Asia,AS,2013,2010-2014,Pre-Pandemia,15170210.0,41183075555.0,5.626,0.371,0.137,4.921,0.324,0.198,0.013,214.943,26.173
Cambodia,KHM,Asia,AS,2014,2010-2014,Pre-Pandemia,15396771.0,44124784572.0,6.702,0.435,0.152,5.099,0.331,1.092,0.071,242.844,27.599
Cambodia,KHM,Asia,AS,2015,2015-2019,Pre-Pandemia,15623253.0,47229402407.0,8.186,0.524,0.173,5.602,0.359,1.931,0.124,256.096,31.965
Cambodia,KHM,Asia,AS,2016,2015-2019,Pre-Pandemia,15852802.0,50470756754.0,10.644,0.671,0.211,6.542,0.413,2.681,0.169,268.107,39.699
Cambodia,KHM,Asia,AS,2017,2015-2019,Pre-Pandemia,16073374.0,54002196805.0,12.087,0.752,0.224,6.621,0.412,3.166,0.197,287.809,41.997
Cambodia,KHM,Asia,AS,2018,2015-2019,Pre-Pandemia,16274522.0,58035619609.0,13.938,0.856,0.24,7.258,0.446,3.364,0.207,282.309,49.37
Cambodia,KHM,Asia,AS,2019,2015-2019,Pre-Pandemia,16481305.0,62129452776.0,18.626,1.13,0.3,9.131,0.554,4.488,0.272,311.372,59.82
Cambodia,KHM,Asia,AS,2020,2020-2023,Pandemia,16725484.0,60205930987.0,20.991,1.255,0.349,9.204,0.55,6.441,0.385,346.385,60.6
Cambodia,KHM,Asia,AS,2021,2020-2023,Pandemia,16974309.0,62027758832.0,20.775,1.224,0.335,9.16,0.54,5.705,0.336,323.877,64.146
Cambodia,KHM,Asia,AS,2022,2020-2023,Post-Pandemia,17201721.0,65136593996.0,20.865,1.213,0.32,9.399,0.546,5.444,0.316,330.75,63.084
Cambodia,KHM,Asia,AS,2023,2020-2023,Post-Pandemia,17423884.0,,21.412,1.229,,9.355,0.537,6.034,0.346,284.715,75.203
Cameroon,CMR,Africa,AF,2010,2010-2014,Pre-Pandemia,19668063.0,50826589427.0,8.383,0.426,0.165,5.683,0.289,,,281.142,29.819
Cameroon,CMR,Africa,AF,2011,2010-2014,Pre-Pandemia,20232312.0,53836234148.0,8.105,0.401,0.151,5.658,0.28,,,256.358,31.617
Cameroon,CMR,Africa,AF,2012,2010-2014,Pre-Pandemia,20809530.0,56263171005.0,7.607,0.366,0.135,5.163,0.248,,,237.458,32.035
Cameroon,CMR,Africa,AF,2013,2010-2014,Pre-Pandemia,21402379.0,59069016946.0,7.853,0.367,0.133,5.159,0.241,,,290.762,27.009
Cameroon,CMR,Africa,AF,2014,2010-2014,Pre-Pandemia,22059894.0,62482615428.0,8.775,0.398,0.14,5.734,0.26,,,245.61,35.728
Cameroon,CMR,Africa,AF,2015,2015-2019,Pre-Pandemia,22763418.0,65981645134.0,9.85,0.433,0.149,6.213,0.273,,,273.119,36.065
Cameroon,CMR,Africa,AF,2016,2015-2019,Pre-Pandemia,23454165.0,68936963106.0,9.965,0.425,0.145,6.035,0.257,,,284.094,35.076
Cameroon,CMR,Africa,AF,2017,2015-2019,Pre-Pandemia,24128609.0,71378025048.0,9.582,0.397,0.134,5.507,0.228,,,277.192,34.567
Cameroon,CMR,Africa,AF,2018,2015-2019,Pre-Pandemia,24806377.0,74248839020.0,9.844,0.397,0.133,5.28,0.213,,,262.365,37.52
Cameroon,CMR,Africa,AF,2019,2015-2019,Pre-Pandemia,25506095.0,76789634582.0,9.605,0.377,0.125,5.238,0.205,,,264.045,36.377
Cameroon,CMR,Africa,AF,2020,2020-2023,Pandemia,26210566.0,77203536828.0,9.716,0.371,0.126,4.99,0.19,,,256.667,37.856
Cameroon,CMR,Africa,AF,2021,2020-2023,Pandemia,26915765.0,80020685294.0,9.734,0.362,0.122,5.137,0.191,,,271.269,35.881
Cameroon,CMR,Africa,AF,2022,2020-2023,Post-Pandemia,27632770.0,82727797383.0,9.792,0.354,0.118,5.354,0.194,,,270.649,36.181
Cameroon,CMR,Africa,AF,2023,2020-2023,Post-Pandemia,28372690.0,,9.695,0.342,,5.522,0.195,,,287.27,33.748
Canada,CAN,North America,NA,2010,2010-2014,Pre-Pandemia,34196900.0,1406355361431.0,554.307,16.209,0.394,257.185,7.521,96.395,2.819,147.4,3760.554
Canada,CAN,North America,NA,2011,2010-2014,Pre-Pandemia,34555449.0,1454221365109.0,562.832,16.288,0.387,258.636,7.485,87.382,2.529,144.312,3900.117
Canada,CAN,North America,NA,2012,2010-2014,Pre-Pandemia,34922513.0,1479829523672.0,561.77,16.086,0.38,258.238,7.395,82.209,2.354,143.981,3901.693
Canada,CAN,North America,NA,2013,2010-2014,Pre-Pandemia,35293421.0,1514296485427.0,568.59,16.11,0.375,259.85,7.363,79.921,2.264,141.993,4004.351
Canada,CAN,North America,NA,2014,2010-2014,Pre-Pandemia,35634265.0,1557757464897.0,564.938,15.854,0.363,252.104,7.075,77.558,2.176,140.912,4009.156
Canada,CAN,North America,NA,2015,2015-2019,Pre-Pandemia,35962236.0,1568025782105.0,563.003,15.655,0.359,251.971,7.007,74.336,2.067,140.0,4021.453
Canada,CAN,North America,NA,2016,2015-2019,Pre-Pandemia,36353345.0,1583727974022.0,553.707,15.231,0.35,247.842,6.818,74.532,2.05,139.366,3973.037
Canada,CAN,North America,NA,2017,2015-2019,Pre-Pandemia,36808498.0,1631871440185.0,566.66,15.395,0.347,252.357,6.856,73.963,2.009,140.728,4026.635
Canada,CAN,North America,NA,2018,2015-2019,Pre-Pandemia,37294996.0,1677189073139.0,575.091,15.42,0.343,258.216,6.924,62.467,1.675,140.868,4082.489
Canada,CAN,North America,NA,2019,2015-2019,Pre-Pandemia,37782934.0,1708858221312.0,579.007,15.325,0.339,260.942,6.906,59.811,1.583,142.613,4059.989
Canada,CAN,North America,NA,2020,2020-2023,Pandemia,38171903.0,1622144486274.0,524.208,13.733,0.323,225.773,5.915,49.442,1.295,136.692,3834.944
Canada,CAN,North America,NA,2021,2020-2023,Pandemia,38454058.0,1703443269914.0,537.479,13.977,0.316,233.624,6.075,47.059,1.224,139.172,3861.98
Canada,CAN,North America,NA,2022,2020-2023,Post-Pandemia,38821259.0,1761295624423.0,547.658,14.107,0.311,242.291,6.241,39.157,1.009,138.14,3964.521
Canada,CAN,North America,NA,2023,2020-2023,Post-Pandemia,39299098.0,,545.479,13.88,,241.526,6.146,36.384,0.926,140.303,3887.86
Cape Verde,CPV,Africa,AF,2010,2010-2014,Pre-Pandemia,509793.0,3071163589.0,0.557,1.092,0.181,0.557,1.092,,,163.669,3.403
Cape Verde,CPV,Africa,AF,2011,2010-2014,Pre-Pandemia,511453.0,3248220000.0,0.616,1.204,0.19,0.616,1.204,,,153.427,4.012
Cape Verde,CPV,Africa,AF,2012,2010-2014,Pre-Pandemia,511966.0,3287052000.0,0.502,0.98,0.153,0.502,0.98,,,142.846,3.514
Cape Verde,CPV,Africa,AF,2013,2010-2014,Pre-Pandemia,512231.0,3310254000.0,0.495,0.966,0.149,0.495,0.966,,,144.029,3.434
Cape Verde,CPV,Africa,AF,2014,2010-2014,Pre-Pandemia,512334.0,3375218000.0,0.491,0.958,0.145,0.491,0.958,,,132.555,3.704
Cape Verde,CPV,Africa,AF,2015,2015-2019,Pre-Pandemia,512405.0,3421236000.0,0.495,0.965,0.145,0.495,0.965,,,134.731,3.671
Cape Verde,CPV,Africa,AF,2016,2015-2019,Pre-Pandemia,512556.0,3573126874.0,0.531,1.037,0.149,0.531,1.037,,,138.117,3.847
Cape Verde,CPV,Africa,AF,2017,2015-2019,Pre-Pandemia,512899.0,3751791578.0,0.572,1.114,0.152,0.572,1.114,,,139.287,4.104
Cape Verde,CPV,Africa,AF,2018,2015-2019,Pre-Pandemia,513418.0,3892648372.0,0.572,1.113,0.147,0.572,1.113,,,168.683,3.389
Cape Verde,CPV,Africa,AF,2019,2015-2019,Pre-Pandemia,514116.0,4189894317.0,0.63,1.226,0.15,0.63,1.226,,,174.688,3.608
Cape Verde,CPV,Africa,AF,2020,2020-2023,Pandemia,514683.0,3381126423.0,0.52,1.011,0.154,0.52,1.011,,,193.489,2.689
Cape Verde,CPV,Africa,AF,2021,2020-2023,Pandemia,516655.0,3611420923.0,0.59,1.142,0.163,0.59,1.142,,,197.474,2.987
Cape Verde,CPV,Africa,AF,2022,2020-2023,Post-Pandemia,519750.0,4251154554.0,0.598,1.15,0.141,0.598,1.15,,,195.349,3.059
Cape Verde,CPV,Africa,AF,2023,2020-2023,Post-Pandemia,522335.0,,0.571,1.094,,0.571,1.094,,,190.086,3.007
Central African Republic,CAF,Africa,AF,2010,2010-2014,Pre-Pandemia,4493003.0,4410453712.0,0.169,0.038,0.038,0.169,0.038,,,175.132,0.962
Central African Republic,CAF,Africa,AF,2011,2010-2014,Pre-Pandemia,4565023.0,4499550000.0,0.154,0.034,0.034,0.154,0.034,,,146.249,1.052
Central African Republic,CAF,Africa,AF,2012,2010-2014,Pre-Pandemia,4610848.0,4632212000.0,0.183,0.04,0.04,0.183,0.04,,,169.431,1.081
Central African Republic,CAF,Africa,AF,2013,2010-2014,Pre-Pandemia,4642423.0,2929689000.0,0.103,0.022,0.035,0.103,0.022,,,137.465,0.746
Central African Republic,CAF,Africa,AF,2014,2010-2014,Pre-Pandemia,4623187.0,2960958000.0,0.132,0.029,0.045,0.132,0.029,,,156.601,0.842
Central African Republic,CAF,Africa,AF,2015,2015-2019,Pre-Pandemia,4629322.0,3105792000.0,0.194,0.042,0.063,0.194,0.042,,,170.367,1.14
Central African Republic,CAF,Africa,AF,2016,2015-2019,Pre-Pandemia,4713663.0,3265229504.0,0.238,0.051,0.073,0.238,0.051,,,195.51,1.218
Central African Republic,CAF,Africa,AF,2017,2015-2019,Pre-Pandemia,4793512.0,3421678627.0,0.286,0.06,0.084,0.286,0.06,,,228.33,1.252
Central African Republic,CAF,Africa,AF,2018,2015-2019,Pre-Pandemia,4878663.0,3557270233.0,0.271,0.056,0.076,0.271,0.056,,,204.29,1.327
Central African Republic,CAF,Africa,AF,2019,2015-2019,Pre-Pandemia,4944708.0,3662931320.0,0.311,0.063,0.085,0.311,0.063,,,198.803,1.567
Central African Republic,CAF,Africa,AF,2020,2020-2023,Pandemia,5026629.0,3698072848.0,0.333,0.066,0.09,0.333,0.066,,,206.38,1.616
Central African Republic,CAF,Africa,AF,2021,2020-2023,Pandemia,5112103.0,3734422040.0,0.366,0.072,0.098,0.366,0.072,,,208.664,1.756
Central African Republic,CAF,Africa,AF,2022,2020-2023,Post-Pandemia,5098038.0,3752056621.0,0.377,0.074,0.101,0.377,0.074,,,210.875,1.79
Central African Republic,CAF,Africa,AF,2023,2020-2023,Post-Pandemia,5152415.0,,0.389,0.076,,0.389,0.076,,,216.4,1.799
Chad,TCD,Africa,AF,2010,2010-2014,Pre-Pandemia,12312580.0,19869964230.0,1.236,0.1,0.062,1.136,0.092,,,793.771,1.557
Chad,TCD,Africa,AF,2011,2010-2014,Pre-Pandemia,12755004.0,19903398034.0,1.277,0.1,0.064,1.129,0.088,,,572.806,2.229
Chad,TCD,Africa,AF,2012,2010-2014,Pre-Pandemia,13211006.0,21656293766.0,1.747,0.132,0.081,1.499,0.113,,,452.575,3.859
Chad,TCD,Africa,AF,2013,2010-2014,Pre-Pandemia,13691081.0,22902174388.0,2.082,0.152,0.091,1.759,0.128,,,520.193,4.003
Chad,TCD,Africa,AF,2014,2010-2014,Pre-Pandemia,14188680.0,24480827952.0,2.183,0.154,0.089,1.799,0.127,,,524.686,4.16
Chad,TCD,Africa,AF,2015,2015-2019,Pre-Pandemia,14647626.0,24914134960.0,2.352,0.161,0.094,1.818,0.124,,,557.557,4.218
Chad,TCD,Africa,AF,2016,2015-2019,Pre-Pandemia,15114652.0,23529405356.0,2.382,0.158,0.101,1.784,0.118,,,571.639,4.166
Chad,TCD,Africa,AF,2017,2015-2019,Pre-Pandemia,15622756.0,22969403286.0,2.341,0.15,0.102,1.766,0.113,,,364.849,6.416
Chad,TCD,Africa,AF,2018,2015-2019,Pre-Pandemia,16156535.0,23510339039.0,2.384,0.148,0.101,1.843,0.114,,,347.037,6.868
Chad,TCD,Africa,AF,2019,2015-2019,Pre-Pandemia,16685223.0,24314153239.0,2.3,0.138,0.095,1.821,0.109,,,327.167,7.029
Chad,TCD,Africa,AF,2020,2020-2023,Pandemia,17224686.0,23793345004.0,2.356,0.137,0.099,1.924,0.112,,,318.389,7.401
Chad,TCD,Africa,AF,2021,2020-2023,Pandemia,17828274.0,23531147275.0,2.67,0.15,0.113,2.136,0.12,,,323.767,8.247
Chad,TCD,Africa,AF,2022,2020-2023,Post-Pandemia,18455319.0,24118013870.0,2.8,0.152,0.116,2.15,0.117,,,338.652,8.269
Chad,TCD,Africa,AF,2023,2020-2023,Post-Pandemia,19319075.0,,2.848,0.147,,2.218,0.115,,,376.142,7.573
Chile,CHL,South America,SA,2010,2010-2014,Pre-Pandemia,17181463.0,321457401232.0,71.347,4.153,0.222,43.461,2.53,16.525,0.962,196.038,363.948
Chile,CHL,South America,SA,2011,2010-2014,Pre-Pandemia,17351810.0,338708860136.0,78.071,4.499,0.23,45.628,2.63,20.848,1.201,202.409,385.712
Chile,CHL,South America,SA,2012,2010-2014,Pre-Pandemia,17519116.0,359556383692.0,79.621,4.545,0.221,45.162,2.578,23.479,1.34,197.695,402.747
Chile,CHL,South America,SA,2013,2010-2014,Pre-Pandemia,17687006.0,371454072393.0,81.733,4.621,0.22,45.914,2.596,25.395,1.436,197.538,413.759
Chile,CHL,South America,SA,2014,2010-2014,Pre-Pandemia,17864192.0,378114271615.0,77.586,4.343,0.205,43.82,2.453,24.385,1.365,189.45,409.534
Chile,CHL,South America,SA,2015,2015-2019,Pre-Pandemia,18047630.0,386251266445.0,81.778,4.531,0.212,44.353,2.458,27.191,1.507,197.423,414.23
Chile,CHL,South America,SA,2016,2015-2019,Pre-Pandemia,18267225.0,393022253885.0,84.25,4.612,0.214,46.064,2.522,27.015,1.479,194.169,433.903
Chile,CHL,South America,SA,2017,2015-2019,Pre-Pandemia,18558868.0,398359518680.0,84.135,4.533,0.211,45.465,2.45,27.754,1.495,186.822,450.347
Chile,CHL,South America,SA,2018,2015-2019,Pre-Pandemia,18893185.0,414254051745.0,84.443,4.469,0.204,46.573,2.465,27.07,1.433,180.326,468.278
Chile,CHL,South America,SA,2019,2015-2019,Pre-Pandemia,19197748.0,417331966568.0,91.977,4.791,0.22,48.022,2.501,31.017,1.616,194.053,473.979
Chile,CHL,South America,SA,2020,2020-2023,Pandemia,19370621.0,391686945225.0,80.178,4.139,0.205,43.035,2.222,25.193,1.301,181.203,442.478
Chile,CHL,South America,SA,2021,2020-2023,Pandemia,19456323.0,437659188270.0,83.63,4.298,0.191,46.49,2.389,24.101,1.239,175.378,476.857
Chile,CHL,South America,SA,2022,2020-2023,Post-Pandemia,19553033.0,448338105532.0,85.744,4.385,0.191,52.159,2.668,19.858,1.016,170.294,503.505
Chile,CHL,South America,SA,2023,2020-2023,Post-Pandemia,19658833.0,,77.604,3.948,,51.571,2.623,11.731,0.597,155.99,497.494
China,CHN,Asia,AS,2010,2010-2014,Pre-Pandemia,1351561505.0,12858808500983.0,8610.048,6.37,0.67,1092.572,0.808,6569.148,4.86,296.33,29055.609
China,CHN,Asia,AS,2011,2010-2014,Pre-Pandemia,1360250658.0,13691526496125.0,9520.153,6.999,0.695,1123.862,0.826,7309.64,5.374,303.804,31336.537
China,CHN,Asia,AS,2012,2010-2014,Pre-Pandemia,1369520866.0,14773157494771.0,9767.311,7.132,0.661,1176.716,0.859,7464.979,5.451,299.389,32624.18
China,CHN,Asia,AS,2013,2010-2014,Pre-Pandemia,1379008040.0,15925464549520.0,9942.371,7.21,0.624,1234.622,0.895,7493.418,5.434,293.696,33852.566
China,CHN,Asia,AS,2014,2010-2014,Pre-Pandemia,1387951970.0,17103948867278.0,9976.027,7.188,0.583,1255.609,0.905,7425.231,5.35,287.253,34729.066
China,CHN,Asia,AS,2015,2015-2019,Pre-Pandemia,1396134171.0,18301224436466.0,9858.04,7.061,0.539,1328.812,0.952,7266.352,5.205,280.568,35135.988
China,CHN,Asia,AS,2016,2015-2019,Pre-Pandemia,1404052628.0,19545709173693.0,9748.175,6.943,0.499,1357.842,0.967,7071.886,5.037,276.327,35277.711
China,CHN,Asia,AS,2017,2015-2019,Pre-Pandemia,1412354730.0,20894362082435.0,10000.014,7.08,0.479,1430.594,1.013,7163.662,5.072,272.856,36649.383
China,CHN,Asia,AS,2018,2015-2019,Pre-Pandemia,1419008954.0,22294284747546.0,10346.79,7.292,0.464,1500.478,1.057,7316.7,5.156,269.379,38409.82
China,CHN,Asia,AS,2019,2015-2019,Pre-Pandemia,1423520357.0,23631941251482.0,10713.515,7.526,0.453,1559.739,1.096,7522.577,5.284,266.58,40188.723
China,CHN,Asia,AS,2020,2020-2023,Pandemia,1426106093.0,24151843898871.0,10896.521,7.641,0.451,1523.058,1.068,7679.382,5.385,262.605,41493.891
China,CHN,Asia,AS,2021,2020-2023,Pandemia,1426437269.0,26180600167672.0,11284.401,7.911,0.431,1521.109,1.066,8004.203,5.611,257.358,43847.18
China,CHN,Asia,AS,2022,2020-2023,Post-Pandemia,1425179562.0,26966016991166.0,11711.808,8.218,0.434,1559.721,1.094,8468.947,5.942,263.089,44516.492
China,CHN,Asia,AS,2023,2020-2023,Post-Pandemia,1422584930.0,,12172.009,8.556,,1729.58,1.216,8740.891,6.144,258.583,47072.012
Christmas Island,CXR,Asia,AS,2010,2010-2014,Pre-Pandemia,,,0.0,,,,,,,,
Christmas Island,CXR,Asia,AS,2011,2010-2014,Pre-Pandemia,,,0.0,,,,,,,,
Christmas Island,CXR,Asia,AS,2012,2010-2014,Pre-Pandemia,,,0.0,,,,,,,,
Christmas Island,CXR,Asia,AS,2013,2010-2014,Pre-Pandemia,,,0.0,,,,,,,,
Christmas Island,CXR,Asia,AS,2014,2010-2014,Pre-Pandemia,,,0.0,,,,,,,,
Christmas Island,CXR,Asia,AS,2015,2015-2019,Pre-Pandemia,,,0.0,,,,,,,,
Christmas Island,CXR,Asia,AS,2016,2015-2019,Pre-Pandemia,,,0.0,,,,,,,,
Christmas Island,CXR,Asia,AS,2017,2015-2019,Pre-Pandemia,,,0.0,,,,,,,,
Christmas Island,CXR,Asia,AS,2018,2015-2019,Pre-Pandemia,,,0.0,,,,,,,,
Christmas Island,CXR,Asia,AS,2019,2015-2019,Pre-Pandemia,,,0.0,,,,,,,,
Christmas Island,CXR,Asia,AS,2020,2020-2023,Pandemia,,,0.0,,,,,,,,
Christmas Island,CXR,Asia,AS,2021,2020-2023,Pandemia,,,0.0,,,,,,,,
Christmas Island,CXR,Asia,AS,2022,2020-2023,Post-Pandemia,,,0.0,,,,,,,,
Christmas Island,CXR,Asia,AS,2023,2020-2023,Post-Pandemia,,,0.0,,,,,,,,
Colombia,COL,South America,SA,2010,2010-2014,Pre-Pandemia,44777325.0,489870174161.0,75.431,1.685,0.154,35.697,0.797,12.607,0.282,177.652,424.601
Colombia,COL,South America,SA,2011,2010-2014,Pre-Pandemia,45259614.0,521323240921.0,75.191,1.661,0.144,35.339,0.781,12.725,0.281,169.428,443.797
Colombia,COL,South America,SA,2012,2010-2014,Pre-Pandemia,45715807.0,541722649583.0,78.675,1.721,0.145,38.917,0.851,10.326,0.226,166.708,471.933
Colombia,COL,South America,SA,2013,2010-2014,Pre-Pandemia,46151583.0,569534665242.0,86.445,1.873,0.152,41.509,0.899,16.264,0.352,178.223,485.04
Colombia,COL,South America,SA,2014,2010-2014,Pre-Pandemia,46565426.0,595158021031.0,92.042,1.977,0.155,45.216,0.971,16.458,0.353,180.267,510.586
Colombia,COL,South America,SA,2015,2015-2019,Pre-Pandemia,46969938.0,612750891790.0,91.027,1.938,0.149,42.891,0.913,17.602,0.375,180.464,504.402
Colombia,COL,South America,SA,2016,2015-2019,Pre-Pandemia,47437513.0,625545111723.0,91.583,1.931,0.146,45.459,0.958,17.994,0.379,166.87,548.829
Colombia,COL,South America,SA,2017,2015-2019,Pre-Pandemia,48131076.0,634046295892.0,83.459,1.734,0.132,42.872,0.891,12.655,0.263,150.315,555.225
Colombia,COL,South America,SA,2018,2015-2019,Pre-Pandemia,49024463.0,650303209362.0,90.811,1.852,0.14,50.695,1.034,11.219,0.229,158.96,571.28
Colombia,COL,South America,SA,2019,2015-2019,Pre-Pandemia,49907987.0,671028388046.0,98.962,1.983,0.147,45.58,0.913,23.79,0.477,172.487,573.736
Colombia,COL,South America,SA,2020,2020-2023,Pandemia,50629997.0,622365414246.0,92.305,1.823,0.148,43.224,0.854,20.343,0.402,178.26,517.813
Colombia,COL,South America,SA,2021,2020-2023,Pandemia,51188174.0,690925195330.0,103.734,2.027,0.15,56.821,1.11,19.742,0.386,183.335,565.815
Colombia,COL,South America,SA,2022,2020-2023,Post-Pandemia,51737944.0,742716953392.0,89.437,1.729,0.12,44.467,0.859,17.894,0.346,142.591,627.227
Colombia,COL,South America,SA,2023,2020-2023,Post-Pandemia,52321152.0,,89.992,1.72,,42.451,0.811,19.657,0.376,146.256,615.308
Comoros,COM,Africa,AF,2010,2010-2014,Pre-Pandemia,654846.0,1011389038.0,0.161,0.246,0.159,0.161,0.246,,,231.828,0.695
Comoros,COM,Africa,AF,2011,2010-2014,Pre-Pandemia,668064.0,1067838000.0,0.143,0.214,0.134,0.143,0.214,,,229.059,0.624
Comoros,COM,Africa,AF,2012,2010-2014,Pre-Pandemia,681637.0,1112133000.0,0.154,0.226,0.138,0.154,0.226,,,235.75,0.653
Comoros,COM,Africa,AF,2013,2010-2014,Pre-Pandemia,696203.0,1217488000.0,0.183,0.263,0.15,0.183,0.263,,,234.357,0.782
Comoros,COM,Africa,AF,2014,2010-2014,Pre-Pandemia,711512.0,1263249000.0,0.165,0.232,0.131,0.165,0.232,,,236.256,0.698
Comoros,COM,Africa,AF,2015,2015-2019,Pre-Pandemia,726685.0,1324576000.0,0.18,0.247,0.136,0.18,0.247,,,238.325,0.753
Comoros,COM,Africa,AF,2016,2015-2019,Pre-Pandemia,741745.0,1356063486.0,0.205,0.277,0.151,0.205,0.277,,,232.133,0.884
Comoros,COM,Africa,AF,2017,2015-2019,Pre-Pandemia,756672.0,1426021134.0,0.264,0.349,0.185,0.264,0.349,,,232.204,1.136
Comoros,COM,Africa,AF,2018,2015-2019,Pre-Pandemia,771597.0,1479483924.0,0.286,0.37,0.193,0.286,0.37,,,346.721,0.824
Comoros,COM,Africa,AF,2019,2015-2019,Pre-Pandemia,786582.0,1533170985.0,0.311,0.396,0.203,0.311,0.396,,,343.025,0.908
Comoros,COM,Africa,AF,2020,2020-2023,Pandemia,802172.0,1594579416.0,0.37,0.461,0.232,0.37,0.461,,,345.678,1.071
Comoros,COM,Africa,AF,2021,2020-2023,Pandemia,818178.0,1639163875.0,0.498,0.609,0.304,0.498,0.609,,,309.7,1.609
Comoros,COM,Africa,AF,2022,2020-2023,Post-Pandemia,834191.0,1682076951.0,0.532,0.637,0.316,0.532,0.637,,,308.169,1.725
Comoros,COM,Africa,AF,2023,2020-2023,Post-Pandemia,850390.0,,0.542,0.638,,0.542,0.638,,,362.141,1.497
Congo,COG,Africa,AF,2010,2010-2014,Pre-Pandemia,4462304.0,24809062977.0,5.5,1.233,0.222,1.737,0.389,,,288.118,19.089
Congo,COG,Africa,AF,2011,2010-2014,Pre-Pandemia,4609728.0,26249089782.0,5.046,1.095,0.192,1.931,0.419,,,225.093,22.419
Congo,COG,Africa,AF,2012,2010-2014,Pre-Pandemia,4740457.0,28860086022.0,5.018,1.059,0.174,2.479,0.523,,,220.786,22.728
Congo,COG,Africa,AF,2013,2010-2014,Pre-Pandemia,4857104.0,28654592534.0,5.89,1.213,0.206,2.53,0.521,,,201.774,29.193
Congo,COG,Africa,AF,2014,2010-2014,Pre-Pandemia,4975887.0,30579326354.0,5.471,1.1,0.179,2.402,0.483,,,197.27,27.734
Congo,COG,Africa,AF,2015,2015-2019,Pre-Pandemia,5097583.0,29493455123.0,5.637,1.106,0.191,2.173,0.426,,,202.884,27.783
Congo,COG,Africa,AF,2016,2015-2019,Pre-Pandemia,5222545.0,26313174327.0,5.727,1.097,0.218,2.127,0.407,,,216.543,26.448
Congo,COG,Africa,AF,2017,2015-2019,Pre-Pandemia,5351013.0,25159867387.0,5.651,1.056,0.225,1.924,0.359,,,293.861,19.23
Congo,COG,Africa,AF,2018,2015-2019,Pre-Pandemia,5483128.0,23950933949.0,6.545,1.194,0.273,1.953,0.356,,,354.253,18.475
Congo,COG,Africa,AF,2019,2015-2019,Pre-Pandemia,5616656.0,24196673159.0,7.294,1.299,0.301,1.975,0.352,,,376.236,19.386
Congo,COG,Africa,AF,2020,2020-2023,Pandemia,5752792.0,22696964187.0,7.677,1.335,0.338,2.114,0.367,,,358.455,21.418
Congo,COG,Africa,AF,2021,2020-2023,Pandemia,5892187.0,23037421913.0,7.393,1.255,0.321,2.207,0.375,,,338.922,21.813
Congo,COG,Africa,AF,2022,2020-2023,Post-Pandemia,6035104.0,23679011891.0,8.728,1.446,0.369,2.379,0.394,,,371.08,23.519
Congo,COG,Africa,AF,2023,2020-2023,Post-Pandemia,6182890.0,,8.274,1.338,,2.453,0.397,,,352.649,23.463
Cook Islands,COK,Oceania,OC,2010,2010-2014,Pre-Pandemia,17000.0,,0.07,4.095,,0.07,4.095,,,194.404,0.358
Cook Islands,COK,Oceania,OC,2011,2010-2014,Pre-Pandemia,17480.0,,0.077,4.402,,0.077,4.402,,,191.475,0.402
Cook Islands,COK,Oceania,OC,2012,2010-2014,Pre-Pandemia,17690.0,,0.081,4.557,,0.081,4.557,,,189.194,0.426
Cook Islands,COK,Oceania,OC,2013,2010-2014,Pre-Pandemia,17629.0,,0.081,4.572,,0.081,4.572,,,189.913,0.424
Cook Islands,COK,Oceania,OC,2014,2010-2014,Pre-Pandemia,17556.0,,0.081,4.591,,0.081,4.591,,,179.841,0.448
Cook Islands,COK,Oceania,OC,2015,2015-2019,Pre-Pandemia,17471.0,,0.077,4.404,,0.077,4.404,,,184.802,0.416
Cook Islands,COK,Oceania,OC,2016,2015-2019,Pre-Pandemia,17360.0,,0.077,4.432,,0.077,4.432,,,178.0,0.432
Cook Islands,COK,Oceania,OC,2017,2015-2019,Pre-Pandemia,17066.0,,0.077,4.509,,0.077,4.509,,,166.543,0.462
Cook Islands,COK,Oceania,OC,2018,2015-2019,Pre-Pandemia,16623.0,,0.077,4.629,,0.077,4.629,,,163.248,0.471
Cook Islands,COK,Oceania,OC,2019,2015-2019,Pre-Pandemia,16151.0,,0.081,4.991,,0.081,4.991,,,170.591,0.473
Cook Islands,COK,Oceania,OC,2020,2020-2023,Pandemia,15664.0,,0.066,4.21,,0.066,4.21,,,200.365,0.329
Cook Islands,COK,Oceania,OC,2021,2020-2023,Pandemia,15205.0,,0.073,4.819,,0.073,4.819,,,211.13,0.347
Cook Islands,COK,Oceania,OC,2022,2020-2023,Post-Pandemia,14747.0,,0.077,5.218,,0.077,5.218,,,185.686,0.414
Cook Islands,COK,Oceania,OC,2023,2020-2023,Post-Pandemia,14244.0,,0.077,5.376,,0.077,5.376,,,162.054,0.473
Costa Rica,CRI,North America,NA,2010,2010-2014,Pre-Pandemia,4555965.0,54669051273.0,7.461,1.638,0.136,6.987,1.534,0.004,0.001,195.016,38.259
Costa Rica,CRI,North America,NA,2011,2010-2014,Pre-Pandemia,4609834.0,56719502938.0,7.276,1.578,0.128,6.742,1.463,0.022,0.005,188.568,38.588
Costa Rica,CRI,North America,NA,2012,2010-2014,Pre-Pandemia,4663930.0,59489116143.0,7.217,1.547,0.121,6.701,1.437,0.007,0.002,184.906,39.029
Costa Rica,CRI,North America,NA,2013,2010-2014,Pre-Pandemia,4716153.0,60973369897.0,7.584,1.608,0.124,7.042,1.493,0.018,0.004,190.222,39.867
Costa Rica,CRI,North America,NA,2014,2010-2014,Pre-Pandemia,4767126.0,63133053443.0,7.702,1.616,0.122,7.145,1.499,0.022,0.005,188.644,40.828
Costa Rica,CRI,North America,NA,2015,2015-2019,Pre-Pandemia,4818045.0,65438671759.0,7.353,1.526,0.112,6.782,1.408,0.0,0.0,178.648,41.158
Costa Rica,CRI,North America,NA,2016,2015-2019,Pre-Pandemia,4867003.0,68189707920.0,7.829,1.609,0.115,7.394,1.519,0.0,0.0,179.924,43.512
Costa Rica,CRI,North America,NA,2017,2015-2019,Pre-Pandemia,4913177.0,71025038908.0,7.987,1.626,0.112,7.482,1.523,0.018,0.004,177.824,44.914
Costa Rica,CRI,North America,NA,2018,2015-2019,Pre-Pandemia,4957813.0,72883048113.0,7.967,1.607,0.109,7.489,1.511,0.0,0.0,170.192,46.812
Costa Rica,CRI,North America,NA,2019,2015-2019,Pre-Pandemia,4999549.0,74645366733.0,7.66,1.532,0.103,7.225,1.445,0.0,0.0,163.986,46.714
Costa Rica,CRI,North America,NA,2020,2020-2023,Pandemia,5034323.0,71455765338.0,6.754,1.342,0.095,6.397,1.271,0.0,0.0,165.564,40.794
Costa Rica,CRI,North America,NA,2021,2020-2023,Pandemia,5059991.0,77015741091.0,7.665,1.515,0.1,7.222,1.427,0.051,0.01,168.803,45.411
Costa Rica,CRI,North America,NA,2022,2020-2023,Post-Pandemia,5081764.0,80345898158.0,8.01,1.576,0.1,7.523,1.48,0.059,0.012,171.048,46.83
Costa Rica,CRI,North America,NA,2023,2020-2023,Post-Pandemia,5105526.0,,8.473,1.659,,7.976,1.562,0.069,0.013,167.145,50.69
Cote d'Ivoire,CIV,Africa,AF,2010,2010-2014,Pre-Pandemia,22488068.0,58369987439.0,6.225,0.277,0.107,3.026,0.135,,,176.48,35.272
Cote d'Ivoire,CIV,Africa,AF,2011,2010-2014,Pre-Pandemia,22982003.0,57051170312.0,6.523,0.284,0.114,3.349,0.146,,,201.651,32.349
Cote d'Ivoire,CIV,Africa,AF,2012,2010-2014,Pre-Pandemia,23467083.0,63249209930.0,8.54,0.364,0.135,5.075,0.216,,,212.339,40.219
Cote d'Ivoire,CIV,Africa,AF,2013,2010-2014,Pre-Pandemia,23939775.0,69113673482.0,9.68,0.404,0.14,5.778,0.241,,,214.258,45.178
Cote d'Ivoire,CIV,Africa,AF,2014,2010-2014,Pre-Pandemia,24527393.0,75191536255.0,9.903,0.404,0.132,5.958,0.243,,,209.125,47.355
Cote d'Ivoire,CIV,Africa,AF,2015,2015-2019,Pre-Pandemia,25246347.0,81840720288.0,9.555,0.378,0.117,5.547,0.22,,,198.175,48.214
Cote d'Ivoire,CIV,Africa,AF,2016,2015-2019,Pre-Pandemia,25989404.0,87711151924.0,11.979,0.461,0.137,7.024,0.27,,,217.978,54.957
Cote d'Ivoire,CIV,Africa,AF,2017,2015-2019,Pre-Pandemia,26733376.0,93099253173.0,12.002,0.449,0.129,7.548,0.282,,,223.565,53.684
Cote d'Ivoire,CIV,Africa,AF,2018,2015-2019,Pre-Pandemia,27464175.0,96591406762.0,10.415,0.379,0.108,6.324,0.23,,,193.194,53.911
Cote d'Ivoire,CIV,Africa,AF,2019,2015-2019,Pre-Pandemia,28193014.0,104618149506.0,10.539,0.374,0.101,6.188,0.22,,,183.487,57.436
Cote d'Ivoire,CIV,Africa,AF,2020,2020-2023,Pandemia,28915452.0,106396657387.0,11.019,0.381,0.104,6.562,0.227,,,197.365,55.828
Cote d'Ivoire,CIV,Africa,AF,2021,2020-2023,Pandemia,29639737.0,113844428305.0,13.666,0.461,0.12,9.083,0.306,,,205.927,66.362
Cote d'Ivoire,CIV,Africa,AF,2022,2020-2023,Post-Pandemia,30395004.0,121471995793.0,14.504,0.477,0.119,9.475,0.312,,,184.976,78.412
Cote d'Ivoire,CIV,Africa,AF,2023,2020-2023,Post-Pandemia,31165653.0,,14.052,0.451,,9.06,0.291,,,167.555,83.868
Croatia,HRV,Europe,EU,2010,2010-2014,Pre-Pandemia,4301150.0,81303793822.0,20.978,4.877,0.258,10.561,2.455,2.738,0.637,193.768,108.264
Croatia,HRV,Europe,EU,2011,2010-2014,Pre-Pandemia,4280827.0,82302805353.0,20.615,4.816,0.25,10.42,2.434,2.794,0.653,218.264,94.448
Croatia,HRV,Europe,EU,2012,2010-2014,Pre-Pandemia,4259233.0,80383800465.0,19.05,4.473,0.237,9.71,2.28,2.484,0.583,217.479,87.595
Croatia,HRV,Europe,EU,2013,2010-2014,Pre-Pandemia,4242403.0,80064089923.0,18.401,4.337,0.23,9.073,2.139,2.678,0.631,191.535,96.073
Croatia,HRV,Europe,EU,2014,2010-2014,Pre-Pandemia,4219485.0,79720242860.0,17.65,4.183,0.221,8.96,2.123,2.57,0.609,183.837,96.009
Croatia,HRV,Europe,EU,2015,2015-2019,Pre-Pandemia,4183732.0,81731110395.0,17.794,4.253,0.218,9.389,2.244,2.376,0.568,195.495,91.02
Croatia,HRV,Europe,EU,2016,2015-2019,Pre-Pandemia,4136438.0,84640158587.0,18.079,4.371,0.214,9.34,2.258,2.561,0.619,190.849,94.731
Croatia,HRV,Europe,EU,2017,2015-2019,Pre-Pandemia,4079198.0,87528490789.0,18.713,4.587,0.214,9.982,2.447,1.551,0.38,197.43,94.783
Croatia,HRV,Europe,EU,2018,2015-2019,Pre-Pandemia,4024868.0,89979865983.0,17.695,4.396,0.197,9.556,2.374,1.449,0.36,180.261,98.16
Croatia,HRV,Europe,EU,2019,2015-2019,Pre-Pandemia,3986338.0,93057982684.0,17.82,4.47,0.191,9.286,2.33,1.678,0.421,185.991,95.813
Croatia,HRV,Europe,EU,2020,2020-2023,Pandemia,3953956.0,85073361985.0,16.87,4.267,0.198,8.271,2.092,1.424,0.36,184.618,91.378
Croatia,HRV,Europe,EU,2021,2020-2023,Pandemia,3924607.0,96194363488.0,17.403,4.434,0.181,8.725,2.223,1.652,0.421,177.018,98.312
Croatia,HRV,Europe,EU,2022,2020-2023,Post-Pandemia,3907031.0,102284645672.0,17.585,4.501,0.172,9.469,2.424,1.613,0.413,188.748,93.167
Croatia,HRV,Europe,EU,2023,2020-2023,Post-Pandemia,3896023.0,,18.468,4.74,,10.306,2.645,1.378,0.354,175.674,105.124
Cuba,CUB,North America,NA,2010,2010-2014,Pre-Pandemia,11297414.0,74083580619.0,33.042,2.925,0.446,29.979,2.654,0.077,0.007,248.121,133.169
Cuba,CUB,North America,NA,2011,2010-2014,Pre-Pandemia,11301578.0,78036992000.0,29.076,2.573,0.373,26.161,2.315,0.018,0.002,243.142,119.583
Cuba,CUB,North America,NA,2012,2010-2014,Pre-Pandemia,11303172.0,80388156000.0,29.476,2.608,0.367,26.425,2.338,0.015,0.001,226.512,130.129
Cuba,CUB,North America,NA,2013,2010-2014,Pre-Pandemia,11298163.0,83013750000.0,27.894,2.469,0.336,24.794,2.195,0.033,0.003,223.407,124.857
Cuba,CUB,North America,NA,2014,2010-2014,Pre-Pandemia,11285780.0,85723464000.0,27.366,2.425,0.319,24.179,2.142,0.004,0.0,215.175,127.183
Cuba,CUB,North America,NA,2015,2015-2019,Pre-Pandemia,11275069.0,88467246000.0,29.091,2.58,0.329,25.86,2.294,0.018,0.002,228.03,127.577
Cuba,CUB,North America,NA,2016,2015-2019,Pre-Pandemia,11265615.0,88635596816.0,27.772,2.465,0.313,24.736,2.196,0.007,0.001,279.326,99.426
Cuba,CUB,North America,NA,2017,2015-2019,Pre-Pandemia,11247824.0,90020495157.0,24.559,2.183,0.273,21.878,1.945,0.011,0.001,232.164,105.784
Cuba,CUB,North America,NA,2018,2015-2019,Pre-Pandemia,11227116.0,91854653880.0,23.019,2.05,0.251,20.401,1.817,0.015,0.001,208.378,110.47
Cuba,CUB,North America,NA,2019,2015-2019,Pre-Pandemia,11202847.0,91703236400.0,22.487,2.007,0.245,19.998,1.785,0.0,0.0,222.171,101.214
Cuba,CUB,North America,NA,2020,2020-2023,Pandemia,11176349.0,81663255167.0,21.281,1.904,0.261,19.075,1.707,0.004,0.0,227.912,93.373
Cuba,CUB,North America,NA,2021,2020-2023,Pandemia,11122169.0,82687389665.0,22.549,2.027,0.273,20.441,1.838,0.011,0.001,243.868,92.463
Cuba,CUB,North America,NA,2022,2020-2023,Post-Pandemia,11059822.0,84154971449.0,23.259,2.103,0.276,21.244,1.921,0.004,0.0,249.919,93.064
Cuba,CUB,North America,NA,2023,2020-2023,Post-Pandemia,11019932.0,,23.47,2.13,,21.201,1.924,0.004,0.0,278.842,84.171
Curacao,CUW,North America,NA,2010,2010-2014,Pre-Pandemia,156881.0,,4.034,25.713,,4.034,25.713,0.0,0.0,,
Curacao,CUW,North America,NA,2011,2010-2014,Pre-Pandemia,158572.0,,5.146,32.452,,5.146,32.452,0.0,0.0,,
Curacao,CUW,North America,NA,2012,2010-2014,Pre-Pandemia,160904.0,,6.287,39.076,,6.287,39.076,,,,
Curacao,CUW,North America,NA,2013,2010-2014,Pre-Pandemia,163122.0,,5.932,36.366,,5.932,36.366,,,,
Curacao,CUW,North America,NA,2014,2010-2014,Pre-Pandemia,165041.0,,6.797,41.182,,6.797,41.182,,,,
Curacao,CUW,North America,NA,2015,2015-2019,Pre-Pandemia,166621.0,,7.332,44.002,,7.057,42.354,,,,
Curacao,CUW,North America,NA,2016,2015-2019,Pre-Pandemia,167787.0,,6.203,36.97,,5.928,35.333,,,,
Curacao,CUW,North America,NA,2017,2015-2019,Pre-Pandemia,168525.0,,4.968,29.482,,4.829,28.656,,,,
Curacao,CUW,North America,NA,2018,2015-2019,Pre-Pandemia,181590.0,,4.324,23.809,,4.221,23.244,,,,
Curacao,CUW,North America,NA,2019,2015-2019,Pre-Pandemia,189555.0,,2.396,12.641,,2.396,12.641,,,,
Curacao,CUW,North America,NA,2020,2020-2023,Pandemia,185029.0,,2.008,10.852,,2.008,10.852,,,,
Curacao,CUW,North America,NA,2021,2020-2023,Pandemia,185324.0,,2.14,11.546,,2.14,11.546,,,,
Curacao,CUW,North America,NA,2022,2020-2023,Post-Pandemia,185350.0,,2.209,11.92,,2.209,11.92,,,,
Curacao,CUW,North America,NA,2023,2020-2023,Post-Pandemia,185437.0,,2.205,11.89,,2.205,11.89,,,,
Cyprus,CYP,Europe,EU,2010,2010-2014,Pre-Pandemia,1127826.0,27285556934.0,8.072,7.157,0.296,7.41,6.57,0.071,0.063,237.016,34.056
Cyprus,CYP,Europe,EU,2011,2010-2014,Pre-Pandemia,1146493.0,27627899267.0,7.792,6.797,0.282,7.189,6.27,0.031,0.027,231.055,33.725
Cyprus,CYP,Europe,EU,2012,2010-2014,Pre-Pandemia,1165403.0,26675451028.0,7.262,6.231,0.272,6.732,5.777,0.001,0.001,229.764,31.605
Cyprus,CYP,Europe,EU,2013,2010-2014,Pre-Pandemia,1183899.0,24918237857.0,6.578,5.556,0.264,5.811,4.908,0.001,0.001,232.621,28.278
Cyprus,CYP,Europe,EU,2014,2010-2014,Pre-Pandemia,1201806.0,24475580582.0,6.93,5.766,0.283,5.934,4.938,0.009,0.008,244.917,28.294
Cyprus,CYP,Europe,EU,2015,2015-2019,Pre-Pandemia,1219504.0,25312505108.0,6.952,5.701,0.275,6.049,4.96,0.015,0.012,238.225,29.184
Cyprus,CYP,Europe,EU,2016,2015-2019,Pre-Pandemia,1237114.0,26976335005.0,7.35,5.941,0.272,6.451,5.215,0.002,0.002,231.589,31.737
Cyprus,CYP,Europe,EU,2017,2015-2019,Pre-Pandemia,1254274.0,28523085691.0,7.469,5.955,0.262,6.518,5.197,0.012,0.009,229.149,32.596
Cyprus,CYP,Europe,EU,2018,2015-2019,Pre-Pandemia,1270743.0,30134014224.0,7.324,5.764,0.243,6.402,5.038,0.054,0.042,225.623,32.462
Cyprus,CYP,Europe,EU,2019,2015-2019,Pre-Pandemia,1286669.0,31800247242.0,7.324,5.693,0.23,6.442,5.007,0.068,0.053,225.414,32.493
Cyprus,CYP,Europe,EU,2020,2020-2023,Pandemia,1302250.0,30409793367.0,6.903,5.301,0.227,5.945,4.565,0.056,0.043,244.09,28.281
Cyprus,CYP,Europe,EU,2021,2020-2023,Pandemia,1317311.0,32428676744.0,6.951,5.276,0.214,5.894,4.475,0.159,0.121,232.92,29.842
Cyprus,CYP,Europe,EU,2022,2020-2023,Post-Pandemia,1331376.0,34255009922.0,7.071,5.311,0.206,6.047,4.542,0.123,0.092,223.233,31.674
Cyprus,CYP,Europe,EU,2023,2020-2023,Post-Pandemia,1344981.0,,7.188,5.344,,6.126,4.555,0.101,0.075,223.823,32.115
Czechia,CZE,Europe,EU,2010,2010-2014,Pre-Pandemia,10464035.0,271231988282.0,117.464,11.226,0.433,21.02,2.009,74.554,7.125,228.686,513.649
Czechia,CZE,Europe,EU,2011,2010-2014,Pre-Pandemia,10495508.0,279082754736.0,115.178,10.974,0.413,20.802,1.982,73.749,7.027,229.45,501.976
Czechia,CZE,Europe,EU,2012,2010-2014,Pre-Pandemia,10507339.0,276891945353.0,111.276,10.59,0.402,20.305,1.932,70.768,6.735,222.801,499.438
Czechia,CZE,Europe,EU,2013,2010-2014,Pre-Pandemia,10511164.0,276764861619.0,106.71,10.152,0.386,19.66,1.87,66.87,6.362,217.677,490.221
Czechia,CZE,Europe,EU,2014,2010-2014,Pre-Pandemia,10517223.0,283025537919.0,104.233,9.911,0.368,20.702,1.968,64.905,6.171,217.18,479.937
Czechia,CZE,Europe,EU,2015,2015-2019,Pre-Pandemia,10524418.0,298276052489.0,104.99,9.976,0.352,21.211,2.015,64.322,6.112,223.043,470.716
Czechia,CZE,Europe,EU,2016,2015-2019,Pre-Pandemia,10531946.0,305844147713.0,106.636,10.125,0.349,21.24,2.017,64.728,6.146,229.635,464.374
Czechia,CZE,Europe,EU,2017,2015-2019,Pre-Pandemia,10541343.0,321652381589.0,107.736,10.22,0.335,22.011,2.088,64.307,6.1,219.608,490.582
Czechia,CZE,Europe,EU,2018,2015-2019,Pre-Pandemia,10548934.0,332009886797.0,106.322,10.079,0.32,22.221,2.106,63.573,6.027,217.417,489.024
Czechia,CZE,Europe,EU,2019,2015-2019,Pre-Pandemia,10554872.0,342069373423.0,100.997,9.569,0.295,22.341,2.117,57.468,5.445,211.334,477.905
Czechia,CZE,Europe,EU,2020,2020-2023,Pandemia,10550129.0,323245433506.0,91.661,8.688,0.284,20.963,1.987,49.727,4.713,207.113,442.568
Czechia,CZE,Europe,EU,2021,2020-2023,Pandemia,10530683.0,334729441747.0,96.629,9.176,0.289,22.437,2.131,51.406,4.882,207.179,466.406
Czechia,CZE,Europe,EU,2022,2020-2023,Post-Pandemia,10673216.0,342966849621.0,95.04,8.905,0.277,22.765,2.133,52.909,4.957,211.793,448.738
Czechia,CZE,Europe,EU,2023,2020-2023,Post-Pandemia,10809722.0,,83.232,7.7,,23.309,2.156,43.042,3.982,202.392,411.242
Democratic Republic of Congo,COD,Africa,AF,2010,2010-2014,Pre-Pandemia,68563038.0,46223524668.0,2.735,0.04,0.059,1.729,0.025,0.037,0.001,167.53,16.328
Democratic Republic of Congo,COD,Africa,AF,2011,2010-2014,Pre-Pandemia,70849311.0,51169100367.0,3.041,0.043,0.059,2.22,0.031,0.029,0.0,160.415,18.957
Democratic Republic of Congo,COD,Africa,AF,2012,2010-2014,Pre-Pandemia,73254623.0,55604951736.0,2.797,0.038,0.05,2.198,0.03,0.033,0.0,145.096,19.279
Democratic Republic of Congo,COD,Africa,AF,2013,2010-2014,Pre-Pandemia,75789397.0,60956372609.0,3.921,0.052,0.064,3.364,0.044,0.013,0.0,157.505,24.895
Democratic Republic of Congo,COD,Africa,AF,2014,2010-2014,Pre-Pandemia,78403248.0,65407411596.0,5.066,0.065,0.077,4.499,0.057,0.017,0.0,159.541,31.753
Democratic Republic of Congo,COD,Africa,AF,2015,2015-2019,Pre-Pandemia,81035532.0,69567321729.0,3.274,0.04,0.047,2.686,0.033,0.034,0.0,144.223,22.704
Democratic Republic of Congo,COD,Africa,AF,2016,2015-2019,Pre-Pandemia,83956416.0,69841412960.0,2.659,0.032,0.038,2.129,0.025,0.039,0.0,136.936,19.421
Democratic Republic of Congo,COD,Africa,AF,2017,2015-2019,Pre-Pandemia,87083400.0,72396212035.0,2.92,0.034,0.04,2.172,0.025,0.049,0.001,140.734,20.75
Democratic Republic of Congo,COD,Africa,AF,2018,2015-2019,Pre-Pandemia,90047647.0,75889338637.0,3.774,0.042,0.05,2.943,0.033,0.084,0.001,150.027,25.157
Democratic Republic of Congo,COD,Africa,AF,2019,2015-2019,Pre-Pandemia,92947450.0,79292965259.0,4.118,0.044,0.052,3.162,0.034,0.044,0.0,174.666,23.577
Democratic Republic of Congo,COD,Africa,AF,2020,2020-2023,Pandemia,95990000.0,80617953765.0,4.305,0.045,0.053,3.345,0.035,0.025,0.0,157.258,27.374
Democratic Republic of Congo,COD,Africa,AF,2021,2020-2023,Pandemia,99148930.0,85639643645.0,4.292,0.043,0.05,3.203,0.032,0.034,0.0,139.619,30.742
Democratic Republic of Congo,COD,Africa,AF,2022,2020-2023,Post-Pandemia,102396974.0,91314988450.0,5.892,0.058,0.065,4.63,0.045,0.053,0.001,183.457,32.119
Democratic Republic of Congo,COD,Africa,AF,2023,2020-2023,Post-Pandemia,105789733.0,,5.881,0.056,,4.776,0.045,0.07,0.001,172.992,33.996
Denmark,DNK,Europe,EU,2010,2010-2014,Pre-Pandemia,5547865.0,238190225279.0,49.19,8.866,0.207,21.946,3.956,15.351,2.767,208.452,235.977
Denmark,DNK,Europe,EU,2011,2010-2014,Pre-Pandemia,5570848.0,242757622888.0,44.237,7.941,0.182,20.915,3.754,12.915,2.318,200.19,220.975
Denmark,DNK,Europe,EU,2012,2010-2014,Pre-Pandemia,5591911.0,243307499552.0,39.861,7.128,0.164,19.952,3.568,10.078,1.802,194.214,205.243
Denmark,DNK,Europe,EU,2013,2010-2014,Pre-Pandemia,5615333.0,245578374484.0,41.763,7.437,0.17,19.574,3.486,12.755,2.271,197.272,211.702
Denmark,DNK,Europe,EU,2014,2010-2014,Pre-Pandemia,5643795.0,249555233739.0,37.571,6.657,0.151,19.085,3.382,10.143,1.797,184.568,203.564
Denmark,DNK,Europe,EU,2015,2015-2019,Pre-Pandemia,5683698.0,255401297489.0,35.111,6.177,0.137,19.471,3.426,7.242,1.274,176.458,198.975
Denmark,DNK,Europe,EU,2016,2015-2019,Pre-Pandemia,5728196.0,263691544304.0,36.917,6.445,0.14,19.751,3.448,8.413,1.469,183.117,201.601
Denmark,DNK,Europe,EU,2017,2015-2019,Pre-Pandemia,5765164.0,271132202845.0,34.665,6.013,0.128,19.918,3.455,6.253,1.085,170.775,202.984
Denmark,DNK,Europe,EU,2018,2015-2019,Pre-Pandemia,5793824.0,276526484620.0,34.609,5.973,0.125,19.968,3.446,6.362,1.098,172.943,200.117
Denmark,DNK,Europe,EU,2019,2015-2019,Pre-Pandemia,5814618.0,280656364923.0,30.95,5.323,0.11,19.686,3.386,3.588,0.617,142.758,216.802
Denmark,DNK,Europe,EU,2020,2020-2023,Pandemia,5831529.0,275058379473.0,28.3,4.853,0.103,18.579,3.186,3.166,0.543,147.267,192.166
Denmark,DNK,Europe,EU,2021,2020-2023,Pandemia,5856774.0,288414406840.0,29.604,5.055,0.103,18.827,3.215,4.207,0.718,154.306,191.85
Denmark,DNK,Europe,EU,2022,2020-2023,Post-Pandemia,5902901.0,299429011832.0,29.094,4.929,0.097,19.869,3.366,4.133,0.7,149.794,194.229
Denmark,DNK,Europe,EU,2023,2020-2023,Post-Pandemia,5948134.0,,28.831,4.847,,21.139,3.554,2.633,0.443,147.702,195.198
Djibouti,DJI,Africa,AF,2010,2010-2014,Pre-Pandemia,930252.0,1885010108.0,0.517,0.555,0.274,0.517,0.555,,,142.57,3.624
Djibouti,DJI,Africa,AF,2011,2010-2014,Pre-Pandemia,948565.0,1960630000.0,0.315,0.332,0.161,0.315,0.332,,,115.116,2.737
Djibouti,DJI,Africa,AF,2012,2010-2014,Pre-Pandemia,966754.0,2054196000.0,0.293,0.303,0.143,0.293,0.303,,,81.174,3.611
Djibouti,DJI,Africa,AF,2013,2010-2014,Pre-Pandemia,984833.0,2157408000.0,0.381,0.387,0.177,0.322,0.327,,,102.165,3.727
Djibouti,DJI,Africa,AF,2014,2010-2014,Pre-Pandemia,1002720.0,2286630000.0,0.418,0.416,0.183,0.352,0.351,,,100.936,4.137
Djibouti,DJI,Africa,AF,2015,2015-2019,Pre-Pandemia,1020316.0,2435148000.0,0.505,0.495,0.207,0.451,0.442,,,138.379,3.649
Djibouti,DJI,Africa,AF,2016,2015-2019,Pre-Pandemia,1037660.0,2612607480.0,0.428,0.412,0.164,0.377,0.364,,,122.632,3.488
Djibouti,DJI,Africa,AF,2017,2015-2019,Pre-Pandemia,1054844.0,2767106002.0,0.414,0.392,0.15,0.352,0.333,,,131.036,3.157
Djibouti,DJI,Africa,AF,2018,2015-2019,Pre-Pandemia,1071886.0,2924431711.0,0.472,0.44,0.161,0.385,0.359,,,151.763,3.107
Djibouti,DJI,Africa,AF,2019,2015-2019,Pre-Pandemia,1088710.0,3086593147.0,0.54,0.496,0.175,0.443,0.407,,,153.346,3.523
Djibouti,DJI,Africa,AF,2020,2020-2023,Pandemia,1105193.0,3123694253.0,0.463,0.419,0.148,0.37,0.335,,,147.649,3.136
Djibouti,DJI,Africa,AF,2021,2020-2023,Pandemia,1121251.0,3274020536.0,0.558,0.497,0.17,0.41,0.366,,,155.539,3.585
Djibouti,DJI,Africa,AF,2022,2020-2023,Post-Pandemia,1137101.0,3395681646.0,0.55,0.484,0.162,0.364,0.32,,,161.587,3.406
Djibouti,DJI,Africa,AF,2023,2020-2023,Post-Pandemia,1152951.0,,0.558,0.484,,0.372,0.322,,,161.216,3.458
Dominica,DMA,North America,NA,2010,2010-2014,Pre-Pandemia,68872.0,640098860.0,0.169,2.447,0.263,0.169,2.447,,,229.427,0.735
Dominica,DMA,North America,NA,2011,2010-2014,Pre-Pandemia,69073.0,652912000.0,0.15,2.175,0.23,0.15,2.175,,,207.802,0.723
Dominica,DMA,North America,NA,2012,2010-2014,Pre-Pandemia,69138.0,644079000.0,0.165,2.385,0.256,0.165,2.385,,,232.089,0.71
Dominica,DMA,North America,NA,2013,2010-2014,Pre-Pandemia,69733.0,667585000.0,0.158,2.259,0.236,0.158,2.259,,,227.859,0.691
Dominica,DMA,North America,NA,2014,2010-2014,Pre-Pandemia,70387.0,694011000.0,0.169,2.395,0.243,0.169,2.395,,,231.9,0.727
Dominica,DMA,North America,NA,2015,2015-2019,Pre-Pandemia,70429.0,689606000.0,0.176,2.497,0.255,0.176,2.497,,,228.638,0.769
Dominica,DMA,North America,NA,2016,2015-2019,Pre-Pandemia,69627.0,707976572.0,0.172,2.473,0.243,0.172,2.473,,,218.958,0.786
Dominica,DMA,North America,NA,2017,2015-2019,Pre-Pandemia,68514.0,656048862.0,0.154,2.246,0.235,0.154,2.246,,,206.334,0.746
Dominica,DMA,North America,NA,2018,2015-2019,Pre-Pandemia,68195.0,677586340.0,0.165,2.418,0.243,0.165,2.418,,,227.286,0.725
Dominica,DMA,North America,NA,2019,2015-2019,Pre-Pandemia,67901.0,714870398.0,0.172,2.536,0.241,0.172,2.536,,,227.725,0.756
Dominica,DMA,North America,NA,2020,2020-2023,Pandemia,67588.0,600082697.0,0.158,2.331,0.263,0.158,2.331,,,228.812,0.689
Dominica,DMA,North America,NA,2021,2020-2023,Pandemia,67222.0,637252112.0,0.161,2.398,0.253,0.161,2.398,,,231.057,0.698
Dominica,DMA,North America,NA,2022,2020-2023,Post-Pandemia,66847.0,675098029.0,0.165,2.466,0.244,0.165,2.466,,,228.991,0.72
Dominica,DMA,North America,NA,2023,2020-2023,Post-Pandemia,66531.0,,0.165,2.473,,0.165,2.473,,,217.913,0.755
Dominican Republic,DOM,North America,NA,2010,2010-2014,Pre-Pandemia,9820180.0,107260793439.0,20.445,2.082,0.191,15.616,1.59,1.85,0.188,239.45,85.384
Dominican Republic,DOM,North America,NA,2011,2010-2014,Pre-Pandemia,9945623.0,112433265383.0,20.922,2.104,0.186,15.565,1.565,2.217,0.223,249.673,83.799
Dominican Republic,DOM,North America,NA,2012,2010-2014,Pre-Pandemia,10070409.0,115488083453.0,20.903,2.076,0.181,15.67,1.556,1.744,0.173,225.25,92.798
Dominican Republic,DOM,North America,NA,2013,2010-2014,Pre-Pandemia,10193838.0,121118130894.0,20.842,2.045,0.172,15.133,1.485,2.15,0.211,237.179,87.873
Dominican Republic,DOM,North America,NA,2014,2010-2014,Pre-Pandemia,10315523.0,129656952614.0,21.264,2.061,0.164,14.66,1.421,2.81,0.272,249.513,85.223
Dominican Republic,DOM,North America,NA,2015,2015-2019,Pre-Pandemia,10434826.0,138638287562.0,22.986,2.203,0.166,16.57,1.588,2.542,0.244,240.84,95.441
Dominican Republic,DOM,North America,NA,2016,2015-2019,Pre-Pandemia,10551430.0,147870212847.0,24.14,2.288,0.163,17.852,1.692,2.531,0.24,240.022,100.576
Dominican Republic,DOM,North America,NA,2017,2015-2019,Pre-Pandemia,10666846.0,154771313809.0,23.455,2.199,0.152,16.448,1.542,2.942,0.276,239.295,98.018
Dominican Republic,DOM,North America,NA,2018,2015-2019,Pre-Pandemia,10782048.0,165578989651.0,25.203,2.338,0.152,18.191,1.687,2.891,0.268,231.964,108.651
Dominican Republic,DOM,North America,NA,2019,2015-2019,Pre-Pandemia,10894043.0,173944046167.0,28.471,2.613,0.164,19.21,1.763,4.455,0.409,234.52,121.401
Dominican Republic,DOM,North America,NA,2020,2020-2023,Pandemia,11008298.0,162255006875.0,26.228,2.383,0.162,14.911,1.355,6.519,0.592,263.063,99.701
Dominican Republic,DOM,North America,NA,2021,2020-2023,Pandemia,11123480.0,182166940060.0,29.363,2.64,0.161,17.283,1.554,6.148,0.553,247.031,118.863
Dominican Republic,DOM,North America,NA,2022,2020-2023,Post-Pandemia,11230734.0,191182362267.0,31.225,2.78,0.163,18.673,1.663,7.43,0.662,235.158,132.782
Dominican Republic,DOM,North America,NA,2023,2020-2023,Post-Pandemia,11331269.0,,31.829,2.809,,18.635,1.645,7.678,0.678,240.897,132.125
East Timor,TLS,Asia,AS,2010,2010-2014,Pre-Pandemia,1084688.0,,0.313,0.289,,0.236,0.218,,,304.934,1.027
East Timor,TLS,Asia,AS,2011,2010-2014,Pre-Pandemia,1110212.0,,0.434,0.391,,0.245,0.221,,,407.22,1.065
East Timor,TLS,Asia,AS,2012,2010-2014,Pre-Pandemia,1134891.0,,0.591,0.521,,0.291,0.257,,,468.928,1.261
East Timor,TLS,Asia,AS,2013,2010-2014,Pre-Pandemia,1158697.0,,0.62,0.535,,0.353,0.305,,,326.486,1.899
East Timor,TLS,Asia,AS,2014,2010-2014,Pre-Pandemia,1181913.0,,0.627,0.531,,0.44,0.372,,,287.773,2.179
East Timor,TLS,Asia,AS,2015,2015-2019,Pre-Pandemia,1205133.0,,0.59,0.49,,0.429,0.356,,,276.34,2.137
East Timor,TLS,Asia,AS,2016,2015-2019,Pre-Pandemia,1228314.0,,0.643,0.523,,0.509,0.415,,,307.706,2.09
East Timor,TLS,Asia,AS,2017,2015-2019,Pre-Pandemia,1251711.0,,0.693,0.554,,0.553,0.442,,,325.086,2.131
East Timor,TLS,Asia,AS,2018,2015-2019,Pre-Pandemia,1275962.0,,0.617,0.484,,0.498,0.391,,,274.887,2.245
East Timor,TLS,Asia,AS,2019,2015-2019,Pre-Pandemia,1300946.0,,0.675,0.519,,0.605,0.465,,,248.857,2.714
East Timor,TLS,Asia,AS,2020,2020-2023,Pandemia,1326051.0,,0.646,0.487,,0.586,0.442,,,248.437,2.601
East Timor,TLS,Asia,AS,2021,2020-2023,Pandemia,1350142.0,,0.62,0.459,,0.572,0.424,,,243.483,2.547
East Timor,TLS,Asia,AS,2022,2020-2023,Post-Pandemia,1369299.0,,0.67,0.489,,0.609,0.445,,,247.411,2.706
East Timor,TLS,Asia,AS,2023,2020-2023,Post-Pandemia,1384292.0,,0.637,0.46,,0.606,0.438,,,237.079,2.686
Ecuador,ECU,South America,SA,2010,2010-2014,Pre-Pandemia,15076697.0,137913290159.0,36.469,2.419,0.264,30.331,2.012,,,234.993,155.194
Ecuador,ECU,South America,SA,2011,2010-2014,Pre-Pandemia,15326232.0,149795272280.0,38.48,2.511,0.257,32.873,2.145,,,233.718,164.644
Ecuador,ECU,South America,SA,2012,2010-2014,Pre-Pandemia,15572195.0,158246726051.0,37.493,2.408,0.237,32.148,2.064,,,215.558,173.933
Ecuador,ECU,South America,SA,2013,2010-2014,Pre-Pandemia,15807132.0,166075183974.0,39.685,2.511,0.239,33.973,2.149,,,221.075,179.509
Ecuador,ECU,South America,SA,2014,2010-2014,Pre-Pandemia,16035127.0,172367775440.0,43.76,2.729,0.254,37.614,2.346,,,232.07,188.563
Ecuador,ECU,South America,SA,2015,2015-2019,Pre-Pandemia,16266229.0,172538423301.0,41.298,2.539,0.239,35.442,2.179,,,219.615,188.046
Ecuador,ECU,South America,SA,2016,2015-2019,Pre-Pandemia,16505142.0,170423090933.0,39.375,2.386,0.231,33.474,2.028,,,210.105,187.404
Ecuador,ECU,South America,SA,2017,2015-2019,Pre-Pandemia,16759515.0,174458721084.0,39.196,2.339,0.225,33.387,1.992,,,200.891,195.11
Ecuador,ECU,South America,SA,2018,2015-2019,Pre-Pandemia,17049542.0,176707497535.0,38.451,2.255,0.218,33.155,1.945,,,186.312,206.38
Ecuador,ECU,South America,SA,2019,2015-2019,Pre-Pandemia,17340017.0,176728682555.0,40.083,2.312,0.227,34.933,2.015,,,189.666,211.333
Ecuador,ECU,South America,SA,2020,2020-2023,Pandemia,17546058.0,162965075602.0,32.473,1.851,0.199,27.465,1.565,,,177.583,182.862
Ecuador,ECU,South America,SA,2021,2020-2023,Pandemia,17682454.0,169866634253.0,38.185,2.159,0.225,32.668,1.847,,,179.612,212.597
Ecuador,ECU,South America,SA,2022,2020-2023,Post-Pandemia,17823900.0,175028884708.0,42.066,2.36,0.24,36.448,2.045,,,188.874,222.718
Ecuador,ECU,South America,SA,2023,2020-2023,Post-Pandemia,17980079.0,,44.6,2.481,,38.524,2.143,,,192.046,232.234
Egypt,EGY,Africa,AF,2010,2010-2014,Pre-Pandemia,89196073.0,898751418203.0,202.704,2.273,0.226,95.594,1.072,4.126,0.046,226.457,895.112
Egypt,EGY,Africa,AF,2011,2010-2014,Pre-Pandemia,91093066.0,923052843843.0,221.675,2.434,0.24,106.393,1.168,1.7,0.019,235.43,941.574
Egypt,EGY,Africa,AF,2012,2010-2014,Pre-Pandemia,93161000.0,950287307199.0,212.524,2.281,0.224,97.477,1.046,1.803,0.019,216.883,979.905
Egypt,EGY,Africa,AF,2013,2010-2014,Pre-Pandemia,95333551.0,984556585202.0,219.087,2.298,0.223,103.374,1.084,1.7,0.018,225.104,973.269
Egypt,EGY,Africa,AF,2014,2010-2014,Pre-Pandemia,97528655.0,1035721838706.0,227.254,2.33,0.219,118.497,1.215,1.495,0.015,236.238,961.972
Egypt,EGY,Africa,AF,2015,2015-2019,Pre-Pandemia,99597334.0,1079611566322.0,226.654,2.276,0.21,111.266,1.117,1.345,0.014,232.202,976.108
Egypt,EGY,Africa,AF,2016,2015-2019,Pre-Pandemia,101644583.0,1121578599865.0,245.164,2.412,0.219,118.243,1.163,1.608,0.016,237.963,1030.261
Egypt,EGY,Africa,AF,2017,2015-2019,Pre-Pandemia,103696055.0,1158060486104.0,253.364,2.443,0.219,108.447,1.046,6.507,0.063,236.624,1070.745
Egypt,EGY,Africa,AF,2018,2015-2019,Pre-Pandemia,105682092.0,1220661740193.0,241.903,2.289,0.198,97.802,0.925,13.007,0.123,225.794,1071.346
Egypt,EGY,Africa,AF,2019,2015-2019,Pre-Pandemia,107553159.0,1289253465646.0,234.06,2.176,0.182,76.284,0.709,10.124,0.094,223.216,1048.579
Egypt,EGY,Africa,AF,2020,2020-2023,Pandemia,109315118.0,1307778142529.0,246.323,2.253,0.188,98.241,0.899,5.401,0.049,249.592,986.905
Egypt,EGY,Africa,AF,2021,2020-2023,Pandemia,110957005.0,1400985648780.0,266.839,2.405,0.19,104.622,0.943,8.702,0.078,251.429,1061.291
Egypt,EGY,Africa,AF,2022,2020-2023,Post-Pandemia,112618252.0,1460427350416.0,249.899,2.219,0.171,109.147,0.969,7.762,0.069,225.105,1110.143
Egypt,EGY,Africa,AF,2023,2020-2023,Post-Pandemia,114535772.0,,250.23,2.185,,106.311,0.928,8.639,0.075,228.382,1095.667
El Salvador,SLV,North America,NA,2010,2010-2014,Pre-Pandemia,6068253.0,43862777197.0,6.287,1.036,0.143,5.808,0.957,0.004,0.001,206.193,30.49
El Salvador,SLV,North America,NA,2011,2010-2014,Pre-Pandemia,6090128.0,45520507146.0,6.467,1.062,0.142,5.98,0.982,0.004,0.001,211.006,30.647
El Salvador,SLV,North America,NA,2012,2010-2014,Pre-Pandemia,6113977.0,46608113564.0,6.436,1.053,0.138,5.932,0.97,0.004,0.001,204.809,31.426
El Salvador,SLV,North America,NA,2013,2010-2014,Pre-Pandemia,6138845.0,48017379514.0,6.058,0.987,0.126,5.625,0.916,0.004,0.001,198.48,30.522
El Salvador,SLV,North America,NA,2014,2010-2014,Pre-Pandemia,6162952.0,49026874064.0,6.12,0.993,0.125,5.76,0.935,0.004,0.001,194.096,31.532
El Salvador,SLV,North America,NA,2015,2015-2019,Pre-Pandemia,6183675.0,50319726389.0,6.637,1.073,0.132,6.28,1.016,0.004,0.001,197.199,33.657
El Salvador,SLV,North America,NA,2016,2015-2019,Pre-Pandemia,6200808.0,51794877474.0,6.572,1.06,0.127,6.254,1.009,0.004,0.001,192.584,34.125
El Salvador,SLV,North America,NA,2017,2015-2019,Pre-Pandemia,6213538.0,53295513328.0,5.942,0.956,0.111,5.621,0.905,0.0,0.0,179.826,33.041
El Salvador,SLV,North America,NA,2018,2015-2019,Pre-Pandemia,6219803.0,55053057931.0,6.452,1.037,0.117,6.064,0.975,0.0,0.0,178.544,36.138
El Salvador,SLV,North America,NA,2019,2015-2019,Pre-Pandemia,6222316.0,56393644127.0,7.634,1.227,0.135,7.178,1.154,0.0,0.0,189.423,40.302
El Salvador,SLV,North America,NA,2020,2020-2023,Pandemia,6234679.0,51960808936.0,6.135,0.984,0.118,5.778,0.927,0.0,0.0,182.713,33.576
El Salvador,SLV,North America,NA,2021,2020-2023,Pandemia,6255780.0,57771997522.0,6.977,1.115,0.121,6.595,1.054,0.0,0.0,178.063,39.181
El Salvador,SLV,North America,NA,2022,2020-2023,Post-Pandemia,6280316.0,59270934820.0,7.913,1.26,0.134,7.133,1.136,0.0,0.0,183.326,43.162
El Salvador,SLV,North America,NA,2023,2020-2023,Post-Pandemia,6309629.0,,8.67,1.374,,7.562,1.198,0.0,0.0,178.041,48.696
Equatorial Guinea,GNQ,Africa,AF,2010,2010-2014,Pre-Pandemia,1189097.0,27366671882.0,6.377,5.363,0.233,1.202,1.011,,,207.285,30.762
Equatorial Guinea,GNQ,Africa,AF,2011,2010-2014,Pre-Pandemia,1241843.0,29285788000.0,6.067,4.885,0.207,1.221,0.983,,,183.42,33.077
Equatorial Guinea,GNQ,Africa,AF,2012,2010-2014,Pre-Pandemia,1293485.0,31730930000.0,6.875,5.315,0.217,1.26,0.974,,,214.353,32.073
Equatorial Guinea,GNQ,Africa,AF,2013,2010-2014,Pre-Pandemia,1346220.0,30419136000.0,8.168,6.068,0.269,1.253,0.931,,,249.124,32.788
Equatorial Guinea,GNQ,Africa,AF,2014,2010-2014,Pre-Pandemia,1399829.0,30256854000.0,7.641,5.459,0.253,1.272,0.909,,,249.618,30.612
Equatorial Guinea,GNQ,Africa,AF,2015,2015-2019,Pre-Pandemia,1453925.0,28026102000.0,7.01,4.821,0.25,1.276,0.877,,,258.333,27.135
Equatorial Guinea,GNQ,Africa,AF,2016,2015-2019,Pre-Pandemia,1508192.0,25203837269.0,7.538,4.998,0.299,1.216,0.806,,,281.305,26.796
Equatorial Guinea,GNQ,Africa,AF,2017,2015-2019,Pre-Pandemia,1562401.0,23511758900.0,6.816,4.362,0.29,1.124,0.72,,,183.446,37.153
Equatorial Guinea,GNQ,Africa,AF,2018,2015-2019,Pre-Pandemia,1616425.0,21813514918.0,7.034,4.352,0.322,1.066,0.66,,,261.344,26.916
Equatorial Guinea,GNQ,Africa,AF,2019,2015-2019,Pre-Pandemia,1670184.0,20617750095.0,5.514,3.301,0.267,1.096,0.656,,,206.526,26.697
Equatorial Guinea,GNQ,Africa,AF,2020,2020-2023,Pandemia,1716479.0,19743252847.0,6.39,3.722,0.324,0.971,0.566,,,210.469,30.358
Equatorial Guinea,GNQ,Africa,AF,2021,2020-2023,Pandemia,1758796.0,19556604569.0,7.088,4.03,0.362,0.975,0.554,,,202.44,35.011
Equatorial Guinea,GNQ,Africa,AF,2022,2020-2023,Post-Pandemia,1803549.0,20191378731.0,7.497,4.157,0.371,0.953,0.528,,,203.052,36.921
Equatorial Guinea,GNQ,Africa,AF,2023,2020-2023,Post-Pandemia,1847556.0,,6.913,3.742,,0.983,0.532,,,191.777,36.049
Eritrea,ERI,Africa,AF,2010,2010-2014,Pre-Pandemia,2945184.0,,0.468,0.159,,0.451,0.153,,,227.862,2.054
Eritrea,ERI,Africa,AF,2011,2010-2014,Pre-Pandemia,2998493.0,,0.578,0.193,,0.517,0.172,,,276.091,2.093
Eritrea,ERI,Africa,AF,2012,2010-2014,Pre-Pandemia,3036998.0,,0.608,0.2,,0.52,0.171,,,273.384,2.225
Eritrea,ERI,Africa,AF,2013,2010-2014,Pre-Pandemia,3074367.0,,0.57,0.185,,0.48,0.156,,,250.912,2.27
Eritrea,ERI,Africa,AF,2014,2010-2014,Pre-Pandemia,3095168.0,,0.569,0.184,,0.48,0.155,,,240.064,2.371
Eritrea,ERI,Africa,AF,2015,2015-2019,Pre-Pandemia,3105554.0,,0.557,0.18,,0.48,0.155,,,237.017,2.352
Eritrea,ERI,Africa,AF,2016,2015-2019,Pre-Pandemia,3124700.0,,0.554,0.177,,0.477,0.153,,,231.53,2.394
Eritrea,ERI,Africa,AF,2017,2015-2019,Pre-Pandemia,3150350.0,,0.553,0.176,,0.484,0.154,,,210.402,2.63
Eritrea,ERI,Africa,AF,2018,2015-2019,Pre-Pandemia,3192763.0,,0.616,0.193,,0.546,0.171,,,235.447,2.617
Eritrea,ERI,Africa,AF,2019,2015-2019,Pre-Pandemia,3240194.0,,0.645,0.199,,0.575,0.177,,,249.235,2.586
Eritrea,ERI,Africa,AF,2020,2020-2023,Pandemia,3291277.0,,0.641,0.195,,0.579,0.176,,,253.796,2.525
Eritrea,ERI,Africa,AF,2021,2020-2023,Pandemia,3350185.0,,0.682,0.203,,0.612,0.183,,,256.132,2.661
Eritrea,ERI,Africa,AF,2022,2020-2023,Post-Pandemia,3409450.0,,0.718,0.211,,0.649,0.19,,,249.193,2.882
Eritrea,ERI,Africa,AF,2023,2020-2023,Post-Pandemia,3470391.0,,0.731,0.211,,0.661,0.191,,,241.91,3.022
Estonia,EST,Europe,EU,2010,2010-2014,Pre-Pandemia,1331450.0,27586968284.0,18.965,14.244,0.687,3.053,2.293,14.262,10.712,259.27,73.147
Estonia,EST,Europe,EU,2011,2010-2014,Pre-Pandemia,1327366.0,29217295065.0,18.948,14.275,0.649,3.145,2.369,14.182,10.684,259.695,72.963
Estonia,EST,Europe,EU,2012,2010-2014,Pre-Pandemia,1322615.0,30160490093.0,17.761,13.429,0.589,3.228,2.441,12.602,9.528,241.692,73.488
Estonia,EST,Europe,EU,2013,2010-2014,Pre-Pandemia,1317920.0,30600421813.0,19.634,14.898,0.642,3.206,2.433,14.532,11.027,253.459,77.463
Estonia,EST,Europe,EU,2014,2010-2014,Pre-Pandemia,1314457.0,31521829560.0,18.784,14.29,0.596,3.23,2.458,14.072,10.706,253.284,74.161
Estonia,EST,Europe,EU,2015,2015-2019,Pre-Pandemia,1314580.0,32106015454.0,15.78,12.004,0.491,3.333,2.536,11.271,8.574,229.935,68.626
Estonia,EST,Europe,EU,2016,2015-2019,Pre-Pandemia,1315850.0,33119083785.0,17.433,13.248,0.526,3.427,2.604,12.763,9.7,246.356,70.763
Estonia,EST,Europe,EU,2017,2015-2019,Pre-Pandemia,1317430.0,35037377711.0,18.616,14.131,0.531,3.435,2.607,13.877,10.533,237.194,78.484
Estonia,EST,Europe,EU,2018,2015-2019,Pre-Pandemia,1321972.0,36363239216.0,17.801,13.465,0.49,3.397,2.57,13.063,9.881,228.569,77.879
Estonia,EST,Europe,EU,2019,2015-2019,Pre-Pandemia,1326822.0,37723175050.0,12.288,9.261,0.326,3.255,2.453,7.776,5.86,195.793,62.761
Estonia,EST,Europe,EU,2020,2020-2023,Pandemia,1329675.0,37515273353.0,9.198,6.918,0.245,3.029,2.278,5.277,3.968,156.61,58.733
Estonia,EST,Europe,EU,2021,2020-2023,Pandemia,1331750.0,40521483538.0,10.391,7.802,0.256,2.929,2.199,6.458,4.849,169.112,61.444
Estonia,EST,Europe,EU,2022,2020-2023,Post-Pandemia,1350093.0,39999856613.0,11.966,8.863,0.299,3.133,2.32,8.086,5.989,189.021,63.306
Estonia,EST,Europe,EU,2023,2020-2023,Post-Pandemia,1367195.0,,8.744,6.396,,3.131,2.29,4.974,3.638,155.378,56.277
Eswatini,SWZ,Africa,AF,2010,2010-2014,Pre-Pandemia,1111651.0,7332277029.0,0.997,0.897,0.136,0.628,0.565,0.369,0.332,160.695,6.202
Eswatini,SWZ,Africa,AF,2011,2010-2014,Pre-Pandemia,1117845.0,7567466177.0,0.96,0.859,0.127,0.63,0.564,0.33,0.295,168.556,5.695
Eswatini,SWZ,Africa,AF,2012,2010-2014,Pre-Pandemia,1123870.0,7793097968.0,1.11,0.988,0.142,0.652,0.58,0.458,0.408,201.999,5.496
Eswatini,SWZ,Africa,AF,2013,2010-2014,Pre-Pandemia,1130000.0,8126636123.0,1.315,1.164,0.162,0.718,0.636,0.597,0.529,247.786,5.309
Eswatini,SWZ,Africa,AF,2014,2010-2014,Pre-Pandemia,1136305.0,8327527350.0,0.762,0.671,0.092,0.714,0.629,0.048,0.042,138.761,5.492
Eswatini,SWZ,Africa,AF,2015,2015-2019,Pre-Pandemia,1142822.0,8445665268.0,0.85,0.744,0.101,0.729,0.638,0.121,0.106,150.608,5.644
Eswatini,SWZ,Africa,AF,2016,2015-2019,Pre-Pandemia,1149516.0,8545156780.0,1.022,0.889,0.12,0.806,0.701,0.216,0.188,174.015,5.875
Eswatini,SWZ,Africa,AF,2017,2015-2019,Pre-Pandemia,1158198.0,8725282454.0,0.971,0.838,0.111,0.828,0.715,0.143,0.123,159.387,6.092
Eswatini,SWZ,Africa,AF,2018,2015-2019,Pre-Pandemia,1168933.0,8936238936.0,1.015,0.868,0.114,0.872,0.746,0.143,0.122,158.963,6.385
Eswatini,SWZ,Africa,AF,2019,2015-2019,Pre-Pandemia,1179885.0,9177836965.0,1.099,0.932,0.12,0.923,0.783,0.176,0.149,159.318,6.899
Eswatini,SWZ,Africa,AF,2020,2020-2023,Pandemia,1192734.0,9034694873.0,0.989,0.829,0.109,0.847,0.71,0.142,0.119,144.559,6.843
Eswatini,SWZ,Africa,AF,2021,2020-2023,Pandemia,1206598.0,9746927305.0,0.989,0.82,0.101,0.828,0.686,0.161,0.134,148.549,6.66
Eswatini,SWZ,Africa,AF,2022,2020-2023,Post-Pandemia,1218921.0,9594910875.0,1.028,0.844,0.107,0.849,0.696,0.18,0.147,164.597,6.247
Eswatini,SWZ,Africa,AF,2023,2020-2023,Post-Pandemia,1230507.0,,1.03,0.837,,0.857,0.697,0.172,0.14,149.812,6.873
Ethiopia,ETH,Africa,AF,2010,2010-2014,Pre-Pandemia,90538518.0,94148625646.0,6.344,0.07,0.067,5.58,0.062,0.132,0.001,194.156,32.676
Ethiopia,ETH,Africa,AF,2011,2010-2014,Pre-Pandemia,93149977.0,104948629242.0,7.355,0.079,0.07,6.163,0.066,0.396,0.004,206.049,35.695
Ethiopia,ETH,Africa,AF,2012,2010-2014,Pre-Pandemia,95798771.0,116345224724.0,7.988,0.083,0.069,6.108,0.064,0.524,0.005,203.921,39.174
Ethiopia,ETH,Africa,AF,2013,2010-2014,Pre-Pandemia,98438752.0,128310309167.0,9.744,0.099,0.076,7.317,0.074,0.678,0.007,212.196,45.918
Ethiopia,ETH,Africa,AF,2014,2010-2014,Pre-Pandemia,101115615.0,141950543442.0,11.543,0.114,0.081,8.496,0.084,0.946,0.009,218.956,52.719
Ethiopia,ETH,Africa,AF,2015,2015-2019,Pre-Pandemia,103867140.0,157107146471.0,12.564,0.121,0.08,8.668,0.083,0.99,0.01,226.835,55.387
Ethiopia,ETH,Africa,AF,2016,2015-2019,Pre-Pandemia,106718163.0,173708917362.0,14.323,0.134,0.082,9.784,0.092,1.245,0.012,224.565,63.782
Ethiopia,ETH,Africa,AF,2017,2015-2019,Pre-Pandemia,109666482.0,190761659136.0,14.603,0.133,0.077,9.861,0.09,1.212,0.011,229.139,63.728
Ethiopia,ETH,Africa,AF,2018,2015-2019,Pre-Pandemia,112664157.0,206205566995.0,16.117,0.143,0.078,11.036,0.098,1.392,0.012,232.855,69.216
Ethiopia,ETH,Africa,AF,2019,2015-2019,Pre-Pandemia,115737384.0,221885291686.0,17.177,0.148,0.077,12.311,0.106,1.495,0.013,215.646,79.654
Ethiopia,ETH,Africa,AF,2020,2020-2023,Pandemia,118917670.0,237860193068.0,16.735,0.141,0.07,11.237,0.094,1.7,0.014,243.47,68.735
Ethiopia,ETH,Africa,AF,2021,2020-2023,Pandemia,122138588.0,251849804145.0,17.906,0.147,0.071,11.917,0.098,2.308,0.019,230.323,77.741
Ethiopia,ETH,Africa,AF,2022,2020-2023,Post-Pandemia,125384285.0,269977225159.0,16.96,0.135,0.063,11.56,0.092,2.455,0.02,207.674,81.665
Ethiopia,ETH,Africa,AF,2023,2020-2023,Post-Pandemia,128691695.0,,17.571,0.137,,11.787,0.092,2.838,0.022,198.961,88.312
Faroe Islands,FRO,Europe,EU,2010,2010-2014,Pre-Pandemia,48191.0,,0.627,13.001,,0.627,13.001,,,205.819,3.044
Faroe Islands,FRO,Europe,EU,2011,2010-2014,Pre-Pandemia,47957.0,,0.564,11.766,,0.564,11.766,,,197.575,2.856
Faroe Islands,FRO,Europe,EU,2012,2010-2014,Pre-Pandemia,48113.0,,0.594,12.337,,0.594,12.337,,,203.174,2.921
Faroe Islands,FRO,Europe,EU,2013,2010-2014,Pre-Pandemia,48297.0,,0.649,13.428,,0.649,13.428,,,202.911,3.196
Faroe Islands,FRO,Europe,EU,2014,2010-2014,Pre-Pandemia,48515.0,,0.597,12.31,,0.597,12.31,,,205.323,2.909
Faroe Islands,FRO,Europe,EU,2015,2015-2019,Pre-Pandemia,48916.0,,0.608,12.434,,0.608,12.434,,,197.162,3.085
Faroe Islands,FRO,Europe,EU,2016,2015-2019,Pre-Pandemia,49554.0,,0.627,12.644,,0.627,12.644,,,200.236,3.129
Faroe Islands,FRO,Europe,EU,2017,2015-2019,Pre-Pandemia,50268.0,,0.703,13.995,,0.703,13.995,,,199.093,3.533
Faroe Islands,FRO,Europe,EU,2018,2015-2019,Pre-Pandemia,51062.0,,0.725,14.208,,0.725,14.208,,,199.255,3.641
Faroe Islands,FRO,Europe,EU,2019,2015-2019,Pre-Pandemia,51868.0,,0.74,14.269,,0.74,14.269,,,218.693,3.384
Faroe Islands,FRO,Europe,EU,2020,2020-2023,Pandemia,52615.0,,0.758,14.415,,0.758,14.415,,,211.356,3.588
Faroe Islands,FRO,Europe,EU,2021,2020-2023,Pandemia,53324.0,,0.784,14.704,,0.784,14.704,,,210.513,3.725
Faroe Islands,FRO,Europe,EU,2022,2020-2023,Post-Pandemia,54039.0,,0.723,13.378,,0.723,13.378,,,207.388,3.486
Faroe Islands,FRO,Europe,EU,2023,2020-2023,Post-Pandemia,54738.0,,0.714,13.038,,0.714,13.038,,,199.214,3.582
Fiji,FJI,Oceania,OC,2010,2010-2014,Pre-Pandemia,910427.0,,1.03,1.131,,1.026,1.127,0.0,0.0,138.467,7.436
Fiji,FJI,Oceania,OC,2011,2010-2014,Pre-Pandemia,912991.0,,0.931,1.019,,0.931,1.019,0.0,0.0,169.586,5.488
Fiji,FJI,Oceania,OC,2012,2010-2014,Pre-Pandemia,914920.0,,0.909,0.993,,0.909,0.993,0.0,0.0,165.955,5.475
Fiji,FJI,Oceania,OC,2013,2010-2014,Pre-Pandemia,916359.0,,1.037,1.132,,1.037,1.132,0.0,0.0,173.148,5.989
Fiji,FJI,Oceania,OC,2014,2010-2014,Pre-Pandemia,917589.0,,1.18,1.286,,1.18,1.286,0.0,0.0,178.764,6.6
Fiji,FJI,Oceania,OC,2015,2015-2019,Pre-Pandemia,918585.0,,1.462,1.592,,1.462,1.592,0.0,0.0,189.545,7.713
Fiji,FJI,Oceania,OC,2016,2015-2019,Pre-Pandemia,919167.0,,1.345,1.463,,1.345,1.463,0.0,0.0,170.764,7.875
Fiji,FJI,Oceania,OC,2017,2015-2019,Pre-Pandemia,918762.0,,1.455,1.583,,1.455,1.583,0.0,0.0,180.999,8.037
Fiji,FJI,Oceania,OC,2018,2015-2019,Pre-Pandemia,917185.0,,1.48,1.614,,1.48,1.614,0.0,0.0,168.135,8.804
Fiji,FJI,Oceania,OC,2019,2015-2019,Pre-Pandemia,914906.0,,1.509,1.65,,1.509,1.65,,,167.675,9.002
Fiji,FJI,Oceania,OC,2020,2020-2023,Pandemia,914971.0,,1.37,1.498,,1.37,1.498,,,203.132,6.746
Fiji,FJI,Oceania,OC,2021,2020-2023,Pandemia,916718.0,,1.088,1.187,,1.088,1.187,,,184.045,5.913
Fiji,FJI,Oceania,OC,2022,2020-2023,Post-Pandemia,919428.0,,1.389,1.51,,1.389,1.51,,,177.471,7.825
Fiji,FJI,Oceania,OC,2023,2020-2023,Post-Pandemia,924150.0,,1.382,1.496,,1.382,1.496,,,139.33,9.92
Finland,FIN,Europe,EU,2010,2010-2014,Pre-Pandemia,5363347.0,201746033638.0,64.092,11.95,0.318,25.13,4.686,29.144,5.434,172.62,371.291
Finland,FIN,Europe,EU,2011,2010-2014,Pre-Pandemia,5388236.0,207084301562.0,56.646,10.513,0.274,23.764,4.41,24.082,4.469,161.881,349.923
Finland,FIN,Europe,EU,2012,2010-2014,Pre-Pandemia,5413978.0,204190196792.0,51.154,9.449,0.251,23.67,4.372,19.595,3.619,150.25,340.459
Finland,FIN,Europe,EU,2013,2010-2014,Pre-Pandemia,5439057.0,202349011206.0,51.719,9.509,0.256,22.84,4.199,21.359,3.927,151.313,341.801
Finland,FIN,Europe,EU,2014,2010-2014,Pre-Pandemia,5461686.0,201610622550.0,47.622,8.719,0.236,21.542,3.944,19.326,3.538,144.387,329.823
Finland,FIN,Europe,EU,2015,2015-2019,Pre-Pandemia,5479719.0,202706706722.0,44.192,8.065,0.218,21.384,3.902,16.843,3.074,134.366,328.893
Finland,FIN,Europe,EU,2016,2015-2019,Pre-Pandemia,5495468.0,208405735062.0,47.252,8.598,0.227,22.939,4.174,18.66,3.395,141.438,334.083
Finland,FIN,Europe,EU,2017,2015-2019,Pre-Pandemia,5508398.0,215058877437.0,44.657,8.107,0.208,22.213,4.033,17.088,3.102,136.476,327.216
Finland,FIN,Europe,EU,2018,2015-2019,Pre-Pandemia,5515730.0,217509947213.0,45.736,8.292,0.21,22.044,3.997,17.924,3.25,136.999,333.841
Finland,FIN,Europe,EU,2019,2015-2019,Pre-Pandemia,5521754.0,220173891564.0,42.444,7.687,0.193,21.648,3.92,15.257,2.763,129.802,326.992
Finland,FIN,Europe,EU,2020,2020-2023,Pandemia,5529616.0,214988893865.0,37.72,6.821,0.175,20.261,3.664,11.853,2.143,120.147,313.95
Finland,FIN,Europe,EU,2021,2020-2023,Pandemia,5541069.0,221538476826.0,37.82,6.825,0.171,19.468,3.513,12.711,2.294,117.975,320.577
Finland,FIN,Europe,EU,2022,2020-2023,Post-Pandemia,5569300.0,226154847456.0,36.337,6.525,0.161,20.124,3.613,12.579,2.259,113.471,320.232
Finland,FIN,Europe,EU,2023,2020-2023,Post-Pandemia,5601185.0,,31.799,5.677,,18.806,3.358,9.391,1.677,95.166,334.142
France,FRA,Europe,EU,2010,2010-2014,Pre-Pandemia,63417366.0,2342490492199.0,377.079,5.946,0.161,215.854,3.404,49.071,0.774,125.642,3001.231
France,FRA,Europe,EU,2011,2010-2014,Pre-Pandemia,63733776.0,2393401943613.0,355.127,5.572,0.148,208.907,3.278,42.169,0.662,122.554,2897.71
France,FRA,Europe,EU,2012,2010-2014,Pre-Pandemia,64058465.0,2400896391731.0,358.1,5.59,0.149,205.354,3.206,46.931,0.733,123.702,2894.858
France,FRA,Europe,EU,2013,2010-2014,Pre-Pandemia,64387736.0,2414733629218.0,360.013,5.591,0.149,204.287,3.173,49.664,0.771,123.079,2925.053
France,FRA,Europe,EU,2014,2010-2014,Pre-Pandemia,64692495.0,2437822780219.0,327.809,5.067,0.134,197.641,3.055,39.548,0.611,117.167,2797.782
France,FRA,Europe,EU,2015,2015-2019,Pre-Pandemia,64916337.0,2464953810985.0,332.131,5.116,0.135,199.231,3.069,38.024,0.586,117.634,2823.427
France,FRA,Europe,EU,2016,2015-2019,Pre-Pandemia,65086853.0,2491956183265.0,335.496,5.155,0.135,196.896,3.025,36.016,0.553,121.267,2766.597
France,FRA,Europe,EU,2017,2015-2019,Pre-Pandemia,65284775.0,2549057506683.0,338.368,5.183,0.133,195.911,3.001,39.997,0.613,122.765,2756.229
France,FRA,Europe,EU,2018,2015-2019,Pre-Pandemia,65519537.0,2596599107835.0,323.102,4.931,0.124,189.446,2.891,35.126,0.536,115.789,2790.429
France,FRA,Europe,EU,2019,2015-2019,Pre-Pandemia,65729460.0,2644453795826.0,316.321,4.812,0.12,187.285,2.849,29.426,0.448,115.811,2731.347
France,FRA,Europe,EU,2020,2020-2023,Pandemia,65905273.0,2438594133224.0,281.515,4.272,0.115,165.543,2.512,23.854,0.362,115.174,2444.265
France,FRA,Europe,EU,2021,2020-2023,Pandemia,66083547.0,2604822841790.0,307.272,4.65,0.118,179.122,2.711,30.472,0.461,118.292,2597.561
France,FRA,Europe,EU,2022,2020-2023,Post-Pandemia,66277412.0,2671568767031.0,295.304,4.456,0.111,179.255,2.705,26.199,0.395,128.048,2306.192
France,FRA,Europe,EU,2023,2020-2023,Post-Pandemia,66438828.0,,270.263,4.068,,172.229,2.592,19.542,0.294,112.305,2406.514
French Polynesia,PYF,Oceania,OC,2010,2010-2014,Pre-Pandemia,270590.0,,0.923,3.412,,0.923,3.412,,,200.025,4.616
French Polynesia,PYF,Oceania,OC,2011,2010-2014,Pre-Pandemia,271734.0,,0.883,3.25,,0.883,3.25,,,200.58,4.402
French Polynesia,PYF,Oceania,OC,2012,2010-2014,Pre-Pandemia,273092.0,,0.876,3.207,,0.876,3.207,,,204.792,4.276
French Polynesia,PYF,Oceania,OC,2013,2010-2014,Pre-Pandemia,274736.0,,0.883,3.214,,0.883,3.214,,,206.036,4.286
French Polynesia,PYF,Oceania,OC,2014,2010-2014,Pre-Pandemia,276391.0,,0.85,3.076,,0.85,3.076,,,201.567,4.217
French Polynesia,PYF,Oceania,OC,2015,2015-2019,Pre-Pandemia,277877.0,,0.846,3.046,,0.846,3.046,,,192.122,4.405
French Polynesia,PYF,Oceania,OC,2016,2015-2019,Pre-Pandemia,279180.0,,0.868,3.11,,0.868,3.11,,,199.617,4.35
French Polynesia,PYF,Oceania,OC,2017,2015-2019,Pre-Pandemia,280096.0,,0.876,3.126,,0.876,3.126,,,206.681,4.237
French Polynesia,PYF,Oceania,OC,2018,2015-2019,Pre-Pandemia,279823.0,,0.879,3.143,,0.879,3.143,,,225.776,3.895
French Polynesia,PYF,Oceania,OC,2019,2015-2019,Pre-Pandemia,279040.0,,0.89,3.191,,0.89,3.191,,,226.248,3.935
French Polynesia,PYF,Oceania,OC,2020,2020-2023,Pandemia,279218.0,,0.832,2.979,,0.832,2.979,,,225.282,3.692
French Polynesia,PYF,Oceania,OC,2021,2020-2023,Pandemia,279808.0,,0.868,3.103,,0.868,3.103,,,224.206,3.873
French Polynesia,PYF,Oceania,OC,2022,2020-2023,Post-Pandemia,280388.0,,0.887,3.162,,0.887,3.162,,,166.483,5.326
French Polynesia,PYF,Oceania,OC,2023,2020-2023,Post-Pandemia,281125.0,,0.882,3.139,,0.882,3.139,,,160.243,5.507
Gabon,GAB,Africa,AF,2010,2010-2014,Pre-Pandemia,1719883.0,23885406357.0,5.528,3.214,0.231,1.656,0.963,,,392.219,14.095
Gabon,GAB,Africa,AF,2011,2010-2014,Pre-Pandemia,1781987.0,27165828850.0,5.447,3.057,0.201,1.817,1.02,,,373.154,14.597
Gabon,GAB,Africa,AF,2012,2010-2014,Pre-Pandemia,1846893.0,28592310064.0,5.016,2.716,0.175,1.699,0.92,,,269.639,18.603
Gabon,GAB,Africa,AF,2013,2010-2014,Pre-Pandemia,1913061.0,30169739768.0,5.19,2.713,0.172,1.85,0.967,,,276.644,18.762
Gabon,GAB,Africa,AF,2014,2010-2014,Pre-Pandemia,1978400.0,31507773384.0,5.663,2.863,0.18,1.795,0.907,,,284.265,19.923
Gabon,GAB,Africa,AF,2015,2015-2019,Pre-Pandemia,2040990.0,32729961516.0,5.772,2.828,0.176,1.744,0.855,,,304.944,18.928
Gabon,GAB,Africa,AF,2016,2015-2019,Pre-Pandemia,2100310.0,33414337569.0,5.613,2.672,0.168,1.649,0.785,,,301.982,18.587
Gabon,GAB,Africa,AF,2017,2015-2019,Pre-Pandemia,2156902.0,33572391290.0,5.501,2.55,0.164,1.627,0.754,,,275.634,19.956
Gabon,GAB,Africa,AF,2018,2015-2019,Pre-Pandemia,2212320.0,33855404131.0,5.563,2.515,0.164,1.85,0.836,,,333.763,16.669
Gabon,GAB,Africa,AF,2019,2015-2019,Pre-Pandemia,2267711.0,35180839675.0,5.607,2.473,0.159,1.797,0.792,,,340.498,16.468
Gabon,GAB,Africa,AF,2020,2020-2023,Pandemia,2322538.0,34525072669.0,5.636,2.427,0.163,1.74,0.749,,,353.781,15.931
Gabon,GAB,Africa,AF,2021,2020-2023,Pandemia,2376729.0,35037430976.0,5.545,2.333,0.158,1.974,0.83,,,355.396,15.603
Gabon,GAB,Africa,AF,2022,2020-2023,Post-Pandemia,2430750.0,36035291983.0,5.783,2.379,0.16,1.759,0.724,,,347.605,16.637
Gabon,GAB,Africa,AF,2023,2020-2023,Post-Pandemia,2484790.0,,5.321,2.141,,1.814,0.73,,,320.365,16.609
Gambia,GMB,Africa,AF,2010,2010-2014,Pre-Pandemia,1926634.0,3111135545.0,0.432,0.224,0.139,0.432,0.224,,,215.9,2.003
Gambia,GMB,Africa,AF,2011,2010-2014,Pre-Pandemia,1983785.0,3000862000.0,0.443,0.223,0.148,0.443,0.223,,,210.62,2.105
Gambia,GMB,Africa,AF,2012,2010-2014,Pre-Pandemia,2043097.0,3174000000.0,0.451,0.221,0.142,0.451,0.221,,,219.519,2.053
Gambia,GMB,Africa,AF,2013,2010-2014,Pre-Pandemia,2103825.0,3327261000.0,0.429,0.204,0.129,0.429,0.204,,,209.81,2.043
Gambia,GMB,Africa,AF,2014,2010-2014,Pre-Pandemia,2164535.0,3357018000.0,0.506,0.234,0.151,0.506,0.234,,,223.777,2.26
Gambia,GMB,Africa,AF,2015,2015-2019,Pre-Pandemia,2224530.0,3514848000.0,0.583,0.262,0.166,0.583,0.262,,,251.893,2.313
Gambia,GMB,Africa,AF,2016,2015-2019,Pre-Pandemia,2283775.0,3558432648.0,0.59,0.258,0.166,0.59,0.258,,,253.009,2.332
Gambia,GMB,Africa,AF,2017,2015-2019,Pre-Pandemia,2342191.0,3704517995.0,0.597,0.255,0.161,0.597,0.255,,,251.816,2.372
Gambia,GMB,Africa,AF,2018,2015-2019,Pre-Pandemia,2399633.0,3947001965.0,0.649,0.27,0.164,0.649,0.27,,,335.666,1.932
Gambia,GMB,Africa,AF,2019,2015-2019,Pre-Pandemia,2456847.0,4192588256.0,0.711,0.289,0.17,0.711,0.289,,,359.606,1.977
Gambia,GMB,Africa,AF,2020,2020-2023,Pandemia,2515744.0,4217390293.0,0.7,0.278,0.166,0.7,0.278,,,393.398,1.779
Gambia,GMB,Africa,AF,2021,2020-2023,Pandemia,2576015.0,4439051582.0,0.725,0.282,0.163,0.725,0.282,,,355.548,2.04
Gambia,GMB,Africa,AF,2022,2020-2023,Post-Pandemia,2636472.0,4656793663.0,0.808,0.306,0.174,0.808,0.306,,,384.846,2.1
Gambia,GMB,Africa,AF,2023,2020-2023,Post-Pandemia,2697846.0,,0.773,0.286,,0.773,0.286,,,346.155,2.232
Georgia,GEO,Europe,EU,2010,2010-2014,Pre-Pandemia,3895932.0,41359835742.0,6.29,1.614,0.152,2.759,0.708,0.799,0.205,159.217,39.505
Georgia,GEO,Europe,EU,2011,2010-2014,Pre-Pandemia,3868724.0,44138043878.0,7.814,2.02,0.177,2.711,0.701,1.059,0.274,203.557,38.388
Georgia,GEO,Europe,EU,2012,2010-2014,Pre-Pandemia,3839208.0,46970386649.0,8.294,2.16,0.177,2.727,0.71,1.177,0.306,197.927,41.902
Georgia,GEO,Europe,EU,2013,2010-2014,Pre-Pandemia,3809128.0,48668828674.0,8.028,2.108,0.165,2.661,0.699,1.206,0.317,171.234,46.883
Georgia,GEO,Europe,EU,2014,2010-2014,Pre-Pandemia,3792921.0,50830708616.0,9.058,2.388,0.178,2.836,0.748,1.161,0.306,182.689,49.582
Georgia,GEO,Europe,EU,2015,2015-2019,Pre-Pandemia,3791570.0,52369351007.0,9.791,2.582,0.187,3.217,0.848,1.081,0.285,182.234,53.726
Georgia,GEO,Europe,EU,2016,2015-2019,Pre-Pandemia,3792061.0,53891203471.0,10.043,2.648,0.186,3.877,1.022,1.033,0.272,178.28,56.332
Georgia,GEO,Europe,EU,2017,2015-2019,Pre-Pandemia,3792860.0,56501161966.0,10.06,2.652,0.178,3.525,0.929,1.158,0.305,179.52,56.037
Georgia,GEO,Europe,EU,2018,2015-2019,Pre-Pandemia,3794881.0,59237502380.0,9.888,2.606,0.167,3.422,0.902,1.209,0.319,174.865,56.548
Georgia,GEO,Europe,EU,2019,2015-2019,Pre-Pandemia,3796722.0,62188716739.0,10.517,2.77,0.169,3.577,0.942,0.975,0.257,176.126,59.714
Georgia,GEO,Europe,EU,2020,2020-2023,Pandemia,3795680.0,57984758412.0,10.378,2.734,0.179,3.459,0.911,0.861,0.227,182.491,56.868
Georgia,GEO,Europe,EU,2021,2020-2023,Pandemia,3788450.0,64053441556.0,10.75,2.838,0.168,3.686,0.973,0.861,0.227,173.633,61.911
Georgia,GEO,Europe,EU,2022,2020-2023,Post-Pandemia,3794782.0,70528605169.0,12.0,3.162,0.17,3.72,0.98,0.902,0.238,174.892,68.613
Georgia,GEO,Europe,EU,2023,2020-2023,Post-Pandemia,3807494.0,,11.922,3.131,,3.672,0.965,0.854,0.224,176.079,67.709
Germany,DEU,Europe,EU,2010,2010-2014,Pre-Pandemia,80830916.0,3301123203586.0,826.705,10.228,0.25,277.154,3.429,341.311,4.223,214.887,3847.151
Germany,DEU,Europe,EU,2011,2010-2014,Pre-Pandemia,80857877.0,3467712967640.0,804.542,9.95,0.232,270.809,3.349,339.624,4.2,216.823,3710.585
Germany,DEU,Europe,EU,2012,2010-2014,Pre-Pandemia,80916391.0,3482225441398.0,814.093,10.061,0.234,271.945,3.361,350.039,4.326,216.404,3761.916
Germany,DEU,Europe,EU,2013,2010-2014,Pre-Pandemia,81041581.0,3497463140441.0,831.746,10.263,0.238,280.396,3.46,357.254,4.408,215.004,3868.517
Germany,DEU,Europe,EU,2014,2010-2014,Pre-Pandemia,81376078.0,3574741315261.0,792.584,9.74,0.222,271.603,3.338,344.722,4.236,213.608,3710.465
Germany,DEU,Europe,EU,2015,2015-2019,Pre-Pandemia,82077546.0,3628073946157.0,800.823,9.757,0.221,278.861,3.398,341.117,4.156,211.81,3780.86
Germany,DEU,Europe,EU,2016,2015-2019,Pre-Pandemia,82760102.0,3708979940863.0,797.988,9.642,0.215,275.704,3.331,329.436,3.981,207.731,3841.451
Germany,DEU,Europe,EU,2017,2015-2019,Pre-Pandemia,83104010.0,3808389445530.0,784.595,9.441,0.206,275.506,3.315,312.692,3.763,198.654,3949.556
Germany,DEU,Europe,EU,2018,2015-2019,Pre-Pandemia,83368507.0,3845758522294.0,758.771,9.101,0.197,268.094,3.216,296.871,3.561,197.319,3845.414
Germany,DEU,Europe,EU,2019,2015-2019,Pre-Pandemia,83559184.0,3886392581475.0,708.649,8.481,0.182,271.933,3.254,240.114,2.874,188.787,3753.704
Germany,DEU,Europe,EU,2020,2020-2023,Pandemia,83628711.0,3742721113842.0,647.177,7.739,0.173,254.465,3.043,198.53,2.374,184.965,3498.915
Germany,DEU,Europe,EU,2021,2020-2023,Pandemia,83697080.0,3841041747482.0,677.998,8.101,0.177,240.525,2.874,232.139,2.774,188.412,3598.492
Germany,DEU,Europe,EU,2022,2020-2023,Post-Pandemia,84086227.0,3909612753939.0,667.843,7.942,0.171,247.017,2.938,239.428,2.847,193.272,3455.45
Germany,DEU,Europe,EU,2023,2020-2023,Post-Pandemia,84548233.0,,593.766,7.023,,237.487,2.809,186.157,2.202,186.784,3178.886
Ghana,GHA,Africa,AF,2010,2010-2014,Pre-Pandemia,25475000.0,75296610301.0,8.943,0.351,0.119,8.09,0.318,,,213.425,41.9
Ghana,GHA,Africa,AF,2011,2010-2014,Pre-Pandemia,26095091.0,86160263888.0,10.329,0.396,0.12,8.68,0.333,,,187.672,55.035
Ghana,GHA,Africa,AF,2012,2010-2014,Pre-Pandemia,26734273.0,93421855305.0,12.641,0.473,0.135,11.75,0.44,,,224.229,56.374
Ghana,GHA,Africa,AF,2013,2010-2014,Pre-Pandemia,27386193.0,100187456075.0,12.61,0.46,0.126,11.831,0.432,,,211.461,59.633
Ghana,GHA,Africa,AF,2014,2010-2014,Pre-Pandemia,28041592.0,103048820009.0,13.257,0.473,0.129,11.737,0.419,,,219.019,60.527
Ghana,GHA,Africa,AF,2015,2015-2019,Pre-Pandemia,28696071.0,105234477793.0,14.568,0.508,0.138,11.857,0.413,,,201.85,72.173
Ghana,GHA,Africa,AF,2016,2015-2019,Pre-Pandemia,29356736.0,108784039058.0,13.914,0.474,0.128,12.37,0.421,,,188.635,73.76
Ghana,GHA,Africa,AF,2017,2015-2019,Pre-Pandemia,30008364.0,117627099029.0,12.437,0.414,0.106,9.448,0.315,,,168.626,73.757
Ghana,GHA,Africa,AF,2018,2015-2019,Pre-Pandemia,30637592.0,124919973796.0,15.19,0.496,0.122,11.438,0.373,,,206.308,73.626
Ghana,GHA,Africa,AF,2019,2015-2019,Pre-Pandemia,31258943.0,133049773378.0,16.415,0.525,0.123,12.018,0.384,,,205.209,79.992
Ghana,GHA,Africa,AF,2020,2020-2023,Pandemia,31887802.0,133733644694.0,19.164,0.601,0.143,12.255,0.384,,,203.525,94.161
Ghana,GHA,Africa,AF,2021,2020-2023,Pandemia,32518662.0,140896419821.0,20.556,0.632,0.146,12.822,0.394,,,199.413,103.083
Ghana,GHA,Africa,AF,2022,2020-2023,Post-Pandemia,33149152.0,145431875240.0,20.745,0.626,0.143,12.622,0.381,,,204.411,101.488
Ghana,GHA,Africa,AF,2023,2020-2023,Post-Pandemia,33787916.0,,20.136,0.596,,12.07,0.357,,,188.678,106.72
Greece,GRC,Europe,EU,2010,2010-2014,Pre-Pandemia,11124666.0,290984350750.0,97.354,8.751,0.335,43.995,3.955,41.26,3.709,257.253,378.437
Greece,GRC,Europe,EU,2011,2010-2014,Pre-Pandemia,11108838.0,266793942822.0,94.505,8.507,0.354,40.495,3.645,42.08,3.788,254.536,371.285
Greece,GRC,Europe,EU,2012,2010-2014,Pre-Pandemia,11048291.0,247887031358.0,91.393,8.272,0.369,36.295,3.285,43.257,3.915,261.643,349.302
Greece,GRC,Europe,EU,2013,2010-2014,Pre-Pandemia,10967534.0,241650188710.0,81.713,7.45,0.338,32.909,3.001,37.291,3.4,248.896,328.303
Greece,GRC,Europe,EU,2014,2010-2014,Pre-Pandemia,10893169.0,242799798246.0,78.636,7.219,0.324,33.482,3.074,35.227,3.234,255.385,307.91
Greece,GRC,Europe,EU,2015,2015-2019,Pre-Pandemia,10820902.0,242323725826.0,74.927,6.924,0.309,34.977,3.232,29.949,2.768,240.363,311.723
Greece,GRC,Europe,EU,2016,2015-2019,Pre-Pandemia,10775506.0,241143085639.0,71.36,6.622,0.296,35.568,3.301,23.594,2.19,232.447,306.993
Greece,GRC,Europe,EU,2017,2015-2019,Pre-Pandemia,10753532.0,243776808141.0,74.842,6.96,0.307,35.028,3.257,26.019,2.42,232.285,322.197
Greece,GRC,Europe,EU,2018,2015-2019,Pre-Pandemia,10730846.0,247844015413.0,71.778,6.689,0.29,33.833,3.153,24.851,2.316,221.492,324.066
Greece,GRC,Europe,EU,2019,2015-2019,Pre-Pandemia,10718581.0,252514250712.0,65.736,6.133,0.26,33.915,3.164,17.879,1.668,207.444,316.887
Greece,GRC,Europe,EU,2020,2020-2023,Pandemia,10699370.0,229777821500.0,55.577,5.194,0.242,31.009,2.898,10.147,0.948,200.671,276.956
Greece,GRC,Europe,EU,2021,2020-2023,Pandemia,10579561.0,249158215293.0,57.528,5.438,0.231,32.277,3.051,9.259,0.875,190.152,302.536
Greece,GRC,Europe,EU,2022,2020-2023,Post-Pandemia,10412481.0,263892672733.0,57.609,5.533,0.218,35.274,3.388,8.767,0.842,183.273,314.334
Greece,GRC,Europe,EU,2023,2020-2023,Post-Pandemia,10242910.0,,51.988,5.076,,32.991,3.221,6.531,0.638,169.953,305.897
Greenland,GRL,North America,NA,2010,2010-2014,Pre-Pandemia,56634.0,,0.661,11.666,,0.661,11.666,,,172.778,3.824
Greenland,GRL,North America,NA,2011,2010-2014,Pre-Pandemia,56853.0,,0.705,12.402,,0.705,12.402,,,190.554,3.7
Greenland,GRL,North America,NA,2012,2010-2014,Pre-Pandemia,56797.0,,0.547,9.631,,0.547,9.631,,,182.807,2.992
Greenland,GRL,North America,NA,2013,2010-2014,Pre-Pandemia,56532.0,,0.562,9.945,,0.562,9.945,,,190.275,2.955
Greenland,GRL,North America,NA,2014,2010-2014,Pre-Pandemia,56195.0,,0.503,8.942,,0.503,8.942,,,186.925,2.688
Greenland,GRL,North America,NA,2015,2015-2019,Pre-Pandemia,56048.0,,0.548,9.77,,0.548,9.77,,,189.599,2.888
Greenland,GRL,North America,NA,2016,2015-2019,Pre-Pandemia,56082.0,,0.509,9.08,,0.509,9.08,,,176.209,2.89
Greenland,GRL,North America,NA,2017,2015-2019,Pre-Pandemia,56094.0,,0.536,9.554,,0.536,9.554,,,185.082,2.895
Greenland,GRL,North America,NA,2018,2015-2019,Pre-Pandemia,56100.0,,0.524,9.336,,0.524,9.336,,,200.073,2.618
Greenland,GRL,North America,NA,2019,2015-2019,Pre-Pandemia,56109.0,,0.526,9.377,,0.526,9.377,,,194.948,2.699
Greenland,GRL,North America,NA,2020,2020-2023,Pandemia,56105.0,,0.55,9.794,,0.55,9.794,,,212.318,2.588
Greenland,GRL,North America,NA,2021,2020-2023,Pandemia,56065.0,,0.546,9.745,,0.546,9.745,,,214.806,2.543
Greenland,GRL,North America,NA,2022,2020-2023,Post-Pandemia,56014.0,,0.587,10.483,,0.587,10.483,,,218.344,2.689
Greenland,GRL,North America,NA,2023,2020-2023,Post-Pandemia,55951.0,,0.609,10.884,,0.609,10.884,,,226.132,2.693
Grenada,GRD,North America,NA,2010,2010-2014,Pre-Pandemia,111600.0,,0.256,2.298,,0.256,2.298,,,218.956,1.171
Grenada,GRD,North America,NA,2011,2010-2014,Pre-Pandemia,112093.0,,0.249,2.223,,0.249,2.223,,,213.18,1.169
Grenada,GRD,North America,NA,2012,2010-2014,Pre-Pandemia,112792.0,,0.267,2.371,,0.267,2.371,,,224.936,1.189
Grenada,GRD,North America,NA,2013,2010-2014,Pre-Pandemia,113499.0,,0.3,2.647,,0.3,2.647,,,223.835,1.342
Grenada,GRD,North America,NA,2014,2010-2014,Pre-Pandemia,114148.0,,0.242,2.119,,0.242,2.119,,,213.237,1.134
Grenada,GRD,North America,NA,2015,2015-2019,Pre-Pandemia,114691.0,,0.26,2.268,,0.26,2.268,,,220.024,1.182
Grenada,GRD,North America,NA,2016,2015-2019,Pre-Pandemia,115147.0,,0.275,2.387,,0.275,2.387,,,225.907,1.216
Grenada,GRD,North America,NA,2017,2015-2019,Pre-Pandemia,115448.0,,0.293,2.539,,0.293,2.539,,,221.793,1.322
Grenada,GRD,North America,NA,2018,2015-2019,Pre-Pandemia,115703.0,,0.308,2.66,,0.308,2.66,,,218.794,1.407
Grenada,GRD,North America,NA,2019,2015-2019,Pre-Pandemia,115995.0,,0.333,2.874,,0.333,2.874,,,217.341,1.534
Grenada,GRD,North America,NA,2020,2020-2023,Pandemia,116353.0,,0.289,2.488,,0.289,2.488,,,218.681,1.324
Grenada,GRD,North America,NA,2021,2020-2023,Pandemia,116696.0,,0.311,2.669,,0.311,2.669,,,219.229,1.421
Grenada,GRD,North America,NA,2022,2020-2023,Post-Pandemia,116928.0,,0.342,2.928,,0.342,2.928,,,235.98,1.451
Grenada,GRD,North America,NA,2023,2020-2023,Post-Pandemia,117094.0,,0.363,3.1,,0.363,3.1,,,224.818,1.615
Guatemala,GTM,North America,NA,2010,2010-2014,Pre-Pandemia,14500118.0,96390296358.0,10.817,0.746,0.112,8.712,0.601,1.286,0.089,205.744,52.576
Guatemala,GTM,North America,NA,2011,2010-2014,Pre-Pandemia,14792123.0,100335200000.0,10.979,0.742,0.109,8.834,0.597,1.29,0.087,210.555,52.144
Guatemala,GTM,North America,NA,2012,2010-2014,Pre-Pandemia,15089639.0,103492749162.0,11.347,0.752,0.11,8.922,0.591,1.513,0.1,205.713,55.158
Guatemala,GTM,North America,NA,2013,2010-2014,Pre-Pandemia,15387339.0,107099471666.0,12.493,0.812,0.117,9.033,0.587,2.59,0.168,210.991,59.213
Guatemala,GTM,North America,NA,2014,2010-2014,Pre-Pandemia,15681725.0,111858970345.0,13.425,0.856,0.12,9.628,0.614,2.8,0.179,214.593,62.559
Guatemala,GTM,North America,NA,2015,2015-2019,Pre-Pandemia,15971745.0,116436247567.0,15.449,0.967,0.133,10.446,0.654,4.016,0.251,213.285,72.435
Guatemala,GTM,North America,NA,2016,2015-2019,Pre-Pandemia,16268761.0,119554400888.0,16.524,1.016,0.138,10.792,0.663,4.715,0.29,208.643,79.196
Guatemala,GTM,North America,NA,2017,2015-2019,Pre-Pandemia,16567363.0,123236680953.0,16.993,1.026,0.138,11.945,0.721,3.913,0.236,207.192,82.014
Guatemala,GTM,North America,NA,2018,2015-2019,Pre-Pandemia,16845688.0,127435350812.0,18.338,1.089,0.144,12.616,0.749,4.619,0.274,217.193,84.434
Guatemala,GTM,North America,NA,2019,2015-2019,Pre-Pandemia,17103803.0,132535316516.0,19.259,1.126,0.145,13.56,0.793,4.51,0.264,211.816,90.923
Guatemala,GTM,North America,NA,2020,2020-2023,Pandemia,17357331.0,130197392340.0,17.157,0.988,0.132,12.886,0.742,2.913,0.168,192.116,89.305
Guatemala,GTM,North America,NA,2021,2020-2023,Pandemia,17598652.0,140588440273.0,19.984,1.136,0.142,14.671,0.834,3.726,0.212,193.273,103.399
Guatemala,GTM,North America,NA,2022,2020-2023,Post-Pandemia,17847877.0,146224632616.0,18.913,1.06,0.129,15.766,0.883,1.422,0.08,197.254,95.883
Guatemala,GTM,North America,NA,2023,2020-2023,Post-Pandemia,18124841.0,,19.736,1.089,,16.714,0.922,1.668,0.092,205.043,96.253
Guinea,GIN,Africa,AF,2010,2010-2014,Pre-Pandemia,10396090.0,12362234837.0,2.459,0.236,0.199,2.459,0.236,,,214.692,11.451
Guinea,GIN,Africa,AF,2011,2010-2014,Pre-Pandemia,10656812.0,13233698841.0,2.557,0.24,0.193,2.557,0.24,,,216.459,11.815
Guinea,GIN,Africa,AF,2012,2010-2014,Pre-Pandemia,10921580.0,14087313893.0,2.393,0.219,0.17,2.393,0.219,,,211.123,11.333
Guinea,GIN,Africa,AF,2013,2010-2014,Pre-Pandemia,11191874.0,14709018009.0,2.077,0.186,0.141,2.077,0.186,,,207.927,9.991
Guinea,GIN,Africa,AF,2014,2010-2014,Pre-Pandemia,11472921.0,14874105154.0,2.371,0.207,0.159,2.371,0.207,,,226.68,10.458
Guinea,GIN,Africa,AF,2015,2015-2019,Pre-Pandemia,11767077.0,14900874140.0,2.454,0.209,0.165,2.454,0.209,,,203.595,12.055
Guinea,GIN,Africa,AF,2016,2015-2019,Pre-Pandemia,12073031.0,16533568057.0,2.7,0.224,0.163,2.7,0.224,,,200.643,13.456
Guinea,GIN,Africa,AF,2017,2015-2019,Pre-Pandemia,12385668.0,18265129177.0,4.847,0.391,0.265,4.847,0.391,,,363.325,13.342
Guinea,GIN,Africa,AF,2018,2015-2019,Pre-Pandemia,12704776.0,19467826772.0,3.77,0.297,0.194,3.77,0.297,,,236.001,15.976
Guinea,GIN,Africa,AF,2019,2015-2019,Pre-Pandemia,13034349.0,20561330331.0,4.104,0.315,0.2,4.104,0.315,,,222.315,18.461
Guinea,GIN,Africa,AF,2020,2020-2023,Pandemia,13371185.0,21528646361.0,4.43,0.331,0.206,4.43,0.331,,,213.094,20.79
Guinea,GIN,Africa,AF,2021,2020-2023,Pandemia,13710515.0,22615336825.0,4.068,0.297,0.18,4.068,0.297,,,193.966,20.97
Guinea,GIN,Africa,AF,2022,2020-2023,Post-Pandemia,14055136.0,23678257190.0,4.052,0.288,0.171,4.052,0.288,,,188.144,21.539
Guinea,GIN,Africa,AF,2023,2020-2023,Post-Pandemia,14405469.0,,3.875,0.269,,3.875,0.269,,,181.264,21.378
Guinea-Bissau,GNB,Africa,AF,2010,2010-2014,Pre-Pandemia,1566352.0,2015432308.0,0.103,0.065,0.051,0.103,0.065,,,72.154,1.422
Guinea-Bissau,GNB,Africa,AF,2011,2010-2014,Pre-Pandemia,1608084.0,2192198781.0,0.11,0.068,0.05,0.11,0.068,,,76.191,1.443
Guinea-Bissau,GNB,Africa,AF,2012,2010-2014,Pre-Pandemia,1651425.0,2160239109.0,0.114,0.069,0.053,0.114,0.069,,,77.211,1.471
Guinea-Bissau,GNB,Africa,AF,2013,2010-2014,Pre-Pandemia,1695980.0,2238347369.0,0.143,0.084,0.064,0.143,0.084,,,94.893,1.506
Guinea-Bissau,GNB,Africa,AF,2014,2010-2014,Pre-Pandemia,1741126.0,2253617077.0,0.143,0.082,0.063,0.143,0.082,,,90.346,1.582
Guinea-Bissau,GNB,Africa,AF,2015,2015-2019,Pre-Pandemia,1786461.0,2372699688.0,0.154,0.086,0.065,0.154,0.086,,,94.126,1.635
Guinea-Bissau,GNB,Africa,AF,2016,2015-2019,Pre-Pandemia,1831898.0,2519068025.0,0.169,0.092,0.067,0.169,0.092,,,99.014,1.702
Guinea-Bissau,GNB,Africa,AF,2017,2015-2019,Pre-Pandemia,1877074.0,2668676184.0,0.183,0.098,0.069,0.183,0.098,,,133.004,1.377
Guinea-Bissau,GNB,Africa,AF,2018,2015-2019,Pre-Pandemia,1922167.0,2771625236.0,0.198,0.103,0.071,0.198,0.103,,,210.237,0.941
Guinea-Bissau,GNB,Africa,AF,2019,2015-2019,Pre-Pandemia,1967704.0,2896348420.0,0.256,0.13,0.089,0.256,0.13,,,217.207,1.181
Guinea-Bissau,GNB,Africa,AF,2020,2020-2023,Pandemia,2013259.0,2939793794.0,0.311,0.155,0.106,0.311,0.155,,,221.663,1.405
Guinea-Bissau,GNB,Africa,AF,2021,2020-2023,Pandemia,2058841.0,3127940606.0,0.341,0.166,0.109,0.341,0.166,,,224.205,1.52
Guinea-Bissau,GNB,Africa,AF,2022,2020-2023,Post-Pandemia,2105535.0,3259313986.0,0.344,0.164,0.106,0.344,0.164,,,222.873,1.545
Guinea-Bissau,GNB,Africa,AF,2023,2020-2023,Post-Pandemia,2153343.0,,0.329,0.153,,0.329,0.153,,,228.193,1.443
Guyana,GUY,South America,SA,2010,2010-2014,Pre-Pandemia,749259.0,,1.883,2.514,,1.883,2.514,0.0,0.0,259.82,7.248
Guyana,GUY,South America,SA,2011,2010-2014,Pre-Pandemia,746161.0,,1.957,2.622,,1.957,2.622,0.0,0.0,259.506,7.54
Guyana,GUY,South America,SA,2012,2010-2014,Pre-Pandemia,746296.0,,1.957,2.622,,1.957,2.622,0.0,0.0,230.552,8.486
Guyana,GUY,South America,SA,2013,2010-2014,Pre-Pandemia,750020.0,,1.902,2.535,,1.902,2.535,0.0,0.0,230.285,8.258
Guyana,GUY,South America,SA,2014,2010-2014,Pre-Pandemia,754231.0,,1.975,2.618,,1.975,2.618,0.0,0.0,238.826,8.269
Guyana,GUY,South America,SA,2015,2015-2019,Pre-Pandemia,758783.0,,1.964,2.588,,1.964,2.588,0.0,0.0,232.754,8.438
Guyana,GUY,South America,SA,2016,2015-2019,Pre-Pandemia,763553.0,,2.209,2.893,,2.194,2.874,0.015,0.019,233.476,9.462
Guyana,GUY,South America,SA,2017,2015-2019,Pre-Pandemia,768483.0,,2.158,2.808,,2.158,2.808,0.0,0.0,230.636,9.357
Guyana,GUY,South America,SA,2018,2015-2019,Pre-Pandemia,791563.0,,2.319,2.93,,2.319,2.93,0.0,0.0,228.482,10.151
Guyana,GUY,South America,SA,2019,2015-2019,Pre-Pandemia,807668.0,,2.645,3.275,,2.645,3.275,0.0,0.0,227.891,11.607
Guyana,GUY,South America,SA,2020,2020-2023,Pandemia,807486.0,,3.1,3.839,,2.568,3.181,0.0,0.0,275.895,11.237
Guyana,GUY,South America,SA,2021,2020-2023,Pandemia,815484.0,,2.933,3.596,,2.682,3.289,0.0,0.0,247.391,11.855
Guyana,GUY,South America,SA,2022,2020-2023,Post-Pandemia,821638.0,,4.397,5.351,,4.086,4.973,0.0,0.0,308.269,14.262
Guyana,GUY,South America,SA,2023,2020-2023,Post-Pandemia,826357.0,,4.379,5.299,,4.15,5.022,0.0,0.0,266.368,16.439
Haiti,HTI,North America,NA,2010,2010-2014,Pre-Pandemia,9803299.0,14869726114.0,2.129,0.217,0.143,2.019,0.206,,,243.329,8.751
Haiti,HTI,North America,NA,2011,2010-2014,Pre-Pandemia,9914904.0,15936160000.0,2.272,0.229,0.143,2.253,0.227,,,243.727,9.32
Haiti,HTI,North America,NA,2012,2010-2014,Pre-Pandemia,10069770.0,16393482000.0,2.262,0.225,0.138,2.235,0.222,,,224.037,10.098
Haiti,HTI,North America,NA,2013,2010-2014,Pre-Pandemia,10222365.0,17085684000.0,2.703,0.264,0.158,2.667,0.261,,,250.63,10.786
Haiti,HTI,North America,NA,2014,2010-2014,Pre-Pandemia,10373241.0,17572203000.0,2.698,0.26,0.154,2.627,0.253,,,229.941,11.735
Haiti,HTI,North America,NA,2015,2015-2019,Pre-Pandemia,10523249.0,17862468000.0,2.654,0.252,0.149,2.583,0.245,,,197.731,13.425
Haiti,HTI,North America,NA,2016,2015-2019,Pre-Pandemia,10671462.0,18337150574.0,2.977,0.279,0.162,2.906,0.272,,,213.172,13.965
Haiti,HTI,North America,NA,2017,2015-2019,Pre-Pandemia,10817759.0,18822570039.0,3.133,0.29,0.166,3.026,0.28,,,227.747,13.759
Haiti,HTI,North America,NA,2018,2015-2019,Pre-Pandemia,10962373.0,19129086184.0,3.401,0.31,0.178,3.294,0.3,,,235.772,14.425
Haiti,HTI,North America,NA,2019,2015-2019,Pre-Pandemia,11105165.0,18799472313.0,3.119,0.281,0.166,3.012,0.271,,,233.326,13.367
Haiti,HTI,North America,NA,2020,2020-2023,Pandemia,11243846.0,18185520397.0,3.265,0.29,0.18,3.158,0.281,,,229.655,14.219
Haiti,HTI,North America,NA,2021,2020-2023,Pandemia,11374592.0,17851170361.0,3.507,0.308,0.196,3.4,0.299,,,233.178,15.041
Haiti,HTI,North America,NA,2022,2020-2023,Post-Pandemia,11503603.0,17550916862.0,2.87,0.25,0.164,2.763,0.24,,,233.5,12.293
Haiti,HTI,North America,NA,2023,2020-2023,Post-Pandemia,11637402.0,,2.865,0.246,,2.758,0.237,,,402.171,7.123
Honduras,HND,North America,NA,2010,2010-2014,Pre-Pandemia,8365881.0,34409603132.0,8.107,0.969,0.236,7.222,0.863,0.278,0.033,247.882,32.703
Honduras,HND,North America,NA,2011,2010-2014,Pre-Pandemia,8540587.0,35990758725.0,8.857,1.037,0.246,7.856,0.92,0.333,0.039,264.115,33.533
Honduras,HND,North America,NA,2012,2010-2014,Pre-Pandemia,8715081.0,37443688294.0,9.108,1.045,0.243,7.962,0.914,0.381,0.044,251.508,36.215
Honduras,HND,North America,NA,2013,2010-2014,Pre-Pandemia,8889276.0,38446700070.0,9.328,1.049,0.243,8.266,0.93,0.37,0.042,253.922,36.737
Honduras,HND,North America,NA,2014,2010-2014,Pre-Pandemia,9063127.0,39484545761.0,9.503,1.049,0.241,8.449,0.932,0.392,0.043,244.326,38.896
Honduras,HND,North America,NA,2015,2015-2019,Pre-Pandemia,9237306.0,40757802007.0,10.898,1.18,0.267,9.838,1.065,0.337,0.036,251.938,43.256
Honduras,HND,North America,NA,2016,2015-2019,Pre-Pandemia,9412380.0,42125312119.0,9.939,1.056,0.236,9.006,0.957,0.15,0.016,242.054,41.06
Honduras,HND,North America,NA,2017,2015-2019,Pre-Pandemia,9588144.0,43936103834.0,10.198,1.064,0.232,9.284,0.968,0.004,0.0,239.11,42.65
Honduras,HND,North America,NA,2018,2015-2019,Pre-Pandemia,9765209.0,45477892182.0,9.876,1.011,0.217,9.043,0.926,,,228.142,43.29
Honduras,HND,North America,NA,2019,2015-2019,Pre-Pandemia,9943637.0,46684518271.0,10.963,1.102,0.235,10.197,1.025,,,231.323,47.391
Honduras,HND,North America,NA,2020,2020-2023,Pandemia,10119638.0,42499283305.0,9.977,0.986,0.235,9.343,0.923,,,232.073,42.99
Honduras,HND,North America,NA,2021,2020-2023,Pandemia,10289881.0,47826185166.0,11.06,1.075,0.231,10.358,1.007,,,222.719,49.658
Honduras,HND,North America,NA,2022,2020-2023,Post-Pandemia,10463880.0,49738252980.0,11.742,1.122,0.236,11.019,1.053,,,226.377,51.869
Honduras,HND,North America,NA,2023,2020-2023,Post-Pandemia,10644853.0,,12.404,1.165,,11.681,1.097,,,216.096,57.402
Hong Kong,HKG,Asia,AS,2010,2010-2014,Pre-Pandemia,7101614.0,302377330309.0,40.063,5.641,0.132,9.438,1.329,23.589,3.322,124.738,321.176
Hong Kong,HKG,Asia,AS,2011,2010-2014,Pre-Pandemia,7142969.0,314044556431.0,43.15,6.041,0.137,9.237,1.293,28.063,3.929,131.022,329.331
Hong Kong,HKG,Asia,AS,2012,2010-2014,Pre-Pandemia,7201059.0,319384208506.0,42.738,5.935,0.134,9.6,1.333,27.623,3.836,135.039,316.489
Hong Kong,HKG,Asia,AS,2013,2010-2014,Pre-Pandemia,7264330.0,329290162080.0,44.31,6.1,0.135,9.428,1.298,29.45,4.054,136.328,325.028
Hong Kong,HKG,Asia,AS,2014,2010-2014,Pre-Pandemia,7319502.0,338386398632.0,45.492,6.215,0.134,9.267,1.266,30.853,4.215,143.413,317.208
Hong Kong,HKG,Asia,AS,2015,2015-2019,Pre-Pandemia,7366411.0,346466191769.0,42.404,5.756,0.122,10.212,1.386,25.373,3.444,129.892,326.451
Hong Kong,HKG,Asia,AS,2016,2015-2019,Pre-Pandemia,7408006.0,354003396927.0,43.366,5.854,0.123,11.053,1.492,25.375,3.425,129.43,335.053
Hong Kong,HKG,Asia,AS,2017,2015-2019,Pre-Pandemia,7444889.0,367441685993.0,42.431,5.699,0.115,11.838,1.59,23.772,3.193,118.081,359.341
Hong Kong,HKG,Asia,AS,2018,2015-2019,Pre-Pandemia,7471190.0,377902310676.0,42.597,5.702,0.113,11.5,1.539,24.411,3.267,117.162,363.573
Hong Kong,HKG,Asia,AS,2019,2015-2019,Pre-Pandemia,7485817.0,371582312306.0,41.897,5.597,0.113,11.621,1.552,23.378,3.123,121.6,344.545
Hong Kong,HKG,Asia,AS,2020,2020-2023,Pandemia,7490240.0,347263059452.0,33.513,4.474,0.097,11.051,1.475,12.447,1.662,129.922,257.947
Hong Kong,HKG,Asia,AS,2021,2020-2023,Pandemia,7484604.0,369654417943.0,33.637,4.494,0.091,9.889,1.321,13.832,1.848,138.034,243.686
Hong Kong,HKG,Asia,AS,2022,2020-2023,Post-Pandemia,7465913.0,356690492875.0,30.764,4.121,0.086,7.351,0.985,13.602,1.822,141.502,217.409
Hong Kong,HKG,Asia,AS,2023,2020-2023,Post-Pandemia,7442738.0,,32.957,4.428,,9.128,1.226,13.289,1.786,131.172,251.251
Hungary,HUN,Europe,EU,2010,2010-2014,Pre-Pandemia,9979128.0,200496589291.0,51.993,5.21,0.259,16.067,1.61,11.721,1.175,187.141,277.827
Hungary,HUN,Europe,EU,2011,2010-2014,Pre-Pandemia,9946675.0,208407605976.0,50.156,5.042,0.241,15.14,1.522,12.022,1.209,186.133,269.464
Hungary,HUN,Europe,EU,2012,2010-2014,Pre-Pandemia,9916621.0,205802052322.0,46.72,4.711,0.227,14.471,1.459,11.538,1.164,186.05,251.116
Hungary,HUN,Europe,EU,2013,2010-2014,Pre-Pandemia,9889344.0,209511661762.0,43.487,4.397,0.208,13.982,1.414,10.26,1.037,182.685,238.041
Hungary,HUN,Europe,EU,2014,2010-2014,Pre-Pandemia,9862843.0,218378634753.0,43.639,4.425,0.2,15.335,1.555,10.289,1.043,183.15,238.269
Hungary,HUN,Europe,EU,2015,2015-2019,Pre-Pandemia,9839211.0,226474616785.0,46.567,4.733,0.206,16.673,1.695,10.624,1.08,185.496,251.04
Hungary,HUN,Europe,EU,2016,2015-2019,Pre-Pandemia,9810529.0,231459349147.0,47.039,4.795,0.203,16.713,1.704,9.879,1.007,184.11,255.495
Hungary,HUN,Europe,EU,2017,2015-2019,Pre-Pandemia,9785608.0,241347220007.0,49.424,5.051,0.205,17.631,1.802,10.177,1.04,183.53,269.293
Hungary,HUN,Europe,EU,2018,2015-2019,Pre-Pandemia,9774395.0,254289117363.0,49.366,5.051,0.194,18.712,1.914,9.577,0.98,182.027,271.203
Hungary,HUN,Europe,EU,2019,2015-2019,Pre-Pandemia,9770346.0,266658311342.0,49.159,5.031,0.184,19.52,1.998,8.324,0.852,178.83,274.892
Hungary,HUN,Europe,EU,2020,2020-2023,Pandemia,9749459.0,254563881936.0,47.105,4.832,0.185,17.463,1.791,7.511,0.77,174.253,270.327
Hungary,HUN,Europe,EU,2021,2020-2023,Pandemia,9707848.0,272892486007.0,48.326,4.978,0.177,18.887,1.946,6.06,0.624,170.188,283.958
Hungary,HUN,Europe,EU,2022,2020-2023,Post-Pandemia,9684308.0,285385229433.0,45.267,4.674,0.159,19.647,2.029,5.559,0.574,169.511,267.047
Hungary,HUN,Europe,EU,2023,2020-2023,Post-Pandemia,9686465.0,,40.344,4.165,,18.384,1.898,4.315,0.446,158.017,255.314
Iceland,ISL,Europe,EU,2010,2010-2014,Pre-Pandemia,318163.0,11531450215.0,3.627,11.399,0.314,2.79,8.771,0.626,1.968,64.318,56.386
Iceland,ISL,Europe,EU,2011,2010-2014,Pre-Pandemia,319139.0,11716753534.0,3.503,10.978,0.299,2.654,8.315,0.639,2.004,62.143,56.377
Iceland,ISL,Europe,EU,2012,2010-2014,Pre-Pandemia,320851.0,11841375384.0,3.499,10.906,0.296,2.657,8.281,0.659,2.054,61.499,56.898
Iceland,ISL,Europe,EU,2013,2010-2014,Pre-Pandemia,323891.0,12380449213.0,3.489,10.772,0.282,2.644,8.164,0.661,2.041,59.417,58.717
Iceland,ISL,Europe,EU,2014,2010-2014,Pre-Pandemia,327517.0,12589333385.0,3.445,10.519,0.274,2.625,8.016,0.625,1.909,58.763,58.63
Iceland,ISL,Europe,EU,2015,2015-2019,Pre-Pandemia,330962.0,13147880818.0,3.541,10.699,0.269,2.706,8.176,0.661,1.998,57.853,61.207
Iceland,ISL,Europe,EU,2016,2015-2019,Pre-Pandemia,335571.0,13976682094.0,3.494,10.411,0.25,2.673,7.965,0.66,1.967,56.861,61.442
Iceland,ISL,Europe,EU,2017,2015-2019,Pre-Pandemia,343537.0,14562998209.0,3.611,10.511,0.248,2.758,8.029,0.693,2.018,56.205,64.246
Iceland,ISL,Europe,EU,2018,2015-2019,Pre-Pandemia,352860.0,15275006901.0,3.665,10.388,0.24,2.783,7.888,0.715,2.026,55.152,66.459
Iceland,ISL,Europe,EU,2019,2015-2019,Pre-Pandemia,360709.0,15550746271.0,3.553,9.849,0.228,2.691,7.459,0.684,1.896,56.099,63.328
Iceland,ISL,Europe,EU,2020,2020-2023,Pandemia,366626.0,14424580947.0,3.339,9.107,0.231,2.481,6.767,0.668,1.821,57.487,58.082
Iceland,ISL,Europe,EU,2021,2020-2023,Pandemia,372647.0,15049658393.0,3.491,9.367,0.232,2.587,6.943,0.726,1.95,57.559,60.645
Iceland,ISL,Europe,EU,2022,2020-2023,Post-Pandemia,380368.0,16019540441.0,3.598,9.458,0.225,2.641,6.942,0.77,2.024,56.458,63.724
Iceland,ISL,Europe,EU,2023,2020-2023,Post-Pandemia,387559.0,,3.508,9.052,,2.65,6.837,0.671,1.732,54.758,64.068
India,IND,Asia,AS,2010,2010-2014,Pre-Pandemia,1243481565.0,5361371354007.0,1678.53,1.35,0.313,440.692,0.354,1015.983,0.817,268.655,6247.89
India,IND,Asia,AS,2011,2010-2014,Pre-Pandemia,1261224956.0,5720692888000.0,1765.695,1.4,0.309,461.37,0.366,1074.385,0.852,268.057,6587.01
India,IND,Asia,AS,2012,2010-2014,Pre-Pandemia,1278674501.0,6052427493607.0,1926.986,1.507,0.318,491.148,0.384,1206.452,0.944,277.753,6937.768
India,IND,Asia,AS,2013,2010-2014,Pre-Pandemia,1295829507.0,6424470752490.0,1995.337,1.54,0.311,498.314,0.385,1276.383,0.985,278.559,7163.062
India,IND,Asia,AS,2014,2010-2014,Pre-Pandemia,1312277184.0,6875186158349.0,2148.052,1.637,0.312,513.84,0.392,1407.057,1.072,280.691,7652.732
India,IND,Asia,AS,2015,2015-2019,Pre-Pandemia,1328024494.0,7391521519812.0,2231.817,1.681,0.302,557.523,0.42,1449.587,1.092,282.777,7892.49
India,IND,Asia,AS,2016,2015-2019,Pre-Pandemia,1343944296.0,8057465593010.0,2352.54,1.75,0.292,616.112,0.458,1499.401,1.116,284.713,8262.856
India,IND,Asia,AS,2017,2015-2019,Pre-Pandemia,1359657398.0,8550029645172.0,2425.722,1.784,0.284,634.116,0.466,1551.256,1.141,282.993,8571.671
India,IND,Asia,AS,2018,2015-2019,Pre-Pandemia,1374659067.0,9173201683791.0,2595.227,1.888,0.283,658.715,0.479,1668.318,1.214,286.343,9063.36
India,IND,Asia,AS,2019,2015-2019,Pre-Pandemia,1389030307.0,9595463242427.0,2611.175,1.88,0.272,677.884,0.488,1661.94,1.196,281.328,9281.595
India,IND,Asia,AS,2020,2020-2023,Pandemia,1402617694.0,8945313249462.0,2422.732,1.727,0.271,607.535,0.433,1561.799,1.113,275.554,8792.22
India,IND,Asia,AS,2021,2020-2023,Pandemia,1414203896.0,9801621018003.0,2675.778,1.892,0.273,623.485,0.441,1767.297,1.25,280.334,9544.969
India,IND,Asia,AS,2022,2020-2023,Post-Pandemia,1425423209.0,10476248645535.0,2831.132,1.986,0.27,684.014,0.48,1855.854,1.302,281.439,10059.478
India,IND,Asia,AS,2023,2020-2023,Post-Pandemia,1438069597.0,,3062.756,2.13,,718.183,0.499,2032.048,1.413,282.859,10827.859
Indonesia,IDN,Asia,AS,2010,2010-2014,Pre-Pandemia,246305327.0,2039334560589.0,445.37,1.808,0.218,195.671,0.794,152.667,0.62,256.035,1739.49
Indonesia,IDN,Asia,AS,2011,2010-2014,Pre-Pandemia,249470029.0,2178184530109.0,500.458,2.006,0.23,211.329,0.847,181.281,0.727,272.344,1837.594
Indonesia,IDN,Asia,AS,2012,2010-2014,Pre-Pandemia,252698525.0,2309530044109.0,515.77,2.041,0.223,218.777,0.866,187.171,0.741,266.252,1937.146
Indonesia,IDN,Asia,AS,2013,2010-2014,Pre-Pandemia,255852464.0,2437876929100.0,493.435,1.929,0.202,234.082,0.915,164.219,0.642,270.448,1824.511
Indonesia,IDN,Asia,AS,2014,2010-2014,Pre-Pandemia,258877395.0,2559933272409.0,498.029,1.924,0.195,230.761,0.891,173.584,0.671,268.243,1856.634
Indonesia,IDN,Asia,AS,2015,2015-2019,Pre-Pandemia,261799249.0,2684763880628.0,551.16,2.105,0.205,228.361,0.872,197.815,0.756,290.626,1896.461
Indonesia,IDN,Asia,AS,2016,2015-2019,Pre-Pandemia,264627429.0,2819889903036.0,547.969,2.071,0.194,217.024,0.82,206.328,0.78,290.819,1884.228
Indonesia,IDN,Asia,AS,2017,2015-2019,Pre-Pandemia,267346654.0,2962852274581.0,570.928,2.136,0.193,231.028,0.864,221.093,0.827,282.119,2023.711
Indonesia,IDN,Asia,AS,2018,2015-2019,Pre-Pandemia,269951847.0,3116158974437.0,607.378,2.25,0.195,225.517,0.835,262.222,0.971,284.945,2131.562
Indonesia,IDN,Asia,AS,2019,2015-2019,Pre-Pandemia,272489381.0,3272568062078.0,665.049,2.441,0.203,226.218,0.83,315.401,1.157,295.061,2253.939
Indonesia,IDN,Asia,AS,2020,2020-2023,Pandemia,274814861.0,3204972631957.0,623.304,2.268,0.194,208.254,0.758,300.518,1.094,294.524,2116.31
Indonesia,IDN,Asia,AS,2021,2020-2023,Pandemia,276758056.0,3323654666991.0,632.946,2.287,0.19,211.766,0.765,303.154,1.095,288.137,2196.681
Indonesia,IDN,Asia,AS,2022,2020-2023,Post-Pandemia,278830527.0,3500093638879.0,758.021,2.719,0.217,237.398,0.851,404.573,1.451,275.72,2749.242
Indonesia,IDN,Asia,AS,2023,2020-2023,Post-Pandemia,281190068.0,,762.358,2.711,,237.222,0.844,399.051,1.419,273.724,2785.135
Iran,IRN,Asia,AS,2010,2010-2014,Pre-Pandemia,77420851.0,1310507059384.0,561.496,7.253,0.428,227.529,2.939,5.452,0.07,228.4,2458.393
Iran,IRN,Asia,AS,2011,2010-2014,Pre-Pandemia,78383602.0,1345049307937.0,576.366,7.353,0.429,223.696,2.854,5.529,0.071,225.661,2554.118
Iran,IRN,Asia,AS,2012,2010-2014,Pre-Pandemia,79370583.0,1324570752684.0,599.278,7.55,0.452,247.166,3.114,4.283,0.054,232.835,2573.836
Iran,IRN,Asia,AS,2013,2010-2014,Pre-Pandemia,80414689.0,1287095594893.0,609.997,7.586,0.474,253.336,3.15,4.269,0.053,228.101,2674.244
Iran,IRN,Asia,AS,2014,2010-2014,Pre-Pandemia,81502045.0,1352737013920.0,644.228,7.904,0.476,247.804,3.04,3.664,0.045,231.149,2787.064
Iran,IRN,Asia,AS,2015,2015-2019,Pre-Pandemia,82619365.0,1331012211481.0,641.959,7.77,0.482,227.053,2.748,4.349,0.053,232.349,2762.903
Iran,IRN,Asia,AS,2016,2015-2019,Pre-Pandemia,83812230.0,1413723685657.0,644.68,7.692,0.456,200.122,2.388,3.455,0.041,220.746,2920.457
Iran,IRN,Asia,AS,2017,2015-2019,Pre-Pandemia,85026761.0,1486668357750.0,696.407,8.19,0.468,229.061,2.694,4.716,0.055,230.316,3023.708
Iran,IRN,Asia,AS,2018,2015-2019,Pre-Pandemia,86117999.0,1483607175221.0,664.523,7.716,0.448,206.507,2.398,4.463,0.052,212.856,3121.94
Iran,IRN,Asia,AS,2019,2015-2019,Pre-Pandemia,87051649.0,1438754460224.0,727.269,8.354,0.505,230.904,2.652,5.785,0.066,220.578,3297.102
Iran,IRN,Asia,AS,2020,2020-2023,Pandemia,87723448.0,1446203709942.0,745.596,8.499,0.516,210.025,2.394,6.504,0.074,217.923,3421.375
Iran,IRN,Asia,AS,2021,2020-2023,Pandemia,88455490.0,1525523070071.0,779.525,8.813,0.511,229.484,2.594,7.28,0.082,230.943,3375.397
Iran,IRN,Asia,AS,2022,2020-2023,Post-Pandemia,89524247.0,1572209055082.0,767.178,8.57,0.488,208.079,2.324,7.46,0.083,219.814,3490.12
Iran,IRN,Asia,AS,2023,2020-2023,Post-Pandemia,90608708.0,,789.676,8.715,,211.025,2.329,6.263,0.069,219.592,3596.104
Iraq,IRQ,Asia,AS,2010,2010-2014,Pre-Pandemia,31045367.0,297507194079.0,113.983,3.672,0.383,78.472,2.528,0.0,0.0,290.577,392.266
Iraq,IRQ,Asia,AS,2011,2010-2014,Pre-Pandemia,32161425.0,344220720679.0,123.526,3.841,0.359,84.862,2.639,0.0,0.0,304.926,405.1
Iraq,IRQ,Asia,AS,2012,2010-2014,Pre-Pandemia,33654843.0,392191319237.0,134.04,3.983,0.342,92.913,2.761,0.0,0.0,303.735,441.304
Iraq,IRQ,Asia,AS,2013,2010-2014,Pre-Pandemia,35281987.0,422107689937.0,141.704,4.016,0.336,98.726,2.798,0.0,0.0,291.905,485.448
Iraq,IRQ,Asia,AS,2014,2010-2014,Pre-Pandemia,36550058.0,425222855485.0,137.513,3.762,0.323,94.733,2.592,0.0,0.0,288.169,477.195
Iraq,IRQ,Asia,AS,2015,2015-2019,Pre-Pandemia,37560535.0,436010743372.0,142.53,3.795,0.327,94.841,2.525,0.0,0.0,302.406,471.319
Iraq,IRQ,Asia,AS,2016,2015-2019,Pre-Pandemia,38469628.0,502280002568.0,153.132,3.981,0.305,97.272,2.529,0.0,0.0,303.422,504.684
Iraq,IRQ,Asia,AS,2017,2015-2019,Pre-Pandemia,39337358.0,485207548291.0,167.472,4.257,0.345,105.655,2.686,0.0,0.0,279.838,598.461
Iraq,IRQ,Asia,AS,2018,2015-2019,Pre-Pandemia,40265629.0,508026800522.0,186.156,4.623,0.366,114.291,2.838,0.0,0.0,298.955,622.69
Iraq,IRQ,Asia,AS,2019,2015-2019,Pre-Pandemia,41192172.0,537548265143.0,191.778,4.656,0.357,114.2,2.772,0.0,0.0,287.168,667.823
Iraq,IRQ,Asia,AS,2020,2020-2023,Pandemia,42116602.0,453147782672.0,172.098,4.086,0.38,93.022,2.209,0.0,0.0,289.353,594.768
Iraq,IRQ,Asia,AS,2021,2020-2023,Pandemia,43071208.0,487935979007.0,193.115,4.484,0.396,111.631,2.592,0.0,0.0,312.265,618.433
Iraq,IRQ,Asia,AS,2022,2020-2023,Post-Pandemia,44070556.0,527639326800.0,217.644,4.939,0.412,134.835,3.06,0.006,0.0,320.063,680.004
Iraq,IRQ,Asia,AS,2023,2020-2023,Post-Pandemia,45074055.0,,227.91,5.056,,143.799,3.19,0.006,0.0,317.498,717.829
Ireland,IRL,Europe,EU,2010,2010-2014,Pre-Pandemia,4559084.0,221852442105.0,41.791,9.167,0.188,20.211,4.433,8.427,1.848,234.385,178.3
Ireland,IRL,Europe,EU,2011,2010-2014,Pre-Pandemia,4579603.0,224397469453.0,38.054,8.31,0.17,18.322,4.001,8.311,1.815,223.505,170.262
Ireland,IRL,Europe,EU,2012,2010-2014,Pre-Pandemia,4600135.0,217871560184.0,38.224,8.309,0.175,17.41,3.785,9.622,2.092,228.245,167.469
Ireland,IRL,Europe,EU,2013,2010-2014,Pre-Pandemia,4624686.0,222738952818.0,37.279,8.061,0.167,17.611,3.808,8.739,1.89,225.935,164.997
Ireland,IRL,Europe,EU,2014,2010-2014,Pre-Pandemia,4658236.0,236178350686.0,36.85,7.911,0.156,17.324,3.719,8.647,1.856,223.939,164.553
Ireland,IRL,Europe,EU,2015,2015-2019,Pre-Pandemia,4702497.0,249955928768.0,38.715,8.233,0.155,18.202,3.871,9.351,1.989,222.614,173.913
Ireland,IRL,Europe,EU,2016,2015-2019,Pre-Pandemia,4753506.0,255118282428.0,40.369,8.492,0.158,18.822,3.96,9.205,1.937,221.918,181.909
Ireland,IRL,Europe,EU,2017,2015-2019,Pre-Pandemia,4810258.0,266528546717.0,39.04,8.116,0.146,18.614,3.87,7.87,1.636,213.651,182.73
Ireland,IRL,Europe,EU,2018,2015-2019,Pre-Pandemia,4872559.0,282500483309.0,38.922,7.988,0.138,19.388,3.979,6.354,1.304,208.305,186.853
Ireland,IRL,Europe,EU,2019,2015-2019,Pre-Pandemia,4933493.0,294503693886.0,37.2,7.54,0.126,19.382,3.929,4.543,0.921,198.086,187.796
Ireland,IRL,Europe,EU,2020,2020-2023,Pandemia,4982602.0,274762344680.0,35.053,7.035,0.128,18.003,3.613,3.757,0.754,198.505,176.583
Ireland,IRL,Europe,EU,2021,2020-2023,Pandemia,5028428.0,287639621097.0,37.474,7.452,0.13,19.215,3.821,4.929,0.98,208.324,179.882
Ireland,IRL,Europe,EU,2022,2020-2023,Post-Pandemia,5110015.0,308390920561.0,36.676,7.177,0.119,19.15,3.748,4.036,0.79,196.703,186.452
Ireland,IRL,Europe,EU,2023,2020-2023,Post-Pandemia,5196629.0,,33.568,6.46,,18.458,3.552,2.685,0.517,186.018,180.455
Israel,ISR,Asia,AS,2010,2010-2014,Pre-Pandemia,7336735.0,210327630432.0,68.287,9.308,0.325,28.114,3.832,28.07,3.826,257.629,265.059
Israel,ISR,Asia,AS,2011,2010-2014,Pre-Pandemia,7471023.0,220210380263.0,68.595,9.181,0.311,28.0,3.748,29.001,3.882,253.996,270.062
Israel,ISR,Asia,AS,2012,2010-2014,Pre-Pandemia,7607781.0,225909436249.0,74.781,9.83,0.331,35.143,4.619,32.571,4.281,264.499,282.727
Israel,ISR,Asia,AS,2013,2010-2014,Pre-Pandemia,7749369.0,235885601546.0,63.095,8.142,0.267,22.916,2.957,26.716,3.447,236.15,267.183
Israel,ISR,Asia,AS,2014,2010-2014,Pre-Pandemia,7897173.0,245129958334.0,60.279,7.633,0.246,20.211,2.559,25.304,3.204,231.288,260.622
Israel,ISR,Asia,AS,2015,2015-2019,Pre-Pandemia,8052916.0,251223879854.0,62.936,7.815,0.251,21.83,2.711,25.087,3.115,228.833,275.029
Israel,ISR,Asia,AS,2016,2015-2019,Pre-Pandemia,8210006.0,262584215516.0,61.164,7.45,0.233,22.657,2.76,20.836,2.538,218.0,280.57
Israel,ISR,Asia,AS,2017,2015-2019,Pre-Pandemia,8361796.0,273812314306.0,58.849,7.038,0.215,21.339,2.552,18.833,2.252,205.993,285.686
Israel,ISR,Asia,AS,2018,2015-2019,Pre-Pandemia,8510067.0,284956472967.0,59.986,7.049,0.211,22.409,2.633,18.129,2.13,205.283,292.212
Israel,ISR,Asia,AS,2019,2015-2019,Pre-Pandemia,8657466.0,296799271432.0,58.95,6.809,0.199,21.514,2.485,18.011,2.08,195.519,301.506
Israel,ISR,Asia,AS,2020,2020-2023,Pandemia,8800380.0,291287719910.0,59.285,6.737,0.204,18.298,2.079,17.096,1.943,207.92,285.135
Israel,ISR,Asia,AS,2021,2020-2023,Pandemia,8942925.0,316373426613.0,58.95,6.592,0.186,19.856,2.22,14.334,1.603,201.853,292.044
Israel,ISR,Asia,AS,2022,2020-2023,Post-Pandemia,9103143.0,336722563455.0,62.267,6.84,0.185,22.006,2.417,14.535,1.597,202.273,307.838
Israel,ISR,Asia,AS,2023,2020-2023,Post-Pandemia,9256311.0,,55.382,5.983,,21.324,2.304,11.508,1.243,194.74,284.39
Italy,ITA,Europe,EU,2010,2010-2014,Pre-Pandemia,60164212.0,2080545936781.0,435.672,7.241,0.209,193.166,3.211,58.218,0.968,211.258,2062.27
Italy,ITA,Europe,EU,2011,2010-2014,Pre-Pandemia,60367882.0,2110883320816.0,423.897,7.022,0.201,185.899,3.079,65.439,1.084,209.809,2020.391
Italy,ITA,Europe,EU,2012,2010-2014,Pre-Pandemia,60531522.0,2047959835066.0,403.444,6.665,0.197,172.224,2.845,66.959,1.106,205.841,1959.975
Italy,ITA,Europe,EU,2013,2010-2014,Pre-Pandemia,60653864.0,2010255414011.0,369.461,6.091,0.184,158.74,2.617,57.782,0.953,198.308,1863.063
Italy,ITA,Europe,EU,2014,2010-2014,Pre-Pandemia,60664169.0,2010164047423.0,349.389,5.759,0.174,157.626,2.598,55.837,0.92,192.361,1816.316
Italy,ITA,Europe,EU,2015,2015-2019,Pre-Pandemia,60575314.0,2025809415322.0,361.244,5.964,0.178,161.426,2.665,53.063,0.876,196.492,1838.465
Italy,ITA,Europe,EU,2016,2015-2019,Pre-Pandemia,60478103.0,2052012434345.0,358.133,5.922,0.175,156.02,2.58,48.302,0.799,195.217,1834.538
Italy,ITA,Europe,EU,2017,2015-2019,Pre-Pandemia,60390317.0,2086237040647.0,352.666,5.84,0.169,148.755,2.463,41.798,0.692,190.875,1847.626
Italy,ITA,Europe,EU,2018,2015-2019,Pre-Pandemia,60277496.0,2105551772855.0,349.048,5.791,0.166,152.744,2.534,39.213,0.651,187.682,1859.782
Italy,ITA,Europe,EU,2019,2015-2019,Pre-Pandemia,60130136.0,2115725732767.0,339.638,5.648,0.161,148.491,2.47,30.48,0.507,184.591,1839.953
Italy,ITA,Europe,EU,2020,2020-2023,Pandemia,59912763.0,1925751927111.0,302.6,5.051,0.157,127.568,2.129,22.119,0.369,181.914,1663.423
Italy,ITA,Europe,EU,2021,2020-2023,Pandemia,59729353.0,2060299944789.0,335.93,5.624,0.163,145.904,2.443,24.57,0.411,188.181,1785.142
Italy,ITA,Europe,EU,2022,2020-2023,Post-Pandemia,59619106.0,2136009300257.0,340.115,5.705,0.159,159.145,2.669,31.341,0.526,193.746,1755.465
Italy,ITA,Europe,EU,2023,2020-2023,Post-Pandemia,59499452.0,,312.291,5.249,,154.654,2.599,21.669,0.364,185.815,1680.654
Jamaica,JAM,North America,NA,2010,2010-2014,Pre-Pandemia,2748573.0,18949004011.0,7.677,2.793,0.405,7.236,2.633,0.114,0.041,234.602,32.725
Jamaica,JAM,North America,NA,2011,2010-2014,Pre-Pandemia,2760493.0,19220287418.0,8.226,2.98,0.428,7.713,2.794,0.187,0.068,237.661,34.613
Jamaica,JAM,North America,NA,2012,2010-2014,Pre-Pandemia,2772432.0,19123987392.0,7.887,2.845,0.412,7.376,2.66,0.172,0.062,242.602,32.511
Jamaica,JAM,North America,NA,2013,2010-2014,Pre-Pandemia,2783689.0,19166827044.0,8.467,3.042,0.442,7.896,2.836,0.209,0.075,239.381,35.369
Jamaica,JAM,North America,NA,2014,2010-2014,Pre-Pandemia,2793756.0,19277035737.0,7.675,2.747,0.398,7.017,2.512,0.245,0.088,220.825,34.758
Jamaica,JAM,North America,NA,2015,2015-2019,Pre-Pandemia,2802536.0,19444553127.0,7.966,2.843,0.41,7.31,2.608,0.238,0.085,221.774,35.92
Jamaica,JAM,North America,NA,2016,2015-2019,Pre-Pandemia,2809919.0,19735837824.0,8.134,2.895,0.412,7.493,2.667,0.227,0.081,218.646,37.202
Jamaica,JAM,North America,NA,2017,2015-2019,Pre-Pandemia,2815765.0,19869841700.0,7.768,2.759,0.391,7.017,2.492,0.191,0.068,236.199,32.889
Jamaica,JAM,North America,NA,2018,2015-2019,Pre-Pandemia,2820103.0,20232863013.0,8.061,2.858,0.398,7.353,2.607,0.202,0.071,216.466,37.238
Jamaica,JAM,North America,NA,2019,2015-2019,Pre-Pandemia,2823275.0,20429119874.0,9.439,3.343,0.462,8.266,2.928,0.275,0.097,228.916,41.236
Jamaica,JAM,North America,NA,2020,2020-2023,Pandemia,2830745.0,18402554628.0,6.866,2.425,0.373,4.827,1.705,0.275,0.097,237.437,28.916
Jamaica,JAM,North America,NA,2021,2020-2023,Pandemia,2837680.0,19249256856.0,7.313,2.577,0.38,5.207,1.835,0.275,0.097,229.905,31.807
Jamaica,JAM,North America,NA,2022,2020-2023,Post-Pandemia,2839150.0,20019224153.0,7.908,2.785,0.395,6.128,2.158,0.22,0.077,236.556,33.428
Jamaica,JAM,North America,NA,2023,2020-2023,Post-Pandemia,2839785.0,,8.069,2.841,,6.116,2.154,0.227,0.08,219.397,36.778
Japan,JPN,Asia,AS,2010,2010-2014,Pre-Pandemia,128185273.0,4480295644398.0,1211.09,9.448,0.27,517.853,4.04,440.141,3.434,202.416,5983.169
Japan,JPN,Asia,AS,2011,2010-2014,Pre-Pandemia,128096430.0,4468738319171.0,1261.181,9.846,0.282,548.593,4.283,424.824,3.316,222.446,5669.594
Japan,JPN,Asia,AS,2012,2010-2014,Pre-Pandemia,127928283.0,4530172048567.0,1302.113,10.178,0.287,560.109,4.378,444.259,3.473,231.887,5615.285
Japan,JPN,Asia,AS,2013,2010-2014,Pre-Pandemia,127723642.0,4621006950566.0,1311.876,10.271,0.284,537.861,4.211,475.299,3.721,235.262,5576.221
Japan,JPN,Asia,AS,2014,2010-2014,Pre-Pandemia,127486601.0,4634693421103.0,1260.272,9.886,0.272,493.206,3.869,466.617,3.66,232.018,5431.795
Japan,JPN,Asia,AS,2015,2015-2019,Pre-Pandemia,127275868.0,4707025000790.0,1219.982,9.585,0.259,472.952,3.716,460.158,3.615,227.47,5363.261
Japan,JPN,Asia,AS,2016,2015-2019,Pre-Pandemia,127159950.0,4742508721138.0,1199.933,9.436,0.253,456.462,3.59,451.654,3.552,226.581,5295.819
Japan,JPN,Asia,AS,2017,2015-2019,Pre-Pandemia,127064686.0,4821960242931.0,1184.392,9.321,0.246,444.288,3.497,453.724,3.571,221.208,5354.196
Japan,JPN,Asia,AS,2018,2015-2019,Pre-Pandemia,126913432.0,4852985093686.0,1138.55,8.971,0.235,427.785,3.371,436.723,3.441,214.107,5317.67
Japan,JPN,Asia,AS,2019,2015-2019,Pre-Pandemia,126699421.0,4833467877373.0,1102.063,8.698,0.228,411.853,3.251,427.648,3.375,211.707,5205.6
Japan,JPN,Asia,AS,2020,2020-2023,Pandemia,126304533.0,4626661481209.0,1037.285,8.213,0.224,383.172,3.034,395.042,3.128,214.971,4825.24
Japan,JPN,Asia,AS,2021,2020-2023,Pandemia,125679342.0,4725883595048.0,1058.502,8.422,0.224,387.738,3.085,421.464,3.353,210.45,5029.708
Japan,JPN,Asia,AS,2022,2020-2023,Post-Pandemia,124997585.0,4774494846664.0,1029.645,8.237,0.216,388.925,3.111,403.623,3.229,206.062,4996.771
Japan,JPN,Asia,AS,2023,2020-2023,Post-Pandemia,124370947.0,,986.91,7.935,,370.823,2.982,386.839,3.11,203.129,4858.53
Jordan,JOR,Asia,AS,2010,2010-2014,Pre-Pandemia,7297046.0,77493873619.0,20.838,2.856,0.269,13.973,1.915,0.0,0.0,233.801,89.129
Jordan,JOR,Asia,AS,2011,2010-2014,Pre-Pandemia,7480431.0,79441955134.0,21.409,2.862,0.269,18.25,2.44,0.0,0.0,229.35,93.348
Jordan,JOR,Asia,AS,2012,2010-2014,Pre-Pandemia,7587133.0,81371594307.0,24.069,3.172,0.296,20.896,2.754,0.0,0.0,242.982,99.057
Jordan,JOR,Asia,AS,2013,2010-2014,Pre-Pandemia,7991812.0,83495396478.0,24.061,3.011,0.288,19.661,2.46,0.835,0.105,244.594,98.371
Jordan,JOR,Asia,AS,2014,2010-2014,Pre-Pandemia,8791715.0,86320876820.0,26.165,2.976,0.303,22.427,2.551,1.337,0.152,259.228,100.934
Jordan,JOR,Asia,AS,2015,2015-2019,Pre-Pandemia,9544730.0,88475445240.0,25.799,2.703,0.292,19.317,2.024,0.66,0.069,237.195,108.769
Jordan,JOR,Asia,AS,2016,2015-2019,Pre-Pandemia,10006369.0,90239641982.0,24.949,2.493,0.276,15.235,1.523,0.905,0.09,217.183,114.878
Jordan,JOR,Asia,AS,2017,2015-2019,Pre-Pandemia,10234227.0,92472176531.0,26.08,2.548,0.282,15.418,1.507,0.74,0.072,221.017,118.0
Jordan,JOR,Asia,AS,2018,2015-2019,Pre-Pandemia,10462310.0,94246709824.0,25.419,2.43,0.27,14.781,1.413,0.777,0.074,223.491,113.737
Jordan,JOR,Asia,AS,2019,2015-2019,Pre-Pandemia,10671893.0,96062846478.0,24.57,2.302,0.256,14.517,1.36,0.791,0.074,220.254,111.552
Jordan,JOR,Asia,AS,2020,2020-2023,Pandemia,10865232.0,94554674762.0,20.622,1.898,0.218,11.301,1.04,0.619,0.057,207.41,99.424
Jordan,JOR,Asia,AS,2021,2020-2023,Pandemia,11066356.0,96661338596.0,21.19,1.915,0.219,11.908,1.076,0.641,0.058,201.619,105.1
Jordan,JOR,Asia,AS,2022,2020-2023,Post-Pandemia,11256269.0,99281825499.0,22.428,1.992,0.226,12.378,1.1,0.856,0.076,195.914,114.477
Jordan,JOR,Asia,AS,2023,2020-2023,Post-Pandemia,11439220.0,,23.119,2.021,,12.518,1.094,1.439,0.126,214.312,107.876
Kazakhstan,KAZ,Europe,EU,2010,2010-2014,Pre-Pandemia,16836808.0,333341740713.0,248.093,14.735,0.744,51.689,3.07,144.001,8.553,405.914,611.195
Kazakhstan,KAZ,Europe,EU,2011,2010-2014,Pre-Pandemia,17065996.0,360244945296.0,238.157,13.955,0.661,39.43,2.31,141.541,8.294,343.158,694.016
Kazakhstan,KAZ,Europe,EU,2012,2010-2014,Pre-Pandemia,17306115.0,378260779954.0,245.263,14.172,0.648,39.288,2.27,152.612,8.818,336.044,729.853
Kazakhstan,KAZ,Europe,EU,2013,2010-2014,Pre-Pandemia,17556502.0,400574375261.0,253.533,14.441,0.633,49.463,2.817,150.9,8.595,346.543,731.605
Kazakhstan,KAZ,Europe,EU,2014,2010-2014,Pre-Pandemia,17816285.0,417799078586.0,299.137,16.79,0.716,39.732,2.23,194.196,10.9,388.939,769.111
Kazakhstan,KAZ,Europe,EU,2015,2015-2019,Pre-Pandemia,18084175.0,421977118608.0,303.052,16.758,0.718,40.8,2.256,186.754,10.327,476.565,635.91
Kazakhstan,KAZ,Europe,EU,2016,2015-2019,Pre-Pandemia,18363600.0,425774884998.0,301.739,16.431,0.709,42.117,2.294,185.489,10.101,424.192,711.327
Kazakhstan,KAZ,Europe,EU,2017,2015-2019,Pre-Pandemia,18651931.0,442384368842.0,317.72,17.034,0.718,44.115,2.365,191.064,10.244,415.361,764.926
Kazakhstan,KAZ,Europe,EU,2018,2015-2019,Pre-Pandemia,18932725.0,460522121041.0,329.572,17.408,0.716,47.978,2.534,193.772,10.235,417.604,789.198
Kazakhstan,KAZ,Europe,EU,2019,2015-2019,Pre-Pandemia,19209556.0,481245619523.0,296.04,15.411,0.615,47.921,2.495,180.217,9.382,370.646,798.712
Kazakhstan,KAZ,Europe,EU,2020,2020-2023,Pandemia,19482116.0,468733212615.0,281.789,14.464,0.601,47.217,2.424,184.964,9.494,382.899,735.937
Kazakhstan,KAZ,Europe,EU,2021,2020-2023,Pandemia,19743607.0,487951301251.0,244.904,12.404,0.502,62.447,3.163,138.533,7.017,297.862,822.205
Kazakhstan,KAZ,Europe,EU,2022,2020-2023,Post-Pandemia,20034612.0,503634062609.0,274.346,13.694,0.545,64.976,3.243,150.966,7.535,334.861,819.283
Kazakhstan,KAZ,Europe,EU,2023,2020-2023,Post-Pandemia,20330109.0,,286.175,14.076,,66.979,3.295,163.217,8.028,338.173,846.238
Kenya,KEN,Africa,AF,2010,2010-2014,Pre-Pandemia,41598570.0,108082167772.0,11.857,0.285,0.11,9.688,0.233,0.627,0.015,196.971,60.196
Kenya,KEN,Africa,AF,2011,2010-2014,Pre-Pandemia,42758467.0,117152107312.0,12.218,0.286,0.104,10.201,0.239,0.894,0.021,195.025,62.647
Kenya,KEN,Africa,AF,2012,2010-2014,Pre-Pandemia,43888306.0,122504792826.0,11.246,0.256,0.092,9.282,0.211,0.802,0.018,189.198,59.439
Kenya,KEN,Africa,AF,2013,2010-2014,Pre-Pandemia,44986794.0,127157517259.0,12.163,0.27,0.096,9.929,0.221,0.887,0.02,189.885,64.054
Kenya,KEN,Africa,AF,2014,2010-2014,Pre-Pandemia,46051441.0,133540839466.0,13.214,0.287,0.099,10.363,0.225,1.099,0.024,195.201,67.697
Kenya,KEN,Africa,AF,2015,2015-2019,Pre-Pandemia,47088528.0,140175144054.0,15.212,0.323,0.109,12.523,0.266,1.162,0.025,193.234,78.724
Kenya,KEN,Africa,AF,2016,2015-2019,Pre-Pandemia,48139683.0,146082118752.0,16.289,0.338,0.112,13.483,0.28,1.147,0.024,194.096,83.921
Kenya,KEN,Africa,AF,2017,2015-2019,Pre-Pandemia,49197757.0,151656608610.0,16.181,0.329,0.107,13.374,0.272,1.081,0.022,190.391,84.989
Kenya,KEN,Africa,AF,2018,2015-2019,Pre-Pandemia,50207109.0,160257055688.0,17.003,0.339,0.106,13.994,0.279,1.619,0.032,205.909,82.575
Kenya,KEN,Africa,AF,2019,2015-2019,Pre-Pandemia,51202829.0,168452589868.0,18.159,0.355,0.108,15.195,0.297,1.429,0.028,211.273,85.95
Kenya,KEN,Africa,AF,2020,2020-2023,Pandemia,52217327.0,168031463891.0,19.99,0.383,0.119,16.106,0.308,1.92,0.037,244.572,81.733
Kenya,KEN,Africa,AF,2021,2020-2023,Pandemia,53219167.0,180662393951.0,20.59,0.387,0.114,15.18,0.285,2.228,0.042,236.646,87.007
Kenya,KEN,Africa,AF,2022,2020-2023,Post-Pandemia,54252458.0,190362153076.0,20.544,0.379,0.108,14.211,0.262,2.729,0.05,235.213,87.344
Kenya,KEN,Africa,AF,2023,2020-2023,Post-Pandemia,55339007.0,,21.186,0.383,,14.49,0.262,3.156,0.057,237.805,89.089
Kiribati,KIR,Oceania,OC,2010,2010-2014,Pre-Pandemia,108717.0,,0.059,0.539,,0.059,0.539,,,224.481,0.261
Kiribati,KIR,Oceania,OC,2011,2010-2014,Pre-Pandemia,110660.0,,0.055,0.497,,0.055,0.497,,,227.977,0.241
Kiribati,KIR,Oceania,OC,2012,2010-2014,Pre-Pandemia,112293.0,,0.055,0.489,,0.055,0.489,,,230.934,0.238
Kiribati,KIR,Oceania,OC,2013,2010-2014,Pre-Pandemia,113847.0,,0.055,0.483,,0.055,0.483,,,228.299,0.241
Kiribati,KIR,Oceania,OC,2014,2010-2014,Pre-Pandemia,115339.0,,0.055,0.477,,0.055,0.477,,,227.49,0.242
Kiribati,KIR,Oceania,OC,2015,2015-2019,Pre-Pandemia,116826.0,,0.059,0.502,,0.059,0.502,,,228.759,0.256
Kiribati,KIR,Oceania,OC,2016,2015-2019,Pre-Pandemia,118488.0,,0.055,0.464,,0.055,0.464,,,200.623,0.274
Kiribati,KIR,Oceania,OC,2017,2015-2019,Pre-Pandemia,120288.0,,0.07,0.579,,0.07,0.579,,,224.526,0.31
Kiribati,KIR,Oceania,OC,2018,2015-2019,Pre-Pandemia,122097.0,,0.07,0.57,,0.07,0.57,,,221.882,0.314
Kiribati,KIR,Oceania,OC,2019,2015-2019,Pre-Pandemia,123928.0,,0.07,0.562,,0.07,0.562,,,220.249,0.316
Kiribati,KIR,Oceania,OC,2020,2020-2023,Pandemia,126110.0,,0.07,0.552,,0.07,0.552,,,223.64,0.311
Kiribati,KIR,Oceania,OC,2021,2020-2023,Pandemia,128387.0,,0.07,0.542,,0.07,0.542,,,223.64,0.311
Kiribati,KIR,Oceania,OC,2022,2020-2023,Post-Pandemia,130483.0,,0.07,0.534,,0.07,0.534,,,220.934,0.315
Kiribati,KIR,Oceania,OC,2023,2020-2023,Post-Pandemia,132540.0,,0.069,0.523,,0.069,0.523,,,215.919,0.321
Kuwait,KWT,Asia,AS,2010,2010-2014,Pre-Pandemia,2943374.0,176036955078.0,89.721,30.482,0.51,58.741,19.957,0.003,0.001,221.523,405.019
Kuwait,KWT,Asia,AS,2011,2010-2014,Pre-Pandemia,3132815.0,201228682118.0,87.151,27.819,0.433,51.241,16.356,0.051,0.016,212.609,409.911
Kuwait,KWT,Asia,AS,2012,2010-2014,Pre-Pandemia,3337025.0,214560063974.0,101.201,30.327,0.472,62.827,18.827,0.532,0.159,239.358,422.8
Kuwait,KWT,Asia,AS,2013,2010-2014,Pre-Pandemia,3507755.0,217029672079.0,83.047,23.675,0.383,44.246,12.614,0.589,0.168,185.13,448.585
Kuwait,KWT,Asia,AS,2014,2010-2014,Pre-Pandemia,3665769.0,218112639263.0,74.994,20.458,0.344,36.125,9.855,0.811,0.221,171.518,437.235
Kuwait,KWT,Asia,AS,2015,2015-2019,Pre-Pandemia,3834465.0,219406044434.0,93.317,24.337,0.425,50.477,13.164,0.847,0.221,199.112,468.668
Kuwait,KWT,Asia,AS,2016,2015-2019,Pre-Pandemia,4003976.0,225825859800.0,104.019,25.979,0.461,58.287,14.557,0.778,0.194,223.238,465.955
Kuwait,KWT,Asia,AS,2017,2015-2019,Pre-Pandemia,4154686.0,215180426540.0,100.01,24.072,0.465,54.687,13.163,0.534,0.129,214.159,466.991
Kuwait,KWT,Asia,AS,2018,2015-2019,Pre-Pandemia,4323389.0,220424403170.0,102.453,23.697,0.465,55.927,12.936,0.746,0.173,212.39,482.382
Kuwait,KWT,Asia,AS,2019,2015-2019,Pre-Pandemia,4442201.0,219207651814.0,104.654,23.559,0.477,54.859,12.35,0.578,0.13,236.317,442.856
Kuwait,KWT,Asia,AS,2020,2020-2023,Pandemia,4400146.0,199796812404.0,90.103,20.477,0.451,35.49,8.066,0.163,0.037,214.694,419.679
Kuwait,KWT,Asia,AS,2021,2020-2023,Pandemia,4360748.0,202410138854.0,87.869,20.15,0.434,30.807,7.065,0.278,0.064,187.3,469.135
Kuwait,KWT,Asia,AS,2022,2020-2023,Post-Pandemia,4589514.0,218961227193.0,115.849,25.242,0.529,65.639,14.302,0.337,0.073,247.202,468.641
Kuwait,KWT,Asia,AS,2023,2020-2023,Post-Pandemia,4838781.0,,123.169,25.454,,68.085,14.071,0.621,0.128,246.916,498.829
Kyrgyzstan,KGZ,Asia,AS,2010,2010-2014,Pre-Pandemia,5491763.0,21037148123.0,6.356,1.157,0.302,2.755,0.502,2.682,0.488,163.057,38.978
Kyrgyzstan,KGZ,Asia,AS,2011,2010-2014,Pre-Pandemia,5594537.0,22069322288.0,7.62,1.362,0.345,3.638,0.65,2.865,0.512,182.356,41.787
Kyrgyzstan,KGZ,Asia,AS,2012,2010-2014,Pre-Pandemia,5696521.0,22049906072.0,10.087,1.771,0.457,4.672,0.82,4.016,0.705,196.167,51.419
Kyrgyzstan,KGZ,Asia,AS,2013,2010-2014,Pre-Pandemia,5797294.0,24456653043.0,9.734,1.679,0.398,4.796,0.827,3.576,0.617,200.603,48.523
Kyrgyzstan,KGZ,Asia,AS,2014,2010-2014,Pre-Pandemia,5898322.0,25440781974.0,10.236,1.735,0.402,4.4,0.746,4.503,0.763,206.376,49.601
Kyrgyzstan,KGZ,Asia,AS,2015,2015-2019,Pre-Pandemia,6001876.0,26426866370.0,10.265,1.71,0.388,4.719,0.786,4.338,0.723,220.198,46.616
Kyrgyzstan,KGZ,Asia,AS,2016,2015-2019,Pre-Pandemia,6108460.0,27572739134.0,9.622,1.575,0.349,4.99,0.817,3.481,0.57,202.198,47.585
Kyrgyzstan,KGZ,Asia,AS,2017,2015-2019,Pre-Pandemia,6220148.0,28879683468.0,9.364,1.505,0.324,4.71,0.757,3.391,0.545,200.625,46.675
Kyrgyzstan,KGZ,Asia,AS,2018,2015-2019,Pre-Pandemia,6341733.0,29878637891.0,11.175,1.762,0.374,5.575,0.879,4.043,0.637,215.274,51.91
Kyrgyzstan,KGZ,Asia,AS,2019,2015-2019,Pre-Pandemia,6494036.0,31253353975.0,9.047,1.393,0.289,4.331,0.667,3.173,0.489,196.667,46.0
Kyrgyzstan,KGZ,Asia,AS,2020,2020-2023,Pandemia,6664143.0,28560253227.0,8.348,1.253,0.292,3.636,0.546,3.174,0.476,198.662,42.024
Kyrgyzstan,KGZ,Asia,AS,2021,2020-2023,Pandemia,6820483.0,29628978769.0,10.338,1.516,0.349,4.234,0.621,4.157,0.61,237.717,43.49
Kyrgyzstan,KGZ,Asia,AS,2022,2020-2023,Post-Pandemia,6955792.0,31703003147.0,11.513,1.655,0.363,3.968,0.57,5.429,0.781,218.056,52.798
Kyrgyzstan,KGZ,Asia,AS,2023,2020-2023,Post-Pandemia,7073523.0,,11.144,1.576,,4.077,0.576,4.999,0.707,196.484,56.719
Laos,LAO,Asia,AS,2010,2010-2014,Pre-Pandemia,6334198.0,26198017296.0,3.001,0.474,0.115,1.905,0.301,0.638,0.101,219.259,13.686
Laos,LAO,Asia,AS,2011,2010-2014,Pre-Pandemia,6426592.0,28505277000.0,3.097,0.482,0.109,1.927,0.3,0.678,0.105,212.922,14.544
Laos,LAO,Asia,AS,2012,2010-2014,Pre-Pandemia,6518981.0,30756620000.0,3.328,0.511,0.108,2.048,0.314,0.714,0.11,200.356,16.612
Laos,LAO,Asia,AS,2013,2010-2014,Pre-Pandemia,6611385.0,33213895000.0,4.198,0.635,0.126,2.303,0.348,1.071,0.162,225.516,18.616
Laos,LAO,Asia,AS,2014,2010-2014,Pre-Pandemia,6703170.0,35727804000.0,4.383,0.654,0.123,2.418,0.361,1.125,0.168,220.984,19.834
Laos,LAO,Asia,AS,2015,2015-2019,Pre-Pandemia,6801647.0,38423808000.0,9.185,1.35,0.239,2.895,0.426,5.108,0.751,246.322,37.288
Laos,LAO,Asia,AS,2016,2015-2019,Pre-Pandemia,6908800.0,41128975200.0,16.407,2.375,0.399,3.141,0.455,11.966,1.732,279.148,58.773
Laos,LAO,Asia,AS,2017,2015-2019,Pre-Pandemia,7018150.0,43958737408.0,19.625,2.796,0.446,3.206,0.457,14.916,2.125,283.276,69.279
Laos,LAO,Asia,AS,2018,2015-2019,Pre-Pandemia,7128043.0,46694965948.0,20.481,2.873,0.439,3.312,0.465,15.338,2.152,286.5,71.489
Laos,LAO,Asia,AS,2019,2015-2019,Pre-Pandemia,7237635.0,49243304815.0,18.34,2.534,0.372,2.689,0.372,13.663,1.888,250.992,73.07
Laos,LAO,Asia,AS,2020,2020-2023,Pandemia,7346534.0,50856670244.0,18.294,2.49,0.36,2.649,0.361,13.293,1.809,273.873,66.796
Laos,LAO,Asia,AS,2021,2020-2023,Pandemia,7453192.0,52626361275.0,21.837,2.93,0.415,2.668,0.358,13.669,1.834,312.434,69.892
Laos,LAO,Asia,AS,2022,2020-2023,Post-Pandemia,7559008.0,54953902901.0,22.549,2.983,0.41,2.726,0.361,14.938,1.976,348.9,64.628
Laos,LAO,Asia,AS,2023,2020-2023,Post-Pandemia,7665001.0,,24.157,3.152,,2.713,0.354,16.559,2.16,310.472,77.807
Latvia,LVA,Europe,EU,2010,2010-2014,Pre-Pandemia,2097834.0,35881177042.0,8.555,4.078,0.238,4.251,2.026,0.455,0.217,171.227,49.96
Latvia,LVA,Europe,EU,2011,2010-2014,Pre-Pandemia,2059940.0,37869724459.0,7.808,3.791,0.206,3.813,1.851,0.442,0.215,174.93,44.637
Latvia,LVA,Europe,EU,2012,2010-2014,Pre-Pandemia,2034639.0,40536567235.0,7.52,3.696,0.186,3.73,1.833,0.4,0.197,162.46,46.287
Latvia,LVA,Europe,EU,2013,2010-2014,Pre-Pandemia,2013004.0,41350512828.0,7.369,3.661,0.178,3.771,1.874,0.301,0.15,165.282,44.583
Latvia,LVA,Europe,EU,2014,2010-2014,Pre-Pandemia,1994153.0,42137028688.0,7.172,3.597,0.17,3.89,1.951,0.242,0.122,174.866,41.015
Latvia,LVA,Europe,EU,2015,2015-2019,Pre-Pandemia,1977874.0,43774190659.0,7.262,3.672,0.166,4.067,2.056,0.19,0.096,172.446,42.114
Latvia,LVA,Europe,EU,2016,2015-2019,Pre-Pandemia,1959863.0,44810998817.0,7.211,3.679,0.161,4.059,2.071,0.166,0.085,160.311,44.979
Latvia,LVA,Europe,EU,2017,2015-2019,Pre-Pandemia,1942599.0,46295495418.0,7.215,3.714,0.156,4.277,2.202,0.167,0.086,146.352,49.301
Latvia,LVA,Europe,EU,2018,2015-2019,Pre-Pandemia,1927586.0,48143398790.0,7.843,4.069,0.163,4.346,2.255,0.197,0.102,178.26,43.999
Latvia,LVA,Europe,EU,2019,2015-2019,Pre-Pandemia,1914267.0,49380620266.0,7.633,3.988,0.155,4.303,2.248,0.166,0.087,168.646,45.263
Latvia,LVA,Europe,EU,2020,2020-2023,Pandemia,1901119.0,48292861660.0,6.999,3.682,0.145,4.174,2.195,0.1,0.053,169.8,41.221
Latvia,LVA,Europe,EU,2021,2020-2023,Pandemia,1885593.0,50255494980.0,7.218,3.828,0.144,4.287,2.273,0.078,0.042,167.569,43.077
Latvia,LVA,Europe,EU,2022,2020-2023,Post-Pandemia,1881059.0,51248480035.0,6.608,3.513,0.129,4.331,2.303,0.058,0.031,171.577,38.513
Latvia,LVA,Europe,EU,2023,2020-2023,Post-Pandemia,1882399.0,,6.59,3.501,,4.386,2.33,0.06,0.032,161.662,40.763
Lebanon,LBN,Asia,AS,2010,2010-2014,Pre-Pandemia,5041290.0,64006241939.0,19.997,3.967,0.312,16.378,3.249,0.564,0.112,257.536,77.646
Lebanon,LBN,Asia,AS,2011,2010-2014,Pre-Pandemia,5096018.0,66782067583.0,20.264,3.976,0.303,17.06,3.348,0.627,0.123,258.127,78.504
Lebanon,LBN,Asia,AS,2012,2010-2014,Pre-Pandemia,5235742.0,68494363923.0,22.332,4.265,0.326,19.317,3.689,0.627,0.12,254.565,87.726
Lebanon,LBN,Asia,AS,2013,2010-2014,Pre-Pandemia,5743441.0,71116324024.0,22.164,3.859,0.312,19.123,3.33,0.502,0.087,254.823,86.977
Lebanon,LBN,Asia,AS,2014,2010-2014,Pre-Pandemia,6346993.0,72883563855.0,23.992,3.78,0.329,20.753,3.27,0.627,0.099,261.903,91.607
Lebanon,LBN,Asia,AS,2015,2015-2019,Pre-Pandemia,6472470.0,73219558993.0,25.731,3.975,0.351,22.71,3.509,0.626,0.097,255.701,100.63
Lebanon,LBN,Asia,AS,2016,2015-2019,Pre-Pandemia,6323061.0,74358860056.0,26.438,4.181,0.356,23.519,3.72,0.627,0.099,254.997,103.679
Lebanon,LBN,Asia,AS,2017,2015-2019,Pre-Pandemia,6160129.0,75030320802.0,27.821,4.516,0.371,24.952,4.051,0.626,0.102,251.438,110.646
Lebanon,LBN,Asia,AS,2018,2015-2019,Pre-Pandemia,5984120.0,73615988520.0,25.812,4.313,0.351,23.501,3.927,0.264,0.044,247.848,104.145
Lebanon,LBN,Asia,AS,2019,2015-2019,Pre-Pandemia,5794601.0,68525451094.0,25.141,4.339,0.367,23.636,4.079,0.11,0.019,239.277,105.071
Lebanon,LBN,Asia,AS,2020,2020-2023,Pandemia,5702400.0,50772560784.0,23.694,4.155,0.467,22.797,3.998,0.044,0.008,237.877,99.606
Lebanon,LBN,Asia,AS,2021,2020-2023,Pandemia,5718129.0,50772615264.0,19.474,3.406,0.384,18.529,3.24,0.158,0.028,235.479,82.701
Lebanon,LBN,Asia,AS,2022,2020-2023,Post-Pandemia,5744492.0,48741710654.0,15.361,2.674,0.315,14.385,2.504,0.051,0.009,231.302,66.41
Lebanon,LBN,Asia,AS,2023,2020-2023,Post-Pandemia,5773494.0,,15.559,2.695,,14.548,2.52,0.086,0.015,221.379,70.281
Lesotho,LSO,Africa,AF,2010,2010-2014,Pre-Pandemia,1996256.0,4442653593.0,2.275,1.14,0.512,0.524,0.262,1.751,0.877,731.781,3.109
Lesotho,LSO,Africa,AF,2011,2010-2014,Pre-Pandemia,2014015.0,4516050000.0,2.759,1.37,0.611,0.549,0.273,2.21,1.097,909.707,3.033
Lesotho,LSO,Africa,AF,2012,2010-2014,Pre-Pandemia,2034363.0,4740080000.0,2.792,1.372,0.589,0.594,0.292,2.198,1.081,850.359,3.283
Lesotho,LSO,Africa,AF,2013,2010-2014,Pre-Pandemia,2056509.0,4954224000.0,2.125,1.033,0.429,0.594,0.289,1.532,0.745,641.585,3.312
Lesotho,LSO,Africa,AF,2014,2010-2014,Pre-Pandemia,2080091.0,5134648000.0,2.242,1.078,0.437,0.572,0.275,1.671,0.803,656.696,3.415
Lesotho,LSO,Africa,AF,2015,2015-2019,Pre-Pandemia,2104614.0,5279080000.0,2.045,0.971,0.387,0.612,0.291,1.433,0.681,615.878,3.32
Lesotho,LSO,Africa,AF,2016,2015-2019,Pre-Pandemia,2130424.0,5418793037.0,2.026,0.951,0.374,0.649,0.304,1.378,0.647,547.524,3.701
Lesotho,LSO,Africa,AF,2017,2015-2019,Pre-Pandemia,2157117.0,5197453242.0,2.286,1.06,0.44,0.652,0.302,1.634,0.758,575.295,3.974
Lesotho,LSO,Africa,AF,2018,2015-2019,Pre-Pandemia,2183611.0,5068079163.0,2.165,0.992,0.427,0.685,0.314,1.48,0.678,559.842,3.868
Lesotho,LSO,Africa,AF,2019,2015-2019,Pre-Pandemia,2209414.0,4996214053.0,2.187,0.99,0.438,0.717,0.324,1.47,0.666,543.649,4.024
Lesotho,LSO,Africa,AF,2020,2020-2023,Pandemia,2235727.0,4623560803.0,1.986,0.888,0.43,0.634,0.284,1.352,0.605,550.615,3.607
Lesotho,LSO,Africa,AF,2021,2020-2023,Pandemia,2261549.0,4709220668.0,3.096,1.369,0.657,0.696,0.308,2.4,1.061,779.66,3.971
Lesotho,LSO,Africa,AF,2022,2020-2023,Post-Pandemia,2286112.0,4761723180.0,2.551,1.116,0.536,0.914,0.4,1.638,0.716,529.3,4.82
Lesotho,LSO,Africa,AF,2023,2020-2023,Post-Pandemia,2311476.0,,2.494,1.079,,0.923,0.399,1.571,0.68,585.062,4.262
Liberia,LBR,Africa,AF,2010,2010-2014,Pre-Pandemia,4058897.0,3260614939.0,0.709,0.175,0.218,0.682,0.168,,,210.608,3.368
Liberia,LBR,Africa,AF,2011,2010-2014,Pre-Pandemia,4221177.0,3266880000.0,0.822,0.195,0.252,0.791,0.187,,,219.321,3.75
Liberia,LBR,Africa,AF,2012,2010-2014,Pre-Pandemia,4373046.0,3532273000.0,0.915,0.209,0.259,0.868,0.199,,,220.01,4.159
Liberia,LBR,Africa,AF,2013,2010-2014,Pre-Pandemia,4470246.0,3819600000.0,0.874,0.196,0.229,0.799,0.179,,,237.644,3.679
Liberia,LBR,Africa,AF,2014,2010-2014,Pre-Pandemia,4564299.0,3843632000.0,0.734,0.161,0.191,0.619,0.136,,,151.415,4.844
Liberia,LBR,Africa,AF,2015,2015-2019,Pre-Pandemia,4659436.0,3857900000.0,0.699,0.15,0.181,0.583,0.125,,,143.697,4.862
Liberia,LBR,Africa,AF,2016,2015-2019,Pre-Pandemia,4755607.0,3859976097.0,0.647,0.136,0.168,0.553,0.116,,,115.677,5.59
Liberia,LBR,Africa,AF,2017,2015-2019,Pre-Pandemia,4848927.0,3977674130.0,0.667,0.138,0.168,0.557,0.115,,,138.276,4.826
Liberia,LBR,Africa,AF,2018,2015-2019,Pre-Pandemia,4944728.0,4051631897.0,0.609,0.123,0.15,0.48,0.097,,,279.219,2.18
Liberia,LBR,Africa,AF,2019,2015-2019,Pre-Pandemia,5043719.0,3959325948.0,0.932,0.185,0.235,0.799,0.158,,,257.159,3.623
Liberia,LBR,Africa,AF,2020,2020-2023,Pandemia,5149470.0,3845664451.0,0.777,0.151,0.202,0.616,0.12,,,275.042,2.824
Liberia,LBR,Africa,AF,2021,2020-2023,Pandemia,5259327.0,4037436536.0,0.783,0.149,0.194,0.575,0.109,,,292.596,2.675
Liberia,LBR,Africa,AF,2022,2020-2023,Post-Pandemia,5373297.0,4231561135.0,0.864,0.161,0.204,0.68,0.127,,,277.454,3.113
Liberia,LBR,Africa,AF,2023,2020-2023,Post-Pandemia,5493035.0,,0.834,0.152,,0.65,0.118,,,267.273,3.12
Libya,LBY,Africa,AF,2010,2010-2014,Pre-Pandemia,6497837.0,187528533215.0,59.148,9.103,0.315,36.117,5.558,,,224.376,263.611
Libya,LBY,Africa,AF,2011,2010-2014,Pre-Pandemia,6343210.0,79210078190.0,53.542,8.441,0.676,34.563,5.449,,,309.477,173.009
Libya,LBY,Africa,AF,2012,2010-2014,Pre-Pandemia,6179327.0,147985814988.0,61.606,9.97,0.416,31.719,5.133,,,285.783,215.571
Libya,LBY,Africa,AF,2013,2010-2014,Pre-Pandemia,6304636.0,121351322417.0,51.344,8.144,0.423,21.669,3.437,,,221.447,231.857
Libya,LBY,Africa,AF,2014,2010-2014,Pre-Pandemia,6427260.0,93388346336.0,68.348,10.634,0.732,41.339,6.432,,,301.84,226.439
Libya,LBY,Africa,AF,2015,2015-2019,Pre-Pandemia,6531825.0,92601079752.0,60.866,9.318,0.657,31.992,4.898,,,337.778,180.196
Libya,LBY,Africa,AF,2016,2015-2019,Pre-Pandemia,6632130.0,91220396354.0,57.379,8.652,0.629,25.514,3.847,,,325.322,176.376
Libya,LBY,Africa,AF,2017,2015-2019,Pre-Pandemia,6738771.0,120859728232.0,67.092,9.956,0.555,26.173,3.884,,,241.859,277.402
Libya,LBY,Africa,AF,2018,2015-2019,Pre-Pandemia,6849058.0,130457185445.0,62.645,9.146,0.48,25.912,3.783,,,234.805,266.794
Libya,LBY,Africa,AF,2019,2015-2019,Pre-Pandemia,6951040.0,115851209708.0,73.778,10.614,0.637,44.266,6.368,,,323.148,228.312
Libya,LBY,Africa,AF,2020,2020-2023,Pandemia,7045403.0,81726075633.0,36.111,5.125,0.442,21.958,3.117,,,199.855,180.684
Libya,LBY,Africa,AF,2021,2020-2023,Pandemia,7135179.0,104883157614.0,56.312,7.892,0.537,30.624,4.292,,,255.471,220.426
Libya,LBY,Africa,AF,2022,2020-2023,Post-Pandemia,7223804.0,91444480945.0,58.974,8.164,0.645,32.555,4.507,,,261.347,225.654
Libya,LBY,Africa,AF,2023,2020-2023,Post-Pandemia,7305659.0,,64.219,8.79,,35.114,4.806,,,287.595,223.297
Liechtenstein,LIE,Europe,EU,2010,2010-2014,Pre-Pandemia,36021.0,,0.191,5.296,,0.13,3.615,0.0,0.0,,
Liechtenstein,LIE,Europe,EU,2011,2010-2014,Pre-Pandemia,36295.0,,0.177,4.869,,0.123,3.393,0.0,0.0,,
Liechtenstein,LIE,Europe,EU,2012,2010-2014,Pre-Pandemia,36621.0,,0.185,5.059,,0.131,3.57,0.0,0.0,,
Liechtenstein,LIE,Europe,EU,2013,2010-2014,Pre-Pandemia,36930.0,,0.192,5.212,,0.135,3.647,0.0,0.0,,
Liechtenstein,LIE,Europe,EU,2014,2010-2014,Pre-Pandemia,37191.0,,0.161,4.334,,0.113,3.041,0.0,0.0,,
Liechtenstein,LIE,Europe,EU,2015,2015-2019,Pre-Pandemia,37424.0,,0.16,4.266,,0.108,2.895,0.0,0.0,,
Liechtenstein,LIE,Europe,EU,2016,2015-2019,Pre-Pandemia,37635.0,,0.15,3.976,,0.099,2.622,0.0,0.0,,
Liechtenstein,LIE,Europe,EU,2017,2015-2019,Pre-Pandemia,37872.0,,0.155,4.105,,0.102,2.693,0.0,0.0,,
Liechtenstein,LIE,Europe,EU,2018,2015-2019,Pre-Pandemia,38157.0,,0.143,3.736,,0.093,2.435,0.0,0.0,,
Liechtenstein,LIE,Europe,EU,2019,2015-2019,Pre-Pandemia,38463.0,,0.149,3.865,,0.098,2.557,0.0,0.0,,
Liechtenstein,LIE,Europe,EU,2020,2020-2023,Pandemia,38793.0,,0.142,3.65,,0.093,2.401,0.0,0.0,,
Liechtenstein,LIE,Europe,EU,2021,2020-2023,Pandemia,39062.0,,0.146,3.727,,0.092,2.343,0.0,0.0,,
Liechtenstein,LIE,Europe,EU,2022,2020-2023,Post-Pandemia,39338.0,,0.128,3.262,,0.083,2.108,0.0,0.0,,
Liechtenstein,LIE,Europe,EU,2023,2020-2023,Post-Pandemia,39622.0,,0.131,3.312,,0.089,2.25,0.0,0.0,,
Lithuania,LTU,Europe,EU,2010,2010-2014,Pre-Pandemia,3097721.0,56073777524.0,13.802,4.455,0.246,6.813,2.199,0.843,0.272,208.494,66.198
Lithuania,LTU,Europe,EU,2011,2010-2014,Pre-Pandemia,3028642.0,59460372771.0,13.96,4.609,0.235,6.488,2.142,0.973,0.321,203.206,68.697
Lithuania,LTU,Europe,EU,2012,2010-2014,Pre-Pandemia,2988334.0,61745948022.0,14.054,4.703,0.228,6.727,2.251,0.95,0.318,204.777,68.632
Lithuania,LTU,Europe,EU,2013,2010-2014,Pre-Pandemia,2958359.0,63937849304.0,13.148,4.444,0.206,6.518,2.203,1.092,0.369,207.334,63.416
Lithuania,LTU,Europe,EU,2014,2010-2014,Pre-Pandemia,2933171.0,66199372603.0,12.846,4.379,0.194,6.767,2.307,0.923,0.315,209.883,61.205
Lithuania,LTU,Europe,EU,2015,2015-2019,Pre-Pandemia,2905771.0,67539660018.0,13.045,4.489,0.193,7.081,2.437,0.736,0.253,203.475,64.112
Lithuania,LTU,Europe,EU,2016,2015-2019,Pre-Pandemia,2869109.0,69240911932.0,13.102,4.566,0.189,7.621,2.656,0.749,0.261,199.334,65.726
Lithuania,LTU,Europe,EU,2017,2015-2019,Pre-Pandemia,2829317.0,72206131673.0,13.277,4.693,0.184,7.718,2.728,0.801,0.283,192.008,69.15
Lithuania,LTU,Europe,EU,2018,2015-2019,Pre-Pandemia,2802485.0,75089601435.0,13.414,4.787,0.179,8.02,2.862,0.859,0.306,189.017,70.969
Lithuania,LTU,Europe,EU,2019,2015-2019,Pre-Pandemia,2795057.0,78562641002.0,13.647,4.883,0.174,8.119,2.905,0.801,0.287,193.313,70.597
Lithuania,LTU,Europe,EU,2020,2020-2023,Pandemia,2795766.0,78545278418.0,13.5,4.829,0.172,7.942,2.841,0.622,0.222,192.044,70.294
Lithuania,LTU,Europe,EU,2021,2020-2023,Pandemia,2794490.0,83242845981.0,13.778,4.93,0.166,8.145,2.915,0.739,0.265,196.41,70.149
Lithuania,LTU,Europe,EU,2022,2020-2023,Post-Pandemia,2816923.0,84814257826.0,12.895,4.578,0.152,8.375,2.973,0.734,0.26,198.185,65.066
Lithuania,LTU,Europe,EU,2023,2020-2023,Post-Pandemia,2854104.0,,12.507,4.382,,8.54,2.992,0.465,0.163,182.401,68.571
Luxembourg,LUX,Europe,EU,2010,2010-2014,Pre-Pandemia,507418.0,27526699944.0,11.191,22.054,0.407,7.582,14.942,0.326,0.643,223.293,50.116
Luxembourg,LUX,Europe,EU,2011,2010-2014,Pre-Pandemia,518583.0,28143126706.0,11.09,21.384,0.394,7.852,15.14,0.315,0.607,227.146,48.821
Luxembourg,LUX,Europe,EU,2012,2010-2014,Pre-Pandemia,530951.0,28607408843.0,10.858,20.45,0.38,7.624,14.359,0.286,0.538,226.43,47.953
Luxembourg,LUX,Europe,EU,2013,2010-2014,Pre-Pandemia,543358.0,29514812514.0,10.323,18.999,0.35,7.507,13.816,0.276,0.508,225.933,45.692
Luxembourg,LUX,Europe,EU,2014,2010-2014,Pre-Pandemia,556285.0,30289014849.0,9.807,17.629,0.324,7.091,12.746,0.277,0.499,221.503,44.274
Luxembourg,LUX,Europe,EU,2015,2015-2019,Pre-Pandemia,569540.0,30976491415.0,9.334,16.389,0.301,6.812,11.961,0.288,0.506,216.895,43.034
Luxembourg,LUX,Europe,EU,2016,2015-2019,Pre-Pandemia,583511.0,32518554202.0,9.077,15.556,0.279,6.675,11.439,0.294,0.504,213.786,42.459
Luxembourg,LUX,Europe,EU,2017,2015-2019,Pre-Pandemia,596506.0,32946911821.0,9.251,15.509,0.281,6.866,11.511,0.283,0.474,208.568,44.355
Luxembourg,LUX,Europe,EU,2018,2015-2019,Pre-Pandemia,608109.0,33348602359.0,9.556,15.715,0.287,7.236,11.899,0.267,0.439,205.814,46.431
Luxembourg,LUX,Europe,EU,2019,2015-2019,Pre-Pandemia,620167.0,34122291521.0,9.75,15.722,0.286,7.397,11.927,0.274,0.442,206.182,47.288
Luxembourg,LUX,Europe,EU,2020,2020-2023,Pandemia,630597.0,33850190319.0,8.069,12.796,0.238,5.902,9.36,0.236,0.374,199.036,40.541
Luxembourg,LUX,Europe,EU,2021,2020-2023,Pandemia,640276.0,35577396523.0,8.41,13.134,0.236,6.186,9.661,0.242,0.378,194.599,43.215
Luxembourg,LUX,Europe,EU,2022,2020-2023,Post-Pandemia,653315.0,36128358732.0,7.274,11.135,0.201,5.406,8.274,0.239,0.365,187.377,38.822
Luxembourg,LUX,Europe,EU,2023,2020-2023,Post-Pandemia,665101.0,,6.841,10.285,,5.244,7.884,0.175,0.263,181.464,37.698
Macao,MAC,Asia,AS,2010,2010-2014,Pre-Pandemia,562809.0,,1.235,2.194,,0.934,1.66,0.004,0.007,114.107,10.821
Macao,MAC,Asia,AS,2011,2010-2014,Pre-Pandemia,575644.0,,1.293,2.247,,1.15,1.999,0.0,0.0,118.527,10.912
Macao,MAC,Asia,AS,2012,2010-2014,Pre-Pandemia,587450.0,,1.132,1.927,,1.132,1.927,0.0,0.0,102.661,11.028
Macao,MAC,Asia,AS,2013,2010-2014,Pre-Pandemia,598752.0,,0.989,1.652,,0.989,1.652,0.0,0.0,88.181,11.219
Macao,MAC,Asia,AS,2014,2010-2014,Pre-Pandemia,610308.0,,1.293,2.119,,1.18,1.933,0.0,0.0,106.753,12.116
Macao,MAC,Asia,AS,2015,2015-2019,Pre-Pandemia,622185.0,,1.773,2.85,,1.77,2.844,0.0,0.0,136.841,12.959
Macao,MAC,Asia,AS,2016,2015-2019,Pre-Pandemia,634317.0,,1.781,2.807,,1.762,2.778,0.0,0.0,135.227,13.168
Macao,MAC,Asia,AS,2017,2015-2019,Pre-Pandemia,646558.0,,1.927,2.981,,1.59,2.459,,,119.98,16.063
Macao,MAC,Asia,AS,2018,2015-2019,Pre-Pandemia,658777.0,,1.242,1.885,,1.063,1.614,,,91.113,13.632
Macao,MAC,Asia,AS,2019,2015-2019,Pre-Pandemia,670982.0,,1.213,1.807,,0.956,1.425,,,85.275,14.222
Macao,MAC,Asia,AS,2020,2020-2023,Pandemia,683069.0,,1.033,1.513,,0.894,1.309,,,80.086,12.902
Macao,MAC,Asia,AS,2021,2020-2023,Pandemia,694404.0,,1.03,1.483,,0.865,1.245,,,83.687,12.303
Macao,MAC,Asia,AS,2022,2020-2023,Post-Pandemia,704360.0,,1.049,1.489,,0.824,1.17,,,84.453,12.418
Macao,MAC,Asia,AS,2023,2020-2023,Post-Pandemia,713916.0,,1.043,1.461,,0.82,1.149,,,79.228,13.163
Madagascar,MDG,Africa,AF,2010,2010-2014,Pre-Pandemia,22183343.0,28122419419.0,1.872,0.084,0.067,1.704,0.077,0.106,0.005,210.594,8.888
Madagascar,MDG,Africa,AF,2011,2010-2014,Pre-Pandemia,22822305.0,28843634595.0,2.33,0.102,0.081,1.898,0.083,0.355,0.016,229.257,10.163
Madagascar,MDG,Africa,AF,2012,2010-2014,Pre-Pandemia,23462444.0,29712119552.0,2.66,0.113,0.09,1.958,0.083,0.615,0.026,218.84,12.156
Madagascar,MDG,Africa,AF,2013,2010-2014,Pre-Pandemia,24109290.0,30395500923.0,3.061,0.127,0.101,1.977,0.082,0.994,0.041,240.939,12.704
Madagascar,MDG,Africa,AF,2014,2010-2014,Pre-Pandemia,24764356.0,31410405446.0,2.971,0.12,0.095,2.015,0.081,0.898,0.036,215.553,13.783
Madagascar,MDG,Africa,AF,2015,2015-2019,Pre-Pandemia,25426703.0,32394175176.0,3.121,0.123,0.096,2.14,0.084,0.923,0.036,205.473,15.19
Madagascar,MDG,Africa,AF,2016,2015-2019,Pre-Pandemia,26099950.0,33687674194.0,3.257,0.125,0.097,2.297,0.088,0.901,0.035,202.335,16.096
Madagascar,MDG,Africa,AF,2017,2015-2019,Pre-Pandemia,26788379.0,35012614968.0,3.804,0.142,0.109,2.444,0.091,1.282,0.048,256.795,14.813
Madagascar,MDG,Africa,AF,2018,2015-2019,Pre-Pandemia,27494930.0,36130917975.0,3.604,0.131,0.1,2.44,0.089,1.114,0.041,283.203,12.727
Madagascar,MDG,Africa,AF,2019,2015-2019,Pre-Pandemia,28219559.0,37724649896.0,4.147,0.147,0.11,2.847,0.101,1.253,0.044,266.577,15.555
Madagascar,MDG,Africa,AF,2020,2020-2023,Pandemia,28953560.0,35031864099.0,3.788,0.131,0.108,2.499,0.086,1.231,0.043,319.68,11.85
Madagascar,MDG,Africa,AF,2021,2020-2023,Pandemia,29691087.0,37042695870.0,4.246,0.143,0.115,2.92,0.098,1.268,0.043,271.201,15.657
Madagascar,MDG,Africa,AF,2022,2020-2023,Post-Pandemia,30437261.0,38602188321.0,4.21,0.138,0.109,3.013,0.099,1.138,0.037,254.078,16.568
Madagascar,MDG,Africa,AF,2023,2020-2023,Post-Pandemia,31195937.0,,4.447,0.143,,3.072,0.098,1.316,0.042,275.171,16.16
Malawi,MWI,Africa,AF,2010,2010-2014,Pre-Pandemia,14826466.0,17495879385.0,0.972,0.066,0.056,0.788,0.053,0.169,0.011,155.867,6.237
Malawi,MWI,Africa,AF,2011,2010-2014,Pre-Pandemia,15265026.0,18220347468.0,1.034,0.068,0.057,0.806,0.053,0.216,0.014,166.388,6.213
Malawi,MWI,Africa,AF,2012,2010-2014,Pre-Pandemia,15709577.0,18563980884.0,1.041,0.066,0.056,0.824,0.052,0.191,0.012,168.029,6.194
Malawi,MWI,Africa,AF,2013,2010-2014,Pre-Pandemia,16161816.0,19529310978.0,1.12,0.069,0.057,0.854,0.053,0.194,0.012,177.194,6.322
Malawi,MWI,Africa,AF,2014,2010-2014,Pre-Pandemia,16621534.0,20642483934.0,1.015,0.061,0.049,0.714,0.043,0.176,0.011,157.095,6.462
Malawi,MWI,Africa,AF,2015,2015-2019,Pre-Pandemia,17085587.0,21251437245.0,1.05,0.061,0.049,0.78,0.046,0.198,0.012,169.828,6.182
Malawi,MWI,Africa,AF,2016,2015-2019,Pre-Pandemia,17557741.0,21733841491.0,1.172,0.067,0.054,0.923,0.053,0.18,0.01,173.438,6.76
Malawi,MWI,Africa,AF,2017,2015-2019,Pre-Pandemia,18039714.0,22603193649.0,1.193,0.066,0.053,0.923,0.051,0.172,0.01,164.242,7.264
Malawi,MWI,Africa,AF,2018,2015-2019,Pre-Pandemia,18528086.0,23595927755.0,1.69,0.091,0.072,1.378,0.074,0.205,0.011,247.358,6.832
Malawi,MWI,Africa,AF,2019,2015-2019,Pre-Pandemia,19025748.0,24881432457.0,1.695,0.089,0.068,1.371,0.072,0.212,0.011,212.232,7.988
Malawi,MWI,Africa,AF,2020,2020-2023,Pandemia,19533885.0,25108605204.0,1.868,0.096,0.074,1.429,0.073,0.194,0.01,237.592,7.862
Malawi,MWI,Africa,AF,2021,2020-2023,Pandemia,20047264.0,26255309111.0,1.682,0.084,0.064,1.315,0.066,0.132,0.007,214.319,7.85
Malawi,MWI,Africa,AF,2022,2020-2023,Post-Pandemia,20568731.0,26465351444.0,1.801,0.088,0.068,1.411,0.069,0.15,0.007,223.079,8.075
Malawi,MWI,Africa,AF,2023,2020-2023,Post-Pandemia,21104480.0,,1.853,0.088,,1.439,0.068,0.173,0.008,229.692,8.065
Malaysia,MYS,Asia,AS,2010,2010-2014,Pre-Pandemia,28655772.0,525056610488.0,199.346,6.957,0.38,73.374,2.561,55.34,1.931,213.162,935.187
Malaysia,MYS,Asia,AS,2011,2010-2014,Pre-Pandemia,29162034.0,557469657636.0,203.453,6.977,0.365,71.752,2.46,55.546,1.905,213.897,951.171
Malaysia,MYS,Asia,AS,2012,2010-2014,Pre-Pandemia,29662835.0,587985572583.0,212.994,7.18,0.362,74.28,2.504,59.87,2.018,204.668,1040.679
Malaysia,MYS,Asia,AS,2013,2010-2014,Pre-Pandemia,30174269.0,615585637854.0,241.671,8.009,0.393,87.213,2.89,57.989,1.922,221.911,1089.044
Malaysia,MYS,Asia,AS,2014,2010-2014,Pre-Pandemia,30696133.0,652563833807.0,245.053,7.983,0.376,88.718,2.89,57.87,1.885,223.26,1097.616
Malaysia,MYS,Asia,AS,2015,2015-2019,Pre-Pandemia,31232796.0,685237676618.0,235.942,7.554,0.344,76.189,2.439,66.754,2.137,211.688,1114.575
Malaysia,MYS,Asia,AS,2016,2015-2019,Pre-Pandemia,31789692.0,715730748101.0,237.294,7.464,0.332,77.291,2.431,71.524,2.25,202.417,1172.303
Malaysia,MYS,Asia,AS,2017,2015-2019,Pre-Pandemia,32355642.0,757336192678.0,244.457,7.555,0.323,80.88,2.5,78.957,2.44,205.687,1188.491
Malaysia,MYS,Asia,AS,2018,2015-2019,Pre-Pandemia,32910963.0,794013962862.0,262.647,7.981,0.331,80.676,2.451,84.59,2.57,217.04,1210.13
Malaysia,MYS,Asia,AS,2019,2015-2019,Pre-Pandemia,33440590.0,829053844392.0,277.673,8.303,0.335,94.751,2.833,80.139,2.396,223.696,1241.298
Malaysia,MYS,Asia,AS,2020,2020-2023,Pandemia,33889554.0,783174020832.0,262.159,7.736,0.335,68.495,2.021,94.073,2.776,219.032,1196.895
Malaysia,MYS,Asia,AS,2021,2020-2023,Pandemia,34282404.0,807389756202.0,273.332,7.973,0.339,73.027,2.13,87.493,2.552,218.433,1251.334
Malaysia,MYS,Asia,AS,2022,2020-2023,Post-Pandemia,34695494.0,877584198429.0,281.884,8.125,0.321,71.195,2.052,89.215,2.571,207.954,1355.509
Malaysia,MYS,Asia,AS,2023,2020-2023,Post-Pandemia,35126295.0,,276.297,7.866,,77.318,2.201,92.571,2.635,208.506,1325.126
Maldives,MDV,Asia,AS,2010,2010-2014,Pre-Pandemia,360802.0,,0.931,2.579,,0.931,2.579,,,205.679,4.525
Maldives,MDV,Asia,AS,2011,2010-2014,Pre-Pandemia,373683.0,,0.986,2.638,,0.986,2.638,,,201.548,4.89
Maldives,MDV,Asia,AS,2012,2010-2014,Pre-Pandemia,386821.0,,1.11,2.87,,1.11,2.87,,,178.255,6.228
Maldives,MDV,Asia,AS,2013,2010-2014,Pre-Pandemia,400077.0,,1.096,2.738,,1.096,2.738,,,166.781,6.569
Maldives,MDV,Asia,AS,2014,2010-2014,Pre-Pandemia,413623.0,,1.319,3.189,,1.319,3.189,,,149.84,8.803
Maldives,MDV,Asia,AS,2015,2015-2019,Pre-Pandemia,428165.0,,1.282,2.995,,1.282,2.995,,,194.799,6.583
Maldives,MDV,Asia,AS,2016,2015-2019,Pre-Pandemia,443316.0,,1.433,3.232,,1.433,3.232,,,205.295,6.978
Maldives,MDV,Asia,AS,2017,2015-2019,Pre-Pandemia,458297.0,,1.513,3.302,,1.513,3.302,,,209.193,7.234
Maldives,MDV,Asia,AS,2018,2015-2019,Pre-Pandemia,473106.0,,1.737,3.671,,1.737,3.671,,,304.882,5.696
Maldives,MDV,Asia,AS,2019,2015-2019,Pre-Pandemia,487737.0,,1.993,4.087,,1.993,4.087,,,319.843,6.232
Maldives,MDV,Asia,AS,2020,2020-2023,Pandemia,502127.0,,1.678,3.342,,1.678,3.342,,,330.326,5.08
Maldives,MDV,Asia,AS,2021,2020-2023,Pandemia,516163.0,,1.997,3.869,,1.997,3.869,,,308.603,6.471
Maldives,MDV,Asia,AS,2022,2020-2023,Post-Pandemia,524116.0,,2.216,4.228,,2.216,4.228,,,298.916,7.413
Maldives,MDV,Asia,AS,2023,2020-2023,Post-Pandemia,526009.0,,2.205,4.193,,2.205,4.193,,,292.078,7.55
Mali,MLI,Africa,AF,2010,2010-2014,Pre-Pandemia,15945201.0,20054729287.0,2.088,0.131,0.104,2.088,0.131,,,218.062,9.577
Mali,MLI,Africa,AF,2011,2010-2014,Pre-Pandemia,16469054.0,20518694824.0,2.279,0.138,0.111,2.279,0.138,,,205.548,11.087
Mali,MLI,Africa,AF,2012,2010-2014,Pre-Pandemia,16957039.0,20347159384.0,2.437,0.144,0.12,2.437,0.144,,,219.548,11.098
Mali,MLI,Africa,AF,2013,2010-2014,Pre-Pandemia,17459619.0,20814126326.0,2.743,0.157,0.132,2.572,0.147,,,227.031,12.084
Mali,MLI,Africa,AF,2014,2010-2014,Pre-Pandemia,18020267.0,22288805151.0,3.139,0.174,0.141,2.884,0.16,,,241.886,12.978
Mali,MLI,Africa,AF,2015,2015-2019,Pre-Pandemia,18593022.0,23664472662.0,3.399,0.183,0.144,3.155,0.17,,,218.052,15.588
Mali,MLI,Africa,AF,2016,2015-2019,Pre-Pandemia,19191298.0,25049317347.0,4.286,0.223,0.171,4.034,0.21,,,220.666,19.424
Mali,MLI,Africa,AF,2017,2015-2019,Pre-Pandemia,19813016.0,26378184458.0,4.767,0.241,0.181,4.507,0.227,,,222.308,21.441
Mali,MLI,Africa,AF,2018,2015-2019,Pre-Pandemia,20442031.0,27630093375.0,5.198,0.254,0.188,4.811,0.235,,,233.672,22.246
Mali,MLI,Africa,AF,2019,2015-2019,Pre-Pandemia,21068405.0,28946666484.0,5.594,0.266,0.193,5.207,0.247,,,231.241,24.191
Mali,MLI,Africa,AF,2020,2020-2023,Pandemia,21713837.0,28586570096.0,6.33,0.292,0.221,5.749,0.265,,,238.551,26.535
Mali,MLI,Africa,AF,2021,2020-2023,Pandemia,22388637.0,29459890071.0,7.393,0.33,0.251,6.734,0.301,,,238.057,31.056
Mali,MLI,Africa,AF,2022,2020-2023,Post-Pandemia,23072641.0,30551085997.0,7.02,0.304,0.23,6.322,0.274,,,239.715,29.284
Mali,MLI,Africa,AF,2023,2020-2023,Post-Pandemia,23769130.0,,6.743,0.284,,6.046,0.254,,,239.49,28.156
Malta,MLT,Europe,EU,2010,2010-2014,Pre-Pandemia,422654.0,9788869399.0,2.619,6.197,0.268,2.618,6.195,0.0,0.0,86.226,30.377
Malta,MLT,Europe,EU,2011,2010-2014,Pre-Pandemia,424635.0,9930574943.0,2.608,6.142,0.263,2.607,6.14,0.0,0.0,90.328,28.875
Malta,MLT,Europe,EU,2012,2010-2014,Pre-Pandemia,426616.0,10339580228.0,2.749,6.444,0.266,2.748,6.44,0.0,0.0,99.939,27.507
Malta,MLT,Europe,EU,2013,2010-2014,Pre-Pandemia,428457.0,10905471410.0,2.43,5.671,0.223,2.427,5.664,0.0,0.0,93.121,26.091
Malta,MLT,Europe,EU,2014,2010-2014,Pre-Pandemia,434494.0,11737898948.0,2.417,5.564,0.206,2.414,5.556,0.0,0.0,90.755,26.636
Malta,MLT,Europe,EU,2015,2015-2019,Pre-Pandemia,444978.0,12865695938.0,1.697,3.815,0.132,1.695,3.809,0.0,0.0,58.301,29.116
Malta,MLT,Europe,EU,2016,2015-2019,Pre-Pandemia,455276.0,13300698899.0,1.376,3.022,0.103,1.374,3.018,0.0,0.0,42.557,32.33
Malta,MLT,Europe,EU,2017,2015-2019,Pre-Pandemia,467902.0,14746505042.0,1.537,3.285,0.104,0.984,2.103,0.0,0.0,41.776,36.796
Malta,MLT,Europe,EU,2018,2015-2019,Pre-Pandemia,484560.0,15659758064.0,1.548,3.194,0.099,0.866,1.788,0.0,0.0,40.372,38.336
Malta,MLT,Europe,EU,2019,2015-2019,Pre-Pandemia,504017.0,16757308198.0,1.649,3.272,0.098,0.94,1.866,0.0,0.0,41.283,39.949
Malta,MLT,Europe,EU,2020,2020-2023,Pandemia,518212.0,15314071319.0,1.601,3.089,0.105,0.864,1.667,0.0,0.0,43.162,37.09
Malta,MLT,Europe,EU,2021,2020-2023,Pandemia,524383.0,17122043843.0,1.611,3.073,0.094,0.872,1.663,0.0,0.0,45.476,35.434
Malta,MLT,Europe,EU,2022,2020-2023,Post-Pandemia,528194.0,18295132993.0,1.774,3.359,0.097,1.026,1.943,0.0,0.0,46.748,37.953
Malta,MLT,Europe,EU,2023,2020-2023,Post-Pandemia,532964.0,,1.768,3.317,,0.985,1.849,0.0,0.0,43.811,40.355
Marshall Islands,MHL,Oceania,OC,2010,2010-2014,Pre-Pandemia,52064.0,,0.136,2.604,,0.136,2.604,,,,
Marshall Islands,MHL,Oceania,OC,2011,2010-2014,Pre-Pandemia,51927.0,,0.136,2.611,,0.136,2.611,,,,
Marshall Islands,MHL,Oceania,OC,2012,2010-2014,Pre-Pandemia,51438.0,,0.136,2.636,,0.136,2.636,,,,
Marshall Islands,MHL,Oceania,OC,2013,2010-2014,Pre-Pandemia,50696.0,,0.139,2.746,,0.139,2.746,,,,
Marshall Islands,MHL,Oceania,OC,2014,2010-2014,Pre-Pandemia,49815.0,,0.139,2.795,,0.139,2.795,,,,
Marshall Islands,MHL,Oceania,OC,2015,2015-2019,Pre-Pandemia,48823.0,,0.143,2.927,,0.143,2.927,,,,
Marshall Islands,MHL,Oceania,OC,2016,2015-2019,Pre-Pandemia,47730.0,,0.143,2.994,,0.143,2.994,,,,
Marshall Islands,MHL,Oceania,OC,2017,2015-2019,Pre-Pandemia,46544.0,,0.147,3.149,,0.147,3.149,,,,
Marshall Islands,MHL,Oceania,OC,2018,2015-2019,Pre-Pandemia,45307.0,,0.147,3.235,,0.147,3.235,,,,
Marshall Islands,MHL,Oceania,OC,2019,2015-2019,Pre-Pandemia,44030.0,,0.147,3.329,,0.147,3.329,,,,
Marshall Islands,MHL,Oceania,OC,2020,2020-2023,Pandemia,42728.0,,0.147,3.43,,0.147,3.43,,,,
Marshall Islands,MHL,Oceania,OC,2021,2020-2023,Pandemia,41387.0,,0.147,3.541,,0.147,3.541,,,,
Marshall Islands,MHL,Oceania,OC,2022,2020-2023,Post-Pandemia,40094.0,,0.148,3.702,,0.148,3.702,,,,
Marshall Islands,MHL,Oceania,OC,2023,2020-2023,Post-Pandemia,38849.0,,0.148,3.802,,0.148,3.802,,,,
Mauritania,MRT,Africa,AF,2010,2010-2014,Pre-Pandemia,3390968.0,9559709837.0,2.094,0.617,0.219,2.045,0.603,,,241.839,8.657
Mauritania,MRT,Africa,AF,2011,2010-2014,Pre-Pandemia,3502813.0,10187328000.0,2.227,0.636,0.219,2.151,0.614,,,239.13,9.311
Mauritania,MRT,Africa,AF,2012,2010-2014,Pre-Pandemia,3619035.0,10792467000.0,2.448,0.676,0.227,2.345,0.648,,,237.072,10.324
Mauritania,MRT,Africa,AF,2013,2010-2014,Pre-Pandemia,3734324.0,11410722000.0,2.169,0.581,0.19,2.063,0.552,,,234.801,9.237
Mauritania,MRT,Africa,AF,2014,2010-2014,Pre-Pandemia,3848511.0,12165303000.0,2.563,0.666,0.211,2.495,0.648,,,230.674,11.11
Mauritania,MRT,Africa,AF,2015,2015-2019,Pre-Pandemia,3965959.0,12316128000.0,3.002,0.757,0.244,2.924,0.737,,,270.301,11.108
Mauritania,MRT,Africa,AF,2016,2015-2019,Pre-Pandemia,4086655.0,12416318727.0,2.624,0.642,0.211,2.532,0.62,,,252.54,10.39
Mauritania,MRT,Africa,AF,2017,2015-2019,Pre-Pandemia,4210603.0,13137043588.0,3.581,0.851,0.273,3.506,0.833,,,227.453,15.744
Mauritania,MRT,Africa,AF,2018,2015-2019,Pre-Pandemia,4337685.0,13699199188.0,4.444,1.025,0.324,4.444,1.025,,,256.379,17.335
Mauritania,MRT,Africa,AF,2019,2015-2019,Pre-Pandemia,4467714.0,14424796068.0,4.613,1.033,0.32,4.613,1.033,,,255.914,18.027
Mauritania,MRT,Africa,AF,2020,2020-2023,Pandemia,4600136.0,14289417678.0,4.782,1.039,0.335,4.782,1.039,,,258.214,18.518
Mauritania,MRT,Africa,AF,2021,2020-2023,Pandemia,4734874.0,14638845766.0,4.5,0.95,0.307,4.5,0.95,,,256.017,17.576
Mauritania,MRT,Africa,AF,2022,2020-2023,Post-Pandemia,4875644.0,15674544913.0,5.267,1.08,0.336,5.267,1.08,,,259.745,20.279
Mauritania,MRT,Africa,AF,2023,2020-2023,Post-Pandemia,5022442.0,,5.037,1.003,,5.037,1.003,,,263.104,19.144
Mauritius,MUS,Africa,AF,2010,2010-2014,Pre-Pandemia,1282710.0,20850923367.0,3.913,3.051,0.188,2.341,1.825,1.572,1.225,187.445,20.876
Mauritius,MUS,Africa,AF,2011,2010-2014,Pre-Pandemia,1286270.0,21190874379.0,3.917,3.045,0.185,2.411,1.874,1.506,1.171,182.289,21.487
Mauritius,MUS,Africa,AF,2012,2010-2014,Pre-Pandemia,1289174.0,21931705213.0,3.964,3.075,0.181,2.378,1.845,1.587,1.231,183.252,21.634
Mauritius,MUS,Africa,AF,2013,2010-2014,Pre-Pandemia,1290988.0,22668609990.0,4.067,3.15,0.179,2.396,1.856,1.671,1.294,185.747,21.896
Mauritius,MUS,Africa,AF,2014,2010-2014,Pre-Pandemia,1292006.0,23536142578.0,4.206,3.256,0.179,2.471,1.913,1.735,1.343,186.603,22.541
Mauritius,MUS,Africa,AF,2015,2015-2019,Pre-Pandemia,1292283.0,24404852680.0,4.21,3.258,0.173,2.524,1.954,1.685,1.304,180.395,23.337
Mauritius,MUS,Africa,AF,2016,2015-2019,Pre-Pandemia,1291807.0,25347373765.0,4.342,3.361,0.171,2.627,2.034,1.715,1.327,178.823,24.28
Mauritius,MUS,Africa,AF,2017,2015-2019,Pre-Pandemia,1290654.0,26345551590.0,4.54,3.517,0.172,2.752,2.132,1.788,1.385,170.213,26.671
Mauritius,MUS,Africa,AF,2018,2015-2019,Pre-Pandemia,1288836.0,27401224769.0,4.455,3.457,0.163,2.759,2.141,1.696,1.316,177.287,25.131
Mauritius,MUS,Africa,AF,2019,2015-2019,Pre-Pandemia,1286269.0,28193387492.0,4.525,3.518,0.161,2.964,2.304,1.561,1.213,174.568,25.921
Mauritius,MUS,Africa,AF,2020,2020-2023,Pandemia,1283231.0,24077716198.0,3.8,2.961,0.158,2.248,1.751,1.552,1.209,173.687,21.876
Mauritius,MUS,Africa,AF,2021,2020-2023,Pandemia,1279628.0,24920195118.0,3.968,3.101,0.159,2.237,1.748,1.731,1.353,183.817,21.587
Mauritius,MUS,Africa,AF,2022,2020-2023,Post-Pandemia,1276134.0,26988574640.0,4.317,3.383,0.16,2.955,2.316,1.362,1.067,200.746,21.504
Mauritius,MUS,Africa,AF,2023,2020-2023,Post-Pandemia,1273591.0,,4.588,3.602,,3.013,2.366,1.575,1.236,203.21,22.576
Mexico,MEX,North America,NA,2010,2010-2014,Pre-Pandemia,113623898.0,1638271507559.0,456.409,4.017,0.279,259.679,2.285,51.054,0.449,214.735,2125.454
Mexico,MEX,North America,NA,2011,2010-2014,Pre-Pandemia,115243503.0,1716088331953.0,483.302,4.194,0.282,272.512,2.365,56.041,0.486,217.519,2221.887
Mexico,MEX,North America,NA,2012,2010-2014,Pre-Pandemia,116818208.0,1774999946047.0,501.492,4.293,0.283,290.158,2.484,49.226,0.421,223.692,2241.891
Mexico,MEX,North America,NA,2013,2010-2014,Pre-Pandemia,118343572.0,1803059285337.0,495.412,4.186,0.275,277.692,2.346,49.977,0.422,220.884,2242.857
Mexico,MEX,North America,NA,2014,2010-2014,Pre-Pandemia,119784265.0,1854551091374.0,484.045,4.041,0.261,269.275,2.248,48.944,0.409,217.004,2230.574
Mexico,MEX,North America,NA,2015,2015-2019,Pre-Pandemia,121072310.0,1916008739051.0,479.434,3.96,0.25,258.874,2.138,44.114,0.364,217.389,2205.421
Mexico,MEX,North America,NA,2016,2015-2019,Pre-Pandemia,122251344.0,1961906742138.0,478.828,3.917,0.244,251.592,2.058,47.621,0.39,210.365,2276.179
Mexico,MEX,North America,NA,2017,2015-2019,Pre-Pandemia,123400052.0,2007719438156.0,464.407,3.763,0.231,245.838,1.992,48.533,0.393,199.341,2329.706
Mexico,MEX,North America,NA,2018,2015-2019,Pre-Pandemia,124573713.0,2051539127317.0,468.421,3.76,0.228,228.846,1.837,47.317,0.38,205.057,2284.338
Mexico,MEX,North America,NA,2019,2015-2019,Pre-Pandemia,125762978.0,2047701179708.0,468.236,3.723,0.229,238.024,1.893,45.272,0.36,207.169,2260.167
Mexico,MEX,North America,NA,2020,2020-2023,Pandemia,126799053.0,1880176557054.0,428.937,3.383,0.228,204.103,1.61,33.705,0.266,207.16,2070.562
Mexico,MEX,North America,NA,2021,2020-2023,Pandemia,127648151.0,1973141022977.0,446.838,3.501,0.226,219.979,1.723,29.22,0.229,203.242,2198.545
Mexico,MEX,North America,NA,2022,2020-2023,Post-Pandemia,128613116.0,2033437602787.0,453.799,3.528,0.223,229.839,1.787,34.75,0.27,197.573,2296.863
Mexico,MEX,North America,NA,2023,2020-2023,Post-Pandemia,129739761.0,,458.254,3.532,,217.452,1.676,39.6,0.305,199.749,2294.144
Micronesia (country),FSM,Oceania,OC,2010,2010-2014,Pre-Pandemia,107559.0,,0.103,0.954,,0.103,0.954,,,215.955,0.475
Micronesia (country),FSM,Oceania,OC,2011,2010-2014,Pre-Pandemia,107712.0,,0.117,1.089,,0.117,1.089,,,213.648,0.549
Micronesia (country),FSM,Oceania,OC,2012,2010-2014,Pre-Pandemia,107908.0,,0.128,1.188,,0.128,1.188,,,209.862,0.611
Micronesia (country),FSM,Oceania,OC,2013,2010-2014,Pre-Pandemia,108133.0,,0.136,1.254,,0.136,1.254,,,210.665,0.644
Micronesia (country),FSM,Oceania,OC,2014,2010-2014,Pre-Pandemia,108407.0,,0.139,1.284,,0.139,1.284,,,206.573,0.674
Micronesia (country),FSM,Oceania,OC,2015,2015-2019,Pre-Pandemia,108727.0,,0.143,1.314,,0.143,1.314,,,201.683,0.709
Micronesia (country),FSM,Oceania,OC,2016,2015-2019,Pre-Pandemia,109088.0,,0.143,1.31,,0.143,1.31,,,190.658,0.749
Micronesia (country),FSM,Oceania,OC,2017,2015-2019,Pre-Pandemia,109495.0,,0.143,1.305,,0.143,1.305,,,188.685,0.757
Micronesia (country),FSM,Oceania,OC,2018,2015-2019,Pre-Pandemia,109925.0,,0.143,1.3,,0.143,1.3,,,210.219,0.68
Micronesia (country),FSM,Oceania,OC,2019,2015-2019,Pre-Pandemia,110293.0,,0.143,1.296,,0.143,1.296,,,209.477,0.682
Micronesia (country),FSM,Oceania,OC,2020,2020-2023,Pandemia,110930.0,,0.143,1.288,,0.143,1.288,,,211.515,0.676
Micronesia (country),FSM,Oceania,OC,2021,2020-2023,Pandemia,111635.0,,0.143,1.28,,0.143,1.28,,,214.056,0.668
Micronesia (country),FSM,Oceania,OC,2022,2020-2023,Post-Pandemia,112122.0,,0.145,1.291,,0.145,1.291,,,212.998,0.679
Micronesia (country),FSM,Oceania,OC,2023,2020-2023,Post-Pandemia,112646.0,,0.144,1.279,,0.144,1.279,,,210.311,0.685
Moldova,MDA,Europe,EU,2010,2010-2014,Pre-Pandemia,3631990.0,17299250407.0,4.831,1.33,0.279,2.173,0.598,0.326,0.09,151.09,31.974
Moldova,MDA,Europe,EU,2011,2010-2014,Pre-Pandemia,3557278.0,18145357193.0,4.945,1.39,0.273,2.268,0.638,0.333,0.094,152.35,32.458
Moldova,MDA,Europe,EU,2012,2010-2014,Pre-Pandemia,3482629.0,18038303680.0,4.766,1.368,0.264,2.085,0.599,0.414,0.119,106.395,44.792
Moldova,MDA,Europe,EU,2013,2010-2014,Pre-Pandemia,3408741.0,19669685322.0,4.899,1.437,0.249,2.147,0.63,0.553,0.162,111.412,43.975
Moldova,MDA,Europe,EU,2014,2010-2014,Pre-Pandemia,3342715.0,20653170404.0,4.755,1.423,0.23,2.176,0.651,0.363,0.109,113.143,42.028
Moldova,MDA,Europe,EU,2015,2015-2019,Pre-Pandemia,3287168.0,20583362405.0,4.785,1.456,0.232,2.29,0.697,0.37,0.113,127.232,37.609
Moldova,MDA,Europe,EU,2016,2015-2019,Pre-Pandemia,3237798.0,21490882450.0,4.907,1.516,0.228,2.464,0.761,0.282,0.087,130.33,37.653
Moldova,MDA,Europe,EU,2017,2015-2019,Pre-Pandemia,3193500.0,22393497127.0,5.09,1.594,0.227,2.554,0.8,0.403,0.126,133.604,38.101
Moldova,MDA,Europe,EU,2018,2015-2019,Pre-Pandemia,3153779.0,23311634910.0,5.351,1.697,0.23,2.667,0.846,0.293,0.093,131.484,40.699
Moldova,MDA,Europe,EU,2019,2015-2019,Pre-Pandemia,3112561.0,24150849841.0,5.378,1.728,0.223,2.75,0.883,0.367,0.118,130.31,41.273
Moldova,MDA,Europe,EU,2020,2020-2023,Pandemia,3069135.0,22146328756.0,5.113,1.666,0.231,2.59,0.844,0.286,0.093,128.147,39.901
Moldova,MDA,Europe,EU,2021,2020-2023,Pandemia,3023780.0,25234640526.0,5.76,1.905,0.228,2.891,0.956,0.337,0.111,131.343,43.855
Moldova,MDA,Europe,EU,2022,2020-2023,Post-Pandemia,3039986.0,23827554273.0,5.173,1.702,0.217,3.089,1.016,0.236,0.078,134.832,38.37
Moldova,MDA,Europe,EU,2023,2020-2023,Post-Pandemia,3067072.0,,5.329,1.738,,3.174,1.035,0.217,0.071,168.487,31.63
Monaco,MCO,Europe,EU,2010,2010-2014,Pre-Pandemia,33188.0,,,,,,,,,,
Monaco,MCO,Europe,EU,2011,2010-2014,Pre-Pandemia,33968.0,,,,,,,,,,
Monaco,MCO,Europe,EU,2012,2010-2014,Pre-Pandemia,34738.0,,,,,,,,,,
Monaco,MCO,Europe,EU,2013,2010-2014,Pre-Pandemia,35476.0,,,,,,,,,,
Monaco,MCO,Europe,EU,2014,2010-2014,Pre-Pandemia,36155.0,,,,,,,,,,
Monaco,MCO,Europe,EU,2015,2015-2019,Pre-Pandemia,36785.0,,,,,,,,,,
Monaco,MCO,Europe,EU,2016,2015-2019,Pre-Pandemia,37301.0,,,,,,,,,,
Monaco,MCO,Europe,EU,2017,2015-2019,Pre-Pandemia,37700.0,,,,,,,,,,
Monaco,MCO,Europe,EU,2018,2015-2019,Pre-Pandemia,38179.0,,,,,,,,,,
Monaco,MCO,Europe,EU,2019,2015-2019,Pre-Pandemia,38131.0,,,,,,,,,,
Monaco,MCO,Europe,EU,2020,2020-2023,Pandemia,38074.0,,,,,,,,,,
Monaco,MCO,Europe,EU,2021,2020-2023,Pandemia,38548.0,,,,,,,,,,
Monaco,MCO,Europe,EU,2022,2020-2023,Post-Pandemia,38950.0,,,,,,,,,,
Monaco,MCO,Europe,EU,2023,2020-2023,Post-Pandemia,38979.0,,,,,,,,,,
Mongolia,MNG,Asia,AS,2010,2010-2014,Pre-Pandemia,2701739.0,21791068014.0,13.772,5.098,0.632,2.421,0.896,11.18,4.138,416.327,33.081
Mongolia,MNG,Asia,AS,2011,2010-2014,Pre-Pandemia,2745183.0,26811268000.0,21.368,7.784,0.797,3.005,1.095,18.206,6.632,607.665,35.164
Mongolia,MNG,Asia,AS,2012,2010-2014,Pre-Pandemia,2795463.0,30114910000.0,34.996,12.519,1.162,3.433,1.228,31.394,11.23,837.033,41.81
Mongolia,MNG,Asia,AS,2013,2010-2014,Pre-Pandemia,2851887.0,33619040000.0,43.478,15.245,1.293,3.576,1.254,39.791,13.953,915.536,47.489
Mongolia,MNG,Asia,AS,2014,2010-2014,Pre-Pandemia,2913041.0,36271699000.0,29.63,10.171,0.817,3.408,1.17,26.014,8.93,605.0,48.975
Mongolia,MNG,Asia,AS,2015,2015-2019,Pre-Pandemia,2976528.0,37107214000.0,23.279,7.821,0.627,3.367,1.131,19.694,6.616,497.166,46.823
Mongolia,MNG,Asia,AS,2016,2015-2019,Pre-Pandemia,3040815.0,37322351698.0,25.629,8.428,0.687,2.888,0.95,22.533,7.41,541.523,47.328
Mongolia,MNG,Asia,AS,2017,2015-2019,Pre-Pandemia,3104371.0,39053686549.0,34.139,10.997,0.874,3.759,1.211,30.074,9.688,656.153,52.029
Mongolia,MNG,Asia,AS,2018,2015-2019,Pre-Pandemia,3167714.0,41646694213.0,45.319,14.307,1.088,3.957,1.249,40.945,12.926,796.266,56.915
Mongolia,MNG,Asia,AS,2019,2015-2019,Pre-Pandemia,3232118.0,43979841080.0,47.119,14.578,1.071,4.994,1.545,41.638,12.882,753.848,62.505
Mongolia,MNG,Asia,AS,2020,2020-2023,Pandemia,3290786.0,41975349786.0,42.478,12.908,1.012,4.961,1.508,36.992,11.241,679.635,62.5
Mongolia,MNG,Asia,AS,2021,2020-2023,Pandemia,3339676.0,42662390805.0,35.972,10.771,0.843,4.804,1.438,30.594,9.161,591.231,60.842
Mongolia,MNG,Asia,AS,2022,2020-2023,Post-Pandemia,3386015.0,44809463232.0,40.443,11.944,0.903,5.15,1.521,34.691,10.245,765.093,52.86
Mongolia,MNG,Asia,AS,2023,2020-2023,Post-Pandemia,3431938.0,,44.184,12.874,,5.125,1.493,38.456,11.205,607.933,72.679
Montenegro,MNE,Europe,EU,2010,2010-2014,Pre-Pandemia,632088.0,9033097807.0,2.422,3.832,0.268,0.799,1.264,1.623,2.568,205.761,11.77
Montenegro,MNE,Europe,EU,2011,2010-2014,Pre-Pandemia,632689.0,9801452189.0,2.407,3.805,0.246,0.73,1.154,1.677,2.651,206.233,11.672
Montenegro,MNE,Europe,EU,2012,2010-2014,Pre-Pandemia,633546.0,9593079942.0,2.213,3.493,0.231,0.707,1.116,1.506,2.377,203.669,10.866
Montenegro,MNE,Europe,EU,2013,2010-2014,Pre-Pandemia,633199.0,9985414363.0,2.151,3.397,0.215,0.7,1.105,1.451,2.291,213.49,10.074
Montenegro,MNE,Europe,EU,2014,2010-2014,Pre-Pandemia,631377.0,10205667487.0,2.107,3.337,0.206,0.689,1.091,1.418,2.246,213.404,9.872
Montenegro,MNE,Europe,EU,2015,2015-2019,Pre-Pandemia,628145.0,10689584516.0,2.239,3.564,0.209,0.744,1.184,1.495,2.38,207.587,10.784
Montenegro,MNE,Europe,EU,2016,2015-2019,Pre-Pandemia,624246.0,10988665274.0,2.015,3.228,0.183,0.832,1.332,1.183,1.896,197.36,10.211
Montenegro,MNE,Europe,EU,2017,2015-2019,Pre-Pandemia,620112.0,11487747356.0,2.103,3.392,0.183,0.901,1.454,1.202,1.938,199.452,10.545
Montenegro,MNE,Europe,EU,2018,2015-2019,Pre-Pandemia,615798.0,12049855060.0,2.404,3.903,0.199,0.978,1.589,1.425,2.315,215.777,11.139
Montenegro,MNE,Europe,EU,2019,2015-2019,Pre-Pandemia,611671.0,12539436047.0,2.477,4.049,0.198,1.022,1.671,1.455,2.378,218.862,11.317
Montenegro,MNE,Europe,EU,2020,2020-2023,Pandemia,607934.0,10620037519.0,2.404,3.954,0.226,0.89,1.465,1.513,2.489,233.065,10.313
Montenegro,MNE,Europe,EU,2021,2020-2023,Pandemia,603854.0,12005261164.0,2.411,3.993,0.201,1.085,1.796,1.326,2.197,216.764,11.122
Montenegro,MNE,Europe,EU,2022,2020-2023,Post-Pandemia,614649.0,12774399882.0,2.495,4.06,0.195,1.087,1.768,1.409,2.292,219.923,11.346
Montenegro,MNE,Europe,EU,2023,2020-2023,Post-Pandemia,633553.0,,2.407,3.799,,1.073,1.693,1.334,2.106,206.435,11.659
Montserrat,MSR,North America,NA,2010,2010-2014,Pre-Pandemia,4819.0,,0.059,12.165,,0.059,12.165,,,216.877,0.27
Montserrat,MSR,North America,NA,2011,2010-2014,Pre-Pandemia,4846.0,,0.037,7.561,,0.037,7.561,,,196.084,0.187
Montserrat,MSR,North America,NA,2012,2010-2014,Pre-Pandemia,4822.0,,0.04,8.358,,0.04,8.358,,,222.331,0.181
Montserrat,MSR,North America,NA,2013,2010-2014,Pre-Pandemia,4774.0,,0.051,10.745,,0.051,10.745,,,224.574,0.228
Montserrat,MSR,North America,NA,2014,2010-2014,Pre-Pandemia,4738.0,,0.044,9.28,,0.044,9.28,,,206.14,0.213
Montserrat,MSR,North America,NA,2015,2015-2019,Pre-Pandemia,4693.0,,0.051,10.93,,0.051,10.93,,,213.695,0.24
Montserrat,MSR,North America,NA,2016,2015-2019,Pre-Pandemia,4665.0,,0.029,6.283,,0.029,6.283,,,214.056,0.137
Montserrat,MSR,North America,NA,2017,2015-2019,Pre-Pandemia,4624.0,,0.026,5.547,,0.026,5.547,,,208.509,0.123
Montserrat,MSR,North America,NA,2018,2015-2019,Pre-Pandemia,4595.0,,0.029,6.379,,0.029,6.379,,,232.759,0.126
Montserrat,MSR,North America,NA,2019,2015-2019,Pre-Pandemia,4564.0,,0.026,5.62,,0.026,5.62,,,243.699,0.105
Montserrat,MSR,North America,NA,2020,2020-2023,Pandemia,4532.0,,0.022,4.851,,0.022,4.851,,,212.934,0.103
Montserrat,MSR,North America,NA,2021,2020-2023,Pandemia,4505.0,,0.022,4.88,,0.022,4.88,,,210.099,0.105
Montserrat,MSR,North America,NA,2022,2020-2023,Post-Pandemia,4476.0,,0.026,5.73,,0.026,5.73,,,214.295,0.12
Montserrat,MSR,North America,NA,2023,2020-2023,Post-Pandemia,4440.0,,0.026,5.765,,0.026,5.765,,,243.738,0.105
Morocco,MAR,Africa,AF,2010,2010-2014,Pre-Pandemia,32467009.0,225643836837.0,54.365,1.674,0.241,34.478,1.062,13.223,0.407,278.858,194.956
Morocco,MAR,Africa,AF,2011,2010-2014,Pre-Pandemia,32912585.0,238103276789.0,54.868,1.667,0.23,36.574,1.111,11.465,0.348,267.977,204.747
Morocco,MAR,Africa,AF,2012,2010-2014,Pre-Pandemia,33355246.0,245270189355.0,56.954,1.707,0.232,37.258,1.117,11.462,0.344,273.261,208.422
Morocco,MAR,Africa,AF,2013,2010-2014,Pre-Pandemia,33787573.0,256393198875.0,56.606,1.675,0.221,36.973,1.094,11.212,0.332,264.542,213.979
Morocco,MAR,Africa,AF,2014,2010-2014,Pre-Pandemia,34204784.0,263251716082.0,57.175,1.672,0.217,34.458,1.007,15.3,0.447,263.448,217.025
Morocco,MAR,Africa,AF,2015,2015-2019,Pre-Pandemia,34607590.0,274689990243.0,58.499,1.69,0.213,34.079,0.985,16.847,0.487,264.87,220.859
Morocco,MAR,Africa,AF,2016,2015-2019,Pre-Pandemia,35023459.0,276121131010.0,58.457,1.669,0.212,34.654,0.989,16.235,0.464,261.761,223.324
Morocco,MAR,Africa,AF,2017,2015-2019,Pre-Pandemia,35446395.0,290087315215.0,61.104,1.724,0.211,36.828,1.039,16.875,0.476,261.35,233.801
Morocco,MAR,Africa,AF,2018,2015-2019,Pre-Pandemia,35839760.0,298981397583.0,62.315,1.739,0.208,35.792,0.999,19.519,0.545,257.698,241.814
Morocco,MAR,Africa,AF,2019,2015-2019,Pre-Pandemia,36210907.0,307624970074.0,68.743,1.898,0.223,36.479,1.007,25.263,0.698,260.549,263.841
Morocco,MAR,Africa,AF,2020,2020-2023,Pandemia,36584208.0,285515953096.0,64.542,1.764,0.226,33.152,0.906,25.355,0.693,266.257,242.404
Morocco,MAR,Africa,AF,2021,2020-2023,Pandemia,36954443.0,308157391278.0,70.275,1.902,0.228,36.986,1.001,26.592,0.72,261.363,268.88
Morocco,MAR,Africa,AF,2022,2020-2023,Post-Pandemia,37329068.0,311654947615.0,69.779,1.869,0.224,37.812,1.013,26.936,0.722,261.578,266.764
Morocco,MAR,Africa,AF,2023,2020-2023,Post-Pandemia,37712516.0,,68.961,1.829,,37.534,0.995,25.266,0.67,254.333,271.146
Mozambique,MOZ,Africa,AF,2010,2010-2014,Pre-Pandemia,22999234.0,20039610112.0,2.638,0.115,0.132,2.117,0.092,0.026,0.001,111.187,23.722
Mozambique,MOZ,Africa,AF,2011,2010-2014,Pre-Pandemia,23649045.0,19919625683.0,3.107,0.131,0.156,2.426,0.103,0.125,0.005,102.024,30.45
Mozambique,MOZ,Africa,AF,2012,2010-2014,Pre-Pandemia,24337849.0,21365393250.0,3.052,0.125,0.143,2.313,0.095,0.04,0.002,78.279,38.986
Mozambique,MOZ,Africa,AF,2013,2010-2014,Pre-Pandemia,25051613.0,22853277292.0,3.579,0.143,0.157,2.675,0.107,0.037,0.001,80.794,44.294
Mozambique,MOZ,Africa,AF,2014,2010-2014,Pre-Pandemia,25788473.0,24544192952.0,8.118,0.315,0.331,5.364,0.208,0.821,0.032,165.231,49.134
Mozambique,MOZ,Africa,AF,2015,2015-2019,Pre-Pandemia,26547576.0,26194296097.0,6.731,0.254,0.257,3.934,0.148,0.433,0.016,127.342,52.854
Mozambique,MOZ,Africa,AF,2016,2015-2019,Pre-Pandemia,27337107.0,27195969056.0,8.548,0.313,0.314,6.009,0.22,0.051,0.002,146.33,58.414
Mozambique,MOZ,Africa,AF,2017,2015-2019,Pre-Pandemia,28166397.0,28213368238.0,6.905,0.245,0.245,4.335,0.154,0.026,0.001,111.719,61.81
Mozambique,MOZ,Africa,AF,2018,2015-2019,Pre-Pandemia,29018647.0,29185036688.0,7.01,0.242,0.24,4.388,0.151,0.062,0.002,148.614,47.17
Mozambique,MOZ,Africa,AF,2019,2015-2019,Pre-Pandemia,29884378.0,29860675429.0,7.097,0.237,0.238,4.276,0.143,0.044,0.001,143.934,49.31
Mozambique,MOZ,Africa,AF,2020,2020-2023,Pandemia,30783685.0,29502646219.0,6.34,0.206,0.215,3.556,0.116,0.077,0.003,139.326,45.507
Mozambique,MOZ,Africa,AF,2021,2020-2023,Pandemia,31707798.0,30189464161.0,7.722,0.244,0.256,4.847,0.153,0.026,0.001,147.098,52.496
Mozambique,MOZ,Africa,AF,2022,2020-2023,Post-Pandemia,32656242.0,31441725629.0,9.296,0.285,0.296,5.206,0.159,0.033,0.001,165.353,56.217
Mozambique,MOZ,Africa,AF,2023,2020-2023,Post-Pandemia,33635163.0,,9.093,0.27,,5.308,0.158,0.038,0.001,160.495,56.659
Myanmar,MMR,Asia,AS,2010,2010-2014,Pre-Pandemia,49024376.0,189724140707.0,13.125,0.268,0.069,7.495,0.153,1.231,0.025,217.893,60.237
Myanmar,MMR,Asia,AS,2011,2010-2014,Pre-Pandemia,49419825.0,197359087812.0,15.122,0.306,0.077,7.667,0.155,1.663,0.034,246.795,61.274
Myanmar,MMR,Asia,AS,2012,2010-2014,Pre-Pandemia,49837451.0,210159799971.0,11.826,0.237,0.056,6.062,0.122,1.704,0.034,156.246,75.687
Myanmar,MMR,Asia,AS,2013,2010-2014,Pre-Pandemia,50262658.0,226760324221.0,12.715,0.253,0.056,6.782,0.135,1.143,0.023,144.715,87.861
Myanmar,MMR,Asia,AS,2014,2010-2014,Pre-Pandemia,50681635.0,245354667120.0,15.849,0.313,0.065,9.226,0.182,1.158,0.023,150.351,105.416
Myanmar,MMR,Asia,AS,2015,2015-2019,Pre-Pandemia,51089060.0,263690038660.0,21.88,0.428,0.083,9.622,0.188,0.923,0.018,226.003,96.812
Myanmar,MMR,Asia,AS,2016,2015-2019,Pre-Pandemia,51495701.0,280587266112.0,21.144,0.411,0.075,10.897,0.212,1.125,0.022,186.495,113.376
Myanmar,MMR,Asia,AS,2017,2015-2019,Pre-Pandemia,51894939.0,296721043920.0,23.633,0.455,0.08,11.459,0.221,1.55,0.03,158.781,148.843
Myanmar,MMR,Asia,AS,2018,2015-2019,Pre-Pandemia,52272250.0,315726037240.0,34.017,0.651,0.108,20.888,0.4,3.25,0.062,219.03,155.306
Myanmar,MMR,Asia,AS,2019,2015-2019,Pre-Pandemia,52640718.0,337037542855.0,33.617,0.639,0.1,19.716,0.375,3.931,0.075,221.519,151.756
Myanmar,MMR,Asia,AS,2020,2020-2023,Pandemia,53016525.0,347785669977.0,34.588,0.652,0.099,19.225,0.363,4.327,0.082,220.144,157.114
Myanmar,MMR,Asia,AS,2021,2020-2023,Pandemia,53387103.0,285399881185.0,29.285,0.549,0.103,14.762,0.277,2.88,0.054,198.804,147.305
Myanmar,MMR,Asia,AS,2022,2020-2023,Post-Pandemia,53756791.0,291025085135.0,31.639,0.589,0.109,16.577,0.308,2.924,0.054,236.079,134.017
Myanmar,MMR,Asia,AS,2023,2020-2023,Post-Pandemia,54133800.0,,31.793,0.587,,16.498,0.305,3.241,0.06,246.384,129.039
Namibia,NAM,Africa,AF,2010,2010-2014,Pre-Pandemia,2109815.0,17398594185.0,2.788,1.322,0.16,2.598,1.231,0.191,0.09,171.612,16.248
Namibia,NAM,Africa,AF,2011,2010-2014,Pre-Pandemia,2146331.0,18309342330.0,2.786,1.298,0.152,2.506,1.167,0.132,0.062,165.917,16.789
Namibia,NAM,Africa,AF,2012,2010-2014,Pre-Pandemia,2194656.0,19236166518.0,3.194,1.455,0.166,2.814,1.282,0.158,0.072,184.765,17.287
Namibia,NAM,Africa,AF,2013,2010-2014,Pre-Pandemia,2252505.0,20316276333.0,3.004,1.334,0.148,2.601,1.155,0.132,0.059,164.734,18.234
Namibia,NAM,Africa,AF,2014,2010-2014,Pre-Pandemia,2312143.0,21554146363.0,3.099,1.34,0.144,2.734,1.182,0.062,0.027,161.65,19.172
Namibia,NAM,Africa,AF,2015,2015-2019,Pre-Pandemia,2374305.0,22473214767.0,3.394,1.429,0.151,2.979,1.255,0.084,0.035,167.751,20.23
Namibia,NAM,Africa,AF,2016,2015-2019,Pre-Pandemia,2439219.0,22480856444.0,3.582,1.469,0.159,3.188,1.307,0.132,0.054,174.58,20.519
Namibia,NAM,Africa,AF,2017,2015-2019,Pre-Pandemia,2506854.0,22249978012.0,3.59,1.432,0.161,3.03,1.209,0.154,0.061,173.32,20.711
Namibia,NAM,Africa,AF,2018,2015-2019,Pre-Pandemia,2577327.0,22485828408.0,3.635,1.41,0.162,3.053,1.184,0.099,0.038,174.212,20.866
Namibia,NAM,Africa,AF,2019,2015-2019,Pre-Pandemia,2650499.0,22297166631.0,3.73,1.407,0.167,3.078,1.161,0.132,0.05,183.218,20.359
Namibia,NAM,Africa,AF,2020,2020-2023,Pandemia,2728760.0,20505368156.0,3.44,1.261,0.168,2.826,1.035,0.146,0.054,180.347,19.077
Namibia,NAM,Africa,AF,2021,2020-2023,Pandemia,2810552.0,21049990407.0,3.608,1.284,0.171,2.979,1.06,0.125,0.044,188.81,19.108
Namibia,NAM,Africa,AF,2022,2020-2023,Post-Pandemia,2889668.0,21858730428.0,3.414,1.181,0.156,2.917,1.009,0.029,0.01,189.872,17.98
Namibia,NAM,Africa,AF,2023,2020-2023,Post-Pandemia,2963102.0,,3.443,1.162,,2.947,0.994,0.028,0.009,184.553,18.654
Nauru,NRU,Oceania,OC,2010,2010-2014,Pre-Pandemia,10067.0,,0.044,4.368,,0.044,4.368,,,185.285,0.237
Nauru,NRU,Oceania,OC,2011,2010-2014,Pre-Pandemia,10116.0,,0.04,3.984,,0.04,3.984,,,172.787,0.233
Nauru,NRU,Oceania,OC,2012,2010-2014,Pre-Pandemia,10289.0,,0.04,3.917,,0.04,3.917,,,162.832,0.248
Nauru,NRU,Oceania,OC,2013,2010-2014,Pre-Pandemia,10539.0,,0.048,4.52,,0.048,4.52,,,164.726,0.289
Nauru,NRU,Oceania,OC,2014,2010-2014,Pre-Pandemia,10766.0,,0.051,4.765,,0.051,4.765,,,164.289,0.312
Nauru,NRU,Oceania,OC,2015,2015-2019,Pre-Pandemia,10975.0,,0.055,5.008,,0.055,5.008,,,165.304,0.332
Nauru,NRU,Oceania,OC,2016,2015-2019,Pre-Pandemia,11173.0,,0.051,4.591,,0.051,4.591,,,140.582,0.365
Nauru,NRU,Oceania,OC,2017,2015-2019,Pre-Pandemia,11351.0,,0.055,4.842,,0.055,4.842,,,192.694,0.285
Nauru,NRU,Oceania,OC,2018,2015-2019,Pre-Pandemia,11499.0,,0.055,4.78,,0.055,4.78,,,170.314,0.323
Nauru,NRU,Oceania,OC,2019,2015-2019,Pre-Pandemia,11609.0,,0.051,4.419,,0.051,4.419,,,160.943,0.319
Nauru,NRU,Oceania,OC,2020,2020-2023,Pandemia,11665.0,,0.055,4.712,,0.055,4.712,,,176.386,0.312
Nauru,NRU,Oceania,OC,2021,2020-2023,Pandemia,11727.0,,0.055,4.687,,0.055,4.687,,,170.159,0.323
Nauru,NRU,Oceania,OC,2022,2020-2023,Post-Pandemia,11822.0,,0.059,4.989,,0.059,4.989,,,179.465,0.329
Nauru,NRU,Oceania,OC,2023,2020-2023,Post-Pandemia,11900.0,,0.059,4.933,,0.059,4.933,,,171.746,0.342
Nepal,NPL,Asia,AS,2010,2010-2014,Pre-Pandemia,27341955.0,57388251486.0,4.828,0.177,0.084,3.206,0.117,1.103,0.04,273.017,17.684
Nepal,NPL,Asia,AS,2011,2010-2014,Pre-Pandemia,27464499.0,59280309000.0,5.217,0.19,0.088,3.309,0.12,1.114,0.041,278.378,18.74
Nepal,NPL,Asia,AS,2012,2010-2014,Pre-Pandemia,27534916.0,62106290000.0,5.47,0.199,0.088,3.613,0.131,0.832,0.03,271.432,20.153
Nepal,NPL,Asia,AS,2013,2010-2014,Pre-Pandemia,27589997.0,64655772000.0,6.218,0.225,0.096,4.034,0.146,1.041,0.038,286.789,21.681
Nepal,NPL,Asia,AS,2014,2010-2014,Pre-Pandemia,27672373.0,68540931000.0,7.588,0.274,0.111,4.569,0.165,1.836,0.066,323.287,23.47
Nepal,NPL,Asia,AS,2015,2015-2019,Pre-Pandemia,27823631.0,70404490000.0,6.905,0.248,0.098,3.212,0.115,2.201,0.079,327.411,21.089
Nepal,NPL,Asia,AS,2016,2015-2019,Pre-Pandemia,27955471.0,70942615519.0,10.088,0.361,0.142,5.24,0.187,2.616,0.094,310.475,32.492
Nepal,NPL,Asia,AS,2017,2015-2019,Pre-Pandemia,28011258.0,77349484140.0,12.422,0.443,0.161,6.363,0.227,2.987,0.107,332.586,37.349
Nepal,NPL,Asia,AS,2018,2015-2019,Pre-Pandemia,28079688.0,83234791901.0,14.039,0.5,0.169,6.912,0.246,3.692,0.131,334.391,41.984
Nepal,NPL,Asia,AS,2019,2015-2019,Pre-Pandemia,28414066.0,88775779267.0,12.75,0.449,0.144,5.078,0.179,3.909,0.138,350.39,36.389
Nepal,NPL,Asia,AS,2020,2020-2023,Pandemia,28966580.0,86672124340.0,15.631,0.54,0.18,7.19,0.248,5.292,0.183,342.718,45.608
Nepal,NPL,Asia,AS,2021,2020-2023,Pandemia,29475016.0,90865461899.0,15.486,0.525,0.17,7.528,0.255,4.524,0.153,321.632,48.149
Nepal,NPL,Asia,AS,2022,2020-2023,Post-Pandemia,29715435.0,95965910597.0,17.609,0.593,0.183,8.156,0.274,7.163,0.241,325.528,54.094
Nepal,NPL,Asia,AS,2023,2020-2023,Post-Pandemia,29694614.0,,18.348,0.618,,8.118,0.273,7.94,0.267,367.902,49.872
Netherlands,NLD,Europe,EU,2010,2010-2014,Pre-Pandemia,16771232.0,728193221597.0,182.479,10.88,0.251,52.661,3.14,33.055,1.971,155.878,1170.651
Netherlands,NLD,Europe,EU,2011,2010-2014,Pre-Pandemia,16851061.0,744614396708.0,169.346,10.05,0.227,52.533,3.117,32.093,1.904,151.867,1115.092
Netherlands,NLD,Europe,EU,2012,2010-2014,Pre-Pandemia,16915191.0,736942199791.0,165.752,9.799,0.225,50.443,2.982,34.336,2.03,151.275,1095.699
Netherlands,NLD,Europe,EU,2013,2010-2014,Pre-Pandemia,16967066.0,735982982299.0,164.925,9.72,0.224,48.444,2.855,34.682,2.044,155.168,1062.885
Netherlands,NLD,Europe,EU,2014,2010-2014,Pre-Pandemia,17030085.0,746458868661.0,157.503,9.249,0.211,47.304,2.778,38.172,2.241,154.972,1016.331
Netherlands,NLD,Europe,EU,2015,2015-2019,Pre-Pandemia,17107429.0,761083250759.0,163.958,9.584,0.215,47.298,2.765,45.539,2.662,159.73,1026.468
Netherlands,NLD,Europe,EU,2016,2015-2019,Pre-Pandemia,17204693.0,777764090323.0,164.812,9.579,0.212,47.761,2.776,42.642,2.479,157.859,1044.043
Netherlands,NLD,Europe,EU,2017,2015-2019,Pre-Pandemia,17315376.0,800404023156.0,162.296,9.373,0.203,47.637,2.751,38.511,2.224,154.259,1052.102
Netherlands,NLD,Europe,EU,2018,2015-2019,Pre-Pandemia,17421285.0,819300805024.0,158.264,9.085,0.193,47.787,2.743,35.112,2.015,154.233,1026.139
Netherlands,NLD,Europe,EU,2019,2015-2019,Pre-Pandemia,17537505.0,835323029559.0,152.727,8.709,0.183,47.835,2.728,27.576,1.572,149.507,1021.537
Netherlands,NLD,Europe,EU,2020,2020-2023,Pandemia,17636732.0,802861622095.0,136.974,7.766,0.171,42.415,2.405,19.402,1.1,138.45,989.343
Netherlands,NLD,Europe,EU,2021,2020-2023,Pandemia,17730565.0,841906706612.0,139.886,7.89,0.166,42.795,2.414,24.983,1.409,137.815,1015.026
Netherlands,NLD,Europe,EU,2022,2020-2023,Post-Pandemia,17904421.0,879609110665.0,127.503,7.121,0.145,43.775,2.445,24.317,1.358,133.637,954.098
Netherlands,NLD,Europe,EU,2023,2020-2023,Post-Pandemia,18092526.0,,117.016,6.468,,44.07,2.436,17.237,0.953,124.499,939.9
New Caledonia,NCL,Oceania,OC,2010,2010-2014,Pre-Pandemia,261580.0,,3.658,13.983,,2.287,8.743,1.31,5.006,256.675,14.25
New Caledonia,NCL,Oceania,OC,2011,2010-2014,Pre-Pandemia,266550.0,,3.694,13.86,,2.278,8.545,1.361,5.108,265.953,13.891
New Caledonia,NCL,Oceania,OC,2012,2010-2014,Pre-Pandemia,271640.0,,3.706,13.641,,2.3,8.467,1.359,5.001,250.854,14.772
New Caledonia,NCL,Oceania,OC,2013,2010-2014,Pre-Pandemia,276832.0,,3.97,14.341,,2.543,9.185,1.382,4.992,251.547,15.783
New Caledonia,NCL,Oceania,OC,2014,2010-2014,Pre-Pandemia,281233.0,,5.009,17.811,,3.029,10.772,1.939,6.896,269.471,18.589
New Caledonia,NCL,Oceania,OC,2015,2015-2019,Pre-Pandemia,283179.0,,4.877,17.222,,2.794,9.865,2.041,7.206,257.161,18.964
New Caledonia,NCL,Oceania,OC,2016,2015-2019,Pre-Pandemia,283432.0,,5.482,19.341,,2.805,9.897,2.634,9.293,267.459,20.496
New Caledonia,NCL,Oceania,OC,2017,2015-2019,Pre-Pandemia,283554.0,,5.584,19.692,,2.569,9.061,2.975,10.491,285.07,19.587
New Caledonia,NCL,Oceania,OC,2018,2015-2019,Pre-Pandemia,283551.0,,5.913,20.853,,2.823,9.956,3.057,10.781,270.763,21.838
New Caledonia,NCL,Oceania,OC,2019,2015-2019,Pre-Pandemia,283616.0,,5.673,20.002,,2.602,9.176,3.041,10.722,274.452,20.67
New Caledonia,NCL,Oceania,OC,2020,2020-2023,Pandemia,284187.0,,5.109,17.978,,2.367,8.329,2.714,9.551,265.761,19.225
New Caledonia,NCL,Oceania,OC,2021,2020-2023,Pandemia,285227.0,,4.537,15.906,,2.218,7.775,2.293,8.04,265.848,17.065
New Caledonia,NCL,Oceania,OC,2022,2020-2023,Post-Pandemia,287130.0,,5.116,17.816,,2.327,8.104,2.762,9.621,282.225,18.126
New Caledonia,NCL,Oceania,OC,2023,2020-2023,Post-Pandemia,289879.0,,5.068,17.483,,2.425,8.367,2.616,9.025,275.772,18.377
New Zealand,NZL,Oceania,OC,2010,2010-2014,Pre-Pandemia,4347766.0,139478805582.0,34.787,8.001,0.249,18.081,4.159,5.472,1.259,147.945,235.133
New Zealand,NZL,Oceania,OC,2011,2010-2014,Pre-Pandemia,4382699.0,142521900112.0,34.241,7.813,0.24,18.28,4.171,5.548,1.266,145.035,236.088
New Zealand,NZL,Oceania,OC,2012,2010-2014,Pre-Pandemia,4411682.0,146280651356.0,35.918,8.142,0.246,18.026,4.086,6.867,1.557,151.012,237.851
New Zealand,NZL,Oceania,OC,2013,2010-2014,Pre-Pandemia,4453857.0,149512485774.0,35.219,7.908,0.236,18.42,4.136,6.028,1.353,147.008,239.573
New Zealand,NZL,Oceania,OC,2014,2010-2014,Pre-Pandemia,4522976.0,154422989929.0,35.399,7.827,0.229,18.724,4.14,5.458,1.207,141.216,250.675
New Zealand,NZL,Oceania,OC,2015,2015-2019,Pre-Pandemia,4614035.0,160782215776.0,35.805,7.76,0.223,19.251,4.172,5.486,1.189,141.961,252.217
New Zealand,NZL,Oceania,OC,2016,2015-2019,Pre-Pandemia,4714768.0,167418113760.0,34.135,7.24,0.204,19.363,4.107,4.481,0.951,133.504,255.684
New Zealand,NZL,Oceania,OC,2017,2015-2019,Pre-Pandemia,4812749.0,174187918857.0,35.661,7.41,0.205,20.227,4.203,4.687,0.974,137.246,259.835
New Zealand,NZL,Oceania,OC,2018,2015-2019,Pre-Pandemia,4900840.0,181445758308.0,35.687,7.282,0.197,20.41,4.165,5.267,1.075,138.082,258.445
New Zealand,NZL,Oceania,OC,2019,2015-2019,Pre-Pandemia,4989410.0,187274507980.0,36.711,7.358,0.196,20.778,4.164,5.618,1.126,139.285,263.565
New Zealand,NZL,Oceania,OC,2020,2020-2023,Pandemia,5069895.0,184971347287.0,34.109,6.728,0.184,18.997,3.747,5.34,1.053,142.535,239.303
New Zealand,NZL,Oceania,OC,2021,2020-2023,Pandemia,5107694.0,196312458906.0,34.597,6.773,0.176,19.733,3.863,6.191,1.212,146.689,235.85
New Zealand,NZL,Oceania,OC,2022,2020-2023,Post-Pandemia,5131731.0,200602760076.0,31.966,6.229,0.159,19.258,3.753,4.302,0.838,137.364,232.71
New Zealand,NZL,Oceania,OC,2023,2020-2023,Post-Pandemia,5172837.0,,31.56,6.101,,19.363,3.743,3.863,0.747,131.645,239.734
Nicaragua,NIC,North America,NA,2010,2010-2014,Pre-Pandemia,5737451.0,21950676457.0,4.453,0.776,0.203,4.232,0.738,,,223.98,19.882
Nicaragua,NIC,North America,NA,2011,2010-2014,Pre-Pandemia,5819051.0,23734874000.0,4.789,0.823,0.202,4.532,0.779,,,227.078,21.088
Nicaragua,NIC,North America,NA,2012,2010-2014,Pre-Pandemia,5901290.0,25065728000.0,4.534,0.768,0.181,4.309,0.73,,,218.719,20.729
Nicaragua,NIC,North America,NA,2013,2010-2014,Pre-Pandemia,5983852.0,26206803000.0,4.586,0.766,0.175,4.353,0.727,,,214.373,21.391
Nicaragua,NIC,North America,NA,2014,2010-2014,Pre-Pandemia,6066493.0,27402565000.0,4.72,0.778,0.172,4.47,0.737,,,210.27,22.446
Nicaragua,NIC,North America,NA,2015,2015-2019,Pre-Pandemia,6149417.0,28748328000.0,5.408,0.879,0.188,5.144,0.837,,,214.798,25.178
Nicaragua,NIC,North America,NA,2016,2015-2019,Pre-Pandemia,6232664.0,29929662026.0,5.379,0.863,0.18,5.1,0.818,,,213.32,25.213
Nicaragua,NIC,North America,NA,2017,2015-2019,Pre-Pandemia,6316235.0,31179621906.0,5.441,0.861,0.174,5.163,0.817,,,215.877,25.203
Nicaragua,NIC,North America,NA,2018,2015-2019,Pre-Pandemia,6400074.0,30002714290.0,5.178,0.809,0.173,4.935,0.771,,,217.886,23.765
Nicaragua,NIC,North America,NA,2019,2015-2019,Pre-Pandemia,6483660.0,29133575354.0,5.208,0.803,0.179,5.001,0.771,,,210.637,24.726
Nicaragua,NIC,North America,NA,2020,2020-2023,Pandemia,6565267.0,28619004754.0,4.641,0.707,0.162,4.459,0.679,,,203.263,22.833
Nicaragua,NIC,North America,NA,2021,2020-2023,Pandemia,6644745.0,31580275032.0,5.133,0.772,0.163,4.95,0.745,,,203.93,25.168
Nicaragua,NIC,North America,NA,2022,2020-2023,Post-Pandemia,6730662.0,32764782125.0,5.131,0.762,0.157,4.942,0.734,,,199.573,25.711
Nicaragua,NIC,North America,NA,2023,2020-2023,Post-Pandemia,6823619.0,,5.428,0.796,,5.239,0.768,,,205.995,26.352
Niger,NER,Africa,AF,2010,2010-2014,Pre-Pandemia,16548833.0,12694118605.0,1.16,0.07,0.091,0.828,0.05,0.33,0.02,168.333,6.891
Niger,NER,Africa,AF,2011,2010-2014,Pre-Pandemia,17176286.0,12994344552.0,1.313,0.076,0.101,0.923,0.054,0.37,0.022,189.905,6.914
Niger,NER,Africa,AF,2012,2010-2014,Pre-Pandemia,17836770.0,14364207370.0,1.852,0.104,0.129,1.348,0.076,0.385,0.022,201.855,9.174
Niger,NER,Africa,AF,2013,2010-2014,Pre-Pandemia,18519899.0,15127089342.0,2.078,0.112,0.137,1.539,0.083,0.341,0.018,201.312,10.324
Niger,NER,Africa,AF,2014,2010-2014,Pre-Pandemia,19215917.0,16132130068.0,2.256,0.117,0.14,1.678,0.087,0.388,0.02,230.305,9.797
Niger,NER,Africa,AF,2015,2015-2019,Pre-Pandemia,19939496.0,16840818422.0,2.199,0.11,0.131,1.756,0.088,0.326,0.016,212.525,10.346
Niger,NER,Africa,AF,2016,2015-2019,Pre-Pandemia,20685758.0,17807651308.0,2.142,0.104,0.12,1.681,0.081,0.356,0.017,221.711,9.659
Niger,NER,Africa,AF,2017,2015-2019,Pre-Pandemia,21435449.0,18698209711.0,2.243,0.105,0.12,1.814,0.085,0.337,0.016,238.827,9.39
Niger,NER,Africa,AF,2018,2015-2019,Pre-Pandemia,22188074.0,20008393727.0,1.803,0.081,0.09,1.385,0.062,0.326,0.015,212.867,8.472
Niger,NER,Africa,AF,2019,2015-2019,Pre-Pandemia,22947765.0,21237507069.0,2.513,0.11,0.118,2.026,0.088,0.326,0.014,204.528,12.289
Niger,NER,Africa,AF,2020,2020-2023,Pandemia,23717615.0,21991440513.0,3.04,0.128,0.138,2.505,0.106,0.356,0.015,245.2,12.398
Niger,NER,Africa,AF,2021,2020-2023,Pandemia,24502145.0,22299096291.0,2.588,0.106,0.116,2.188,0.089,0.154,0.006,230.037,11.251
Niger,NER,Africa,AF,2022,2020-2023,Post-Pandemia,25311978.0,24776754234.0,3.201,0.126,0.129,2.68,0.106,0.315,0.012,236.615,13.527
Niger,NER,Africa,AF,2023,2020-2023,Post-Pandemia,26159863.0,,3.133,0.12,,2.563,0.098,0.366,0.014,211.811,14.793
Nigeria,NGA,Africa,AF,2010,2010-2014,Pre-Pandemia,166642888.0,809999411809.0,112.05,0.672,0.138,58.741,0.352,0.641,0.004,465.235,240.845
Nigeria,NGA,Africa,AF,2011,2010-2014,Pre-Pandemia,171379602.0,871103799000.0,126.115,0.736,0.145,69.442,0.405,0.678,0.004,363.768,346.692
Nigeria,NGA,Africa,AF,2012,2010-2014,Pre-Pandemia,176200627.0,908380661120.0,110.125,0.625,0.121,55.858,0.317,0.901,0.005,314.489,350.17
Nigeria,NGA,Africa,AF,2013,2010-2014,Pre-Pandemia,181049440.0,957382666012.0,117.401,0.648,0.123,62.251,0.344,1.129,0.006,258.973,453.333
Nigeria,NGA,Africa,AF,2014,2010-2014,Pre-Pandemia,185896917.0,1017790765613.0,123.971,0.667,0.122,66.604,0.358,1.129,0.006,250.856,494.192
Nigeria,NGA,Africa,AF,2015,2015-2019,Pre-Pandemia,190671883.0,1044789628210.0,110.525,0.58,0.106,54.11,0.284,1.183,0.006,235.742,468.837
Nigeria,NGA,Africa,AF,2016,2015-2019,Pre-Pandemia,195443698.0,1027896680223.0,116.396,0.596,0.113,60.54,0.31,1.238,0.006,245.923,473.302
Nigeria,NGA,Africa,AF,2017,2015-2019,Pre-Pandemia,200254580.0,1036180414988.0,112.54,0.562,0.109,58.476,0.292,1.07,0.005,245.956,457.563
Nigeria,NGA,Africa,AF,2018,2015-2019,Pre-Pandemia,204938752.0,1056103594567.0,106.786,0.521,0.101,48.436,0.236,1.253,0.006,218.573,488.559
Nigeria,NGA,Africa,AF,2019,2015-2019,Pre-Pandemia,209485637.0,1079426893318.0,127.859,0.61,0.118,68.002,0.325,1.268,0.006,249.505,512.453
Nigeria,NGA,Africa,AF,2020,2020-2023,Pandemia,213996185.0,1060059201469.0,124.899,0.584,0.118,64.36,0.301,1.499,0.007,258.7,482.795
Nigeria,NGA,Africa,AF,2021,2020-2023,Pandemia,218529286.0,1098721596994.0,147.777,0.676,0.134,82.841,0.379,3.049,0.014,283.104,521.987
Nigeria,NGA,Africa,AF,2022,2020-2023,Post-Pandemia,223150906.0,1134448580250.0,131.441,0.589,0.116,69.383,0.311,3.199,0.014,249.247,527.352
Nigeria,NGA,Africa,AF,2023,2020-2023,Post-Pandemia,227882949.0,,129.376,0.568,,66.347,0.291,3.72,0.016,258.696,500.108
Niue,NIU,Oceania,OC,2010,2010-2014,Pre-Pandemia,1786.0,,0.004,2.052,,0.004,2.052,,,152.086,0.024
Niue,NIU,Oceania,OC,2011,2010-2014,Pre-Pandemia,1776.0,,0.004,2.063,,0.004,2.063,,,136.778,0.027
Niue,NIU,Oceania,OC,2012,2010-2014,Pre-Pandemia,1784.0,,0.004,2.054,,0.004,2.054,,,138.806,0.026
Niue,NIU,Oceania,OC,2013,2010-2014,Pre-Pandemia,1786.0,,0.007,4.103,,0.007,4.103,,,258.243,0.028
Niue,NIU,Oceania,OC,2014,2010-2014,Pre-Pandemia,1792.0,,0.007,4.089,,0.007,4.089,,,249.994,0.029
Niue,NIU,Oceania,OC,2015,2015-2019,Pre-Pandemia,1803.0,,0.007,4.064,,0.007,4.064,,,231.119,0.032
Niue,NIU,Oceania,OC,2016,2015-2019,Pre-Pandemia,1806.0,,0.007,4.058,,0.007,4.058,,,240.141,0.031
Niue,NIU,Oceania,OC,2017,2015-2019,Pre-Pandemia,1803.0,,0.007,4.064,,0.007,4.064,,,246.295,0.03
Niue,NIU,Oceania,OC,2018,2015-2019,Pre-Pandemia,1805.0,,0.007,4.06,,0.007,4.06,,,238.681,0.031
Niue,NIU,Oceania,OC,2019,2015-2019,Pre-Pandemia,1814.0,,0.007,4.04,,0.007,4.04,,,222.715,0.033
Niue,NIU,Oceania,OC,2020,2020-2023,Pandemia,1822.0,,0.007,4.022,,0.007,4.022,,,223.711,0.033
Niue,NIU,Oceania,OC,2021,2020-2023,Pandemia,1836.0,,0.007,3.991,,0.007,3.991,,,219.316,0.033
Niue,NIU,Oceania,OC,2022,2020-2023,Post-Pandemia,1844.0,,0.007,3.974,,0.007,3.974,,,213.875,0.034
Niue,NIU,Oceania,OC,2023,2020-2023,Post-Pandemia,1841.0,,0.007,3.961,,0.007,3.961,,,217.694,0.034
North Korea,PRK,Asia,AS,2010,2010-2014,Pre-Pandemia,24987257.0,42605438930.0,65.355,2.616,1.534,2.568,0.103,60.39,2.417,296.705,220.27
North Korea,PRK,Asia,AS,2011,2010-2014,Pre-Pandemia,25097877.0,42961431310.0,47.867,1.907,1.114,2.642,0.105,42.785,1.705,304.164,157.371
North Korea,PRK,Asia,AS,2012,2010-2014,Pre-Pandemia,25211737.0,43545173971.0,46.755,1.854,1.074,2.532,0.1,41.792,1.658,312.414,149.656
North Korea,PRK,Asia,AS,2013,2010-2014,Pre-Pandemia,25329456.0,44033758330.0,36.144,1.427,0.821,2.733,0.108,30.888,1.219,258.799,139.662
North Korea,PRK,Asia,AS,2014,2010-2014,Pre-Pandemia,25451263.0,44518471841.0,39.825,1.565,0.895,2.609,0.103,34.668,1.362,290.376,137.148
North Korea,PRK,Asia,AS,2015,2015-2019,Pre-Pandemia,25575355.0,44032955306.0,31.278,1.223,0.71,2.986,0.117,25.736,1.006,256.573,121.906
North Korea,PRK,Asia,AS,2016,2015-2019,Pre-Pandemia,25698325.0,45739740287.0,34.236,1.332,0.749,3.199,0.124,28.337,1.103,276.227,123.943
North Korea,PRK,Asia,AS,2017,2015-2019,Pre-Pandemia,25817710.0,44160501992.0,69.708,2.7,1.579,2.931,0.114,64.168,2.485,305.677,228.044
North Korea,PRK,Asia,AS,2018,2015-2019,Pre-Pandemia,25931153.0,42349472757.0,62.608,2.414,1.478,2.906,0.112,57.477,2.217,301.681,207.532
North Korea,PRK,Asia,AS,2019,2015-2019,Pre-Pandemia,26037633.0,42499100315.0,69.512,2.67,1.636,3.173,0.122,64.201,2.466,303.773,228.829
North Korea,PRK,Asia,AS,2020,2020-2023,Pandemia,26136312.0,40572892149.0,65.577,2.509,1.616,3.052,0.117,60.353,2.309,301.118,217.778
North Korea,PRK,Asia,AS,2021,2020-2023,Pandemia,26232530.0,40550428396.0,53.97,2.057,1.331,2.477,0.094,49.219,1.876,292.26,184.664
North Korea,PRK,Asia,AS,2022,2020-2023,Post-Pandemia,26328843.0,40488847458.0,56.289,2.138,1.39,2.599,0.099,51.19,1.944,309.435,181.91
North Korea,PRK,Asia,AS,2023,2020-2023,Post-Pandemia,26418196.0,,62.025,2.348,,2.587,0.098,56.746,2.148,335.216,185.03
North Macedonia,MKD,Europe,EU,2010,2010-2014,Pre-Pandemia,2051510.0,22583127369.0,8.182,3.988,0.362,2.739,1.335,5.223,2.546,241.362,33.899
North Macedonia,MKD,Europe,EU,2011,2010-2014,Pre-Pandemia,2040445.0,23201482935.0,8.823,4.324,0.38,2.752,1.349,5.818,2.852,261.104,33.791
North Macedonia,MKD,Europe,EU,2012,2010-2014,Pre-Pandemia,2027288.0,23095684802.0,8.457,4.171,0.366,2.675,1.319,5.522,2.724,269.707,31.354
North Macedonia,MKD,Europe,EU,2013,2010-2014,Pre-Pandemia,2013280.0,23771197646.0,7.452,3.702,0.314,2.599,1.291,4.557,2.263,247.423,30.12
North Macedonia,MKD,Europe,EU,2014,2010-2014,Pre-Pandemia,1997842.0,24633991465.0,7.167,3.587,0.291,2.594,1.298,4.32,2.162,256.298,27.963
North Macedonia,MKD,Europe,EU,2015,2015-2019,Pre-Pandemia,1980366.0,25583815729.0,6.72,3.393,0.263,2.737,1.382,3.752,1.895,227.971,29.477
North Macedonia,MKD,Europe,EU,2016,2015-2019,Pre-Pandemia,1961268.0,26312536822.0,6.606,3.368,0.251,2.81,1.433,3.433,1.75,215.944,30.592
North Macedonia,MKD,Europe,EU,2017,2015-2019,Pre-Pandemia,1940877.0,26597107306.0,7.09,3.653,0.267,2.813,1.449,3.812,1.964,240.886,29.433
North Macedonia,MKD,Europe,EU,2018,2015-2019,Pre-Pandemia,1919730.0,27363281668.0,6.654,3.466,0.243,2.77,1.443,3.408,1.775,218.686,30.426
North Macedonia,MKD,Europe,EU,2019,2015-2019,Pre-Pandemia,1897643.0,28433274864.0,7.625,4.018,0.268,3.017,1.59,4.051,2.135,245.5,31.058
North Macedonia,MKD,Europe,EU,2020,2020-2023,Pandemia,1872021.0,27100243788.0,6.98,3.729,0.258,2.88,1.538,3.459,1.848,251.91,27.708
North Macedonia,MKD,Europe,EU,2021,2020-2023,Pandemia,1851109.0,28165634846.0,6.518,3.521,0.231,3.155,1.704,2.55,1.378,224.784,28.998
North Macedonia,MKD,Europe,EU,2022,2020-2023,Post-Pandemia,1840236.0,28770256385.0,7.352,3.995,0.256,3.479,1.891,3.323,1.806,239.218,30.734
North Macedonia,MKD,Europe,EU,2023,2020-2023,Post-Pandemia,1831800.0,,7.338,4.006,,3.46,1.889,3.183,1.737,225.659,32.52
Norway,NOR,Europe,EU,2010,2010-2014,Pre-Pandemia,4889160.0,383760934305.0,45.659,9.339,0.119,24.535,5.018,3.053,0.624,91.697,497.932
Norway,NOR,Europe,EU,2011,2010-2014,Pre-Pandemia,4952969.0,399420041611.0,44.775,9.04,0.112,24.308,4.908,3.202,0.646,88.833,504.038
Norway,NOR,Europe,EU,2012,2010-2014,Pre-Pandemia,5018453.0,410276121127.0,44.258,8.819,0.108,24.279,4.838,3.175,0.633,78.899,560.942
Norway,NOR,Europe,EU,2013,2010-2014,Pre-Pandemia,5080126.0,414445317738.0,44.539,8.767,0.107,24.539,4.83,3.242,0.638,85.122,523.236
Norway,NOR,Europe,EU,2014,2010-2014,Pre-Pandemia,5137397.0,422933730082.0,44.975,8.754,0.106,24.091,4.689,3.473,0.676,82.989,541.939
Norway,NOR,Europe,EU,2015,2015-2019,Pre-Pandemia,5189777.0,430788988142.0,45.523,8.772,0.106,23.893,4.604,3.362,0.648,82.879,549.27
Norway,NOR,Europe,EU,2016,2015-2019,Pre-Pandemia,5235974.0,435806553454.0,44.708,8.539,0.103,23.38,4.465,3.479,0.664,80.174,557.634
Norway,NOR,Europe,EU,2017,2015-2019,Pre-Pandemia,5276807.0,446543702505.0,44.197,8.376,0.099,22.723,4.306,3.581,0.679,78.901,560.158
Norway,NOR,Europe,EU,2018,2015-2019,Pre-Pandemia,5311751.0,450245217440.0,44.472,8.372,0.099,23.347,4.395,3.466,0.653,80.619,551.629
Norway,NOR,Europe,EU,2019,2015-2019,Pre-Pandemia,5347733.0,455304831150.0,42.866,8.016,0.094,22.084,4.13,3.485,0.652,83.083,515.945
Norway,NOR,Europe,EU,2020,2020-2023,Pandemia,5379275.0,449485260525.0,41.275,7.673,0.092,21.328,3.965,3.539,0.658,74.185,556.381
Norway,NOR,Europe,EU,2021,2020-2023,Pandemia,5408082.0,467007972731.0,41.058,7.592,0.088,22.07,4.081,3.639,0.673,72.133,569.2
Norway,NOR,Europe,EU,2022,2020-2023,Post-Pandemia,5456796.0,482328451592.0,40.833,7.483,0.085,22.164,4.062,3.68,0.674,76.528,533.568
Norway,NOR,Europe,EU,2023,2020-2023,Post-Pandemia,5519167.0,,38.869,7.043,,21.22,3.845,3.752,0.68,70.479,551.496
Oman,OMN,Asia,AS,2010,2010-2014,Pre-Pandemia,2757450.0,135198273857.0,51.429,18.651,0.38,12.109,4.391,0.029,0.01,216.925,237.083
Oman,OMN,Asia,AS,2011,2010-2014,Pre-Pandemia,3076762.0,132756531310.0,57.305,18.625,0.432,12.45,4.047,0.027,0.009,220.52,259.864
Oman,OMN,Asia,AS,2012,2010-2014,Pre-Pandemia,3547104.0,144522749866.0,63.105,17.791,0.437,14.983,4.224,0.014,0.004,222.631,283.45
Oman,OMN,Asia,AS,2013,2010-2014,Pre-Pandemia,3833915.0,152076951430.0,65.587,17.107,0.431,13.168,3.435,0.021,0.005,206.495,317.62
Oman,OMN,Asia,AS,2014,2010-2014,Pre-Pandemia,4002444.0,154041791696.0,66.19,16.537,0.43,14.275,3.567,0.015,0.004,209.483,315.968
Oman,OMN,Asia,AS,2015,2015-2019,Pre-Pandemia,4184898.0,161770059399.0,67.883,16.221,0.42,12.703,3.035,0.214,0.051,201.181,337.424
Oman,OMN,Asia,AS,2016,2015-2019,Pre-Pandemia,4390880.0,169932976616.0,66.24,15.086,0.39,10.941,2.492,0.186,0.042,195.603,338.644
Oman,OMN,Asia,AS,2017,2015-2019,Pre-Pandemia,4537397.0,170449577065.0,66.344,14.622,0.389,11.828,2.607,0.166,0.037,188.522,351.916
Oman,OMN,Asia,AS,2018,2015-2019,Pre-Pandemia,4597878.0,172643265345.0,70.678,15.372,0.409,12.599,2.74,0.111,0.024,187.97,376.007
Oman,OMN,Asia,AS,2019,2015-2019,Pre-Pandemia,4591248.0,170692383655.0,72.035,15.69,0.422,12.324,2.684,0.191,0.042,192.912,373.409
Oman,OMN,Asia,AS,2020,2020-2023,Pandemia,4522502.0,165230251016.0,71.845,15.886,0.435,10.069,2.226,0.329,0.073,198.712,361.553
Oman,OMN,Asia,AS,2021,2020-2023,Pandemia,4500429.0,170025212745.0,75.041,16.674,0.441,11.147,2.477,0.165,0.037,188.384,398.343
Oman,OMN,Asia,AS,2022,2020-2023,Post-Pandemia,4730229.0,177355008173.0,77.994,16.488,0.44,12.725,2.69,0.024,0.005,183.705,424.561
Oman,OMN,Asia,AS,2023,2020-2023,Post-Pandemia,5049267.0,,79.811,15.806,,12.765,2.528,0.018,0.003,183.321,435.36
Pakistan,PAK,Asia,AS,2010,2010-2014,Pre-Pandemia,199239048.0,805491514683.0,147.504,0.74,0.183,62.145,0.312,11.021,0.055,196.811,749.47
Pakistan,PAK,Asia,AS,2011,2010-2014,Pre-Pandemia,203746069.0,845096928750.0,149.488,0.734,0.177,60.504,0.297,12.003,0.059,198.437,753.328
Pakistan,PAK,Asia,AS,2012,2010-2014,Pre-Pandemia,207667129.0,878485024934.0,150.555,0.725,0.171,63.616,0.306,10.369,0.05,214.529,701.794
Pakistan,PAK,Asia,AS,2013,2010-2014,Pre-Pandemia,211073979.0,918328534363.0,148.183,0.702,0.161,61.042,0.289,10.318,0.049,191.11,775.379
Pakistan,PAK,Asia,AS,2014,2010-2014,Pre-Pandemia,214264649.0,961516822345.0,150.81,0.704,0.157,60.428,0.282,13.117,0.061,191.795,786.308
Pakistan,PAK,Asia,AS,2015,2015-2019,Pre-Pandemia,217290884.0,1010825281718.0,144.896,0.667,0.143,54.382,0.25,12.506,0.058,174.718,829.312
Pakistan,PAK,Asia,AS,2016,2015-2019,Pre-Pandemia,220138863.0,1061146810870.0,176.741,0.803,0.167,74.33,0.338,22.614,0.103,196.283,900.437
Pakistan,PAK,Asia,AS,2017,2015-2019,Pre-Pandemia,223273974.0,1117267177186.0,211.981,0.949,0.19,83.47,0.374,37.259,0.167,222.671,951.993
Pakistan,PAK,Asia,AS,2018,2015-2019,Pre-Pandemia,226928893.0,1165406508457.0,203.5,0.897,0.175,66.654,0.294,46.21,0.204,210.34,967.48
Pakistan,PAK,Asia,AS,2019,2015-2019,Pre-Pandemia,230800908.0,1172330212219.0,190.826,0.827,0.163,61.867,0.268,44.715,0.194,195.993,973.635
Pakistan,PAK,Asia,AS,2020,2020-2023,Pandemia,235001745.0,1202026422230.0,215.51,0.917,0.179,80.077,0.341,52.01,0.221,224.566,959.67
Pakistan,PAK,Asia,AS,2021,2020-2023,Pandemia,239477805.0,1278204948031.0,243.552,1.017,0.191,94.018,0.393,62.292,0.26,228.471,1066.011
Pakistan,PAK,Asia,AS,2022,2020-2023,Post-Pandemia,243700667.0,1318834969356.0,211.97,0.87,0.161,73.32,0.301,59.54,0.244,216.494,979.101
Pakistan,PAK,Asia,AS,2023,2020-2023,Post-Pandemia,247504505.0,,186.861,0.755,,58.21,0.235,51.092,0.206,206.649,904.241
Palau,PLW,Oceania,OC,2010,2010-2014,Pre-Pandemia,18420.0,,0.209,11.338,,0.209,11.338,,,,
Palau,PLW,Oceania,OC,2011,2010-2014,Pre-Pandemia,18099.0,,0.213,11.742,,0.213,11.742,,,,
Palau,PLW,Oceania,OC,2012,2010-2014,Pre-Pandemia,17791.0,,0.224,12.563,,0.224,12.563,,,,
Palau,PLW,Oceania,OC,2013,2010-2014,Pre-Pandemia,17670.0,,0.227,12.856,,0.227,12.856,,,,
Palau,PLW,Oceania,OC,2014,2010-2014,Pre-Pandemia,17740.0,,0.22,12.392,,0.22,12.392,,,,
Palau,PLW,Oceania,OC,2015,2015-2019,Pre-Pandemia,17791.0,,0.202,11.327,,0.202,11.327,,,,
Palau,PLW,Oceania,OC,2016,2015-2019,Pre-Pandemia,17824.0,,0.209,11.717,,0.209,11.717,,,,
Palau,PLW,Oceania,OC,2017,2015-2019,Pre-Pandemia,17838.0,,0.216,12.119,,0.216,12.119,,,,
Palau,PLW,Oceania,OC,2018,2015-2019,Pre-Pandemia,17843.0,,0.213,11.91,,0.213,11.91,,,,
Palau,PLW,Oceania,OC,2019,2015-2019,Pre-Pandemia,17821.0,,0.216,12.13,,0.216,12.13,,,,
Palau,PLW,Oceania,OC,2020,2020-2023,Pandemia,17817.0,,0.209,11.722,,0.209,11.722,,,,
Palau,PLW,Oceania,OC,2021,2020-2023,Pandemia,17809.0,,0.213,11.933,,0.213,11.933,,,,
Palau,PLW,Oceania,OC,2022,2020-2023,Post-Pandemia,17784.0,,0.217,12.215,,0.217,12.215,,,,
Palau,PLW,Oceania,OC,2023,2020-2023,Post-Pandemia,17751.0,,0.216,12.18,,0.216,12.18,,,,
Palestine,PSE,Asia,AS,2010,2010-2014,Pre-Pandemia,4016918.0,17771111593.0,2.034,0.506,0.114,2.034,0.506,,,157.06,12.947
Palestine,PSE,Asia,AS,2011,2010-2014,Pre-Pandemia,4115912.0,19437411000.0,2.246,0.546,0.116,2.246,0.546,,,156.013,14.396
Palestine,PSE,Asia,AS,2012,2010-2014,Pre-Pandemia,4215318.0,20660752000.0,2.195,0.521,0.106,2.195,0.521,,,152.382,14.403
Palestine,PSE,Asia,AS,2013,2010-2014,Pre-Pandemia,4315263.0,21115612000.0,2.437,0.565,0.115,2.437,0.565,,,159.294,15.296
Palestine,PSE,Asia,AS,2014,2010-2014,Pre-Pandemia,4415887.0,21084591000.0,2.836,0.642,0.135,2.836,0.642,,,171.884,16.499
Palestine,PSE,Asia,AS,2015,2015-2019,Pre-Pandemia,4521564.0,21808077000.0,3.001,0.664,0.138,3.001,0.664,,,163.916,18.307
Palestine,PSE,Asia,AS,2016,2015-2019,Pre-Pandemia,4632743.0,23665914839.0,3.235,0.698,0.137,3.235,0.698,,,168.803,19.166
Palestine,PSE,Asia,AS,2017,2015-2019,Pre-Pandemia,4742747.0,23886477912.0,3.265,0.688,0.137,3.265,0.688,,,169.716,19.236
Palestine,PSE,Asia,AS,2018,2015-2019,Pre-Pandemia,4850593.0,24082206405.0,2.957,0.61,0.123,2.957,0.61,,,160.172,18.46
Palestine,PSE,Asia,AS,2019,2015-2019,Pre-Pandemia,4957773.0,24410373377.0,3.265,0.658,0.134,3.265,0.658,,,158.694,20.572
Palestine,PSE,Asia,AS,2020,2020-2023,Pandemia,5069692.0,21647493143.0,3.327,0.656,0.154,3.327,0.656,,,157.384,21.139
Palestine,PSE,Asia,AS,2021,2020-2023,Pandemia,5185341.0,23165411997.0,3.635,0.701,0.157,3.635,0.701,,,160.53,22.642
Palestine,PSE,Asia,AS,2022,2020-2023,Post-Pandemia,5305274.0,24076501614.0,4.702,0.886,0.195,4.702,0.886,,,173.176,27.152
Palestine,PSE,Asia,AS,2023,2020-2023,Post-Pandemia,5409201.0,,4.755,0.879,,4.755,0.879,,,177.403,26.805
Panama,PAN,North America,NA,2010,2010-2014,Pre-Pandemia,3628537.0,51741885375.0,9.06,2.497,0.175,8.482,2.338,0.0,0.0,108.36,83.608
Panama,PAN,North America,NA,2011,2010-2014,Pre-Pandemia,3693509.0,57996520000.0,9.899,2.68,0.171,8.636,2.338,0.553,0.15,116.981,84.624
Panama,PAN,North America,NA,2012,2010-2014,Pre-Pandemia,3759261.0,63359010000.0,9.54,2.538,0.151,8.013,2.132,0.755,0.201,102.882,92.73
Panama,PAN,North America,NA,2013,2010-2014,Pre-Pandemia,3825333.0,67546261000.0,10.274,2.686,0.152,8.687,2.271,0.795,0.208,112.304,91.481
Panama,PAN,North America,NA,2014,2010-2014,Pre-Pandemia,3892100.0,71636840000.0,10.689,2.746,0.149,9.075,2.332,0.821,0.211,113.944,93.806
Panama,PAN,North America,NA,2015,2015-2019,Pre-Pandemia,3960034.0,75784011000.0,10.652,2.69,0.141,9.083,2.294,0.828,0.209,105.512,100.956
Panama,PAN,North America,NA,2016,2015-2019,Pre-Pandemia,4029085.0,79454188125.0,10.334,2.565,0.13,8.867,2.201,0.733,0.182,96.933,106.607
Panama,PAN,North America,NA,2017,2015-2019,Pre-Pandemia,4098704.0,83812229677.0,9.568,2.334,0.114,8.596,2.097,0.205,0.05,83.602,114.446
Panama,PAN,North America,NA,2018,2015-2019,Pre-Pandemia,4167860.0,86820962356.0,9.121,2.188,0.105,7.434,1.784,0.51,0.122,81.701,111.64
Panama,PAN,North America,NA,2019,2015-2019,Pre-Pandemia,4234698.0,89670319909.0,12.449,2.94,0.139,8.134,1.921,2.096,0.495,99.57,125.025
Panama,PAN,North America,NA,2020,2020-2023,Pandemia,4293258.0,73827064971.0,6.557,1.527,0.089,3.133,0.73,2.253,0.525,77.024,85.134
Panama,PAN,North America,NA,2021,2020-2023,Pandemia,4345410.0,85518149482.0,10.145,2.335,0.119,6.434,1.481,2.147,0.494,109.382,92.745
Panama,PAN,North America,NA,2022,2020-2023,Post-Pandemia,4400775.0,94762119668.0,11.707,2.66,0.124,8.567,1.947,2.093,0.476,114.249,102.472
Panama,PAN,North America,NA,2023,2020-2023,Post-Pandemia,4458758.0,,13.002,2.916,,9.082,2.037,2.456,0.551,124.774,104.205
Papua New Guinea,PNG,Oceania,OC,2010,2010-2014,Pre-Pandemia,7633524.0,,4.715,0.618,,4.371,0.573,,,243.484,19.364
Papua New Guinea,PNG,Oceania,OC,2011,2010-2014,Pre-Pandemia,7859349.0,,5.298,0.674,,4.921,0.626,,,262.383,20.193
Papua New Guinea,PNG,Oceania,OC,2012,2010-2014,Pre-Pandemia,8081396.0,,4.372,0.541,,4.019,0.497,,,224.516,19.475
Papua New Guinea,PNG,Oceania,OC,2013,2010-2014,Pre-Pandemia,8302700.0,,4.532,0.546,,4.173,0.503,,,226.832,19.979
Papua New Guinea,PNG,Oceania,OC,2014,2010-2014,Pre-Pandemia,8523440.0,,6.125,0.719,,4.932,0.579,,,288.029,21.265
Papua New Guinea,PNG,Oceania,OC,2015,2015-2019,Pre-Pandemia,8743247.0,,6.316,0.722,,5.229,0.598,,,252.242,25.04
Papua New Guinea,PNG,Oceania,OC,2016,2015-2019,Pre-Pandemia,8961717.0,,7.024,0.784,,5.766,0.643,,,262.336,26.775
Papua New Guinea,PNG,Oceania,OC,2017,2015-2019,Pre-Pandemia,9178717.0,,6.55,0.714,,5.33,0.581,,,250.502,26.148
Papua New Guinea,PNG,Oceania,OC,2018,2015-2019,Pre-Pandemia,9394518.0,,7.596,0.809,,6.647,0.708,,,248.827,30.527
Papua New Guinea,PNG,Oceania,OC,2019,2015-2019,Pre-Pandemia,9609014.0,,7.583,0.789,,6.515,0.678,,,250.597,30.259
Papua New Guinea,PNG,Oceania,OC,2020,2020-2023,Pandemia,9815743.0,,7.911,0.806,,5.841,0.595,,,281.119,28.14
Papua New Guinea,PNG,Oceania,OC,2021,2020-2023,Pandemia,10012898.0,,7.873,0.786,,5.837,0.583,,,285.215,27.604
Papua New Guinea,PNG,Oceania,OC,2022,2020-2023,Post-Pandemia,10203177.0,,8.436,0.827,,6.453,0.632,,,240.59,35.064
Papua New Guinea,PNG,Oceania,OC,2023,2020-2023,Post-Pandemia,10389638.0,,8.358,0.804,,6.422,0.618,,,279.94,29.855
Paraguay,PRY,South America,SA,2010,2010-2014,Pre-Pandemia,5737973.0,45961696292.0,5.011,0.873,0.109,4.767,0.831,0.0,0.0,164.192,30.518
Paraguay,PRY,South America,SA,2011,2010-2014,Pre-Pandemia,5814632.0,48113309093.0,5.192,0.893,0.108,4.99,0.858,0.004,0.001,164.242,31.609
Paraguay,PRY,South America,SA,2012,2010-2014,Pre-Pandemia,5897011.0,47772664940.0,5.159,0.875,0.108,4.873,0.826,0.004,0.001,151.954,33.952
Paraguay,PRY,South America,SA,2013,2010-2014,Pre-Pandemia,5982447.0,51734453611.0,5.169,0.864,0.1,4.954,0.828,0.0,0.0,150.015,34.457
Paraguay,PRY,South America,SA,2014,2010-2014,Pre-Pandemia,6069819.0,54476893712.0,5.451,0.898,0.1,5.199,0.857,0.0,0.0,149.698,36.415
Paraguay,PRY,South America,SA,2015,2015-2019,Pre-Pandemia,6159106.0,56087783311.0,6.045,0.982,0.108,5.69,0.924,0.011,0.002,143.527,42.121
Paraguay,PRY,South America,SA,2016,2015-2019,Pre-Pandemia,6249129.0,58481604773.0,7.187,1.15,0.123,6.8,1.088,0.004,0.001,150.15,47.862
Paraguay,PRY,South America,SA,2017,2015-2019,Pre-Pandemia,6338658.0,61294571103.0,7.939,1.253,0.13,7.669,1.21,0.004,0.001,161.738,49.088
Paraguay,PRY,South America,SA,2018,2015-2019,Pre-Pandemia,6427382.0,63258456042.0,8.504,1.323,0.134,8.09,1.259,0.015,0.002,164.069,51.83
Paraguay,PRY,South America,SA,2019,2015-2019,Pre-Pandemia,6515059.0,63004153609.0,8.268,1.269,0.131,7.83,1.202,0.004,0.001,160.689,51.456
Paraguay,PRY,South America,SA,2020,2020-2023,Pandemia,6603741.0,62487519891.0,7.444,1.127,0.119,7.108,1.076,0.004,0.001,149.088,49.929
Paraguay,PRY,South America,SA,2021,2020-2023,Pandemia,6684184.0,64997640183.0,8.187,1.225,0.126,7.837,1.173,0.004,0.001,150.026,54.57
Paraguay,PRY,South America,SA,2022,2020-2023,Post-Pandemia,6760460.0,65127634644.0,7.533,1.114,0.116,7.187,1.063,0.0,0.0,144.107,52.276
Paraguay,PRY,South America,SA,2023,2020-2023,Post-Pandemia,6844150.0,,7.646,1.117,,7.3,1.067,0.0,0.0,168.504,45.374
Peru,PER,South America,SA,2010,2010-2014,Pre-Pandemia,29086021.0,230353256282.0,42.505,1.461,0.185,23.193,0.797,3.301,0.114,188.671,225.286
Peru,PER,South America,SA,2011,2010-2014,Pre-Pandemia,29304083.0,244711917914.0,42.327,1.444,0.173,23.911,0.816,3.129,0.107,170.291,248.556
Peru,PER,South America,SA,2012,2010-2014,Pre-Pandemia,29550367.0,259737230567.0,45.509,1.54,0.175,25.696,0.87,2.898,0.098,177.266,256.725
Peru,PER,South America,SA,2013,2010-2014,Pre-Pandemia,29817908.0,274939626306.0,42.718,1.433,0.155,23.277,0.781,3.371,0.113,162.684,262.581
Peru,PER,South America,SA,2014,2010-2014,Pre-Pandemia,30115825.0,281488723310.0,49.388,1.64,0.175,24.847,0.825,3.049,0.101,183.715,268.829
Peru,PER,South America,SA,2015,2015-2019,Pre-Pandemia,30457598.0,290642734598.0,49.204,1.615,0.169,24.994,0.821,3.089,0.101,174.687,281.669
Peru,PER,South America,SA,2016,2015-2019,Pre-Pandemia,30866497.0,302131843581.0,52.698,1.707,0.174,27.861,0.903,3.213,0.104,176.283,298.938
Peru,PER,South America,SA,2017,2015-2019,Pre-Pandemia,31324639.0,309742529723.0,54.726,1.747,0.177,33.123,1.057,2.807,0.09,180.264,303.59
Peru,PER,South America,SA,2018,2015-2019,Pre-Pandemia,31897590.0,322061010919.0,56.014,1.756,0.174,33.898,1.063,2.503,0.078,175.908,318.425
Peru,PER,South America,SA,2019,2015-2019,Pre-Pandemia,32449302.0,329252610797.0,58.668,1.808,0.178,35.457,1.093,2.572,0.079,179.642,326.585
Peru,PER,South America,SA,2020,2020-2023,Pandemia,32838577.0,292988745490.0,47.237,1.438,0.161,29.235,0.89,1.883,0.057,164.084,287.882
Peru,PER,South America,SA,2021,2020-2023,Pandemia,33155883.0,332691638600.0,59.962,1.808,0.18,34.533,1.042,2.649,0.08,183.094,327.493
Peru,PER,South America,SA,2022,2020-2023,Post-Pandemia,33475436.0,341677633395.0,64.785,1.935,0.19,36.218,1.082,2.804,0.084,191.632,338.069
Peru,PER,South America,SA,2023,2020-2023,Post-Pandemia,33845616.0,,66.065,1.952,,37.248,1.101,2.619,0.077,192.44,343.3
Philippines,PHL,Asia,AS,2010,2010-2014,Pre-Pandemia,96337127.0,565514808274.0,82.246,0.854,0.145,41.597,0.432,27.769,0.288,241.168,341.031
Philippines,PHL,Asia,AS,2011,2010-2014,Pre-Pandemia,98248614.0,590943092007.0,82.98,0.845,0.14,38.983,0.397,30.519,0.311,238.561,347.837
Philippines,PHL,Asia,AS,2012,2010-2014,Pre-Pandemia,100175511.0,631700459807.0,87.476,0.873,0.138,41.434,0.414,31.933,0.319,243.066,359.886
Philippines,PHL,Asia,AS,2013,2010-2014,Pre-Pandemia,102076334.0,674346563689.0,94.825,0.929,0.141,41.319,0.405,39.509,0.387,245.832,385.732
Philippines,PHL,Asia,AS,2014,2010-2014,Pre-Pandemia,103767127.0,717154029846.0,100.074,0.964,0.14,43.212,0.416,42.036,0.405,246.685,405.675
Philippines,PHL,Asia,AS,2015,2015-2019,Pre-Pandemia,105312988.0,762678999551.0,111.046,1.054,0.146,49.862,0.473,45.82,0.435,249.85,444.452
Philippines,PHL,Asia,AS,2016,2015-2019,Pre-Pandemia,106735721.0,817202925336.0,120.216,1.126,0.147,53.546,0.502,50.684,0.475,247.652,485.422
Philippines,PHL,Asia,AS,2017,2015-2019,Pre-Pandemia,108119691.0,873843247356.0,133.576,1.235,0.153,55.787,0.516,60.931,0.564,250.838,532.517
Philippines,PHL,Asia,AS,2018,2015-2019,Pre-Pandemia,109465284.0,929253628653.0,139.857,1.278,0.151,57.4,0.524,64.171,0.586,254.081,550.443
Philippines,PHL,Asia,AS,2019,2015-2019,Pre-Pandemia,110804685.0,986114678778.0,142.601,1.287,0.145,55.411,0.5,68.894,0.622,251.892,566.121
Philippines,PHL,Asia,AS,2020,2020-2023,Pandemia,112081270.0,892256290776.0,131.457,1.173,0.147,46.295,0.413,69.305,0.618,255.874,513.758
Philippines,PHL,Asia,AS,2021,2020-2023,Pandemia,113100947.0,943141651518.0,140.27,1.24,0.149,49.391,0.437,74.705,0.661,257.112,545.557
Philippines,PHL,Asia,AS,2022,2020-2023,Post-Pandemia,113964343.0,1014811024029.0,150.963,1.325,0.149,59.36,0.521,75.346,0.661,264.393,570.979
Philippines,PHL,Asia,AS,2023,2020-2023,Post-Pandemia,114891199.0,,160.98,1.401,,60.918,0.53,84.105,0.732,264.435,608.771
Poland,POL,Europe,EU,2010,2010-2014,Pre-Pandemia,38095356.0,795619859853.0,334.028,8.768,0.42,69.973,1.837,220.927,5.799,288.639,1157.25
Poland,POL,Europe,EU,2011,2010-2014,Pre-Pandemia,38208644.0,843236863910.0,333.406,8.726,0.395,69.599,1.822,218.379,5.715,286.76,1162.666
Poland,POL,Europe,EU,2012,2010-2014,Pre-Pandemia,38247867.0,856266755052.0,325.778,8.518,0.38,66.312,1.734,214.04,5.596,288.829,1127.927
Poland,POL,Europe,EU,2013,2010-2014,Pre-Pandemia,38259267.0,863601156195.0,321.757,8.41,0.373,61.681,1.612,214.314,5.602,284.409,1131.318
Poland,POL,Europe,EU,2014,2010-2014,Pre-Pandemia,38265113.0,896737189458.0,309.415,8.086,0.345,61.381,1.604,202.997,5.305,284.036,1089.354
Poland,POL,Europe,EU,2015,2015-2019,Pre-Pandemia,38266314.0,936043804062.0,312.549,8.168,0.334,64.794,1.693,201.647,5.27,283.359,1103.013
Poland,POL,Europe,EU,2016,2015-2019,Pre-Pandemia,38263260.0,963689941627.0,323.3,8.449,0.335,72.897,1.905,202.099,5.282,281.071,1150.245
Poland,POL,Europe,EU,2017,2015-2019,Pre-Pandemia,38254964.0,1013223736654.0,336.505,8.796,0.332,82.452,2.155,203.504,5.32,278.497,1208.289
Poland,POL,Europe,EU,2018,2015-2019,Pre-Pandemia,38241070.0,1073462064151.0,335.719,8.779,0.313,85.491,2.236,198.673,5.195,274.71,1222.083
Poland,POL,Europe,EU,2019,2015-2019,Pre-Pandemia,38225884.0,1121231497071.0,317.444,8.304,0.283,87.278,2.283,177.753,4.65,267.374,1187.268
Poland,POL,Europe,EU,2020,2020-2023,Pandemia,38171005.0,1098581305284.0,302.102,7.914,0.275,84.235,2.207,164.196,4.302,265.18,1139.234
Poland,POL,Europe,EU,2021,2020-2023,Pandemia,38040303.0,1173809548862.0,330.694,8.693,0.282,89.709,2.358,184.114,4.84,270.007,1224.758
Poland,POL,Europe,EU,2022,2020-2023,Post-Pandemia,38385734.0,1231021338216.0,314.892,8.203,0.256,90.97,2.37,172.493,4.494,265.313,1186.868
Poland,POL,Europe,EU,2023,2020-2023,Post-Pandemia,38762847.0,,283.243,7.307,,90.697,2.34,141.924,3.661,250.021,1132.88
Portugal,PRT,Europe,EU,2010,2010-2014,Pre-Pandemia,10578659.0,267277408809.0,52.89,5.0,0.198,31.346,2.963,6.424,0.607,173.92,304.105
Portugal,PRT,Europe,EU,2011,2010-2014,Pre-Pandemia,10557050.0,263425010810.0,51.784,4.905,0.197,28.457,2.696,8.632,0.818,178.669,289.831
Portugal,PRT,Europe,EU,2012,2010-2014,Pre-Pandemia,10513155.0,252737143203.0,49.932,4.749,0.198,25.601,2.435,11.135,1.059,188.802,264.467
Portugal,PRT,Europe,EU,2013,2010-2014,Pre-Pandemia,10458287.0,250405237435.0,48.146,4.604,0.192,24.973,2.388,10.191,0.974,166.215,289.661
Portugal,PRT,Europe,EU,2014,2010-2014,Pre-Pandemia,10406203.0,252388910611.0,47.942,4.607,0.19,24.989,2.401,10.316,0.991,164.313,291.774
Portugal,PRT,Europe,EU,2015,2015-2019,Pre-Pandemia,10370264.0,256911888409.0,52.233,5.037,0.203,25.623,2.471,12.563,1.211,180.411,289.522
Portugal,PRT,Europe,EU,2016,2015-2019,Pre-Pandemia,10346377.0,262100101273.0,50.311,4.863,0.192,25.592,2.474,10.82,1.046,162.363,309.867
Portugal,PRT,Europe,EU,2017,2015-2019,Pre-Pandemia,10330838.0,271290329012.0,55.165,5.34,0.203,25.93,2.51,12.394,1.2,182.74,301.878
Portugal,PRT,Europe,EU,2018,2015-2019,Pre-Pandemia,10325355.0,279020275961.0,51.34,4.972,0.184,25.501,2.47,10.376,1.005,168.833,304.09
Portugal,PRT,Europe,EU,2019,2015-2019,Pre-Pandemia,10343218.0,286505655767.0,47.583,4.6,0.166,26.18,2.531,5.026,0.486,162.368,293.057
Portugal,PRT,Europe,EU,2020,2020-2023,Pandemia,10370519.0,262724232089.0,41.738,4.025,0.159,23.175,2.235,2.417,0.233,157.355,265.248
Portugal,PRT,Europe,EU,2021,2020-2023,Pandemia,10390957.0,277181288542.0,40.3,3.878,0.145,23.781,2.289,1.038,0.1,151.225,266.49
Portugal,PRT,Europe,EU,2022,2020-2023,Post-Pandemia,10417074.0,295712910456.0,40.722,3.909,0.138,24.878,2.388,0.245,0.024,155.086,262.58
Portugal,PRT,Europe,EU,2023,2020-2023,Post-Pandemia,10430735.0,,37.622,3.607,,25.265,2.422,0.133,0.013,141.452,265.97
Qatar,QAT,Asia,AS,2010,2010-2014,Pre-Pandemia,1709238.0,238648100494.0,73.651,43.09,0.309,15.22,8.905,0.0,0.0,219.595,335.396
Qatar,QAT,Asia,AS,2011,2010-2014,Pre-Pandemia,1810960.0,296148824653.0,81.809,45.175,0.276,10.146,5.602,0.0,0.0,208.085,393.154
Qatar,QAT,Asia,AS,2012,2010-2014,Pre-Pandemia,1907122.0,310156648715.0,93.738,49.152,0.302,7.449,3.906,0.0,0.0,209.027,448.449
Qatar,QAT,Asia,AS,2013,2010-2014,Pre-Pandemia,2032650.0,327388964338.0,91.433,44.982,0.279,3.045,1.498,0.0,0.0,189.019,483.727
Qatar,QAT,Asia,AS,2014,2010-2014,Pre-Pandemia,2218378.0,344851898869.0,91.642,41.31,0.266,4.694,2.116,0.0,0.0,177.198,517.172
Qatar,QAT,Asia,AS,2015,2015-2019,Pre-Pandemia,2427340.0,361242719905.0,93.31,38.441,0.258,4.873,2.008,0.0,0.0,156.715,595.414
Qatar,QAT,Asia,AS,2016,2015-2019,Pre-Pandemia,2599382.0,372311173588.0,91.378,35.154,0.245,6.211,2.389,0.0,0.0,155.799,586.515
Qatar,QAT,Asia,AS,2017,2015-2019,Pre-Pandemia,2706716.0,366733973367.0,105.657,39.035,0.288,14.274,5.274,0.0,0.0,187.311,564.071
Qatar,QAT,Asia,AS,2018,2015-2019,Pre-Pandemia,2761144.0,371263146890.0,102.621,37.166,0.276,11.384,4.123,0.0,0.0,178.985,573.353
Qatar,QAT,Asia,AS,2019,2015-2019,Pre-Pandemia,2797927.0,373817411294.0,101.43,36.252,0.271,10.578,3.781,0.0,0.0,173.322,585.209
Qatar,QAT,Asia,AS,2020,2020-2023,Pandemia,2803375.0,360517012801.0,101.329,36.145,0.281,11.095,3.958,0.0,0.0,197.384,513.361
Qatar,QAT,Asia,AS,2021,2020-2023,Pandemia,2814988.0,366245595916.0,104.386,37.082,0.285,10.394,3.693,0.0,0.0,192.214,543.069
Qatar,QAT,Asia,AS,2022,2020-2023,Post-Pandemia,2892466.0,381778107010.0,109.594,37.89,0.287,17.225,5.955,0.003,0.001,193.971,565.004
Qatar,QAT,Asia,AS,2023,2020-2023,Post-Pandemia,2979086.0,,119.544,40.128,,18.623,6.251,0.004,0.001,192.886,619.766
Romania,ROU,Europe,EU,2010,2010-2014,Pre-Pandemia,20432575.0,335489566640.0,84.488,4.135,0.252,23.252,1.138,29.403,1.439,213.125,396.424
Romania,ROU,Europe,EU,2011,2010-2014,Pre-Pandemia,20282009.0,350086824382.0,92.391,4.555,0.264,24.273,1.197,34.091,1.681,226.259,408.341
Romania,ROU,Europe,EU,2012,2010-2014,Pre-Pandemia,20158451.0,356825919340.0,89.848,4.457,0.252,25.511,1.266,31.523,1.564,228.427,393.332
Romania,ROU,Europe,EU,2013,2010-2014,Pre-Pandemia,20062913.0,357789262640.0,78.795,3.927,0.22,23.728,1.183,25.269,1.259,213.205,369.577
Romania,ROU,Europe,EU,2014,2010-2014,Pre-Pandemia,19968179.0,372532510801.0,79.335,3.973,0.213,24.887,1.246,25.006,1.252,209.264,379.116
Romania,ROU,Europe,EU,2015,2015-2019,Pre-Pandemia,19871018.0,384306463712.0,78.046,3.928,0.203,24.146,1.215,25.128,1.265,204.772,381.136
Romania,ROU,Europe,EU,2016,2015-2019,Pre-Pandemia,19777049.0,395288226514.0,76.587,3.873,0.194,25.899,1.31,22.147,1.12,200.971,381.085
Romania,ROU,Europe,EU,2017,2015-2019,Pre-Pandemia,19689405.0,456012361225.0,79.432,4.034,0.174,27.908,1.417,21.774,1.106,204.756,387.936
Romania,ROU,Europe,EU,2018,2015-2019,Pre-Pandemia,19597874.0,473122658487.0,79.874,4.076,0.169,28.456,1.452,20.766,1.06,203.735,392.051
Romania,ROU,Europe,EU,2019,2015-2019,Pre-Pandemia,19501542.0,456564507688.0,76.69,3.933,0.168,29.781,1.527,18.362,0.942,199.809,383.818
Romania,ROU,Europe,EU,2020,2020-2023,Pandemia,19392467.0,483499378450.0,73.946,3.813,0.153,29.063,1.499,14.298,0.737,200.132,369.489
Romania,ROU,Europe,EU,2021,2020-2023,Pandemia,19248159.0,505119539256.0,77.501,4.026,0.153,30.971,1.609,15.53,0.807,198.72,390.003
Romania,ROU,Europe,EU,2022,2020-2023,Post-Pandemia,19166776.0,504741667296.0,73.186,3.818,0.145,32.428,1.692,13.752,0.717,203.201,360.166
Romania,ROU,Europe,EU,2023,2020-2023,Post-Pandemia,19118482.0,,67.866,3.55,,32.81,1.716,9.754,0.51,188.848,359.369
Russia,RUS,Europe,EU,2010,2010-2014,Pre-Pandemia,143934468.0,3105249267337.0,1633.147,11.346,0.526,333.202,2.315,417.855,2.903,208.996,7814.236
Russia,RUS,Europe,EU,2011,2010-2014,Pre-Pandemia,144043751.0,3306765993750.0,1684.989,11.698,0.51,344.934,2.395,428.317,2.974,208.524,8080.549
Russia,RUS,Europe,EU,2012,2010-2014,Pre-Pandemia,144291025.0,3439833075673.0,1700.104,11.782,0.494,352.425,2.442,443.293,3.072,209.157,8128.363
Russia,RUS,Europe,EU,2013,2010-2014,Pre-Pandemia,144604105.0,3500216789791.0,1637.547,11.324,0.468,354.879,2.454,405.805,2.806,203.865,8032.525
Russia,RUS,Europe,EU,2014,2010-2014,Pre-Pandemia,144925639.0,3525987597216.0,1637.311,11.298,0.464,383.699,2.648,394.974,2.725,203.197,8057.762
Russia,RUS,Europe,EU,2015,2015-2019,Pre-Pandemia,145307612.0,3456429719677.0,1635.244,11.254,0.473,406.41,2.797,414.854,2.855,206.195,7930.555
Russia,RUS,Europe,EU,2016,2015-2019,Pre-Pandemia,145778668.0,3463123938280.0,1629.328,11.177,0.47,400.525,2.747,402.76,2.763,201.498,8086.063
Russia,RUS,Europe,EU,2017,2015-2019,Pre-Pandemia,146186798.0,3526353842599.0,1661.012,11.362,0.471,414.626,2.836,386.28,2.642,204.162,8135.743
Russia,RUS,Europe,EU,2018,2015-2019,Pre-Pandemia,146430146.0,3625347362801.0,1709.91,11.677,0.472,392.624,2.681,399.665,2.729,202.783,8432.209
Russia,RUS,Europe,EU,2019,2015-2019,Pre-Pandemia,146533063.0,3705035583500.0,1704.459,11.632,0.46,400.012,2.73,395.976,2.702,203.638,8370.03
Russia,RUS,Europe,EU,2020,2020-2023,Pandemia,146371295.0,3606716578675.0,1631.902,11.149,0.452,381.968,2.61,368.047,2.514,202.075,8075.713
Russia,RUS,Europe,EU,2021,2020-2023,Pandemia,145836172.0,3809571453737.0,1674.524,11.482,0.44,375.4,2.574,375.442,2.574,200.993,8331.266
Russia,RUS,Europe,EU,2022,2020-2023,Post-Pandemia,145579889.0,3731440829579.0,1675.461,11.509,0.449,391.392,2.689,369.694,2.539,194.217,8626.76
Russia,RUS,Europe,EU,2023,2020-2023,Post-Pandemia,145440502.0,,1733.135,11.916,,427.178,2.937,382.395,2.629,197.826,8760.904
Rwanda,RWA,Africa,AF,2010,2010-2014,Pre-Pandemia,10317560.0,13742192522.0,0.581,0.056,0.042,0.55,0.053,,,184.615,3.147
Rwanda,RWA,Africa,AF,2011,2010-2014,Pre-Pandemia,10573742.0,14451195383.0,0.643,0.061,0.045,0.608,0.058,,,183.765,3.501
Rwanda,RWA,Africa,AF,2012,2010-2014,Pre-Pandemia,10829904.0,15700063621.0,0.718,0.066,0.046,0.685,0.063,,,184.781,3.888
Rwanda,RWA,Africa,AF,2013,2010-2014,Pre-Pandemia,11093340.0,16440168692.0,0.779,0.07,0.047,0.744,0.067,,,191.324,4.071
Rwanda,RWA,Africa,AF,2014,2010-2014,Pre-Pandemia,11364758.0,17455015690.0,0.83,0.073,0.048,0.784,0.069,,,197.099,4.21
Rwanda,RWA,Africa,AF,2015,2015-2019,Pre-Pandemia,11640026.0,19000488690.0,0.967,0.083,0.051,0.85,0.073,0.004,0.0,212.56,4.548
Rwanda,RWA,Africa,AF,2016,2015-2019,Pre-Pandemia,11919183.0,20135193148.0,1.052,0.088,0.052,0.843,0.071,0.018,0.002,227.591,4.622
Rwanda,RWA,Africa,AF,2017,2015-2019,Pre-Pandemia,12202062.0,20935170126.0,1.17,0.096,0.056,0.934,0.077,0.022,0.002,237.304,4.929
Rwanda,RWA,Africa,AF,2018,2015-2019,Pre-Pandemia,12488000.0,22730987759.0,1.313,0.105,0.058,1.041,0.083,0.044,0.004,268.433,4.892
Rwanda,RWA,Africa,AF,2019,2015-2019,Pre-Pandemia,12776102.0,24883378782.0,1.413,0.111,0.057,1.114,0.087,0.059,0.005,257.103,5.498
Rwanda,RWA,Africa,AF,2020,2020-2023,Pandemia,13065838.0,24048043469.0,1.394,0.107,0.058,1.107,0.085,0.037,0.003,242.463,5.751
Rwanda,RWA,Africa,AF,2021,2020-2023,Pandemia,13355260.0,26663035281.0,1.699,0.127,0.064,1.326,0.099,0.059,0.004,260.623,6.519
Rwanda,RWA,Africa,AF,2022,2020-2023,Post-Pandemia,13651025.0,28466253314.0,1.957,0.143,0.069,1.367,0.1,0.187,0.014,287.814,6.8
Rwanda,RWA,Africa,AF,2023,2020-2023,Post-Pandemia,13954473.0,,2.016,0.144,,1.394,0.1,0.216,0.015,256.395,7.863
Saint Helena,SHN,Africa,AF,2010,2010-2014,Pre-Pandemia,5352.0,,0.011,2.054,,0.011,2.054,,,251.436,0.044
Saint Helena,SHN,Africa,AF,2011,2010-2014,Pre-Pandemia,5385.0,,0.011,2.041,,0.011,2.041,,,257.004,0.043
Saint Helena,SHN,Africa,AF,2012,2010-2014,Pre-Pandemia,5428.0,,0.011,2.025,,0.011,2.025,,,232.005,0.047
Saint Helena,SHN,Africa,AF,2013,2010-2014,Pre-Pandemia,5462.0,,0.011,2.012,,0.011,2.012,,,241.858,0.045
Saint Helena,SHN,Africa,AF,2014,2010-2014,Pre-Pandemia,5493.0,,0.011,2.001,,0.011,2.001,,,254.775,0.043
Saint Helena,SHN,Africa,AF,2015,2015-2019,Pre-Pandemia,5529.0,,0.011,1.988,,0.011,1.988,,,279.897,0.039
Saint Helena,SHN,Africa,AF,2016,2015-2019,Pre-Pandemia,5544.0,,0.015,2.644,,0.015,2.644,,,370.432,0.04
Saint Helena,SHN,Africa,AF,2017,2015-2019,Pre-Pandemia,5528.0,,0.011,1.988,,0.011,1.988,,,259.833,0.042
Saint Helena,SHN,Africa,AF,2018,2015-2019,Pre-Pandemia,5507.0,,0.011,1.996,,0.011,1.996,,,215.64,0.051
Saint Helena,SHN,Africa,AF,2019,2015-2019,Pre-Pandemia,5485.0,,0.015,2.672,,0.015,2.672,,,256.112,0.057
Saint Helena,SHN,Africa,AF,2020,2020-2023,Pandemia,5451.0,,0.011,2.017,,0.011,2.017,,,246.914,0.045
Saint Helena,SHN,Africa,AF,2021,2020-2023,Pandemia,5415.0,,0.007,1.353,,0.007,1.353,,,195.147,0.038
Saint Helena,SHN,Africa,AF,2022,2020-2023,Post-Pandemia,5369.0,,0.011,2.047,,0.011,2.047,,,250.442,0.044
Saint Helena,SHN,Africa,AF,2023,2020-2023,Post-Pandemia,5316.0,,0.011,2.064,,0.011,2.064,,,247.708,0.044
Saint Kitts and Nevis,KNA,North America,NA,2010,2010-2014,Pre-Pandemia,46871.0,,0.22,4.69,,0.22,4.69,,,221.448,0.993
Saint Kitts and Nevis,KNA,North America,NA,2011,2010-2014,Pre-Pandemia,46917.0,,0.227,4.842,,0.227,4.842,,,220.333,1.031
Saint Kitts and Nevis,KNA,North America,NA,2012,2010-2014,Pre-Pandemia,47056.0,,0.224,4.75,,0.224,4.75,,,218.955,1.021
Saint Kitts and Nevis,KNA,North America,NA,2013,2010-2014,Pre-Pandemia,47092.0,,0.224,4.746,,0.224,4.746,,,219.769,1.017
Saint Kitts and Nevis,KNA,North America,NA,2014,2010-2014,Pre-Pandemia,47112.0,,0.227,4.822,,0.227,4.822,,,220.566,1.03
Saint Kitts and Nevis,KNA,North America,NA,2015,2015-2019,Pre-Pandemia,47108.0,,0.231,4.9,,0.231,4.9,,,218.762,1.055
Saint Kitts and Nevis,KNA,North America,NA,2016,2015-2019,Pre-Pandemia,47099.0,,0.238,5.057,,0.238,5.057,,,219.778,1.084
Saint Kitts and Nevis,KNA,North America,NA,2017,2015-2019,Pre-Pandemia,47075.0,,0.242,5.137,,0.242,5.137,,,222.212,1.088
Saint Kitts and Nevis,KNA,North America,NA,2018,2015-2019,Pre-Pandemia,47032.0,,0.249,5.297,,0.249,5.297,,,224.56,1.11
Saint Kitts and Nevis,KNA,North America,NA,2019,2015-2019,Pre-Pandemia,46976.0,,0.26,5.538,,0.26,5.538,,,230.927,1.127
Saint Kitts and Nevis,KNA,North America,NA,2020,2020-2023,Pandemia,46896.0,,0.242,5.157,,0.242,5.157,,,230.255,1.05
Saint Kitts and Nevis,KNA,North America,NA,2021,2020-2023,Pandemia,46786.0,,0.234,5.012,,0.234,5.012,,,224.709,1.044
Saint Kitts and Nevis,KNA,North America,NA,2022,2020-2023,Post-Pandemia,46732.0,,0.251,5.364,,0.251,5.364,,,221.286,1.133
Saint Kitts and Nevis,KNA,North America,NA,2023,2020-2023,Post-Pandemia,46783.0,,0.25,5.347,,0.25,5.347,,,218.051,1.147
Saint Lucia,LCA,North America,NA,2010,2010-2014,Pre-Pandemia,170921.0,1619438310.0,0.484,2.83,0.299,0.484,2.83,,,269.133,1.797
Saint Lucia,LCA,North America,NA,2011,2010-2014,Pre-Pandemia,171814.0,1661310000.0,0.484,2.815,0.291,0.484,2.815,,,265.161,1.824
Saint Lucia,LCA,North America,NA,2012,2010-2014,Pre-Pandemia,172595.0,1630854000.0,0.487,2.823,0.299,0.487,2.823,,,268.419,1.815
Saint Lucia,LCA,North America,NA,2013,2010-2014,Pre-Pandemia,173380.0,1636031000.0,0.487,2.811,0.298,0.487,2.811,,,269.112,1.811
Saint Lucia,LCA,North America,NA,2014,2010-2014,Pre-Pandemia,174145.0,1635705000.0,0.487,2.798,0.298,0.487,2.798,,,266.52,1.828
Saint Lucia,LCA,North America,NA,2015,2015-2019,Pre-Pandemia,174919.0,1670340000.0,0.48,2.744,0.287,0.48,2.744,,,260.973,1.839
Saint Lucia,LCA,North America,NA,2016,2015-2019,Pre-Pandemia,175651.0,1719860632.0,0.473,2.691,0.275,0.473,2.691,,,254.261,1.859
Saint Lucia,LCA,North America,NA,2017,2015-2019,Pre-Pandemia,176352.0,1781316024.0,0.495,2.805,0.278,0.495,2.805,,,245.445,2.015
Saint Lucia,LCA,North America,NA,2018,2015-2019,Pre-Pandemia,177032.0,1830625072.0,0.509,2.877,0.278,0.509,2.877,,,200.187,2.544
Saint Lucia,LCA,North America,NA,2019,2015-2019,Pre-Pandemia,177675.0,1824037649.0,0.502,2.825,0.275,0.502,2.825,,,199.727,2.513
Saint Lucia,LCA,North America,NA,2020,2020-2023,Pandemia,178261.0,1361621707.0,0.487,2.734,0.358,0.487,2.734,,,203.37,2.396
Saint Lucia,LCA,North America,NA,2021,2020-2023,Pandemia,178540.0,1515672504.0,0.506,2.832,0.334,0.506,2.832,,,203.058,2.49
Saint Lucia,LCA,North America,NA,2022,2020-2023,Post-Pandemia,178794.0,1749086152.0,0.518,2.898,0.296,0.518,2.898,,,204.465,2.534
Saint Lucia,LCA,North America,NA,2023,2020-2023,Post-Pandemia,179291.0,,0.517,2.884,,0.517,2.884,,,199.229,2.595
Saint Pierre and Miquelon,SPM,North America,NA,2010,2010-2014,Pre-Pandemia,6047.0,,0.062,10.301,,0.062,10.301,,,167.033,0.373
Saint Pierre and Miquelon,SPM,North America,NA,2011,2010-2014,Pre-Pandemia,6036.0,,0.066,10.926,,0.066,10.926,,,175.658,0.375
Saint Pierre and Miquelon,SPM,North America,NA,2012,2010-2014,Pre-Pandemia,6019.0,,0.066,10.957,,0.066,10.957,,,178.074,0.37
Saint Pierre and Miquelon,SPM,North America,NA,2013,2010-2014,Pre-Pandemia,5999.0,,0.066,10.994,,0.066,10.994,,,173.889,0.379
Saint Pierre and Miquelon,SPM,North America,NA,2014,2010-2014,Pre-Pandemia,5984.0,,0.066,11.021,,0.066,11.021,,,165.291,0.399
Saint Pierre and Miquelon,SPM,North America,NA,2015,2015-2019,Pre-Pandemia,5971.0,,0.066,11.045,,0.066,11.045,,,165.291,0.399
Saint Pierre and Miquelon,SPM,North America,NA,2016,2015-2019,Pre-Pandemia,5957.0,,0.066,11.071,,0.066,11.071,,,162.347,0.406
Saint Pierre and Miquelon,SPM,North America,NA,2017,2015-2019,Pre-Pandemia,5946.0,,0.066,11.092,,0.066,11.092,,,165.291,0.399
Saint Pierre and Miquelon,SPM,North America,NA,2018,2015-2019,Pre-Pandemia,5932.0,,0.059,9.883,,0.059,9.883,,,204.921,0.286
Saint Pierre and Miquelon,SPM,North America,NA,2019,2015-2019,Pre-Pandemia,5899.0,,0.066,11.18,,0.066,11.18,,,215.667,0.306
Saint Pierre and Miquelon,SPM,North America,NA,2020,2020-2023,Pandemia,5852.0,,0.062,10.644,,0.062,10.644,,,216.642,0.288
Saint Pierre and Miquelon,SPM,North America,NA,2021,2020-2023,Pandemia,5802.0,,0.055,9.473,,0.055,9.473,,,213.754,0.257
Saint Pierre and Miquelon,SPM,North America,NA,2022,2020-2023,Post-Pandemia,5760.0,,0.053,9.268,,0.053,9.268,,,215.369,0.248
Saint Pierre and Miquelon,SPM,North America,NA,2023,2020-2023,Post-Pandemia,5707.0,,0.053,9.335,,0.053,9.335,,,179.348,0.297
Saint Vincent and the Grenadines,VCT,North America,NA,2010,2010-2014,Pre-Pandemia,109974.0,,0.224,2.032,,0.224,2.032,,,228.827,0.977
Saint Vincent and the Grenadines,VCT,North America,NA,2011,2010-2014,Pre-Pandemia,109367.0,,0.216,1.977,,0.216,1.977,,,239.121,0.904
Saint Vincent and the Grenadines,VCT,North America,NA,2012,2010-2014,Pre-Pandemia,108753.0,,0.231,2.123,,0.231,2.123,,,208.47,1.107
Saint Vincent and the Grenadines,VCT,North America,NA,2013,2010-2014,Pre-Pandemia,108156.0,,0.216,1.999,,0.216,1.999,,,239.915,0.901
Saint Vincent and the Grenadines,VCT,North America,NA,2014,2010-2014,Pre-Pandemia,107555.0,,0.256,2.385,,0.256,2.385,,,270.251,0.949
Saint Vincent and the Grenadines,VCT,North America,NA,2015,2015-2019,Pre-Pandemia,106975.0,,0.234,2.192,,0.234,2.192,,,243.144,0.964
Saint Vincent and the Grenadines,VCT,North America,NA,2016,2015-2019,Pre-Pandemia,106365.0,,0.242,2.274,,0.242,2.274,,,250.658,0.965
Saint Vincent and the Grenadines,VCT,North America,NA,2017,2015-2019,Pre-Pandemia,105674.0,,0.213,2.011,,0.213,2.011,,,191.692,1.109
Saint Vincent and the Grenadines,VCT,North America,NA,2018,2015-2019,Pre-Pandemia,104939.0,,0.242,2.304,,0.242,2.304,,,227.162,1.065
Saint Vincent and the Grenadines,VCT,North America,NA,2019,2015-2019,Pre-Pandemia,104183.0,,0.22,2.11,,0.22,2.11,,,224.976,0.977
Saint Vincent and the Grenadines,VCT,North America,NA,2020,2020-2023,Pandemia,103540.0,,0.238,2.3,,0.238,2.3,,,227.613,1.046
Saint Vincent and the Grenadines,VCT,North America,NA,2021,2020-2023,Pandemia,102848.0,,0.234,2.28,,0.234,2.28,,,227.756,1.03
Saint Vincent and the Grenadines,VCT,North America,NA,2022,2020-2023,Post-Pandemia,102063.0,,0.247,2.417,,0.247,2.417,,,229.929,1.073
Saint Vincent and the Grenadines,VCT,North America,NA,2023,2020-2023,Post-Pandemia,101331.0,,0.246,2.43,,0.246,2.43,,,217.775,1.131
Samoa,WSM,Oceania,OC,2010,2010-2014,Pre-Pandemia,193035.0,,0.187,0.968,,0.187,0.968,,,159.941,1.168
Samoa,WSM,Oceania,OC,2011,2010-2014,Pre-Pandemia,194726.0,,0.191,0.978,,0.191,0.978,,,161.611,1.179
Samoa,WSM,Oceania,OC,2012,2010-2014,Pre-Pandemia,196518.0,,0.191,0.97,,0.191,0.97,,,162.377,1.173
Samoa,WSM,Oceania,OC,2013,2010-2014,Pre-Pandemia,198284.0,,0.191,0.961,,0.191,0.961,,,166.318,1.146
Samoa,WSM,Oceania,OC,2014,2010-2014,Pre-Pandemia,200051.0,,0.202,1.007,,0.202,1.007,,,172.891,1.166
Samoa,WSM,Oceania,OC,2015,2015-2019,Pre-Pandemia,201794.0,,0.227,1.126,,0.227,1.126,,,168.102,1.351
Samoa,WSM,Oceania,OC,2016,2015-2019,Pre-Pandemia,203509.0,,0.238,1.17,,0.238,1.17,,,166.235,1.433
Samoa,WSM,Oceania,OC,2017,2015-2019,Pre-Pandemia,205423.0,,0.234,1.142,,0.234,1.142,,,170.674,1.374
Samoa,WSM,Oceania,OC,2018,2015-2019,Pre-Pandemia,207595.0,,0.234,1.13,,0.234,1.13,,,166.793,1.406
Samoa,WSM,Oceania,OC,2019,2015-2019,Pre-Pandemia,209794.0,,0.26,1.24,,0.26,1.24,,,172.111,1.511
Samoa,WSM,Oceania,OC,2020,2020-2023,Pandemia,211957.0,,0.234,1.106,,0.234,1.106,,,178.954,1.31
Samoa,WSM,Oceania,OC,2021,2020-2023,Pandemia,213792.0,,0.267,1.251,,0.267,1.251,,,204.828,1.306
Samoa,WSM,Oceania,OC,2022,2020-2023,Post-Pandemia,215270.0,,0.236,1.096,,0.236,1.096,,,174.893,1.349
Samoa,WSM,Oceania,OC,2023,2020-2023,Post-Pandemia,216673.0,,0.235,1.084,,0.235,1.084,,,165.712,1.417
San Marino,SMR,Europe,EU,2010,2010-2014,Pre-Pandemia,30648.0,,,,,,,,,,
San Marino,SMR,Europe,EU,2011,2010-2014,Pre-Pandemia,32194.0,,,,,,,,,,
San Marino,SMR,Europe,EU,2012,2010-2014,Pre-Pandemia,33494.0,,,,,,,,,,
San Marino,SMR,Europe,EU,2013,2010-2014,Pre-Pandemia,33641.0,,,,,,,,,,
San Marino,SMR,Europe,EU,2014,2010-2014,Pre-Pandemia,33753.0,,,,,,,,,,
San Marino,SMR,Europe,EU,2015,2015-2019,Pre-Pandemia,33927.0,,,,,,,,,,
San Marino,SMR,Europe,EU,2016,2015-2019,Pre-Pandemia,34188.0,,,,,,,,,,
San Marino,SMR,Europe,EU,2017,2015-2019,Pre-Pandemia,34405.0,,,,,,,,,,
San Marino,SMR,Europe,EU,2018,2015-2019,Pre-Pandemia,34557.0,,,,,,,,,,
San Marino,SMR,Europe,EU,2019,2015-2019,Pre-Pandemia,34674.0,,,,,,,,,,
San Marino,SMR,Europe,EU,2020,2020-2023,Pandemia,34796.0,,,,,,,,,,
San Marino,SMR,Europe,EU,2021,2020-2023,Pandemia,34599.0,,,,,,,,,,
San Marino,SMR,Europe,EU,2022,2020-2023,Post-Pandemia,34113.0,,,,,,,,,,
San Marino,SMR,Europe,EU,2023,2020-2023,Post-Pandemia,33761.0,,,,,,,,,,
Sao Tome and Principe,STP,Africa,AF,2010,2010-2014,Pre-Pandemia,181810.0,544428757.0,0.106,0.584,0.195,0.106,0.584,,,191.939,0.554
Sao Tome and Principe,STP,Africa,AF,2011,2010-2014,Pre-Pandemia,185665.0,572220000.0,0.099,0.533,0.173,0.099,0.533,,,173.112,0.571
Sao Tome and Principe,STP,Africa,AF,2012,2010-2014,Pre-Pandemia,189452.0,588711000.0,0.11,0.58,0.187,0.11,0.58,,,181.75,0.605
Sao Tome and Principe,STP,Africa,AF,2013,2010-2014,Pre-Pandemia,193158.0,619718000.0,0.11,0.569,0.177,0.11,0.569,,,181.75,0.605
Sao Tome and Principe,STP,Africa,AF,2014,2010-2014,Pre-Pandemia,196780.0,660060000.0,0.128,0.652,0.194,0.128,0.652,,,211.342,0.607
Sao Tome and Principe,STP,Africa,AF,2015,2015-2019,Pre-Pandemia,200308.0,687730000.0,0.136,0.677,0.197,0.136,0.677,,,215.59,0.629
Sao Tome and Principe,STP,Africa,AF,2016,2015-2019,Pre-Pandemia,203702.0,718608950.0,0.147,0.719,0.204,0.147,0.719,,,224.778,0.652
Sao Tome and Principe,STP,Africa,AF,2017,2015-2019,Pre-Pandemia,206986.0,745271993.0,0.139,0.673,0.187,0.139,0.673,,,210.206,0.662
Sao Tome and Principe,STP,Africa,AF,2018,2015-2019,Pre-Pandemia,210198.0,768095622.0,0.139,0.662,0.181,0.139,0.662,,,220.827,0.631
Sao Tome and Principe,STP,Africa,AF,2019,2015-2019,Pre-Pandemia,213405.0,784993764.0,0.147,0.687,0.187,0.147,0.687,,,220.946,0.663
Sao Tome and Principe,STP,Africa,AF,2020,2020-2023,Pandemia,217450.0,809328569.0,0.143,0.657,0.177,0.143,0.657,,,224.552,0.636
Sao Tome and Principe,STP,Africa,AF,2021,2020-2023,Pandemia,221975.0,824700110.0,0.143,0.644,0.173,0.143,0.644,,,216.83,0.659
Sao Tome and Principe,STP,Africa,AF,2022,2020-2023,Post-Pandemia,226313.0,825238400.0,0.136,0.599,0.164,0.136,0.599,,,232.976,0.582
Sao Tome and Principe,STP,Africa,AF,2023,2020-2023,Post-Pandemia,230882.0,,0.14,0.606,,0.14,0.606,,,210.357,0.665
Saudi Arabia,SAU,Asia,AS,2010,2010-2014,Pre-Pandemia,25157134.0,1156842077931.0,555.64,22.087,0.48,359.645,14.296,0.17,0.007,226.689,2451.107
Saudi Arabia,SAU,Asia,AS,2011,2010-2014,Pre-Pandemia,26105636.0,1347950226660.0,540.236,20.694,0.401,335.71,12.86,0.17,0.007,211.253,2557.291
Saudi Arabia,SAU,Asia,AS,2012,2010-2014,Pre-Pandemia,27062447.0,1421109142119.0,605.712,22.382,0.426,386.219,14.271,0.193,0.007,223.163,2714.211
Saudi Arabia,SAU,Asia,AS,2013,2010-2014,Pre-Pandemia,28026825.0,1461615692896.0,583.178,20.808,0.399,359.381,12.823,0.239,0.009,213.523,2731.22
Saudi Arabia,SAU,Asia,AS,2014,2010-2014,Pre-Pandemia,28998127.0,1520484201383.0,585.109,20.177,0.385,355.28,12.252,0.257,0.009,199.579,2931.717
Saudi Arabia,SAU,Asia,AS,2015,2015-2019,Pre-Pandemia,29974944.0,1591797027903.0,624.547,20.836,0.392,390.526,13.028,0.26,0.009,204.326,3056.625
Saudi Arabia,SAU,Asia,AS,2016,2015-2019,Pre-Pandemia,30717804.0,1629412617614.0,641.174,20.873,0.394,395.724,12.883,0.33,0.011,201.637,3179.844
Saudi Arabia,SAU,Asia,AS,2017,2015-2019,Pre-Pandemia,30782400.0,1628276592787.0,644.487,20.937,0.396,393.125,12.771,0.52,0.017,202.553,3181.819
Saudi Arabia,SAU,Asia,AS,2018,2015-2019,Pre-Pandemia,30365119.0,1673253984473.0,652.204,21.479,0.39,391.612,12.897,0.462,0.015,210.275,3101.678
Saudi Arabia,SAU,Asia,AS,2019,2015-2019,Pre-Pandemia,30472809.0,1687180073621.0,708.335,23.245,0.42,446.993,14.669,0.484,0.016,238.707,2967.379
Saudi Arabia,SAU,Asia,AS,2020,2020-2023,Pandemia,30991206.0,1613932868835.0,653.565,21.089,0.405,388.279,12.529,0.425,0.014,226.284,2888.253
Saudi Arabia,SAU,Asia,AS,2021,2020-2023,Pandemia,31328374.0,1677226744197.0,695.394,22.197,0.415,420.649,13.427,0.517,0.016,233.17,2982.346
Saudi Arabia,SAU,Asia,AS,2022,2020-2023,Post-Pandemia,32175351.0,1823886192336.0,666.994,20.73,0.366,435.507,13.535,0.509,0.016,211.74,3150.054
Saudi Arabia,SAU,Asia,AS,2023,2020-2023,Post-Pandemia,33264289.0,,677.442,20.365,,443.735,13.34,0.63,0.019,211.652,3200.741
Senegal,SEN,Africa,AF,2010,2010-2014,Pre-Pandemia,12635418.0,29674469620.0,6.862,0.543,0.231,4.573,0.362,0.674,0.053,260.048,26.389
Senegal,SEN,Africa,AF,2011,2010-2014,Pre-Pandemia,12958902.0,30201416523.0,7.819,0.603,0.259,5.051,0.39,0.942,0.073,282.334,27.694
Senegal,SEN,Africa,AF,2012,2010-2014,Pre-Pandemia,13310499.0,31410375400.0,7.362,0.553,0.234,4.697,0.353,0.817,0.061,271.566,27.11
Senegal,SEN,Africa,AF,2013,2010-2014,Pre-Pandemia,13710857.0,32167998974.0,7.853,0.573,0.244,4.934,0.36,0.814,0.059,278.023,28.245
Senegal,SEN,Africa,AF,2014,2010-2014,Pre-Pandemia,14152103.0,34170131826.0,8.724,0.616,0.255,5.654,0.399,1.099,0.078,277.675,31.419
Senegal,SEN,Africa,AF,2015,2015-2019,Pre-Pandemia,14593335.0,36345743124.0,9.845,0.675,0.271,6.859,0.47,1.15,0.079,269.752,36.498
Senegal,SEN,Africa,AF,2016,2015-2019,Pre-Pandemia,15034517.0,38655882471.0,10.013,0.666,0.259,6.769,0.45,1.205,0.08,284.326,35.216
Senegal,SEN,Africa,AF,2017,2015-2019,Pre-Pandemia,15475001.0,41519118886.0,10.757,0.695,0.259,7.256,0.469,1.439,0.093,288.702,37.261
Senegal,SEN,Africa,AF,2018,2015-2019,Pre-Pandemia,15914495.0,44097044770.0,11.33,0.712,0.257,6.951,0.437,2.261,0.142,285.594,39.673
Senegal,SEN,Africa,AF,2019,2015-2019,Pre-Pandemia,16352926.0,46131678369.0,12.711,0.777,0.276,7.971,0.487,2.089,0.128,304.104,41.8
Senegal,SEN,Africa,AF,2020,2020-2023,Pandemia,16789217.0,46743389453.0,10.82,0.644,0.231,6.718,0.4,1.349,0.08,280.701,38.546
Senegal,SEN,Africa,AF,2021,2020-2023,Pandemia,17220866.0,49579310412.0,12.319,0.715,0.248,7.427,0.431,1.971,0.114,276.525,44.549
Senegal,SEN,Africa,AF,2022,2020-2023,Post-Pandemia,17651099.0,51913993763.0,14.133,0.801,0.272,8.933,0.506,2.089,0.118,301.981,46.8
Senegal,SEN,Africa,AF,2023,2020-2023,Post-Pandemia,18077573.0,,14.082,0.779,,8.542,0.473,2.429,0.134,283.706,49.635
Serbia,SRB,Europe,EU,2010,2010-2014,Pre-Pandemia,7395872.0,88047936265.0,45.694,6.178,0.519,9.585,1.296,30.814,4.166,255.485,178.854
Serbia,SRB,Europe,EU,2011,2010-2014,Pre-Pandemia,7364858.0,91032746041.0,48.956,6.647,0.538,9.296,1.262,34.273,4.654,261.784,187.01
Serbia,SRB,Europe,EU,2012,2010-2014,Pre-Pandemia,7324624.0,90412315334.0,43.764,5.975,0.484,8.893,1.214,30.107,4.11,250.622,174.62
Serbia,SRB,Europe,EU,2013,2010-2014,Pre-Pandemia,7276183.0,93027618312.0,44.576,6.126,0.479,8.215,1.129,31.28,4.299,258.715,172.298
Serbia,SRB,Europe,EU,2014,2010-2014,Pre-Pandemia,7227203.0,91548933459.0,37.331,5.165,0.408,8.215,1.137,24.622,3.407,248.576,150.18
Serbia,SRB,Europe,EU,2015,2015-2019,Pre-Pandemia,7177257.0,93202353035.0,43.897,6.116,0.471,8.489,1.183,30.558,4.258,257.418,170.528
Serbia,SRB,Europe,EU,2016,2015-2019,Pre-Pandemia,7126083.0,96313997829.0,45.193,6.342,0.469,8.89,1.247,31.077,4.361,259.52,174.139
Serbia,SRB,Europe,EU,2017,2015-2019,Pre-Pandemia,7073507.0,98337716405.0,45.673,6.457,0.464,8.874,1.255,31.012,4.384,251.84,181.355
Serbia,SRB,Europe,EU,2018,2015-2019,Pre-Pandemia,7020014.0,102758122729.0,44.478,6.336,0.433,8.969,1.278,29.595,4.216,245.634,181.075
Serbia,SRB,Europe,EU,2019,2015-2019,Pre-Pandemia,6966155.0,107209329080.0,44.445,6.38,0.415,9.223,1.324,29.597,4.249,245.474,181.056
Serbia,SRB,Europe,EU,2020,2020-2023,Pandemia,6907814.0,106240984752.0,45.356,6.566,0.427,8.602,1.245,31.032,4.492,254.58,178.161
Serbia,SRB,Europe,EU,2021,2020-2023,Pandemia,6835429.0,114262090563.0,43.886,6.42,0.384,9.65,1.412,27.463,4.018,235.457,186.387
Serbia,SRB,Europe,EU,2022,2020-2023,Post-Pandemia,6791215.0,116834638171.0,44.462,6.547,0.381,10.755,1.584,27.112,3.992,249.347,178.316
Serbia,SRB,Europe,EU,2023,2020-2023,Post-Pandemia,6773204.0,,42.907,6.335,,10.617,1.567,25.68,3.791,243.824,175.977
Seychelles,SYC,Africa,AF,2010,2010-2014,Pre-Pandemia,94993.0,1772951640.0,0.44,4.629,0.248,0.44,4.629,,,104.85,4.193
Seychelles,SYC,Africa,AF,2011,2010-2014,Pre-Pandemia,97041.0,1917505000.0,0.403,4.153,0.21,0.403,4.153,,,111.936,3.601
Seychelles,SYC,Africa,AF,2012,2010-2014,Pre-Pandemia,99565.0,1991700000.0,0.418,4.195,0.21,0.418,4.195,,,100.819,4.143
Seychelles,SYC,Africa,AF,2013,2010-2014,Pre-Pandemia,102108.0,2096276000.0,0.414,4.055,0.198,0.414,4.055,,,111.009,3.73
Seychelles,SYC,Africa,AF,2014,2010-2014,Pre-Pandemia,104663.0,2231000000.0,0.458,4.376,0.205,0.458,4.376,,,104.995,4.362
Seychelles,SYC,Africa,AF,2015,2015-2019,Pre-Pandemia,107247.0,2363480000.0,0.498,4.646,0.211,0.498,4.646,,,110.241,4.52
Seychelles,SYC,Africa,AF,2016,2015-2019,Pre-Pandemia,109836.0,2658740126.0,0.553,5.037,0.208,0.553,5.037,,,109.884,5.035
Seychelles,SYC,Africa,AF,2017,2015-2019,Pre-Pandemia,112443.0,2824383463.0,0.575,5.116,0.204,0.575,5.116,,,109.58,5.25
Seychelles,SYC,Africa,AF,2018,2015-2019,Pre-Pandemia,115053.0,2983293782.0,0.597,5.191,0.2,0.597,5.191,,,141.125,4.232
Seychelles,SYC,Africa,AF,2019,2015-2019,Pre-Pandemia,117662.0,3137071789.0,0.59,5.014,0.188,0.59,5.014,,,153.737,3.837
Seychelles,SYC,Africa,AF,2020,2020-2023,Pandemia,120299.0,2871729130.0,0.597,4.965,0.208,0.597,4.965,,,166.145,3.595
Seychelles,SYC,Africa,AF,2021,2020-2023,Pandemia,123000.0,2944095268.0,0.612,4.975,0.208,0.612,4.975,,,179.632,3.406
Seychelles,SYC,Africa,AF,2022,2020-2023,Post-Pandemia,125533.0,3053368129.0,0.629,5.01,0.206,0.629,5.01,,,174.392,3.606
Seychelles,SYC,Africa,AF,2023,2020-2023,Post-Pandemia,127961.0,,0.641,5.012,,0.641,5.012,,,161.566,3.969
Sierra Leone,SLE,Africa,AF,2010,2010-2014,Pre-Pandemia,6222715.0,7455363914.0,0.546,0.088,0.073,0.546,0.088,,,200.632,2.721
Sierra Leone,SLE,Africa,AF,2011,2010-2014,Pre-Pandemia,6387258.0,7933356000.0,0.714,0.112,0.09,0.714,0.112,,,206.697,3.457
Sierra Leone,SLE,Africa,AF,2012,2010-2014,Pre-Pandemia,6551078.0,9134190000.0,0.832,0.127,0.091,0.832,0.127,,,211.181,3.938
Sierra Leone,SLE,Africa,AF,2013,2010-2014,Pre-Pandemia,6714057.0,11029545000.0,1.052,0.157,0.095,1.052,0.157,,,226.83,4.636
Sierra Leone,SLE,Africa,AF,2014,2010-2014,Pre-Pandemia,6876385.0,11528208000.0,1.129,0.164,0.098,1.129,0.164,,,222.116,5.081
Sierra Leone,SLE,Africa,AF,2015,2015-2019,Pre-Pandemia,7037660.0,9188877000.0,1.084,0.154,0.118,1.084,0.154,,,263.077,4.121
Sierra Leone,SLE,Africa,AF,2016,2015-2019,Pre-Pandemia,7205339.0,9765347713.0,1.14,0.158,0.117,1.14,0.158,,,270.097,4.219
Sierra Leone,SLE,Africa,AF,2017,2015-2019,Pre-Pandemia,7379300.0,10128155156.0,1.096,0.148,0.108,1.096,0.148,,,262.332,4.176
Sierra Leone,SLE,Africa,AF,2018,2015-2019,Pre-Pandemia,7554568.0,10480967104.0,1.037,0.137,0.099,1.037,0.137,,,226.036,4.587
Sierra Leone,SLE,Africa,AF,2019,2015-2019,Pre-Pandemia,7731994.0,11031662186.0,1.118,0.145,0.101,1.118,0.145,,,223.519,5.0
Sierra Leone,SLE,Africa,AF,2020,2020-2023,Pandemia,7912557.0,10814455084.0,1.187,0.15,0.11,1.187,0.15,,,226.222,5.248
Sierra Leone,SLE,Africa,AF,2021,2020-2023,Pandemia,8094603.0,11258356071.0,1.484,0.183,0.132,1.484,0.183,,,229.245,6.472
Sierra Leone,SLE,Africa,AF,2022,2020-2023,Post-Pandemia,8276809.0,11681270534.0,1.444,0.174,0.124,1.444,0.174,,,227.417,6.348
Sierra Leone,SLE,Africa,AF,2023,2020-2023,Post-Pandemia,8460523.0,,1.38,0.163,,1.38,0.163,,,204.505,6.75
Singapore,SGP,Asia,AS,2010,2010-2014,Pre-Pandemia,5077020.0,297586792174.0,44.4,8.745,0.149,29.49,5.809,0.051,0.01,56.058,792.033
Singapore,SGP,Asia,AS,2011,2010-2014,Pre-Pandemia,5182242.0,319718127421.0,47.0,9.069,0.147,31.963,6.168,0.029,0.006,57.028,824.16
Singapore,SGP,Asia,AS,2012,2010-2014,Pre-Pandemia,5293345.0,333899221028.0,46.1,8.709,0.138,29.73,5.617,0.095,0.018,55.457,831.272
Singapore,SGP,Asia,AS,2013,2010-2014,Pre-Pandemia,5385589.0,349985256634.0,47.0,8.727,0.134,27.676,5.139,1.0,0.186,55.745,843.129
Singapore,SGP,Asia,AS,2014,2010-2014,Pre-Pandemia,5457899.0,363759075569.0,47.6,8.721,0.131,26.912,4.931,1.473,0.27,55.319,860.464
Singapore,SGP,Asia,AS,2015,2015-2019,Pre-Pandemia,5525343.0,374587437267.0,49.4,8.941,0.132,28.305,5.123,1.539,0.279,54.189,911.619
Singapore,SGP,Asia,AS,2016,2015-2019,Pre-Pandemia,5577936.0,388078809982.0,49.1,8.803,0.127,27.438,4.919,1.616,0.29,51.098,960.892
Singapore,SGP,Asia,AS,2017,2015-2019,Pre-Pandemia,5604087.0,405715948493.0,50.1,8.94,0.123,26.542,4.736,3.404,0.607,50.806,986.095
Singapore,SGP,Asia,AS,2018,2015-2019,Pre-Pandemia,5634366.0,420221993120.0,50.3,8.927,0.12,27.907,4.953,1.81,0.321,50.625,993.577
Singapore,SGP,Asia,AS,2019,2015-2019,Pre-Pandemia,5669562.0,425816263950.0,49.0,8.643,0.115,26.375,4.652,1.737,0.306,50.282,974.507
Singapore,SGP,Asia,AS,2020,2020-2023,Pandemia,5620151.0,409204971045.0,46.7,8.309,0.114,23.943,4.26,1.641,0.292,51.129,913.371
Singapore,SGP,Asia,AS,2021,2020-2023,Pandemia,5546291.0,445551993008.0,50.1,9.033,0.112,26.789,4.83,1.759,0.317,54.931,912.046
Singapore,SGP,Asia,AS,2022,2020-2023,Post-Pandemia,5649888.0,461801118473.0,48.934,8.661,0.106,26.282,4.652,1.572,0.278,54.636,895.63
Singapore,SGP,Asia,AS,2023,2020-2023,Post-Pandemia,5789092.0,,51.068,8.821,,29.888,5.163,1.275,0.22,51.514,991.33
Sint Maarten (Dutch part),SXM,North America,NA,2010,2010-2014,Pre-Pandemia,33814.0,,0.449,13.278,,0.449,13.278,0.0,0.0,,
Sint Maarten (Dutch part),SXM,North America,NA,2011,2010-2014,Pre-Pandemia,34288.0,,0.573,16.705,,0.573,16.705,0.0,0.0,,
Sint Maarten (Dutch part),SXM,North America,NA,2012,2010-2014,Pre-Pandemia,35040.0,,0.7,19.972,,0.7,19.972,,,,
Sint Maarten (Dutch part),SXM,North America,NA,2013,2010-2014,Pre-Pandemia,35871.0,,0.714,19.918,,0.714,19.918,,,,
Sint Maarten (Dutch part),SXM,North America,NA,2014,2010-2014,Pre-Pandemia,36695.0,,0.725,19.77,,0.725,19.77,,,,
Sint Maarten (Dutch part),SXM,North America,NA,2015,2015-2019,Pre-Pandemia,37490.0,,0.744,19.84,,0.744,19.84,,,,
Sint Maarten (Dutch part),SXM,North America,NA,2016,2015-2019,Pre-Pandemia,38274.0,,0.747,19.529,,0.747,19.529,,,,
Sint Maarten (Dutch part),SXM,North America,NA,2017,2015-2019,Pre-Pandemia,39012.0,,0.703,18.033,,0.703,18.033,,,,
Sint Maarten (Dutch part),SXM,North America,NA,2018,2015-2019,Pre-Pandemia,39736.0,,0.685,17.243,,0.685,17.243,,,,
Sint Maarten (Dutch part),SXM,North America,NA,2019,2015-2019,Pre-Pandemia,40410.0,,0.689,17.046,,0.689,17.046,,,,
Sint Maarten (Dutch part),SXM,North America,NA,2020,2020-2023,Pandemia,41027.0,,0.652,15.897,,0.652,15.897,,,,
Sint Maarten (Dutch part),SXM,North America,NA,2021,2020-2023,Pandemia,41593.0,,0.682,16.385,,0.682,16.385,,,,
Sint Maarten (Dutch part),SXM,North America,NA,2022,2020-2023,Post-Pandemia,42163.0,,0.692,16.424,,0.692,16.424,,,,
Sint Maarten (Dutch part),SXM,North America,NA,2023,2020-2023,Post-Pandemia,42775.0,,0.691,16.157,,0.691,16.157,,,,
Slovakia,SVK,Europe,EU,2010,2010-2014,Pre-Pandemia,5391857.0,118344324253.0,38.464,7.134,0.325,9.229,1.712,15.945,2.957,187.175,205.5
Slovakia,SVK,Europe,EU,2011,2010-2014,Pre-Pandemia,5398105.0,120554965758.0,38.045,7.048,0.316,8.75,1.621,16.191,2.999,192.447,197.691
Slovakia,SVK,Europe,EU,2012,2010-2014,Pre-Pandemia,5404877.0,122144694992.0,35.961,6.654,0.294,9.003,1.666,14.461,2.676,189.377,189.893
Slovakia,SVK,Europe,EU,2013,2010-2014,Pre-Pandemia,5410422.0,122917618179.0,35.622,6.584,0.29,8.868,1.639,14.153,2.616,183.063,194.587
Slovakia,SVK,Europe,EU,2014,2010-2014,Pre-Pandemia,5415238.0,126232947119.0,33.708,6.225,0.267,8.748,1.615,13.966,2.579,186.11,181.12
Slovakia,SVK,Europe,EU,2015,2015-2019,Pre-Pandemia,5420278.0,132755573802.0,34.528,6.37,0.26,9.528,1.758,13.797,2.545,188.687,182.99
Slovakia,SVK,Europe,EU,2016,2015-2019,Pre-Pandemia,5427262.0,135336424966.0,34.978,6.445,0.258,9.897,1.824,13.701,2.524,189.33,184.744
Slovakia,SVK,Europe,EU,2017,2015-2019,Pre-Pandemia,5435702.0,139312659832.0,36.184,6.657,0.26,10.011,1.842,14.158,2.605,185.945,194.595
Slovakia,SVK,Europe,EU,2018,2015-2019,Pre-Pandemia,5443229.0,144927513498.0,36.184,6.648,0.25,10.124,1.86,14.095,2.59,189.153,191.296
Slovakia,SVK,Europe,EU,2019,2015-2019,Pre-Pandemia,5450627.0,148579167627.0,33.853,6.211,0.228,10.222,1.875,11.674,2.142,183.14,184.849
Slovakia,SVK,Europe,EU,2020,2020-2023,Pandemia,5455028.0,143565091421.0,31.176,5.715,0.217,9.518,1.745,9.854,1.806,172.125,181.125
Slovakia,SVK,Europe,EU,2021,2020-2023,Pandemia,5442766.0,147892579134.0,35.251,6.477,0.238,10.145,1.864,12.076,2.219,180.569,195.223
Slovakia,SVK,Europe,EU,2022,2020-2023,Post-Pandemia,5473195.0,150360426456.0,31.589,5.772,0.21,10.349,1.891,9.926,1.814,175.602,179.893
Slovakia,SVK,Europe,EU,2023,2020-2023,Post-Pandemia,5518057.0,,30.766,5.576,,10.119,1.834,10.152,1.84,166.907,184.332
Slovenia,SVN,Europe,EU,2010,2010-2014,Pre-Pandemia,2044611.0,53649775101.0,16.466,8.053,0.307,7.622,3.728,6.284,3.073,190.206,86.567
Slovenia,SVN,Europe,EU,2011,2010-2014,Pre-Pandemia,2048805.0,53761447942.0,16.364,7.987,0.304,7.654,3.736,6.327,3.088,194.722,84.039
Slovenia,SVN,Europe,EU,2012,2010-2014,Pre-Pandemia,2053322.0,52342432631.0,15.765,7.678,0.301,7.459,3.633,5.992,2.918,193.06,81.659
Slovenia,SVN,Europe,EU,2013,2010-2014,Pre-Pandemia,2056452.0,51803647300.0,15.137,7.361,0.292,7.085,3.445,5.741,2.792,187.386,80.779
Slovenia,SVN,Europe,EU,2014,2010-2014,Pre-Pandemia,2058395.0,53237651266.0,13.568,6.592,0.255,6.924,3.364,4.505,2.189,163.748,82.861
Slovenia,SVN,Europe,EU,2015,2015-2019,Pre-Pandemia,2059946.0,54414237086.0,13.659,6.631,0.251,6.844,3.323,4.615,2.241,182.809,74.716
Slovenia,SVN,Europe,EU,2016,2015-2019,Pre-Pandemia,2061379.0,56151179265.0,14.468,7.019,0.258,7.216,3.5,4.964,2.408,181.171,79.858
Slovenia,SVN,Europe,EU,2017,2015-2019,Pre-Pandemia,2062410.0,58855036945.0,14.637,7.097,0.249,7.284,3.532,4.907,2.379,181.331,80.721
Slovenia,SVN,Europe,EU,2018,2015-2019,Pre-Pandemia,2069484.0,61476689663.0,14.563,7.037,0.237,7.331,3.543,4.792,2.316,176.759,82.391
Slovenia,SVN,Europe,EU,2019,2015-2019,Pre-Pandemia,2083438.0,63598215879.0,14.053,6.745,0.221,7.034,3.376,4.53,2.174,175.658,80.002
Slovenia,SVN,Europe,EU,2020,2020-2023,Pandemia,2102421.0,60849951865.0,12.873,6.123,0.212,5.996,2.852,4.391,2.089,166.543,77.295
Slovenia,SVN,Europe,EU,2021,2020-2023,Pandemia,2113495.0,65846342756.0,13.076,6.187,0.199,6.515,3.082,3.99,1.888,170.747,76.582
Slovenia,SVN,Europe,EU,2022,2020-2023,Post-Pandemia,2115231.0,69385349463.0,12.728,6.017,0.183,7.117,3.365,3.242,1.533,180.277,70.602
Slovenia,SVN,Europe,EU,2023,2020-2023,Post-Pandemia,2118394.0,,12.012,5.67,,6.619,3.125,3.101,1.464,162.851,73.762
Solomon Islands,SLB,Oceania,OC,2010,2010-2014,Pre-Pandemia,532976.0,,0.333,0.626,,0.333,0.626,,,214.215,1.556
Solomon Islands,SLB,Oceania,OC,2011,2010-2014,Pre-Pandemia,552958.0,,0.348,0.629,,0.348,0.629,,,215.641,1.614
Solomon Islands,SLB,Oceania,OC,2012,2010-2014,Pre-Pandemia,573623.0,,0.344,0.6,,0.344,0.6,,,212.756,1.619
Solomon Islands,SLB,Oceania,OC,2013,2010-2014,Pre-Pandemia,594952.0,,0.377,0.634,,0.377,0.634,,,234.073,1.612
Solomon Islands,SLB,Oceania,OC,2014,2010-2014,Pre-Pandemia,616915.0,,0.33,0.535,,0.33,0.535,,,217.36,1.517
Solomon Islands,SLB,Oceania,OC,2015,2015-2019,Pre-Pandemia,639423.0,,0.297,0.464,,0.297,0.464,,,214.163,1.386
Solomon Islands,SLB,Oceania,OC,2016,2015-2019,Pre-Pandemia,662387.0,,0.293,0.443,,0.293,0.443,,,220.245,1.331
Solomon Islands,SLB,Oceania,OC,2017,2015-2019,Pre-Pandemia,685677.0,,0.289,0.422,,0.289,0.422,,,219.063,1.321
Solomon Islands,SLB,Oceania,OC,2018,2015-2019,Pre-Pandemia,709109.0,,0.293,0.413,,0.293,0.413,,,216.606,1.353
Solomon Islands,SLB,Oceania,OC,2019,2015-2019,Pre-Pandemia,728156.0,,0.297,0.408,,0.297,0.408,,,222.812,1.332
Solomon Islands,SLB,Oceania,OC,2020,2020-2023,Pandemia,744505.0,,0.293,0.394,,0.293,0.394,,,224.756,1.304
Solomon Islands,SLB,Oceania,OC,2021,2020-2023,Pandemia,762594.0,,0.289,0.38,,0.289,0.38,,,224.387,1.29
Solomon Islands,SLB,Oceania,OC,2022,2020-2023,Post-Pandemia,781075.0,,0.283,0.362,,0.283,0.362,,,226.238,1.251
Solomon Islands,SLB,Oceania,OC,2023,2020-2023,Post-Pandemia,800014.0,,0.282,0.352,,0.282,0.352,,,220.467,1.278
Somalia,SOM,Africa,AF,2010,2010-2014,Pre-Pandemia,12261761.0,,0.777,0.063,,0.777,0.063,,,228.124,3.405
Somalia,SOM,Africa,AF,2011,2010-2014,Pre-Pandemia,12348829.0,,0.81,0.066,,0.81,0.066,,,237.809,3.405
Somalia,SOM,Africa,AF,2012,2010-2014,Pre-Pandemia,12461163.0,,0.832,0.067,,0.832,0.067,,,243.979,3.409
Somalia,SOM,Africa,AF,2013,2010-2014,Pre-Pandemia,12869599.0,,0.857,0.067,,0.857,0.067,,,251.502,3.409
Somalia,SOM,Africa,AF,2014,2010-2014,Pre-Pandemia,13339497.0,,0.887,0.066,,0.887,0.066,,,260.093,3.409
Somalia,SOM,Africa,AF,2015,2015-2019,Pre-Pandemia,13806969.0,,0.923,0.067,,0.923,0.067,,,261.135,3.536
Somalia,SOM,Africa,AF,2016,2015-2019,Pre-Pandemia,14348741.0,,0.956,0.067,,0.956,0.067,,,265.16,3.607
Somalia,SOM,Africa,AF,2017,2015-2019,Pre-Pandemia,14916630.0,,0.993,0.067,,0.993,0.067,,,275.943,3.598
Somalia,SOM,Africa,AF,2018,2015-2019,Pre-Pandemia,15452489.0,,1.033,0.067,,1.033,0.067,,,204.632,5.049
Somalia,SOM,Africa,AF,2019,2015-2019,Pre-Pandemia,16030969.0,,1.07,0.067,,1.07,0.067,,,204.594,5.229
Somalia,SOM,Africa,AF,2020,2020-2023,Pandemia,16651200.0,,1.14,0.068,,1.14,0.068,,,200.613,5.68
Somalia,SOM,Africa,AF,2021,2020-2023,Pandemia,17271435.0,,1.154,0.067,,1.154,0.067,,,198.447,5.816
Somalia,SOM,Africa,AF,2022,2020-2023,Post-Pandemia,17801895.0,,1.271,0.071,,1.271,0.071,,,198.551,6.403
Somalia,SOM,Africa,AF,2023,2020-2023,Post-Pandemia,18358622.0,,1.296,0.071,,1.296,0.071,,,195.718,6.624
South Africa,ZAF,Africa,AF,2010,2010-2014,Pre-Pandemia,52344047.0,607601612432.0,467.353,8.928,0.769,46.324,0.885,406.924,7.774,319.232,1463.989
South Africa,ZAF,Africa,AF,2011,2010-2014,Pre-Pandemia,52995212.0,645388107070.0,474.273,8.949,0.735,60.247,1.137,400.454,7.556,327.941,1446.214
South Africa,ZAF,Africa,AF,2012,2010-2014,Pre-Pandemia,53782570.0,660853021773.0,461.438,8.58,0.698,49.468,0.92,398.009,7.4,324.02,1424.104
South Africa,ZAF,Africa,AF,2013,2010-2014,Pre-Pandemia,54678789.0,677278303675.0,456.188,8.343,0.674,49.515,0.906,392.345,7.175,318.886,1430.569
South Africa,ZAF,Africa,AF,2014,2010-2014,Pre-Pandemia,55594840.0,686853872664.0,481.638,8.663,0.701,54.539,0.981,413.196,7.432,332.612,1448.045
South Africa,ZAF,Africa,AF,2015,2015-2019,Pre-Pandemia,56723536.0,695933197143.0,457.473,8.065,0.657,54.688,0.964,387.494,6.831,323.208,1415.416
South Africa,ZAF,Africa,AF,2016,2015-2019,Pre-Pandemia,57259550.0,700558003750.0,457.05,7.982,0.652,59.012,1.031,384.489,6.715,308.805,1480.061
South Africa,ZAF,Africa,AF,2017,2015-2019,Pre-Pandemia,57635158.0,708670169977.0,440.01,7.634,0.621,57.257,0.993,369.903,6.418,298.283,1475.142
South Africa,ZAF,Africa,AF,2018,2015-2019,Pre-Pandemia,58613001.0,719458334697.0,453.766,7.742,0.631,54.275,0.926,384.222,6.555,321.852,1409.859
South Africa,ZAF,Africa,AF,2019,2015-2019,Pre-Pandemia,59587880.0,721641639539.0,470.727,7.9,0.652,50.167,0.842,405.224,6.8,319.851,1471.708
South Africa,ZAF,Africa,AF,2020,2020-2023,Pandemia,60562374.0,675871755463.0,435.298,7.188,0.644,46.606,0.77,374.003,6.176,311.016,1399.597
South Africa,ZAF,Africa,AF,2021,2020-2023,Pandemia,61502602.0,709077881289.0,439.464,7.145,0.62,59.91,0.974,366.528,5.96,312.641,1405.65
South Africa,ZAF,Africa,AF,2022,2020-2023,Post-Pandemia,62378417.0,723559323969.0,428.782,6.874,0.593,59.159,0.948,357.02,5.723,318.52,1346.169
South Africa,ZAF,Africa,AF,2023,2020-2023,Post-Pandemia,63212386.0,,436.604,6.907,,59.618,0.943,363.604,5.752,319.158,1367.989
South Korea,KOR,Asia,AS,2010,2010-2014,Pre-Pandemia,48769329.0,1562822824921.0,594.339,12.187,0.38,176.156,3.612,295.05,6.05,194.468,3056.228
South Korea,KOR,Asia,AS,2011,2010-2014,Pre-Pandemia,49127640.0,1609219825000.0,623.443,12.69,0.387,171.469,3.49,320.169,6.517,194.319,3208.351
South Korea,KOR,Asia,AS,2012,2010-2014,Pre-Pandemia,49599580.0,1647889319531.0,627.943,12.66,0.381,170.817,3.444,316.99,6.391,193.64,3242.844
South Korea,KOR,Asia,AS,2013,2010-2014,Pre-Pandemia,50071168.0,1700045113031.0,634.581,12.674,0.373,168.582,3.367,320.644,6.404,195.715,3242.374
South Korea,KOR,Asia,AS,2014,2010-2014,Pre-Pandemia,50539055.0,1754480590300.0,629.366,12.453,0.359,161.534,3.196,331.304,6.555,192.504,3269.37
South Korea,KOR,Asia,AS,2015,2015-2019,Pre-Pandemia,50983909.0,1803763858886.0,634.177,12.439,0.352,170.594,3.346,335.411,6.579,190.988,3320.509
South Korea,KOR,Asia,AS,2016,2015-2019,Pre-Pandemia,51297836.0,1856920794289.0,637.914,12.435,0.344,184.034,3.588,320.697,6.252,185.497,3438.942
South Korea,KOR,Asia,AS,2017,2015-2019,Pre-Pandemia,51486268.0,1915599559593.0,654.537,12.713,0.342,179.413,3.485,337.669,6.558,188.112,3479.517
South Korea,KOR,Asia,AS,2018,2015-2019,Pre-Pandemia,51640894.0,1971285914824.0,670.169,12.977,0.34,177.633,3.44,340.348,6.591,188.114,3562.572
South Korea,KOR,Asia,AS,2019,2015-2019,Pre-Pandemia,51767844.0,2015521635585.0,646.102,12.481,0.321,175.797,3.396,321.606,6.212,183.764,3515.935
South Korea,KOR,Asia,AS,2020,2020-2023,Pandemia,51858481.0,2001231642062.0,597.634,11.524,0.299,165.068,3.183,282.883,5.455,176.308,3389.709
South Korea,KOR,Asia,AS,2021,2020-2023,Pandemia,51848401.0,2084182684453.0,616.075,11.882,0.296,171.484,3.307,283.908,5.476,172.41,3573.318
South Korea,KOR,Asia,AS,2022,2020-2023,Post-Pandemia,51782515.0,2137558645699.0,606.877,11.72,0.284,173.664,3.354,272.884,5.27,167.666,3619.57
South Korea,KOR,Asia,AS,2023,2020-2023,Post-Pandemia,51748744.0,,589.178,11.385,,170.359,3.292,263.886,5.099,165.597,3557.898
South Sudan,SSD,Africa,AF,2010,2010-2014,Pre-Pandemia,9745955.0,,1.27,0.13,,1.27,0.13,0.0,0.0,,
South Sudan,SSD,Africa,AF,2011,2010-2014,Pre-Pandemia,10288112.0,,1.239,0.12,,1.239,0.12,0.0,0.0,,
South Sudan,SSD,Africa,AF,2012,2010-2014,Pre-Pandemia,10756245.0,,1.33,0.124,,1.33,0.124,,,223.041,5.963
South Sudan,SSD,Africa,AF,2013,2010-2014,Pre-Pandemia,11166280.0,,1.444,0.129,,1.444,0.129,,,228.865,6.308
South Sudan,SSD,Africa,AF,2014,2010-2014,Pre-Pandemia,11235071.0,,1.499,0.133,,1.499,0.133,,,229.636,6.526
South Sudan,SSD,Africa,AF,2015,2015-2019,Pre-Pandemia,11107569.0,,1.913,0.172,,1.913,0.172,,,239.12,7.999
South Sudan,SSD,Africa,AF,2016,2015-2019,Pre-Pandemia,10830108.0,,1.704,0.157,,1.704,0.157,,,220.556,7.725
South Sudan,SSD,Africa,AF,2017,2015-2019,Pre-Pandemia,10259150.0,,1.455,0.142,,1.455,0.142,,,214.94,6.768
South Sudan,SSD,Africa,AF,2018,2015-2019,Pre-Pandemia,10122983.0,,1.737,0.172,,1.737,0.172,,,220.855,7.864
South Sudan,SSD,Africa,AF,2019,2015-2019,Pre-Pandemia,10423382.0,,1.77,0.17,,1.77,0.17,,,238.527,7.419
South Sudan,SSD,Africa,AF,2020,2020-2023,Pandemia,10698471.0,,1.707,0.16,,1.707,0.16,,,254.152,6.718
South Sudan,SSD,Africa,AF,2021,2020-2023,Pandemia,10865786.0,,1.74,0.16,,1.74,0.16,,,239.689,7.261
South Sudan,SSD,Africa,AF,2022,2020-2023,Post-Pandemia,11021175.0,,1.634,0.148,,1.634,0.148,,,239.88,6.812
South Sudan,SSD,Africa,AF,2023,2020-2023,Post-Pandemia,11483370.0,,1.666,0.145,,1.666,0.145,,,234.003,7.121
Spain,ESP,Europe,EU,2010,2010-2014,Pre-Pandemia,46840469.0,1480376411582.0,282.585,6.033,0.191,156.331,3.338,35.997,0.768,166.978,1692.348
Spain,ESP,Europe,EU,2011,2010-2014,Pre-Pandemia,46998040.0,1477187548437.0,283.275,6.027,0.192,146.012,3.107,53.685,1.142,170.508,1661.356
Spain,ESP,Europe,EU,2012,2010-2014,Pre-Pandemia,47018323.0,1433478645419.0,277.432,5.901,0.194,134.672,2.864,62.626,1.332,168.395,1647.511
Spain,ESP,Europe,EU,2013,2010-2014,Pre-Pandemia,46860394.0,1413362053623.0,252.109,5.38,0.178,129.976,2.774,48.724,1.04,159.711,1578.531
Spain,ESP,Europe,EU,2014,2010-2014,Pre-Pandemia,46720187.0,1433089409797.0,253.658,5.429,0.177,129.905,2.78,53.621,1.148,163.206,1554.219
Spain,ESP,Europe,EU,2015,2015-2019,Pre-Pandemia,46683683.0,1488098863146.0,270.248,5.789,0.182,136.365,2.921,61.246,1.312,171.788,1573.144
Spain,ESP,Europe,EU,2016,2015-2019,Pre-Pandemia,46732768.0,1533303930046.0,259.555,5.554,0.169,140.305,3.002,45.478,0.973,163.973,1582.913
Spain,ESP,Europe,EU,2017,2015-2019,Pre-Pandemia,46868594.0,1578931492849.0,273.484,5.835,0.173,141.123,3.011,53.499,1.141,170.709,1602.043
Spain,ESP,Europe,EU,2018,2015-2019,Pre-Pandemia,47092817.0,1615001473949.0,268.521,5.702,0.166,142.106,3.018,47.904,1.017,164.871,1628.672
Spain,ESP,Europe,EU,2019,2015-2019,Pre-Pandemia,47435121.0,1647042667976.0,250.674,5.285,0.152,140.044,2.952,23.528,0.496,158.266,1583.871
Spain,ESP,Europe,EU,2020,2020-2023,Pandemia,47679482.0,1460507935923.0,211.765,4.441,0.145,118.78,2.491,14.23,0.298,148.82,1422.96
Spain,ESP,Europe,EU,2021,2020-2023,Pandemia,47735670.0,1541121952313.0,228.806,4.793,0.148,129.714,2.717,16.011,0.335,149.361,1531.899
Spain,ESP,Europe,EU,2022,2020-2023,Post-Pandemia,47828386.0,1625139888517.0,234.223,4.897,0.144,135.029,2.823,17.703,0.37,147.11,1592.166
Spain,ESP,Europe,EU,2023,2020-2023,Post-Pandemia,47911583.0,,215.461,4.497,,131.246,2.739,12.536,0.262,137.268,1569.631
Sri Lanka,LKA,Asia,AS,2010,2010-2014,Pre-Pandemia,20879092.0,180642805306.0,12.697,0.608,0.07,12.161,0.582,0.227,0.011,182.383,69.616
Sri Lanka,LKA,Asia,AS,2011,2010-2014,Pre-Pandemia,21009054.0,195461606183.0,14.476,0.689,0.074,13.007,0.619,1.132,0.054,191.537,75.579
Sri Lanka,LKA,Asia,AS,2012,2010-2014,Pre-Pandemia,21169461.0,212333854625.0,15.389,0.727,0.072,13.102,0.619,1.92,0.091,197.42,77.952
Sri Lanka,LKA,Asia,AS,2013,2010-2014,Pre-Pandemia,21358829.0,220937614421.0,14.143,0.662,0.064,11.761,0.551,2.019,0.095,178.543,79.214
Sri Lanka,LKA,Asia,AS,2014,2010-2014,Pre-Pandemia,21547454.0,235029015924.0,17.076,0.792,0.073,12.827,0.595,3.877,0.18,198.81,85.891
Sri Lanka,LKA,Asia,AS,2015,2015-2019,Pre-Pandemia,21729975.0,244914328998.0,19.179,0.883,0.078,13.593,0.626,5.218,0.24,210.065,91.3
Sri Lanka,LKA,Asia,AS,2016,2015-2019,Pre-Pandemia,21910763.0,257292293131.0,22.339,1.02,0.087,16.438,0.75,5.524,0.252,221.461,100.872
Sri Lanka,LKA,Asia,AS,2017,2015-2019,Pre-Pandemia,22087525.0,273915973018.0,22.168,1.004,0.081,16.079,0.728,5.722,0.259,207.699,106.731
Sri Lanka,LKA,Asia,AS,2018,2015-2019,Pre-Pandemia,22253116.0,280243422762.0,20.137,0.905,0.072,14.241,0.64,5.53,0.249,179.202,112.369
Sri Lanka,LKA,Asia,AS,2019,2015-2019,Pre-Pandemia,22410552.0,279626891521.0,21.106,0.942,0.075,14.832,0.662,5.903,0.263,186.717,113.035
Sri Lanka,LKA,Asia,AS,2020,2020-2023,Pandemia,22561808.0,269918239631.0,20.412,0.905,0.076,12.956,0.574,7.094,0.314,194.44,104.981
Sri Lanka,LKA,Asia,AS,2021,2020-2023,Pandemia,22700377.0,278898406287.0,20.823,0.917,0.075,14.268,0.629,6.185,0.272,191.302,108.849
Sri Lanka,LKA,Asia,AS,2022,2020-2023,Post-Pandemia,22834965.0,254748598293.0,18.377,0.805,0.072,11.997,0.525,5.882,0.258,188.662,97.407
Sri Lanka,LKA,Asia,AS,2023,2020-2023,Post-Pandemia,22971615.0,,19.166,0.834,,13.386,0.583,5.282,0.23,191.511,100.078
Sudan,SDN,Africa,AF,2010,2010-2014,Pre-Pandemia,35414403.0,,15.07,0.426,,13.695,0.387,0.0,0.0,197.113,76.454
Sudan,SDN,Africa,AF,2011,2010-2014,Pre-Pandemia,36140808.0,,14.711,0.407,,12.911,0.357,0.0,0.0,201.725,72.928
Sudan,SDN,Africa,AF,2012,2010-2014,Pre-Pandemia,36923175.0,,15.763,0.427,,13.747,0.372,,,224.782,70.126
Sudan,SDN,Africa,AF,2013,2010-2014,Pre-Pandemia,37785852.0,,17.374,0.46,,15.165,0.401,,,243.511,71.349
Sudan,SDN,Africa,AF,2014,2010-2014,Pre-Pandemia,38823324.0,,13.095,0.337,,10.856,0.28,,,180.182,72.676
Sudan,SDN,Africa,AF,2015,2015-2019,Pre-Pandemia,40024433.0,,14.247,0.356,,11.787,0.294,,,185.825,76.666
Sudan,SDN,Africa,AF,2016,2015-2019,Pre-Pandemia,41259892.0,,19.737,0.478,,17.455,0.423,,,213.178,92.586
Sudan,SDN,Africa,AF,2017,2015-2019,Pre-Pandemia,42714311.0,,20.306,0.475,,18.031,0.422,,,217.871,93.203
Sudan,SDN,Africa,AF,2018,2015-2019,Pre-Pandemia,44230597.0,,20.516,0.464,,18.276,0.413,,,214.724,95.546
Sudan,SDN,Africa,AF,2019,2015-2019,Pre-Pandemia,45548179.0,,22.007,0.483,,19.928,0.438,,,228.281,96.403
Sudan,SDN,Africa,AF,2020,2020-2023,Pandemia,46789237.0,,19.8,0.423,,19.346,0.413,,,246.625,80.284
Sudan,SDN,Africa,AF,2021,2020-2023,Pandemia,48066930.0,,19.208,0.4,,18.752,0.39,,,234.564,81.889
Sudan,SDN,Africa,AF,2022,2020-2023,Post-Pandemia,49383344.0,,17.529,0.355,,17.129,0.347,,,191.448,91.558
Sudan,SDN,Africa,AF,2023,2020-2023,Post-Pandemia,50042800.0,,17.716,0.354,,17.466,0.349,,,262.787,67.414
Suriname,SUR,South America,SA,2010,2010-2014,Pre-Pandemia,549931.0,,2.375,4.319,,2.349,4.271,,,205.616,11.553
Suriname,SUR,South America,SA,2011,2010-2014,Pre-Pandemia,556279.0,,2.758,4.958,,2.719,4.887,,,296.324,9.307
Suriname,SUR,South America,SA,2012,2010-2014,Pre-Pandemia,562640.0,,2.494,4.432,,2.44,4.337,,,233.912,10.661
Suriname,SUR,South America,SA,2013,2010-2014,Pre-Pandemia,569024.0,,3.151,5.538,,3.092,5.435,,,316.954,9.943
Suriname,SUR,South America,SA,2014,2010-2014,Pre-Pandemia,575380.0,,3.201,5.563,,3.166,5.502,,,320.113,9.999
Suriname,SUR,South America,SA,2015,2015-2019,Pre-Pandemia,581634.0,,2.714,4.666,,2.678,4.605,,,283.43,9.574
Suriname,SUR,South America,SA,2016,2015-2019,Pre-Pandemia,587765.0,,2.914,4.957,,2.898,4.931,,,317.932,9.164
Suriname,SUR,South America,SA,2017,2015-2019,Pre-Pandemia,593720.0,,2.43,4.093,,2.411,4.061,,,236.353,10.282
Suriname,SUR,South America,SA,2018,2015-2019,Pre-Pandemia,599519.0,,2.093,3.491,,2.07,3.453,,,246.869,8.479
Suriname,SUR,South America,SA,2019,2015-2019,Pre-Pandemia,605779.0,,2.632,4.345,,2.601,4.294,,,259.99,10.125
Suriname,SUR,South America,SA,2020,2020-2023,Pandemia,612320.0,,2.922,4.772,,2.887,4.715,,,311.151,9.39
Suriname,SUR,South America,SA,2021,2020-2023,Pandemia,617905.0,,2.647,4.284,,2.616,4.234,,,245.101,10.8
Suriname,SUR,South America,SA,2022,2020-2023,Post-Pandemia,623172.0,,2.828,4.537,,2.789,4.475,,,247.802,11.411
Suriname,SUR,South America,SA,2023,2020-2023,Post-Pandemia,628892.0,,2.869,4.561,,2.832,4.504,,,292.366,9.812
Sweden,SWE,Europe,EU,2010,2010-2014,Pre-Pandemia,9378234.0,399838964466.0,53.029,5.654,0.133,36.433,3.885,10.311,1.099,85.291,621.735
Sweden,SWE,Europe,EU,2011,2010-2014,Pre-Pandemia,9449263.0,397617949429.0,49.114,5.198,0.124,34.027,3.601,9.467,1.002,80.249,612.016
Sweden,SWE,Europe,EU,2012,2010-2014,Pre-Pandemia,9519477.0,395278763366.0,46.607,4.896,0.118,32.626,3.427,8.637,0.907,72.231,645.245
Sweden,SWE,Europe,EU,2013,2010-2014,Pre-Pandemia,9600620.0,399973749048.0,45.106,4.698,0.113,31.245,3.254,8.736,0.91,74.735,603.543
Sweden,SWE,Europe,EU,2014,2010-2014,Pre-Pandemia,9696438.0,410604225974.0,43.385,4.474,0.106,30.292,3.124,8.284,0.854,72.214,600.777
Sweden,SWE,Europe,EU,2015,2015-2019,Pre-Pandemia,9799483.0,429037422635.0,43.31,4.42,0.101,30.38,3.1,8.016,0.818,69.624,622.062
Sweden,SWE,Europe,EU,2016,2015-2019,Pre-Pandemia,9923281.0,437921057919.0,43.308,4.364,0.099,30.237,3.047,8.021,0.808,71.067,609.401
Sweden,SWE,Europe,EU,2017,2015-2019,Pre-Pandemia,10057864.0,449166531542.0,42.355,4.211,0.094,29.316,2.915,8.307,0.826,67.088,631.343
Sweden,SWE,Europe,EU,2018,2015-2019,Pre-Pandemia,10175400.0,457925387676.0,41.856,4.113,0.091,28.894,2.84,8.087,0.795,68.707,609.195
Sweden,SWE,Europe,EU,2019,2015-2019,Pre-Pandemia,10279120.0,467020665386.0,40.772,3.967,0.087,28.464,2.769,8.108,0.789,65.151,625.819
Sweden,SWE,Europe,EU,2020,2020-2023,Pandemia,10353682.0,456885314424.0,36.622,3.537,0.08,26.282,2.538,6.641,0.641,61.009,600.279
Sweden,SWE,Europe,EU,2021,2020-2023,Pandemia,10416134.0,481492421258.0,38.568,3.703,0.08,27.891,2.678,6.984,0.671,60.864,633.68
Sweden,SWE,Europe,EU,2022,2020-2023,Post-Pandemia,10487335.0,494214521158.0,36.342,3.465,0.074,25.627,2.444,6.54,0.624,58.458,621.681
Sweden,SWE,Europe,EU,2023,2020-2023,Post-Pandemia,10551493.0,,36.709,3.479,,25.949,2.459,6.508,0.617,61.247,599.356
Switzerland,CHE,Europe,EU,2010,2010-2014,Pre-Pandemia,7825750.0,451139715920.0,45.034,5.755,0.1,35.013,4.474,0.649,0.083,125.275,359.477
Switzerland,CHE,Europe,EU,2011,2010-2014,Pre-Pandemia,7914379.0,467103594697.0,40.973,5.177,0.088,31.814,4.02,0.608,0.077,122.336,334.923
Switzerland,CHE,Europe,EU,2012,2010-2014,Pre-Pandemia,7998927.0,472611933649.0,42.242,5.281,0.089,32.669,4.084,0.557,0.07,119.306,354.065
Switzerland,CHE,Europe,EU,2013,2010-2014,Pre-Pandemia,8091199.0,481081829913.0,43.183,5.337,0.09,33.233,4.107,0.583,0.072,120.238,359.146
Switzerland,CHE,Europe,EU,2014,2010-2014,Pre-Pandemia,8190238.0,492386642888.0,39.244,4.792,0.08,30.183,3.685,0.602,0.074,113.936,344.44
Switzerland,CHE,Europe,EU,2015,2015-2019,Pre-Pandemia,8283940.0,500484653705.0,38.756,4.678,0.077,29.499,3.561,0.56,0.068,115.235,336.322
Switzerland,CHE,Europe,EU,2016,2015-2019,Pre-Pandemia,8374903.0,510838097521.0,39.225,4.684,0.077,29.605,3.535,0.525,0.063,124.033,316.245
Switzerland,CHE,Europe,EU,2017,2015-2019,Pre-Pandemia,8453630.0,517799793781.0,38.234,4.523,0.074,28.684,3.393,0.503,0.059,120.614,316.995
Switzerland,CHE,Europe,EU,2018,2015-2019,Pre-Pandemia,8516341.0,532611137213.0,36.945,4.338,0.069,27.851,3.27,0.475,0.056,114.93,321.458
Switzerland,CHE,Europe,EU,2019,2015-2019,Pre-Pandemia,8577525.0,538693495449.0,36.822,4.293,0.068,27.584,3.216,0.431,0.05,109.605,335.955
Switzerland,CHE,Europe,EU,2020,2020-2023,Pandemia,8640582.0,525896489462.0,34.343,3.975,0.065,25.416,2.941,0.414,0.048,110.927,309.602
Switzerland,CHE,Europe,EU,2021,2020-2023,Pandemia,8707019.0,548098275898.0,35.902,4.123,0.066,26.31,3.022,0.423,0.049,123.764,290.088
Switzerland,CHE,Europe,EU,2022,2020-2023,Post-Pandemia,8792180.0,559384947989.0,32.951,3.748,0.059,24.636,2.802,0.434,0.049,110.764,297.485
Switzerland,CHE,Europe,EU,2023,2020-2023,Post-Pandemia,8870564.0,,31.977,3.605,,24.382,2.749,0.354,0.04,100.79,317.269
Syria,SYR,Asia,AS,2010,2010-2014,Pre-Pandemia,22482417.0,143781004115.0,62.057,2.76,0.432,39.842,1.772,0.011,0.0,209.839,295.738
Syria,SYR,Asia,AS,2011,2010-2014,Pre-Pandemia,22878104.0,134274046453.0,59.078,2.582,0.44,40.348,1.764,0.011,0.0,222.309,265.749
Syria,SYR,Asia,AS,2012,2010-2014,Pre-Pandemia,22759763.0,98907693956.0,46.339,2.036,0.469,30.581,1.344,0.004,0.0,226.911,204.215
Syria,SYR,Asia,AS,2013,2010-2014,Pre-Pandemia,21666921.0,72894799336.0,34.257,1.581,0.47,22.011,1.016,0.004,0.0,229.944,148.978
Syria,SYR,Asia,AS,2014,2010-2014,Pre-Pandemia,20273661.0,65379097607.0,34.869,1.72,0.533,24.301,1.199,0.004,0.0,262.343,132.915
Syria,SYR,Asia,AS,2015,2015-2019,Pre-Pandemia,19424615.0,63295273863.0,31.115,1.602,0.492,21.412,1.102,0.004,0.0,256.517,121.299
Syria,SYR,Asia,AS,2016,2015-2019,Pre-Pandemia,19193835.0,59731474595.0,29.162,1.519,0.488,20.474,1.067,0.004,0.0,248.613,117.299
Syria,SYR,Asia,AS,2017,2015-2019,Pre-Pandemia,19224671.0,59296820428.0,34.473,1.793,0.581,24.513,1.275,0.004,0.0,291.324,118.334
Syria,SYR,Asia,AS,2018,2015-2019,Pre-Pandemia,19577849.0,60171975441.0,31.771,1.623,0.528,22.878,1.169,0.004,0.0,241.779,131.406
Syria,SYR,Asia,AS,2019,2015-2019,Pre-Pandemia,20353536.0,62427096792.0,33.492,1.645,0.536,24.356,1.197,0.004,0.0,282.839,118.412
Syria,SYR,Asia,AS,2020,2020-2023,Pandemia,21049431.0,55872251610.0,32.344,1.537,0.579,23.772,1.129,0.004,0.0,299.347,108.05
Syria,SYR,Asia,AS,2021,2020-2023,Pandemia,21628837.0,54251957890.0,32.508,1.503,0.599,23.072,1.067,0.004,0.0,278.31,116.807
Syria,SYR,Asia,AS,2022,2020-2023,Post-Pandemia,22462170.0,52353139385.0,31.423,1.399,0.6,23.198,1.033,0.004,0.0,288.589,108.886
Syria,SYR,Asia,AS,2023,2020-2023,Post-Pandemia,23594623.0,,31.674,1.342,,23.461,0.994,0.006,0.0,273.668,115.738
Taiwan,TWN,Asia,AS,2010,2010-2014,Pre-Pandemia,23224049.0,859487483344.0,270.718,11.657,0.315,72.398,3.117,157.049,6.762,209.124,1294.536
Taiwan,TWN,Asia,AS,2011,2010-2014,Pre-Pandemia,23273078.0,888546864638.0,276.771,11.892,0.311,68.657,2.95,162.701,6.991,214.525,1290.155
Taiwan,TWN,Asia,AS,2012,2010-2014,Pre-Pandemia,23345963.0,908290377366.0,273.282,11.706,0.301,65.86,2.821,160.364,6.869,213.604,1279.385
Taiwan,TWN,Asia,AS,2013,2010-2014,Pre-Pandemia,23416870.0,930852328389.0,274.576,11.726,0.295,64.128,2.739,163.101,6.965,210.45,1304.708
Taiwan,TWN,Asia,AS,2014,2010-2014,Pre-Pandemia,23472811.0,974779255338.0,276.959,11.799,0.284,64.377,2.743,164.219,6.996,207.633,1333.887
Taiwan,TWN,Asia,AS,2015,2015-2019,Pre-Pandemia,23529260.0,989069527295.0,276.264,11.741,0.279,64.288,2.732,160.696,6.83,207.257,1332.951
Taiwan,TWN,Asia,AS,2016,2015-2019,Pre-Pandemia,23586140.0,1010482869589.0,280.197,11.88,0.277,66.724,2.829,161.76,6.858,209.14,1339.758
Taiwan,TWN,Asia,AS,2017,2015-2019,Pre-Pandemia,23632950.0,1043939947916.0,285.736,12.091,0.274,66.051,2.795,164.346,6.954,213.114,1340.768
Taiwan,TWN,Asia,AS,2018,2015-2019,Pre-Pandemia,23659308.0,1073034529603.0,284.151,12.01,0.265,62.118,2.626,165.841,7.01,209.775,1354.551
Taiwan,TWN,Asia,AS,2019,2015-2019,Pre-Pandemia,23674137.0,1105912366266.0,274.704,11.604,0.248,57.936,2.447,161.552,6.824,206.833,1328.146
Taiwan,TWN,Asia,AS,2020,2020-2023,Pandemia,23663461.0,1143369531447.0,272.464,11.514,0.238,55.162,2.331,156.384,6.609,211.349,1289.167
Taiwan,TWN,Asia,AS,2021,2020-2023,Pandemia,23558330.0,1218008773904.0,283.821,12.048,0.233,49.903,2.118,167.94,7.129,207.116,1370.345
Taiwan,TWN,Asia,AS,2022,2020-2023,Post-Pandemia,23420107.0,1247874288934.0,273.989,11.699,0.22,52.858,2.257,154.672,6.604,208.069,1316.818
Taiwan,TWN,Asia,AS,2023,2020-2023,Post-Pandemia,23317145.0,,267.127,11.456,,54.125,2.321,147.375,6.32,212.617,1256.377
Tajikistan,TJK,Asia,AS,2010,2010-2014,Pre-Pandemia,7652144.0,22275913223.0,2.535,0.331,0.114,1.688,0.221,0.338,0.044,93.277,27.175
Tajikistan,TJK,Asia,AS,2011,2010-2014,Pre-Pandemia,7824788.0,23719353153.0,2.342,0.299,0.099,1.457,0.186,0.367,0.047,86.697,27.019
Tajikistan,TJK,Asia,AS,2012,2010-2014,Pre-Pandemia,8014087.0,25498307279.0,2.934,0.366,0.115,1.836,0.229,0.703,0.088,98.082,29.919
Tajikistan,TJK,Asia,AS,2013,2010-2014,Pre-Pandemia,8216733.0,27385180748.0,2.908,0.354,0.106,1.836,0.223,0.876,0.107,91.9,31.646
Tajikistan,TJK,Asia,AS,2014,2010-2014,Pre-Pandemia,8425559.0,29219994834.0,4.606,0.547,0.158,2.552,0.303,1.479,0.176,131.546,35.016
Tajikistan,TJK,Asia,AS,2015,2015-2019,Pre-Pandemia,8643839.0,30973186706.0,5.307,0.614,0.171,2.841,0.329,1.757,0.203,154.795,34.281
Tajikistan,TJK,Asia,AS,2016,2015-2019,Pre-Pandemia,8865623.0,33110336724.0,6.016,0.679,0.182,2.779,0.313,2.241,0.253,161.769,37.188
Tajikistan,TJK,Asia,AS,2017,2015-2019,Pre-Pandemia,9085942.0,35461181351.0,6.879,0.757,0.194,2.372,0.261,2.962,0.326,182.248,37.748
Tajikistan,TJK,Asia,AS,2018,2015-2019,Pre-Pandemia,9307345.0,38156222428.0,8.081,0.868,0.212,2.93,0.315,3.142,0.338,198.751,40.658
Tajikistan,TJK,Asia,AS,2019,2015-2019,Pre-Pandemia,9529970.0,40979787244.0,8.714,0.914,0.213,2.936,0.308,3.424,0.359,197.383,44.148
Tajikistan,TJK,Asia,AS,2020,2020-2023,Pandemia,9749312.0,42778793597.0,9.423,0.967,0.22,3.358,0.344,3.526,0.362,203.345,46.341
Tajikistan,TJK,Asia,AS,2021,2020-2023,Pandemia,9966912.0,46800009054.0,9.384,0.942,0.201,3.135,0.315,3.67,0.368,201.779,46.508
Tajikistan,TJK,Asia,AS,2022,2020-2023,Post-Pandemia,10182228.0,50544013546.0,10.521,1.033,0.208,3.706,0.364,4.192,0.412,214.167,49.125
Tajikistan,TJK,Asia,AS,2023,2020-2023,Post-Pandemia,10389807.0,,10.264,0.988,,3.808,0.367,3.859,0.371,205.019,50.065
Tanzania,TZA,Africa,AF,2010,2010-2014,Pre-Pandemia,44758491.0,93371216148.0,7.194,0.161,0.077,4.567,0.102,0.264,0.006,216.582,33.217
Tanzania,TZA,Africa,AF,2011,2010-2014,Pre-Pandemia,46029371.0,103624510902.0,8.44,0.183,0.081,5.431,0.118,0.461,0.01,240.204,35.138
Tanzania,TZA,Africa,AF,2012,2010-2014,Pre-Pandemia,47374261.0,108951852558.0,10.367,0.219,0.095,7.252,0.153,0.268,0.006,238.498,43.47
Tanzania,TZA,Africa,AF,2013,2010-2014,Pre-Pandemia,48824134.0,116340969671.0,11.251,0.23,0.097,8.296,0.17,0.168,0.003,246.733,45.602
Tanzania,TZA,Africa,AF,2014,2010-2014,Pre-Pandemia,50351506.0,124173043529.0,10.997,0.218,0.089,7.445,0.148,0.663,0.013,237.554,46.294
Tanzania,TZA,Africa,AF,2015,2015-2019,Pre-Pandemia,52020958.0,131823350494.0,12.783,0.246,0.097,8.678,0.167,0.916,0.018,261.791,48.828
Tanzania,TZA,Africa,AF,2016,2015-2019,Pre-Pandemia,53824012.0,140875654933.0,13.529,0.251,0.096,8.493,0.158,0.894,0.017,252.558,53.57
Tanzania,TZA,Africa,AF,2017,2015-2019,Pre-Pandemia,55652888.0,150417154803.0,13.513,0.243,0.09,7.977,0.143,1.198,0.022,280.223,48.224
Tanzania,TZA,Africa,AF,2018,2015-2019,Pre-Pandemia,57437134.0,160884699826.0,14.233,0.248,0.088,8.189,0.143,1.172,0.02,252.503,56.368
Tanzania,TZA,Africa,AF,2019,2015-2019,Pre-Pandemia,59174889.0,172128919031.0,16.191,0.274,0.094,8.893,0.15,1.385,0.023,269.141,60.157
Tanzania,TZA,Africa,AF,2020,2020-2023,Pandemia,60972803.0,180418650860.0,15.952,0.262,0.088,9.169,0.15,1.231,0.02,278.387,57.303
Tanzania,TZA,Africa,AF,2021,2020-2023,Pandemia,62830410.0,189343959556.0,17.678,0.281,0.093,10.23,0.163,1.469,0.023,266.567,66.316
Tanzania,TZA,Africa,AF,2022,2020-2023,Post-Pandemia,64711822.0,198220407805.0,19.702,0.304,0.099,10.847,0.168,1.711,0.026,261.29,75.404
Tanzania,TZA,Africa,AF,2023,2020-2023,Post-Pandemia,66617607.0,,20.31,0.305,,11.06,0.166,1.978,0.03,260.707,77.902
Thailand,THA,Asia,AS,2010,2010-2014,Pre-Pandemia,68579443.0,870109340511.0,241.019,3.514,0.277,80.785,1.178,64.008,0.933,204.349,1179.445
Thailand,THA,Asia,AS,2011,2010-2014,Pre-Pandemia,69007212.0,873642799890.0,244.878,3.549,0.28,84.609,1.226,65.35,0.947,201.964,1212.482
Thailand,THA,Asia,AS,2012,2010-2014,Pre-Pandemia,69436091.0,936920832597.0,262.348,3.778,0.28,90.833,1.308,68.155,0.982,202.919,1292.871
Thailand,THA,Asia,AS,2013,2010-2014,Pre-Pandemia,69845112.0,962095812070.0,263.754,3.776,0.274,91.381,1.308,67.149,0.961,200.899,1312.864
Thailand,THA,Asia,AS,2014,2010-2014,Pre-Pandemia,70216362.0,971562808709.0,272.488,3.881,0.28,91.137,1.298,73.794,1.051,200.776,1357.17
Thailand,THA,Asia,AS,2015,2015-2019,Pre-Pandemia,70540787.0,1002011619070.0,277.099,3.928,0.277,95.218,1.35,72.142,1.023,201.168,1377.446
Thailand,THA,Asia,AS,2016,2015-2019,Pre-Pandemia,70859835.0,1036430730493.0,284.045,4.009,0.274,98.924,1.396,73.6,1.039,202.085,1405.572
Thailand,THA,Asia,AS,2017,2015-2019,Pre-Pandemia,71160183.0,1079732734924.0,283.348,3.982,0.262,101.146,1.421,73.824,1.037,197.774,1432.683
Thailand,THA,Asia,AS,2018,2015-2019,Pre-Pandemia,71376081.0,1125329902301.0,288.305,4.039,0.256,102.33,1.434,78.564,1.101,195.015,1478.376
Thailand,THA,Asia,AS,2019,2015-2019,Pre-Pandemia,71522264.0,1149130685920.0,281.877,3.941,0.245,103.652,1.449,70.06,0.98,190.491,1479.745
Thailand,THA,Asia,AS,2020,2020-2023,Pandemia,71641484.0,1078332670656.0,271.923,3.796,0.252,96.312,1.344,74.799,1.044,197.098,1379.634
Thailand,THA,Asia,AS,2021,2020-2023,Pandemia,71727338.0,1095187026392.0,267.142,3.724,0.244,90.92,1.268,76.648,1.069,192.629,1386.818
Thailand,THA,Asia,AS,2022,2020-2023,Post-Pandemia,71735321.0,1124143758569.0,272.573,3.8,0.242,105.828,1.475,69.809,0.973,196.395,1387.88
Thailand,THA,Asia,AS,2023,2020-2023,Post-Pandemia,71702436.0,,264.734,3.692,,104.343,1.455,59.327,0.827,190.705,1388.184
Togo,TGO,Africa,AF,2010,2010-2014,Pre-Pandemia,6325791.0,7846071439.0,2.596,0.41,0.331,2.045,0.323,,,227.789,11.395
Togo,TGO,Africa,AF,2011,2010-2014,Pre-Pandemia,6500577.0,8309244000.0,2.504,0.385,0.301,1.865,0.287,,,236.349,10.594
Togo,TGO,Africa,AF,2012,2010-2014,Pre-Pandemia,6653719.0,8791743000.0,2.216,0.333,0.252,1.576,0.237,,,231.771,9.56
Togo,TGO,Africa,AF,2013,2010-2014,Pre-Pandemia,6798851.0,9242968000.0,1.635,0.241,0.177,1.129,0.166,,,173.403,9.43
Togo,TGO,Africa,AF,2014,2010-2014,Pre-Pandemia,6937647.0,9806234000.0,1.491,0.215,0.152,1.055,0.152,,,170.543,8.74
Togo,TGO,Africa,AF,2015,2015-2019,Pre-Pandemia,7071500.0,10346240000.0,1.798,0.254,0.174,0.936,0.132,,,294.239,6.112
Togo,TGO,Africa,AF,2016,2015-2019,Pre-Pandemia,7200883.0,10960546310.0,2.293,0.318,0.209,1.466,0.204,,,264.967,8.653
Togo,TGO,Africa,AF,2017,2015-2019,Pre-Pandemia,7324379.0,11420230383.0,1.912,0.261,0.167,1.075,0.147,,,234.276,8.161
Togo,TGO,Africa,AF,2018,2015-2019,Pre-Pandemia,7458205.0,11989462252.0,2.034,0.273,0.17,1.359,0.182,,,205.677,9.888
Togo,TGO,Africa,AF,2019,2015-2019,Pre-Pandemia,7619916.0,12579682405.0,2.364,0.31,0.188,1.319,0.173,,,251.51,9.398
Togo,TGO,Africa,AF,2020,2020-2023,Pandemia,7788058.0,12720130961.0,2.751,0.353,0.216,1.748,0.224,,,276.995,9.933
Togo,TGO,Africa,AF,2021,2020-2023,Pandemia,7936185.0,13482266787.0,2.62,0.33,0.194,1.414,0.178,,,225.825,11.603
Togo,TGO,Africa,AF,2022,2020-2023,Post-Pandemia,8068616.0,14265660408.0,2.739,0.339,0.192,1.46,0.181,,,232.384,11.785
Togo,TGO,Africa,AF,2023,2020-2023,Post-Pandemia,8223853.0,,2.671,0.325,,1.397,0.17,,,203.356,13.135
Tonga,TON,Oceania,OC,2010,2010-2014,Pre-Pandemia,107415.0,,0.117,1.092,,0.117,1.092,,,209.97,0.558
Tonga,TON,Oceania,OC,2011,2010-2014,Pre-Pandemia,107584.0,,0.106,0.988,,0.106,0.988,,,204.022,0.521
Tonga,TON,Oceania,OC,2012,2010-2014,Pre-Pandemia,107476.0,,0.106,0.989,,0.106,0.989,,,156.957,0.677
Tonga,TON,Oceania,OC,2013,2010-2014,Pre-Pandemia,107093.0,,0.11,1.026,,0.11,1.026,,,135.741,0.81
Tonga,TON,Oceania,OC,2014,2010-2014,Pre-Pandemia,106627.0,,0.106,0.997,,0.106,0.997,,,129.487,0.821
Tonga,TON,Oceania,OC,2015,2015-2019,Pre-Pandemia,106110.0,,0.106,1.001,,0.106,1.001,,,129.835,0.818
Tonga,TON,Oceania,OC,2016,2015-2019,Pre-Pandemia,105536.0,,0.139,1.319,,0.139,1.319,,,146.223,0.952
Tonga,TON,Oceania,OC,2017,2015-2019,Pre-Pandemia,105373.0,,0.143,1.356,,0.143,1.356,,,134.616,1.062
Tonga,TON,Oceania,OC,2018,2015-2019,Pre-Pandemia,105590.0,,0.132,1.249,,0.132,1.249,,,144.201,0.915
Tonga,TON,Oceania,OC,2019,2015-2019,Pre-Pandemia,105688.0,,0.161,1.525,,0.161,1.525,,,181.876,0.886
Tonga,TON,Oceania,OC,2020,2020-2023,Pandemia,105721.0,,0.139,1.317,,0.139,1.317,,,174.74,0.797
Tonga,TON,Oceania,OC,2021,2020-2023,Pandemia,105504.0,,0.139,1.32,,0.139,1.32,,,174.123,0.8
Tonga,TON,Oceania,OC,2022,2020-2023,Post-Pandemia,105053.0,,0.147,1.395,,0.147,1.395,,,193.938,0.756
Tonga,TON,Oceania,OC,2023,2020-2023,Post-Pandemia,104613.0,,0.146,1.394,,0.146,1.394,,,172.046,0.848
Trinidad and Tobago,TTO,North America,NA,2010,2010-2014,Pre-Pandemia,1386657.0,41285434067.0,47.092,33.961,1.141,4.639,3.345,,,201.662,233.521
Trinidad and Tobago,TTO,North America,NA,2011,2010-2014,Pre-Pandemia,1394990.0,40819362692.0,47.043,33.723,1.152,4.906,3.517,,,204.058,230.54
Trinidad and Tobago,TTO,North America,NA,2012,2010-2014,Pre-Pandemia,1403814.0,42669299120.0,46.159,32.881,1.082,4.723,3.364,,,204.316,225.92
Trinidad and Tobago,TTO,North America,NA,2013,2010-2014,Pre-Pandemia,1412658.0,44309506041.0,45.799,32.421,1.034,3.855,2.729,,,200.365,228.579
Trinidad and Tobago,TTO,North America,NA,2014,2010-2014,Pre-Pandemia,1421135.0,45781910542.0,46.866,32.978,1.024,4.76,3.349,,,204.802,228.834
Trinidad and Tobago,TTO,North America,NA,2015,2015-2019,Pre-Pandemia,1429190.0,45435797433.0,45.534,31.86,1.002,5.133,3.592,,,205.443,221.636
Trinidad and Tobago,TTO,North America,NA,2016,2015-2019,Pre-Pandemia,1437031.0,42362516644.0,39.867,27.743,0.941,4.056,2.822,,,203.641,195.773
Trinidad and Tobago,TTO,North America,NA,2017,2015-2019,Pre-Pandemia,1445265.0,40368511597.0,40.297,27.882,0.998,5.108,3.534,,,194.608,207.067
Trinidad and Tobago,TTO,North America,NA,2018,2015-2019,Pre-Pandemia,1470522.0,40016907555.0,40.307,27.41,1.007,3.931,2.674,,,207.729,194.039
Trinidad and Tobago,TTO,North America,NA,2019,2015-2019,Pre-Pandemia,1484898.0,40060922958.0,40.755,27.446,1.017,3.748,2.524,,,208.78,195.203
Trinidad and Tobago,TTO,North America,NA,2020,2020-2023,Pandemia,1481026.0,36985045051.0,35.043,23.661,0.947,3.44,2.323,,,206.935,169.343
Trinidad and Tobago,TTO,North America,NA,2021,2020-2023,Pandemia,1487715.0,36605213818.0,36.389,24.46,0.994,3.144,2.113,,,210.189,173.124
Trinidad and Tobago,TTO,North America,NA,2022,2020-2023,Post-Pandemia,1495923.0,37513383973.0,37.493,25.063,0.999,4.163,2.783,,,216.651,173.056
Trinidad and Tobago,TTO,North America,NA,2023,2020-2023,Post-Pandemia,1502938.0,,35.536,23.644,,4.247,2.826,,,216.785,163.923
Tunisia,TUN,Africa,AF,2010,2010-2014,Pre-Pandemia,10765984.0,112484995734.0,27.9,2.591,0.248,11.498,1.068,0.055,0.005,315.432,88.449
Tunisia,TUN,Africa,AF,2011,2010-2014,Pre-Pandemia,10886041.0,110760053250.0,26.429,2.428,0.239,10.768,0.989,0.04,0.004,313.097,84.412
Tunisia,TUN,Africa,AF,2012,2010-2014,Pre-Pandemia,11009649.0,115430801370.0,28.194,2.561,0.244,10.823,0.983,0.0,0.0,304.68,92.537
Tunisia,TUN,Africa,AF,2013,2010-2014,Pre-Pandemia,11141365.0,118235775346.0,28.773,2.583,0.243,11.386,1.022,,,294.131,97.825
Tunisia,TUN,Africa,AF,2014,2010-2014,Pre-Pandemia,11274295.0,121889250523.0,29.875,2.65,0.245,11.852,1.051,,,277.661,107.594
Tunisia,TUN,Africa,AF,2015,2015-2019,Pre-Pandemia,11402270.0,123069138453.0,31.381,2.752,0.255,14.004,1.228,,,282.158,111.216
Tunisia,TUN,Africa,AF,2016,2015-2019,Pre-Pandemia,11528676.0,124443824545.0,30.971,2.686,0.249,13.679,1.187,,,279.161,110.945
Tunisia,TUN,Africa,AF,2017,2015-2019,Pre-Pandemia,11650504.0,127228891219.0,31.677,2.719,0.249,14.314,1.229,,,269.442,117.565
Tunisia,TUN,Africa,AF,2018,2015-2019,Pre-Pandemia,11765515.0,130568635947.0,31.122,2.645,0.238,13.74,1.168,,,259.524,119.918
Tunisia,TUN,Africa,AF,2019,2015-2019,Pre-Pandemia,11875084.0,132642060864.0,30.579,2.575,0.231,13.066,1.1,,,251.106,121.775
Tunisia,TUN,Africa,AF,2020,2020-2023,Pandemia,11974058.0,120945694784.0,28.845,2.409,0.238,12.463,1.041,,,256.046,112.655
Tunisia,TUN,Africa,AF,2021,2020-2023,Pandemia,12048625.0,126273349199.0,31.527,2.617,0.25,13.506,1.121,,,256.069,123.118
Tunisia,TUN,Africa,AF,2022,2020-2023,Post-Pandemia,12119338.0,129457959410.0,30.785,2.54,0.238,13.408,1.106,,,249.372,123.45
Tunisia,TUN,Africa,AF,2023,2020-2023,Post-Pandemia,12200434.0,,31.738,2.601,,14.462,1.185,,,259.914,122.109
Turkey,TUR,Europe,EU,2010,2010-2014,Pre-Pandemia,73346766.0,1240496805446.0,318.71,4.345,0.257,81.342,1.109,129.887,1.771,254.324,1253.167
Turkey,TUR,Europe,EU,2011,2010-2014,Pre-Pandemia,74215203.0,1364782716000.0,344.215,4.638,0.252,84.966,1.145,135.545,1.826,257.448,1337.026
Turkey,TUR,Europe,EU,2012,2010-2014,Pre-Pandemia,75197196.0,1430132002360.0,358.645,4.769,0.251,90.715,1.206,141.931,1.887,252.382,1421.041
Turkey,TUR,Europe,EU,2013,2010-2014,Pre-Pandemia,76403032.0,1551491738617.0,350.634,4.589,0.226,95.672,1.252,125.758,1.646,248.291,1412.188
Turkey,TUR,Europe,EU,2014,2010-2014,Pre-Pandemia,78036154.0,1628131977724.0,367.272,4.706,0.226,100.357,1.286,130.662,1.674,252.532,1454.355
Turkey,TUR,Europe,EU,2015,2015-2019,Pre-Pandemia,80014222.0,1727192876718.0,387.704,4.845,0.224,109.354,1.367,139.511,1.744,243.989,1589.021
Turkey,TUR,Europe,EU,2016,2015-2019,Pre-Pandemia,81652087.0,1784590365590.0,405.552,4.967,0.227,116.646,1.429,152.353,1.866,242.956,1669.239
Turkey,TUR,Europe,EU,2017,2015-2019,Pre-Pandemia,83083667.0,1918472081554.0,430.622,5.183,0.224,119.63,1.44,158.754,1.911,240.929,1787.342
Turkey,TUR,Europe,EU,2018,2015-2019,Pre-Pandemia,84415966.0,1975637604336.0,423.818,5.021,0.215,116.761,1.383,163.517,1.937,237.052,1787.873
Turkey,TUR,Europe,EU,2019,2015-2019,Pre-Pandemia,85357670.0,1991116616493.0,406.568,4.763,0.204,115.728,1.356,166.01,1.945,219.87,1849.129
Turkey,TUR,Europe,EU,2020,2020-2023,Pandemia,86091691.0,2029749392174.0,416.328,4.836,0.205,115.652,1.343,159.424,1.852,228.522,1821.829
Turkey,TUR,Europe,EU,2021,2020-2023,Pandemia,86686254.0,2260196231771.0,457.377,5.276,0.202,122.541,1.414,166.276,1.918,234.441,1950.923
Turkey,TUR,Europe,EU,2022,2020-2023,Post-Pandemia,87058469.0,2385996374127.0,443.603,5.095,0.186,128.859,1.48,166.445,1.912,225.288,1969.05
Turkey,TUR,Europe,EU,2023,2020-2023,Post-Pandemia,87270502.0,,486.945,5.58,,133.637,1.531,194.937,2.234,248.252,1961.496
Turkmenistan,TKM,Asia,AS,2010,2010-2014,Pre-Pandemia,5564356.0,71115148352.0,59.184,10.636,0.832,16.986,3.053,0.0,0.0,239.839,246.765
Turkmenistan,TKM,Asia,AS,2011,2010-2014,Pre-Pandemia,5683413.0,82520290491.0,65.155,11.464,0.79,17.752,3.123,0.0,0.0,244.047,266.977
Turkmenistan,TKM,Asia,AS,2012,2010-2014,Pre-Pandemia,5808548.0,87581261691.0,66.939,11.524,0.764,18.576,3.198,0.0,0.0,212.118,315.572
Turkmenistan,TKM,Asia,AS,2013,2010-2014,Pre-Pandemia,5939348.0,87286119372.0,64.34,10.833,0.737,19.093,3.215,0.0,0.0,240.386,267.651
Turkmenistan,TKM,Asia,AS,2014,2010-2014,Pre-Pandemia,6075286.0,90639646545.0,62.799,10.337,0.693,19.98,3.289,0.0,0.0,221.356,283.703
Turkmenistan,TKM,Asia,AS,2015,2015-2019,Pre-Pandemia,6215773.0,93346148579.0,63.092,10.15,0.676,18.881,3.038,0.0,0.0,195.786,322.248
Turkmenistan,TKM,Asia,AS,2016,2015-2019,Pre-Pandemia,6360041.0,92434154525.0,62.091,9.763,0.672,17.971,2.826,0.0,0.0,178.082,348.665
Turkmenistan,TKM,Asia,AS,2017,2015-2019,Pre-Pandemia,6507065.0,96785037864.0,62.957,9.675,0.65,18.965,2.915,0.0,0.0,194.566,323.575
Turkmenistan,TKM,Asia,AS,2018,2015-2019,Pre-Pandemia,6655523.0,97638670425.0,61.302,9.211,0.628,17.983,2.702,0.0,0.0,167.762,365.408
Turkmenistan,TKM,Asia,AS,2019,2015-2019,Pre-Pandemia,6803943.0,94329707021.0,62.254,9.15,0.66,17.668,2.597,0.0,0.0,177.526,350.677
Turkmenistan,TKM,Asia,AS,2020,2020-2023,Pandemia,6949915.0,91559235694.0,62.905,9.051,0.687,16.232,2.335,0.0,0.0,141.595,444.261
Turkmenistan,TKM,Asia,AS,2021,2020-2023,Pandemia,7092042.0,95789282239.0,91.694,12.929,0.957,16.462,2.321,0.0,0.0,206.147,444.797
Turkmenistan,TKM,Asia,AS,2022,2020-2023,Post-Pandemia,7230197.0,97502944727.0,102.063,14.116,1.047,17.177,2.376,0.0,0.0,216.34,471.771
Turkmenistan,TKM,Asia,AS,2023,2020-2023,Post-Pandemia,7364437.0,,95.421,12.957,,15.232,2.068,0.0,0.0,217.627,438.46
Turks and Caicos Islands,TCA,North America,NA,2010,2010-2014,Pre-Pandemia,29763.0,,0.282,9.479,,0.282,9.479,,,369.222,0.764
Turks and Caicos Islands,TCA,North America,NA,2011,2010-2014,Pre-Pandemia,30870.0,,0.282,9.139,,0.282,9.139,,,369.222,0.764
Turks and Caicos Islands,TCA,North America,NA,2012,2010-2014,Pre-Pandemia,32152.0,,0.282,8.775,,0.282,8.775,,,369.222,0.764
Turks and Caicos Islands,TCA,North America,NA,2013,2010-2014,Pre-Pandemia,33675.0,,0.286,8.487,,0.286,8.487,,,370.926,0.77
Turks and Caicos Islands,TCA,North America,NA,2014,2010-2014,Pre-Pandemia,35077.0,,0.308,8.774,,0.308,8.774,,,371.804,0.828
Turks and Caicos Islands,TCA,North America,NA,2015,2015-2019,Pre-Pandemia,36632.0,,0.315,8.602,,0.315,8.602,,,369.351,0.853
Turks and Caicos Islands,TCA,North America,NA,2016,2015-2019,Pre-Pandemia,38342.0,,0.326,8.505,,0.326,8.505,,,369.54,0.882
Turks and Caicos Islands,TCA,North America,NA,2017,2015-2019,Pre-Pandemia,39931.0,,0.352,8.809,,0.352,8.809,,,368.263,0.955
Turks and Caicos Islands,TCA,North America,NA,2018,2015-2019,Pre-Pandemia,41580.0,,0.359,8.636,,0.359,8.636,,,192.571,1.865
Turks and Caicos Islands,TCA,North America,NA,2019,2015-2019,Pre-Pandemia,43191.0,,0.363,8.398,,0.363,8.398,,,192.659,1.883
Turks and Caicos Islands,TCA,North America,NA,2020,2020-2023,Pandemia,44405.0,,0.359,8.086,,0.359,8.086,,,193.918,1.852
Turks and Caicos Islands,TCA,North America,NA,2021,2020-2023,Pandemia,45262.0,,0.366,8.095,,0.366,8.095,,,193.233,1.896
Turks and Caicos Islands,TCA,North America,NA,2022,2020-2023,Post-Pandemia,45869.0,,0.366,7.97,,0.366,7.97,,,193.671,1.888
Turks and Caicos Islands,TCA,North America,NA,2023,2020-2023,Post-Pandemia,46221.0,,0.365,7.893,,0.365,7.893,,,192.298,1.897
Tuvalu,TUV,Oceania,OC,2010,2010-2014,Pre-Pandemia,10635.0,,0.011,1.034,,0.011,1.034,,,,0.0
Tuvalu,TUV,Oceania,OC,2011,2010-2014,Pre-Pandemia,10804.0,,0.011,1.017,,0.011,1.017,,,,0.0
Tuvalu,TUV,Oceania,OC,2012,2010-2014,Pre-Pandemia,10960.0,,0.011,1.003,,0.011,1.003,,,,0.0
Tuvalu,TUV,Oceania,OC,2013,2010-2014,Pre-Pandemia,11028.0,,0.007,0.664,,0.007,0.664,,,,0.0
Tuvalu,TUV,Oceania,OC,2014,2010-2014,Pre-Pandemia,11007.0,,0.007,0.666,,0.007,0.666,,,,0.0
Tuvalu,TUV,Oceania,OC,2015,2015-2019,Pre-Pandemia,10985.0,,0.007,0.667,,0.007,0.667,,,,0.0
Tuvalu,TUV,Oceania,OC,2016,2015-2019,Pre-Pandemia,10951.0,,0.007,0.669,,0.007,0.669,,,,0.0
Tuvalu,TUV,Oceania,OC,2017,2015-2019,Pre-Pandemia,10892.0,,0.007,0.673,,0.007,0.673,,,,0.0
Tuvalu,TUV,Oceania,OC,2018,2015-2019,Pre-Pandemia,10775.0,,0.011,1.02,,0.011,1.02,,,,0.0
Tuvalu,TUV,Oceania,OC,2019,2015-2019,Pre-Pandemia,10603.0,,0.011,1.037,,0.011,1.037,,,,0.0
Tuvalu,TUV,Oceania,OC,2020,2020-2023,Pandemia,10423.0,,0.011,1.055,,0.011,1.055,,,,0.0
Tuvalu,TUV,Oceania,OC,2021,2020-2023,Pandemia,10214.0,,0.011,1.076,,0.011,1.076,,,,0.0
Tuvalu,TUV,Oceania,OC,2022,2020-2023,Post-Pandemia,10012.0,,0.011,1.098,,0.011,1.098,,,,0.0
Tuvalu,TUV,Oceania,OC,2023,2020-2023,Post-Pandemia,9837.0,,0.011,1.112,,0.011,1.112,,,,0.0
Uganda,UGA,Africa,AF,2010,2010-2014,Pre-Pandemia,32390801.0,59228535712.0,3.57,0.11,0.06,3.246,0.1,0.0,0.0,213.994,16.681
Uganda,UGA,Africa,AF,2011,2010-2014,Pre-Pandemia,33354541.0,62855840742.0,3.828,0.115,0.061,3.433,0.103,0.0,0.0,218.049,17.554
Uganda,UGA,Africa,AF,2012,2010-2014,Pre-Pandemia,34337436.0,64322268140.0,3.627,0.106,0.056,3.199,0.093,0.0,0.0,202.129,17.944
Uganda,UGA,Africa,AF,2013,2010-2014,Pre-Pandemia,35337050.0,66855286085.0,3.755,0.106,0.056,3.397,0.096,0.0,0.0,196.4,19.117
Uganda,UGA,Africa,AF,2014,2010-2014,Pre-Pandemia,36395542.0,70696115682.0,4.09,0.112,0.058,3.697,0.102,0.0,0.0,181.87,22.487
Uganda,UGA,Africa,AF,2015,2015-2019,Pre-Pandemia,37531444.0,76356053069.0,4.529,0.121,0.059,4.18,0.111,0.0,0.0,197.042,22.983
Uganda,UGA,Africa,AF,2016,2015-2019,Pre-Pandemia,38799153.0,76477462940.0,4.817,0.124,0.063,4.444,0.115,0.0,0.0,201.191,23.945
Uganda,UGA,Africa,AF,2017,2015-2019,Pre-Pandemia,40177384.0,81700865546.0,5.406,0.135,0.066,5.031,0.125,0.0,0.0,208.602,25.916
Uganda,UGA,Africa,AF,2018,2015-2019,Pre-Pandemia,41565839.0,86196050499.0,5.549,0.133,0.064,5.166,0.124,0.0,0.0,198.818,27.908
Uganda,UGA,Africa,AF,2019,2015-2019,Pre-Pandemia,42999636.0,92903828922.0,5.761,0.134,0.062,5.302,0.123,0.0,0.0,201.984,28.523
Uganda,UGA,Africa,AF,2020,2020-2023,Pandemia,44457148.0,91695146192.0,5.571,0.125,0.061,5.012,0.113,0.0,0.0,204.137,27.292
Uganda,UGA,Africa,AF,2021,2020-2023,Pandemia,45910931.0,97200521048.0,6.232,0.136,0.064,5.544,0.121,0.0,0.0,206.904,30.122
Uganda,UGA,Africa,AF,2022,2020-2023,Post-Pandemia,47312718.0,101995416951.0,6.128,0.13,0.06,5.47,0.116,0.0,0.0,195.305,31.378
Uganda,UGA,Africa,AF,2023,2020-2023,Post-Pandemia,48656606.0,,6.236,0.128,,5.578,0.115,0.0,0.0,200.052,31.171
Ukraine,UKR,Europe,EU,2010,2010-2014,Pre-Pandemia,46455997.0,439429783004.0,294.366,6.336,0.67,39.788,0.856,145.421,3.13,206.295,1426.915
Ukraine,UKR,Europe,EU,2011,2010-2014,Pre-Pandemia,46307854.0,471221167316.0,308.376,6.659,0.654,39.729,0.858,153.853,3.322,209.105,1474.744
Ukraine,UKR,Europe,EU,2012,2010-2014,Pre-Pandemia,46210051.0,472276721174.0,304.43,6.588,0.645,38.431,0.832,158.981,3.44,210.972,1442.989
Ukraine,UKR,Europe,EU,2013,2010-2014,Pre-Pandemia,46126760.0,472286166147.0,297.54,6.45,0.63,37.337,0.809,160.185,3.473,217.251,1369.568
Ukraine,UKR,Europe,EU,2014,2010-2014,Pre-Pandemia,45972379.0,441233307180.0,257.703,5.606,0.584,35.33,0.768,138.373,3.01,213.265,1208.371
Ukraine,UKR,Europe,EU,2015,2015-2019,Pre-Pandemia,45784904.0,398045419167.0,223.85,4.889,0.562,30.481,0.666,119.393,2.608,223.09,1003.408
Ukraine,UKR,Europe,EU,2016,2015-2019,Pre-Pandemia,45616831.0,407666198456.0,234.106,5.132,0.574,34.119,0.748,126.828,2.78,222.959,1049.995
Ukraine,UKR,Europe,EU,2017,2015-2019,Pre-Pandemia,45436037.0,417287091525.0,223.288,4.914,0.535,35.336,0.778,112.586,2.478,228.935,975.331
Ukraine,UKR,Europe,EU,2018,2015-2019,Pre-Pandemia,45208903.0,431842093109.0,231.9,5.13,0.537,35.209,0.779,120.544,2.666,229.153,1011.989
Ukraine,UKR,Europe,EU,2019,2015-2019,Pre-Pandemia,44957451.0,445656664440.0,222.188,4.942,0.499,38.477,0.856,114.046,2.537,232.01,957.663
Ukraine,UKR,Europe,EU,2020,2020-2023,Pandemia,44680008.0,428931213784.0,207.101,4.635,0.483,34.911,0.781,102.155,2.286,225.489,918.452
Ukraine,UKR,Europe,EU,2021,2020-2023,Pandemia,44298642.0,443313281092.0,210.636,4.755,0.475,37.067,0.837,103.68,2.34,225.295,934.935
Ukraine,UKR,Europe,EU,2022,2020-2023,Post-Pandemia,41048768.0,309166674673.0,143.04,3.485,0.463,31.397,0.765,61.251,1.492,231.164,618.781
Ukraine,UKR,Europe,EU,2023,2020-2023,Post-Pandemia,37732833.0,,139.325,3.692,,31.055,0.823,54.793,1.452,236.896,588.13
United Arab Emirates,ARE,Asia,AS,2010,2010-2014,Pre-Pandemia,6938372.0,490048925162.0,185.848,26.786,0.379,57.387,8.271,2.477,0.357,191.105,972.492
United Arab Emirates,ARE,Asia,AS,2011,2010-2014,Pre-Pandemia,7199436.0,551070287560.0,198.518,27.574,0.36,58.348,8.105,1.678,0.233,194.448,1020.931
United Arab Emirates,ARE,Asia,AS,2012,2010-2014,Pre-Pandemia,7497122.0,577394943300.0,208.324,27.787,0.361,62.535,8.341,5.251,0.7,193.952,1074.1
United Arab Emirates,ARE,Asia,AS,2013,2010-2014,Pre-Pandemia,7831851.0,606587973942.0,214.188,27.348,0.353,62.408,7.968,6.72,0.858,189.236,1131.859
United Arab Emirates,ARE,Asia,AS,2014,2010-2014,Pre-Pandemia,8236880.0,631858461256.0,214.53,26.045,0.34,60.256,7.315,7.485,0.909,188.981,1135.193
United Arab Emirates,ARE,Asia,AS,2015,2015-2019,Pre-Pandemia,8674633.0,674742705535.0,225.045,25.943,0.334,74.301,8.565,6.507,0.75,183.999,1223.079
United Arab Emirates,ARE,Asia,AS,2016,2015-2019,Pre-Pandemia,9030873.0,712265114847.0,227.898,25.235,0.32,77.715,8.605,6.976,0.773,179.515,1269.522
United Arab Emirates,ARE,Asia,AS,2017,2015-2019,Pre-Pandemia,9234330.0,717500233045.0,196.493,21.279,0.274,59.602,6.454,8.068,0.874,162.138,1211.888
United Arab Emirates,ARE,Asia,AS,2018,2015-2019,Pre-Pandemia,9346870.0,726928170282.0,204.105,21.837,0.281,70.029,7.492,7.277,0.779,180.189,1132.725
United Arab Emirates,ARE,Asia,AS,2019,2015-2019,Pre-Pandemia,9377855.0,734982504070.0,204.058,21.76,0.278,58.165,6.202,6.734,0.718,167.679,1216.958
United Arab Emirates,ARE,Asia,AS,2020,2020-2023,Pandemia,9448529.0,698549476819.0,215.266,22.783,0.308,67.015,7.093,8.086,0.856,181.736,1184.499
United Arab Emirates,ARE,Asia,AS,2021,2020-2023,Pandemia,9789055.0,725904671328.0,212.173,21.675,0.292,69.805,7.131,10.054,1.027,171.024,1240.606
United Arab Emirates,ARE,Asia,AS,2022,2020-2023,Post-Pandemia,10242085.0,779701520404.0,207.103,20.221,0.266,60.793,5.936,3.94,0.385,153.076,1352.948
United Arab Emirates,ARE,Asia,AS,2023,2020-2023,Post-Pandemia,10642089.0,,210.425,19.773,,62.891,5.91,4.012,0.377,146.814,1433.276
United Kingdom,GBR,Europe,EU,2010,2010-2014,Pre-Pandemia,63006482.0,2190919919855.0,511.905,8.125,0.234,179.848,2.854,118.03,1.873,206.818,2475.146
United Kingdom,GBR,Europe,EU,2011,2010-2014,Pre-Pandemia,63509285.0,2223011392593.0,469.713,7.396,0.211,172.06,2.709,117.15,1.845,201.405,2332.188
United Kingdom,GBR,Europe,EU,2012,2010-2014,Pre-Pandemia,63960488.0,2255210551431.0,487.477,7.622,0.216,170.288,2.662,148.005,2.314,205.241,2375.146
United Kingdom,GBR,Europe,EU,2013,2010-2014,Pre-Pandemia,64389386.0,2296252599482.0,477.611,7.418,0.208,165.756,2.574,142.457,2.212,199.965,2388.473
United Kingdom,GBR,Europe,EU,2014,2010-2014,Pre-Pandemia,64865914.0,2369725553442.0,438.807,6.765,0.185,166.511,2.567,115.434,1.78,194.532,2255.708
United Kingdom,GBR,Europe,EU,2015,2015-2019,Pre-Pandemia,65382107.0,2426435869267.0,422.461,6.461,0.174,170.773,2.612,91.548,1.4,185.333,2279.467
United Kingdom,GBR,Europe,EU,2016,2015-2019,Pre-Pandemia,65893359.0,2478973016876.0,399.43,6.062,0.161,173.93,2.64,47.825,0.726,177.768,2246.922
United Kingdom,GBR,Europe,EU,2017,2015-2019,Pre-Pandemia,66354473.0,2539548543933.0,387.367,5.838,0.153,174.851,2.635,39.129,0.59,172.083,2251.043
United Kingdom,GBR,Europe,EU,2018,2015-2019,Pre-Pandemia,66752473.0,2582848171416.0,379.73,5.689,0.147,173.087,2.593,33.28,0.499,169.037,2246.424
United Kingdom,GBR,Europe,EU,2019,2015-2019,Pre-Pandemia,67110958.0,2624285076706.0,364.753,5.435,0.139,168.996,2.518,24.513,0.365,166.327,2192.985
United Kingdom,GBR,Europe,EU,2020,2020-2023,Pandemia,67351860.0,2334804059780.0,326.263,4.844,0.14,143.981,2.138,22.809,0.339,164.543,1982.843
United Kingdom,GBR,Europe,EU,2021,2020-2023,Pandemia,67668788.0,2512190098029.0,342.366,5.059,0.136,149.626,2.211,23.758,0.351,171.959,1990.967
United Kingdom,GBR,Europe,EU,2022,2020-2023,Post-Pandemia,68179315.0,2615230634906.0,311.118,4.563,0.119,146.334,2.146,19.979,0.293,154.789,2009.944
United Kingdom,GBR,Europe,EU,2023,2020-2023,Post-Pandemia,68682965.0,,307.826,4.482,,154.684,2.252,17.914,0.261,159.526,1929.626
United States,USA,North America,NA,2010,2010-2014,Pre-Pandemia,311062785.0,15239586726210.0,5669.25,18.225,0.372,2258.293,7.26,1946.51,6.258,218.438,25953.547
United States,USA,North America,NA,2011,2010-2014,Pre-Pandemia,314105075.0,15477885525000.0,5538.973,17.634,0.358,2212.686,7.044,1840.243,5.859,215.281,25729.088
United States,USA,North America,NA,2012,2010-2014,Pre-Pandemia,317115349.0,15830886903539.0,5331.467,16.812,0.337,2152.244,6.787,1625.427,5.126,212.855,25047.367
United States,USA,North America,NA,2013,2010-2014,Pre-Pandemia,320110752.0,16122472460312.0,5473.436,17.099,0.339,2178.417,6.805,1684.672,5.263,212.737,25728.629
United States,USA,North America,NA,2014,2010-2014,Pre-Pandemia,323115377.0,16491319003554.0,5531.385,17.119,0.335,2210.569,6.841,1682.162,5.206,212.779,25995.914
United States,USA,North America,NA,2015,2015-2019,Pre-Pandemia,326126496.0,16937633974582.0,5368.497,16.461,0.317,2235.988,6.856,1446.99,4.437,208.506,25747.426
United States,USA,North America,NA,2016,2015-2019,Pre-Pandemia,329179423.0,17220065720000.0,5245.362,15.935,0.305,2252.27,6.842,1319.993,4.01,203.885,25727.051
United States,USA,North America,NA,2017,2015-2019,Pre-Pandemia,332204657.0,17606124654726.0,5195.417,15.639,0.295,2259.157,6.8,1277.049,3.844,201.2,25822.156
United States,USA,North America,NA,2018,2015-2019,Pre-Pandemia,335056492.0,18124692769570.0,5361.236,16.001,0.296,2305.441,6.881,1224.38,3.654,200.278,26768.988
United States,USA,North America,NA,2019,2015-2019,Pre-Pandemia,337790069.0,18540552700117.0,5235.912,15.5,0.282,2299.82,6.808,1043.896,3.09,196.998,26578.494
United States,USA,North America,NA,2020,2020-2023,Pandemia,339436156.0,18027359681343.0,4689.954,13.817,0.26,1991.579,5.867,853.925,2.516,190.413,24630.395
United States,USA,North America,NA,2021,2020-2023,Pandemia,340161438.0,19099378164000.0,5020.111,14.758,0.263,2182.605,6.416,979.504,2.88,193.402,25956.828
United States,USA,North America,NA,2022,2020-2023,Post-Pandemia,341534041.0,19493170182843.0,5055.403,14.802,0.259,2198.937,6.438,916.343,2.683,190.68,26512.51
United States,USA,North America,NA,2023,2020-2023,Post-Pandemia,343477330.0,,4918.407,14.319,,2199.111,6.402,758.572,2.209,187.607,26216.545
Uruguay,URY,South America,SA,2010,2010-2014,Pre-Pandemia,3318581.0,54642867455.0,6.322,1.905,0.116,5.804,1.749,0.007,0.002,140.319,45.053
Uruguay,URY,South America,SA,2011,2010-2014,Pre-Pandemia,3326829.0,57427770581.0,7.686,2.31,0.134,7.115,2.139,0.007,0.002,159.933,48.061
Uruguay,URY,South America,SA,2012,2010-2014,Pre-Pandemia,3335406.0,59459565927.0,8.605,2.58,0.145,8.138,2.44,0.007,0.002,170.773,50.386
Uruguay,URY,South America,SA,2013,2010-2014,Pre-Pandemia,3345335.0,62217298965.0,7.491,2.239,0.12,7.049,2.107,0.007,0.002,155.708,48.109
Uruguay,URY,South America,SA,2014,2010-2014,Pre-Pandemia,3356343.0,64232518554.0,6.684,1.991,0.104,6.262,1.866,0.0,0.0,144.061,46.396
Uruguay,URY,South America,SA,2015,2015-2019,Pre-Pandemia,3368022.0,64470831197.0,6.738,2.001,0.105,6.284,1.866,0.0,0.0,137.761,48.912
Uruguay,URY,South America,SA,2016,2015-2019,Pre-Pandemia,3379279.0,65560386931.0,6.52,1.93,0.099,6.119,1.811,0.0,0.0,132.649,49.155
Uruguay,URY,South America,SA,2017,2015-2019,Pre-Pandemia,3388444.0,66627711123.0,6.151,1.815,0.092,5.705,1.684,0.0,0.0,133.995,45.905
Uruguay,URY,South America,SA,2018,2015-2019,Pre-Pandemia,3394538.0,66946183643.0,6.57,1.936,0.098,6.134,1.807,0.0,0.0,140.198,46.865
Uruguay,URY,South America,SA,2019,2015-2019,Pre-Pandemia,3397206.0,67180494669.0,6.408,1.886,0.095,5.95,1.751,0.0,0.0,130.68,49.04
Uruguay,URY,South America,SA,2020,2020-2023,Pandemia,3398966.0,63072414563.0,6.477,1.906,0.103,6.024,1.772,0.0,0.0,142.431,45.473
Uruguay,URY,South America,SA,2021,2020-2023,Pandemia,3396693.0,65848852721.0,7.829,2.305,0.119,7.332,2.158,0.0,0.0,155.907,50.217
Uruguay,URY,South America,SA,2022,2020-2023,Post-Pandemia,3390913.0,69066228178.0,7.501,2.212,0.109,6.987,2.061,0.007,0.002,149.374,50.215
Uruguay,URY,South America,SA,2023,2020-2023,Post-Pandemia,3388083.0,,7.627,2.251,,7.096,2.094,0.008,0.002,146.289,52.136
Uzbekistan,UZB,Asia,AS,2010,2010-2014,Pre-Pandemia,28385509.0,195160171269.0,107.668,3.793,0.552,10.885,0.383,5.151,0.181,204.824,525.662
Uzbekistan,UZB,Asia,AS,2011,2010-2014,Pre-Pandemia,28823194.0,208063390835.0,116.755,4.051,0.561,9.94,0.345,5.415,0.188,212.296,549.961
Uzbekistan,UZB,Asia,AS,2012,2010-2014,Pre-Pandemia,29261908.0,222840047403.0,118.86,4.062,0.533,8.915,0.305,5.471,0.187,218.712,543.457
Uzbekistan,UZB,Asia,AS,2013,2010-2014,Pre-Pandemia,29724065.0,239100684823.0,112.395,3.781,0.47,10.281,0.346,8.017,0.27,206.007,545.587
Uzbekistan,UZB,Asia,AS,2014,2010-2014,Pre-Pandemia,30222994.0,255536474727.0,107.496,3.557,0.421,10.091,0.334,7.434,0.246,189.865,566.169
Uzbekistan,UZB,Asia,AS,2015,2015-2019,Pre-Pandemia,30749349.0,273983640646.0,103.374,3.362,0.377,10.234,0.333,5.995,0.195,191.378,540.155
Uzbekistan,UZB,Asia,AS,2016,2015-2019,Pre-Pandemia,31284565.0,290236358613.0,109.837,3.511,0.378,10.721,0.343,7.097,0.227,210.929,520.732
Uzbekistan,UZB,Asia,AS,2017,2015-2019,Pre-Pandemia,31819172.0,302992216928.0,108.883,3.422,0.359,11.116,0.349,6.694,0.21,202.481,537.744
Uzbekistan,UZB,Asia,AS,2018,2015-2019,Pre-Pandemia,32373489.0,320808179800.0,102.33,3.161,0.319,11.688,0.361,9.666,0.299,189.849,539.008
Uzbekistan,UZB,Asia,AS,2019,2015-2019,Pre-Pandemia,32964700.0,339998944961.0,107.947,3.275,0.317,11.322,0.343,8.292,0.252,198.662,543.371
Uzbekistan,UZB,Asia,AS,2020,2020-2023,Pandemia,33586373.0,346785285756.0,108.139,3.22,0.312,12.491,0.372,11.52,0.343,200.325,539.818
Uzbekistan,UZB,Asia,AS,2021,2020-2023,Pandemia,34243696.0,372457828275.0,123.162,3.597,0.331,11.128,0.325,10.241,0.299,213.853,575.917
Uzbekistan,UZB,Asia,AS,2022,2020-2023,Post-Pandemia,34938953.0,393572464308.0,119.105,3.409,0.303,11.509,0.329,11.901,0.341,201.014,592.522
Uzbekistan,UZB,Asia,AS,2023,2020-2023,Post-Pandemia,35652311.0,,122.872,3.446,,11.608,0.326,18.111,0.508,204.646,600.413
Vanuatu,VUT,Oceania,OC,2010,2010-2014,Pre-Pandemia,238256.0,,0.125,0.523,,0.125,0.523,,,185.994,0.67
Vanuatu,VUT,Oceania,OC,2011,2010-2014,Pre-Pandemia,243483.0,,0.132,0.542,,0.132,0.542,,,169.545,0.778
Vanuatu,VUT,Oceania,OC,2012,2010-2014,Pre-Pandemia,248894.0,,0.117,0.471,,0.117,0.471,,,180.448,0.65
Vanuatu,VUT,Oceania,OC,2013,2010-2014,Pre-Pandemia,254495.0,,0.11,0.432,,0.11,0.432,,,175.269,0.627
Vanuatu,VUT,Oceania,OC,2014,2010-2014,Pre-Pandemia,260247.0,,0.158,0.605,,0.158,0.605,,,220.102,0.716
Vanuatu,VUT,Oceania,OC,2015,2015-2019,Pre-Pandemia,266115.0,,0.132,0.496,,0.132,0.496,,,196.405,0.672
Vanuatu,VUT,Oceania,OC,2016,2015-2019,Pre-Pandemia,272097.0,,0.15,0.552,,0.15,0.552,,,221.278,0.679
Vanuatu,VUT,Oceania,OC,2017,2015-2019,Pre-Pandemia,278518.0,,0.139,0.5,,0.139,0.5,,,183.982,0.757
Vanuatu,VUT,Oceania,OC,2018,2015-2019,Pre-Pandemia,285273.0,,0.176,0.617,,0.176,0.617,,,181.847,0.967
Vanuatu,VUT,Oceania,OC,2019,2015-2019,Pre-Pandemia,291995.0,,0.165,0.565,,0.165,0.565,,,177.015,0.931
Vanuatu,VUT,Oceania,OC,2020,2020-2023,Pandemia,298867.0,,0.205,0.687,,0.205,0.687,,,189.079,1.085
Vanuatu,VUT,Oceania,OC,2021,2020-2023,Pandemia,305882.0,,0.216,0.707,,0.216,0.707,,,189.031,1.144
Vanuatu,VUT,Oceania,OC,2022,2020-2023,Post-Pandemia,313061.0,,0.189,0.605,,0.189,0.605,,,164.96,1.148
Vanuatu,VUT,Oceania,OC,2023,2020-2023,Post-Pandemia,320422.0,,0.188,0.588,,0.188,0.588,,,147.052,1.282
Vatican,VAT,Europe,EU,2010,2010-2014,Pre-Pandemia,629.0,,,,,,,,,,
Vatican,VAT,Europe,EU,2011,2010-2014,Pre-Pandemia,624.0,,,,,,,,,,
Vatican,VAT,Europe,EU,2012,2010-2014,Pre-Pandemia,612.0,,,,,,,,,,
Vatican,VAT,Europe,EU,2013,2010-2014,Pre-Pandemia,598.0,,,,,,,,,,
Vatican,VAT,Europe,EU,2014,2010-2014,Pre-Pandemia,587.0,,,,,,,,,,
Vatican,VAT,Europe,EU,2015,2015-2019,Pre-Pandemia,579.0,,,,,,,,,,
Vatican,VAT,Europe,EU,2016,2015-2019,Pre-Pandemia,571.0,,,,,,,,,,
Vatican,VAT,Europe,EU,2017,2015-2019,Pre-Pandemia,563.0,,,,,,,,,,
Vatican,VAT,Europe,EU,2018,2015-2019,Pre-Pandemia,552.0,,,,,,,,,,
Vatican,VAT,Europe,EU,2019,2015-2019,Pre-Pandemia,543.0,,,,,,,,,,
Vatican,VAT,Europe,EU,2020,2020-2023,Pandemia,536.0,,,,,,,,,,
Vatican,VAT,Europe,EU,2021,2020-2023,Pandemia,527.0,,,,,,,,,,
Vatican,VAT,Europe,EU,2022,2020-2023,Post-Pandemia,513.0,,,,,,,,,,
Vatican,VAT,Europe,EU,2023,2020-2023,Post-Pandemia,501.0,,,,,,,,,,
Venezuela,VEN,South America,SA,2010,2010-2014,Pre-Pandemia,28813101.0,477591738082.0,189.582,6.58,0.397,132.738,4.607,0.755,0.026,198.098,957.009
Venezuela,VEN,South America,SA,2011,2010-2014,Pre-Pandemia,29185220.0,502688619769.0,168.713,5.781,0.336,106.388,3.645,0.777,0.027,167.056,1009.919
Venezuela,VEN,South America,SA,2012,2010-2014,Pre-Pandemia,29553829.0,530969916373.0,175.845,5.95,0.331,106.56,3.606,0.799,0.027,166.689,1054.928
Venezuela,VEN,South America,SA,2013,2010-2014,Pre-Pandemia,29912195.0,538100828642.0,198.452,6.634,0.369,128.255,4.288,0.795,0.027,191.37,1037.009
Venezuela,VEN,South America,SA,2014,2010-2014,Pre-Pandemia,30254080.0,517147151484.0,175.992,5.817,0.34,106.716,3.527,0.747,0.025,173.692,1013.238
Venezuela,VEN,South America,SA,2015,2015-2019,Pre-Pandemia,30573968.0,484975458402.0,166.328,5.44,0.343,98.382,3.218,0.7,0.023,171.596,969.301
Venezuela,VEN,South America,SA,2016,2015-2019,Pre-Pandemia,30765719.0,402335647692.0,152.733,4.964,0.38,83.664,2.719,0.583,0.019,171.594,890.084
Venezuela,VEN,South America,SA,2017,2015-2019,Pre-Pandemia,30565331.0,339285602968.0,139.093,4.551,0.41,75.467,2.469,0.491,0.016,159.333,872.974
Venezuela,VEN,South America,SA,2018,2015-2019,Pre-Pandemia,29807591.0,272599019803.0,111.24,3.732,0.408,52.749,1.77,0.392,0.013,152.828,727.872
Venezuela,VEN,South America,SA,2019,2015-2019,Pre-Pandemia,28938096.0,197170883456.0,105.43,3.643,0.535,52.135,1.802,0.286,0.01,160.48,656.968
Venezuela,VEN,South America,SA,2020,2020-2023,Pandemia,28444080.0,138029481377.0,80.901,2.844,0.586,38.285,1.346,0.198,0.007,153.262,527.86
Venezuela,VEN,South America,SA,2021,2020-2023,Pandemia,28237830.0,138656126606.0,94.902,3.361,0.684,40.37,1.43,0.202,0.007,157.101,604.086
Venezuela,VEN,South America,SA,2022,2020-2023,Post-Pandemia,28213015.0,149682062815.0,108.424,3.843,0.724,51.739,1.834,0.217,0.008,167.826,646.047
Venezuela,VEN,South America,SA,2023,2020-2023,Post-Pandemia,28300861.0,,119.588,4.226,,62.579,2.211,0.267,0.009,170.967,699.48
Vietnam,VNM,Asia,AS,2010,2010-2014,Pre-Pandemia,87455148.0,413666257649.0,139.564,1.596,0.337,49.303,0.564,47.463,0.543,258.344,540.225
Vietnam,VNM,Asia,AS,2011,2010-2014,Pre-Pandemia,88468315.0,438354712953.0,152.564,1.725,0.348,47.178,0.533,59.551,0.673,255.49,597.142
Vietnam,VNM,Asia,AS,2012,2010-2014,Pre-Pandemia,89510355.0,462486159336.0,144.288,1.612,0.312,44.21,0.494,52.315,0.584,232.333,621.038
Vietnam,VNM,Asia,AS,2013,2010-2014,Pre-Pandemia,90573103.0,488172621311.0,151.459,1.672,0.31,43.909,0.485,56.561,0.624,230.839,656.124
Vietnam,VNM,Asia,AS,2014,2010-2014,Pre-Pandemia,91679582.0,519523061605.0,180.048,1.964,0.347,47.698,0.52,78.149,0.852,248.76,723.781
Vietnam,VNM,Asia,AS,2015,2015-2019,Pre-Pandemia,92823254.0,555822142751.0,213.391,2.299,0.384,58.913,0.635,97.898,1.055,263.29,810.48
Vietnam,VNM,Asia,AS,2016,2015-2019,Pre-Pandemia,94000115.0,593006635951.0,221.027,2.351,0.373,55.367,0.589,106.905,1.137,252.12,876.673
Vietnam,VNM,Asia,AS,2017,2015-2019,Pre-Pandemia,95176978.0,634161327073.0,227.694,2.392,0.359,57.048,0.599,108.302,1.138,239.672,950.026
Vietnam,VNM,Asia,AS,2018,2015-2019,Pre-Pandemia,96237319.0,681501440291.0,255.468,2.655,0.375,63.63,0.661,122.273,1.271,236.783,1078.912
Vietnam,VNM,Asia,AS,2019,2015-2019,Pre-Pandemia,97173778.0,731653148132.0,339.312,3.492,0.464,70.807,0.729,191.609,1.972,280.847,1208.174
Vietnam,VNM,Asia,AS,2020,2020-2023,Pandemia,98079196.0,752629620043.0,362.599,3.697,0.482,68.385,0.697,215.96,2.202,295.101,1228.728
Vietnam,VNM,Asia,AS,2021,2020-2023,Pandemia,98935101.0,771912038182.0,314.197,3.176,0.407,64.083,0.648,172.613,1.745,256.826,1223.385
Vietnam,VNM,Asia,AS,2022,2020-2023,Post-Pandemia,99680656.0,833803909046.0,322.653,3.237,0.387,72.805,0.73,177.248,1.778,249.443,1293.495
Vietnam,VNM,Asia,AS,2023,2020-2023,Post-Pandemia,100352189.0,,347.399,3.462,,78.204,0.779,209.114,2.084,252.482,1375.936
Wallis and Futuna,WLF,Oceania,OC,2010,2010-2014,Pre-Pandemia,13189.0,,0.026,1.945,,0.026,1.945,,,,
Wallis and Futuna,WLF,Oceania,OC,2011,2010-2014,Pre-Pandemia,12942.0,,0.026,1.982,,0.026,1.982,,,,
Wallis and Futuna,WLF,Oceania,OC,2012,2010-2014,Pre-Pandemia,12709.0,,0.026,2.018,,0.026,2.018,,,,
Wallis and Futuna,WLF,Oceania,OC,2013,2010-2014,Pre-Pandemia,12500.0,,0.026,2.052,,0.026,2.052,,,,
Wallis and Futuna,WLF,Oceania,OC,2014,2010-2014,Pre-Pandemia,12328.0,,0.026,2.08,,0.026,2.08,,,,
Wallis and Futuna,WLF,Oceania,OC,2015,2015-2019,Pre-Pandemia,12185.0,,0.026,2.105,,0.026,2.105,,,,
Wallis and Futuna,WLF,Oceania,OC,2016,2015-2019,Pre-Pandemia,12057.0,,0.026,2.127,,0.026,2.127,,,,
Wallis and Futuna,WLF,Oceania,OC,2017,2015-2019,Pre-Pandemia,11945.0,,0.026,2.147,,0.026,2.147,,,,
Wallis and Futuna,WLF,Oceania,OC,2018,2015-2019,Pre-Pandemia,11827.0,,0.026,2.169,,0.026,2.169,,,,
Wallis and Futuna,WLF,Oceania,OC,2019,2015-2019,Pre-Pandemia,11711.0,,0.026,2.19,,0.026,2.19,,,,
Wallis and Futuna,WLF,Oceania,OC,2020,2020-2023,Pandemia,11640.0,,0.029,2.518,,0.029,2.518,,,,
Wallis and Futuna,WLF,Oceania,OC,2021,2020-2023,Pandemia,11590.0,,0.029,2.529,,0.029,2.529,,,,
Wallis and Futuna,WLF,Oceania,OC,2022,2020-2023,Post-Pandemia,11501.0,,0.029,2.549,,0.029,2.549,,,,
Wallis and Futuna,WLF,Oceania,OC,2023,2020-2023,Post-Pandemia,11394.0,,0.029,2.56,,0.029,2.56,,,,
Yemen,YEM,Asia,AS,2010,2010-2014,Pre-Pandemia,26754383.0,111622920604.0,25.818,0.965,0.231,20.086,0.751,0.451,0.017,258.867,99.733
Yemen,YEM,Asia,AS,2011,2010-2014,Pre-Pandemia,27582902.0,97623324312.0,22.625,0.82,0.232,17.437,0.632,0.407,0.015,269.999,83.797
Yemen,YEM,Asia,AS,2012,2010-2014,Pre-Pandemia,28433655.0,99959450246.0,20.467,0.72,0.205,15.318,0.539,0.414,0.015,281.889,72.608
Yemen,YEM,Asia,AS,2013,2010-2014,Pre-Pandemia,29312955.0,104781489392.0,27.281,0.931,0.26,21.321,0.727,0.436,0.015,266.23,102.472
Yemen,YEM,Asia,AS,2014,2010-2014,Pre-Pandemia,30226311.0,104583458743.0,26.592,0.88,0.254,20.753,0.687,0.436,0.014,274.177,96.989
Yemen,YEM,Asia,AS,2015,2015-2019,Pre-Pandemia,31159378.0,75305316956.0,14.123,0.453,0.188,9.64,0.309,0.315,0.01,270.619,52.187
Yemen,YEM,Asia,AS,2016,2015-2019,Pre-Pandemia,32109023.0,68245442015.0,10.044,0.313,0.147,7.573,0.236,0.286,0.009,241.017,41.672
Yemen,YEM,Asia,AS,2017,2015-2019,Pre-Pandemia,33090923.0,64784033932.0,9.214,0.278,0.142,7.362,0.222,0.271,0.008,171.407,53.754
Yemen,YEM,Asia,AS,2018,2015-2019,Pre-Pandemia,34085181.0,65271212493.0,11.504,0.338,0.176,9.504,0.279,0.271,0.008,182.882,62.903
Yemen,YEM,Asia,AS,2019,2015-2019,Pre-Pandemia,35111416.0,66185009341.0,11.788,0.336,0.178,9.359,0.267,0.278,0.008,175.681,67.098
Yemen,YEM,Asia,AS,2020,2020-2023,Pandemia,36134867.0,60559285911.0,10.757,0.298,0.178,8.138,0.225,0.253,0.007,174.274,61.725
Yemen,YEM,Asia,AS,2021,2020-2023,Pandemia,37140234.0,59953691816.0,10.608,0.286,0.177,7.82,0.211,0.253,0.007,175.178,60.555
Yemen,YEM,Asia,AS,2022,2020-2023,Post-Pandemia,38222878.0,60852995288.0,10.404,0.272,0.171,7.952,0.208,0.256,0.007,164.461,63.26
Yemen,YEM,Asia,AS,2023,2020-2023,Post-Pandemia,39390800.0,,10.141,0.257,,8.042,0.204,0.431,0.011,173.472,58.46
Zambia,ZMB,Africa,AF,2010,2010-2014,Pre-Pandemia,13965592.0,43221855090.0,3.121,0.223,0.072,2.302,0.165,0.384,0.028,165.246,18.886
Zambia,ZMB,Africa,AF,2011,2010-2014,Pre-Pandemia,14437796.0,47143916201.0,3.379,0.234,0.072,2.649,0.183,0.271,0.019,155.738,21.698
Zambia,ZMB,Africa,AF,2012,2010-2014,Pre-Pandemia,14913631.0,50725916750.0,4.177,0.28,0.082,3.206,0.215,0.359,0.024,173.898,24.019
Zambia,ZMB,Africa,AF,2013,2010-2014,Pre-Pandemia,15399000.0,53291123090.0,4.427,0.287,0.083,3.256,0.211,0.466,0.03,176.628,25.061
Zambia,ZMB,Africa,AF,2014,2010-2014,Pre-Pandemia,15895320.0,55794746119.0,5.283,0.332,0.095,3.657,0.23,0.89,0.056,191.435,27.598
Zambia,ZMB,Africa,AF,2015,2015-2019,Pre-Pandemia,16399092.0,57423952993.0,5.522,0.337,0.096,3.875,0.236,0.95,0.058,194.432,28.403
Zambia,ZMB,Africa,AF,2016,2015-2019,Pre-Pandemia,16914428.0,59592851316.0,5.978,0.353,0.1,4.236,0.25,0.967,0.057,204.55,29.224
Zambia,ZMB,Africa,AF,2017,2015-2019,Pre-Pandemia,17441328.0,61680980857.0,7.459,0.428,0.121,4.089,0.234,2.514,0.144,218.366,34.158
Zambia,ZMB,Africa,AF,2018,2015-2019,Pre-Pandemia,17973574.0,64169815579.0,8.658,0.482,0.135,3.609,0.201,3.983,0.222,232.651,37.214
Zambia,ZMB,Africa,AF,2019,2015-2019,Pre-Pandemia,18513839.0,65094496543.0,8.846,0.478,0.136,4.443,0.24,3.443,0.186,243.505,36.329
Zambia,ZMB,Africa,AF,2020,2020-2023,Pandemia,19059394.0,63281615083.0,9.991,0.524,0.158,4.483,0.235,4.424,0.232,259.531,38.495
Zambia,ZMB,Africa,AF,2021,2020-2023,Pandemia,19603610.0,66191936884.0,9.35,0.477,0.141,4.78,0.244,3.511,0.179,226.434,41.292
Zambia,ZMB,Africa,AF,2022,2020-2023,Post-Pandemia,20152935.0,68469600029.0,10.939,0.543,0.16,4.977,0.247,5.082,0.252,273.2,40.04
Zambia,ZMB,Africa,AF,2023,2020-2023,Post-Pandemia,20723967.0,,11.831,0.571,,5.074,0.245,5.876,0.284,232.175,50.956
Zimbabwe,ZWE,Africa,AF,2010,2010-2014,Pre-Pandemia,13356551.0,17918418386.0,8.754,0.655,0.489,1.938,0.145,6.507,0.487,247.014,35.439
Zimbabwe,ZWE,Africa,AF,2011,2010-2014,Pre-Pandemia,13595421.0,19554105000.0,10.363,0.762,0.53,3.261,0.24,6.72,0.494,254.473,40.724
Zimbabwe,ZWE,Africa,AF,2012,2010-2014,Pre-Pandemia,13817887.0,22811427551.0,11.257,0.815,0.493,3.693,0.267,6.998,0.506,251.006,44.849
Zimbabwe,ZWE,Africa,AF,2013,2010-2014,Pre-Pandemia,14013811.0,23261956135.0,11.671,0.833,0.502,4.104,0.293,7.104,0.507,251.376,46.43
Zimbabwe,ZWE,Africa,AF,2014,2010-2014,Pre-Pandemia,14207367.0,23818844326.0,11.946,0.841,0.502,3.718,0.262,7.732,0.544,267.387,44.677
Zimbabwe,ZWE,Africa,AF,2015,2015-2019,Pre-Pandemia,14399008.0,24246158745.0,12.017,0.835,0.496,3.756,0.261,7.676,0.533,261.847,45.892
Zimbabwe,ZWE,Africa,AF,2016,2015-2019,Pre-Pandemia,14600297.0,24362052665.0,10.588,0.725,0.435,3.405,0.233,6.722,0.46,253.057,41.841
Zimbabwe,ZWE,Africa,AF,2017,2015-2019,Pre-Pandemia,14812484.0,25576014023.0,9.831,0.664,0.384,3.359,0.227,6.003,0.405,255.395,38.492
Zimbabwe,ZWE,Africa,AF,2018,2015-2019,Pre-Pandemia,15034457.0,26786271482.0,11.209,0.746,0.418,4.162,0.277,6.489,0.432,261.338,42.892
Zimbabwe,ZWE,Africa,AF,2019,2015-2019,Pre-Pandemia,15271377.0,25146416205.0,10.267,0.672,0.408,3.784,0.248,6.01,0.394,263.024,39.034
Zimbabwe,ZWE,Africa,AF,2020,2020-2023,Pandemia,15526887.0,23178707175.0,8.491,0.547,0.366,3.063,0.197,4.932,0.318,256.011,33.166
Zimbabwe,ZWE,Africa,AF,2021,2020-2023,Pandemia,15797220.0,25140088767.0,10.223,0.647,0.407,3.745,0.237,5.936,0.376,277.258,36.871
Zimbabwe,ZWE,Africa,AF,2022,2020-2023,Post-Pandemia,16069061.0,25901585881.0,12.232,0.761,0.472,4.679,0.291,7.165,0.446,212.69,57.51
Zimbabwe,ZWE,Africa,AF,2023,2020-2023,Post-Pandemia,16340829.0,,13.443,0.823,,4.771,0.292,8.285,0.507,250.518,53.662
