country,isoCode,continent,continentCode,year,halfDecade,pandemicPeriod,vehicleType,powertrain,evSales,evSalesShare,evStock,evStockShare,evElectricityDemand,evChargingPoints,chargingPointsPerEv,population,GDP
Australia,AUS,Oceania,OC,2011,2010-2014,Pre-Pandemic,Cars,BEV,49.0,0.0,49.0,0.0,0.0,0.0,0.0,22340024.0,1402939868653.4
Australia,AUS,Oceania,OC,2011,2010-2014,Pre-Pandemic,Cars,EV,0.0,0.00650000013411,0.0,0.000390000001062,0.0,0.0,0.0,22340024.0,1402939868653.4
Australia,AUS,Oceania,OC,2012,2010-2014,Pre-Pandemic,Cars,BEV,170.0,0.0,220.0,0.0,0.0,0.0,0.0,22733465.0,1552728401401.58
Australia,AUS,Oceania,OC,2012,2010-2014,Pre-Pandemic,Cars,EV,0.0,0.029999999329448,0.0,0.002400000113994,0.0,0.0,0.0,22733465.0,1552728401401.58
Australia,AUS,Oceania,OC,2012,2010-2014,Pre-Pandemic,Cars,PHEV,80.0,0.0,80.0,0.0,0.0,0.0,0.0,22733465.0,1552728401401.58
Australia,AUS,Oceania,OC,2013,2010-2014,Pre-Pandemic,Cars,BEV,190.0,0.0,410.0,0.0,0.0,0.0,0.0,23128129.0,1583737461925.39
Australia,AUS,Oceania,OC,2013,2010-2014,Pre-Pandemic,Cars,EV,0.0,0.034000001847744,0.0,0.004600000102073,0.0,0.0,0.0,23128129.0,1583737461925.39
Australia,AUS,Oceania,OC,2013,2010-2014,Pre-Pandemic,Cars,PHEV,100.0,0.0,180.0,0.0,0.0,0.0,0.0,23128129.0,1583737461925.39
Australia,AUS,Oceania,OC,2014,2010-2014,Pre-Pandemic,Cars,BEV,370.0,0.0,780.0,0.0,0.0,0.0,0.0,23475686.0,1474677007565.64
Australia,AUS,Oceania,OC,2014,2010-2014,Pre-Pandemic,Cars,EV,0.0,0.159999996423721,0.0,0.014000000432134,0.0,0.0,0.0,23475686.0,1474677007565.64
Australia,AUS,Oceania,OC,2014,2010-2014,Pre-Pandemic,Cars,PHEV,950.0,0.0,1100.0,0.0,0.0,0.0,0.0,23475686.0,1474677007565.64
Australia,AUS,Oceania,OC,2015,2015-2019,Pre-Pandemic,Cars,BEV,760.0,0.0,1500.0,0.0,0.0,0.0,0.0,23815995.0,1356805839935.9
Australia,AUS,Oceania,OC,2015,2015-2019,Pre-Pandemic,Cars,EV,0.0,0.200000002980232,0.0,0.027000000700355,0.0,0.0,0.0,23815995.0,1356805839935.9
Australia,AUS,Oceania,OC,2015,2015-2019,Pre-Pandemic,Cars,PHEV,1000.0,0.0,2100.0,0.0,0.0,0.0,0.0,23815995.0,1356805839935.9
Australia,AUS,Oceania,OC,2016,2015-2019,Pre-Pandemic,Cars,BEV,670.0,0.0,2200.0,0.0,0.0,0.0,0.0,24190907.0,1211588128417.61
Australia,AUS,Oceania,OC,2016,2015-2019,Pre-Pandemic,Cars,EV,0.0,0.150000005960464,0.0,0.037000000476837,0.0,0.0,0.0,24190907.0,1211588128417.61
Australia,AUS,Oceania,OC,2016,2015-2019,Pre-Pandemic,Cars,PHEV,700.0,0.0,2800.0,0.0,0.0,0.0,0.0,24190907.0,1211588128417.61
Australia,AUS,Oceania,OC,2017,2015-2019,Pre-Pandemic,Cars,BEV,1200.0,0.0,3400.0,0.0,0.0,0.0,0.06575342465753424,24592588.0,1330890554614.09
Australia,AUS,Oceania,OC,2017,2015-2019,Pre-Pandemic,Cars,EV,0.0,0.259999990463257,0.0,0.052000001072884,0.0,0.0,0.06575342465753424,24592588.0,1330890554614.09
Australia,AUS,Oceania,OC,2017,2015-2019,Pre-Pandemic,Cars,PHEV,1100.0,0.0,3900.0,0.0,0.0,0.0,0.06575342465753424,24592588.0,1330890554614.09
Australia,AUS,Oceania,OC,2017,2015-2019,Pre-Pandemic,EV,Publicly available fast,0.0,0.0,0.0,0.0,0.0,40.0,0.06575342465753424,24592588.0,1330890554614.09
Australia,AUS,Oceania,OC,2017,2015-2019,Pre-Pandemic,EV,Publicly available slow,0.0,0.0,0.0,0.0,0.0,440.0,0.06575342465753424,24592588.0,1330890554614.09
Australia,AUS,Oceania,OC,2018,2015-2019,Pre-Pandemic,Cars,BEV,1800.0,0.0,5200.0,0.0,0.0,0.0,0.06706422018348623,24963258.0,1433144978761.67
Australia,AUS,Oceania,OC,2018,2015-2019,Pre-Pandemic,Cars,EV,0.0,0.419999986886978,0.0,0.076999999582768,0.0,0.0,0.06706422018348623,24963258.0,1433144978761.67
Australia,AUS,Oceania,OC,2018,2015-2019,Pre-Pandemic,Cars,PHEV,1800.0,0.0,5700.0,0.0,0.0,0.0,0.06706422018348623,24963258.0,1433144978761.67
Australia,AUS,Oceania,OC,2018,2015-2019,Pre-Pandemic,EV,Publicly available fast,0.0,0.0,0.0,0.0,0.0,61.0,0.06706422018348623,24963258.0,1433144978761.67
Australia,AUS,Oceania,OC,2018,2015-2019,Pre-Pandemic,EV,Publicly available slow,0.0,0.0,0.0,0.0,0.0,670.0,0.06706422018348623,24963258.0,1433144978761.67
Australia,AUS,Oceania,OC,2019,2015-2019,Pre-Pandemic,Cars,BEV,6300.0,0.0,12000.0,0.0,0.0,0.0,0.0825242718446602,25334826.0,1398349602956.35
Australia,AUS,Oceania,OC,2019,2015-2019,Pre-Pandemic,Cars,EV,0.0,1.20000004768372,0.0,0.140000000596046,0.0,0.0,0.0825242718446602,25334826.0,1398349602956.35
Australia,AUS,Oceania,OC,2019,2015-2019,Pre-Pandemic,Cars,PHEV,2900.0,0.0,8600.0,0.0,0.0,0.0,0.0825242718446602,25334826.0,1398349602956.35
Australia,AUS,Oceania,OC,2019,2015-2019,Pre-Pandemic,EV,Publicly available slow,0.0,0.0,0.0,0.0,0.0,1700.0,0.0825242718446602,25334826.0,1398349602956.35
Australia,AUS,Oceania,OC,2020,2020-2023,Pandemic,Cars,BEV,5200.0,0.0,17000.0,0.0,0.0,0.0,0.08518518518518518,25649248.0,1333336461648.09
Australia,AUS,Oceania,OC,2020,2020-2023,Pandemic,Cars,EV,0.0,1.10000002384186,0.0,0.180000007152557,0.0,0.0,0.08518518518518518,25649248.0,1333336461648.09
Australia,AUS,Oceania,OC,2020,2020-2023,Pandemic,Cars,PHEV,1700.0,0.0,10000.0,0.0,0.0,0.0,0.08518518518518518,25649248.0,1333336461648.09
Australia,AUS,Oceania,OC,2020,2020-2023,Pandemic,EV,Publicly available slow,0.0,0.0,0.0,0.0,0.0,2300.0,0.08518518518518518,25649248.0,1333336461648.09
Australia,AUS,Oceania,OC,2021,2020-2023,Pandemic,Cars,BEV,17000.0,0.0,34000.0,0.0,0.0,0.0,0.04828906835400883,25685412.0,1560617493202.69
Australia,AUS,Oceania,OC,2021,2020-2023,Pandemic,Cars,EV,0.0,2.79999995231628,0.0,0.319999992847443,0.0,0.0,0.04828906835400883,25685412.0,1560617493202.69
Australia,AUS,Oceania,OC,2021,2020-2023,Pandemic,Cars,FCEV,44.0,0.0,44.0,0.0,0.0,0.0,0.04828906835400883,25685412.0,1560617493202.69
Australia,AUS,Oceania,OC,2021,2020-2023,Pandemic,Cars,PHEV,3400.0,0.0,14000.0,0.0,0.0,0.0,0.04828906835400883,25685412.0,1560617493202.69
Australia,AUS,Oceania,OC,2021,2020-2023,Pandemic,EV,Publicly available fast,0.0,0.0,0.0,0.0,0.0,320.0,0.04828906835400883,25685412.0,1560617493202.69
Australia,AUS,Oceania,OC,2021,2020-2023,Pandemic,EV,Publicly available slow,0.0,0.0,0.0,0.0,0.0,2000.0,0.04828906835400883,25685412.0,1560617493202.69
Australia,AUS,Oceania,OC,2022,2020-2023,Post-Pandemic,Cars,BEV,33000.0,0.0,67000.0,0.0,0.0,0.0,0.029171396140749147,26018721.0,1695627535475.8
Australia,AUS,Oceania,OC,2022,2020-2023,Post-Pandemic,Cars,EV,0.0,5.09999990463257,0.0,0.589999973773956,0.0,0.0,0.029171396140749147,26018721.0,1695627535475.8
Australia,AUS,Oceania,OC,2022,2020-2023,Post-Pandemic,Cars,FCEV,15.0,0.0,100.0,0.0,0.0,0.0,0.029171396140749147,26018721.0,1695627535475.8
Australia,AUS,Oceania,OC,2022,2020-2023,Post-Pandemic,Cars,PHEV,5900.0,0.0,21000.0,0.0,0.0,0.0,0.029171396140749147,26018721.0,1695627535475.8
Australia,AUS,Oceania,OC,2022,2020-2023,Post-Pandemic,EV,Publicly available fast,0.0,0.0,0.0,0.0,0.0,470.0,0.029171396140749147,26018721.0,1695627535475.8
Australia,AUS,Oceania,OC,2022,2020-2023,Post-Pandemic,EV,Publicly available slow,0.0,0.0,0.0,0.0,0.0,2100.0,0.029171396140749147,26018721.0,1695627535475.8
Australia,AUS,Oceania,OC,2023,2020-2023,Post-Pandemic,Cars,BEV,87000.0,0.0,150000.0,0.0,0.0,0.0,0.015243144727031728,26659922.0,1734451264655.6
Australia,AUS,Oceania,OC,2023,2020-2023,Post-Pandemic,Cars,EV,0.0,12.0,0.0,1.20000004768372,0.0,0.0,0.015243144727031728,26659922.0,1734451264655.6
Australia,AUS,Oceania,OC,2023,2020-2023,Post-Pandemic,Cars,FCEV,6.0,0.0,65.0,0.0,0.0,0.0,0.015243144727031728,26659922.0,1734451264655.6
Australia,AUS,Oceania,OC,2023,2020-2023,Post-Pandemic,Cars,PHEV,11000.0,0.0,31000.0,0.0,0.0,0.0,0.015243144727031728,26659922.0,1734451264655.6
Australia,AUS,Oceania,OC,2023,2020-2023,Post-Pandemic,EV,Publicly available fast,0.0,0.0,0.0,0.0,0.0,660.0,0.015243144727031728,26659922.0,1734451264655.6
Australia,AUS,Oceania,OC,2023,2020-2023,Post-Pandemic,EV,Publicly available slow,0.0,0.0,0.0,0.0,0.0,2100.0,0.015243144727031728,26659922.0,1734451264655.6
Austria,AUT,Europe,EU,2010,2010-2014,Pre-Pandemic,Cars,BEV,0.0,0.0,350.0,0.0,0.0,0.0,0.0,8363404.0,389827789217.634
Austria,AUT,Europe,EU,2010,2010-2014,Pre-Pandemic,Cars,EV,0.0,0.0,0.0,0.00789999961853,0.0,0.0,0.0,8363404.0,389827789217.634
Austria,AUT,Europe,EU,2011,2010-2014,Pre-Pandemic,Cars,BEV,0.0,0.0,990.0,0.0,0.0,0.0,0.00020202020503053735,8391643.0,428954737064.057
Austria,AUT,Europe,EU,2011,2010-2014,Pre-Pandemic,Cars,EV,0.0,0.0,0.0,0.021999999880791,0.0,0.0,0.00020202020503053735,8391643.0,428954737064.057
Austria,AUT,Europe,EU,2011,2010-2014,Pre-Pandemic,EV,Publicly available fast,0.0,0.0,0.0,0.0,0.0,0.100000001490116,0.00020202020503053735,8391643.0,428954737064.057
Austria,AUT,Europe,EU,2011,2010-2014,Pre-Pandemic,EV,Publicly available slow,0.0,0.0,0.0,0.0,0.0,0.100000001490116,0.00020202020503053735,8391643.0,428954737064.057
Austria,AUT,Europe,EU,2012,2010-2014,Pre-Pandemic,Cars,BEV,0.0,0.0,1400.0,0.0,0.0,0.0,0.00012987013180534545,8429991.0,406750487603.59
Austria,AUT,Europe,EU,2012,2010-2014,Pre-Pandemic,Cars,EV,0.0,0.0,0.0,0.032999999821186,0.0,0.0,0.00012987013180534545,8429991.0,406750487603.59
Austria,AUT,Europe,EU,2012,2010-2014,Pre-Pandemic,Cars,PHEV,0.0,0.0,140.0,0.0,0.0,0.0,0.00012987013180534545,8429991.0,406750487603.59
Austria,AUT,Europe,EU,2012,2010-2014,Pre-Pandemic,EV,Publicly available fast,0.0,0.0,0.0,0.0,0.0,0.100000001490116,0.00012987013180534545,8429991.0,406750487603.59
Austria,AUT,Europe,EU,2012,2010-2014,Pre-Pandemic,EV,Publicly available slow,0.0,0.0,0.0,0.0,0.0,0.100000001490116,0.00012987013180534545,8429991.0,406750487603.59
Austria,AUT,Europe,EU,2013,2010-2014,Pre-Pandemic,Cars,BEV,650.0,0.0,2100.0,0.0,0.0,0.0,7.968127608774183e-05,8479823.0,426580502769.417
Austria,AUT,Europe,EU,2013,2010-2014,Pre-Pandemic,Cars,EV,0.0,0.200000002980232,0.0,0.052999999374151,0.0,0.0,7.968127608774183e-05,8479823.0,426580502769.417
Austria,AUT,Europe,EU,2013,2010-2014,Pre-Pandemic,Cars,PHEV,0.0,0.0,410.0,0.0,0.0,0.0,7.968127608774183e-05,8479823.0,426580502769.417
Austria,AUT,Europe,EU,2013,2010-2014,Pre-Pandemic,EV,Publicly available fast,0.0,0.0,0.0,0.0,0.0,0.100000001490116,7.968127608774183e-05,8479823.0,426580502769.417
Austria,AUT,Europe,EU,2013,2010-2014,Pre-Pandemic,EV,Publicly available slow,0.0,0.0,0.0,0.0,0.0,0.100000001490116,7.968127608774183e-05,8479823.0,426580502769.417
Austria,AUT,Europe,EU,2014,2010-2014,Pre-Pandemic,Cars,BEV,1700.0,0.0,3400.0,0.0,0.0,0.0,4.78125754196108e-05,8546356.0,438556021078.034
Austria,AUT,Europe,EU,2014,2010-2014,Pre-Pandemic,Cars,EV,0.0,0.569999992847443,0.0,0.089000001549721,0.0,0.0,4.78125754196108e-05,8546356.0,438556021078.034
Austria,AUT,Europe,EU,2014,2010-2014,Pre-Pandemic,Cars,FCEV,6.0,0.0,3.0,0.0,0.0,0.0,4.78125754196108e-05,8546356.0,438556021078.034
Austria,AUT,Europe,EU,2014,2010-2014,Pre-Pandemic,Cars,PHEV,0.0,0.0,780.0,0.0,0.0,0.0,4.78125754196108e-05,8546356.0,438556021078.034
Austria,AUT,Europe,EU,2014,2010-2014,Pre-Pandemic,EV,Publicly available fast,0.0,0.0,0.0,0.0,0.0,0.100000001490116,4.78125754196108e-05,8546356.0,438556021078.034
Austria,AUT,Europe,EU,2014,2010-2014,Pre-Pandemic,EV,Publicly available slow,0.0,0.0,0.0,0.0,0.0,0.100000001490116,4.78125754196108e-05,8546356.0,438556021078.034
Austria,AUT,Europe,EU,2015,2015-2019,Pre-Pandemic,Cars,BEV,1700.0,0.0,5000.0,0.0,0.0,0.0,3.0740855053832155e-05,8642699.0,379546097300.633
Austria,AUT,Europe,EU,2015,2015-2019,Pre-Pandemic,Cars,EV,0.0,0.899999976158142,0.0,0.140000000596046,0.0,0.0,3.0740855053832155e-05,8642699.0,379546097300.633
Austria,AUT,Europe,EU,2015,2015-2019,Pre-Pandemic,Cars,FCEV,4.0,0.0,6.0,0.0,0.0,0.0,3.0740855053832155e-05,8642699.0,379546097300.633
Austria,AUT,Europe,EU,2015,2015-2019,Pre-Pandemic,Cars,PHEV,1100.0,0.0,1500.0,0.0,0.0,0.0,3.0740855053832155e-05,8642699.0,379546097300.633
Austria,AUT,Europe,EU,2015,2015-2019,Pre-Pandemic,EV,Publicly available fast,0.0,0.0,0.0,0.0,0.0,0.100000001490116,3.0740855053832155e-05,8642699.0,379546097300.633
Austria,AUT,Europe,EU,2015,2015-2019,Pre-Pandemic,EV,Publicly available slow,0.0,0.0,0.0,0.0,0.0,0.100000001490116,3.0740855053832155e-05,8642699.0,379546097300.633
Austria,AUT,Europe,EU,2016,2015-2019,Pre-Pandemic,Cars,BEV,3800.0,0.0,9100.0,0.0,0.0,0.0,1.7523876542559535e-05,8736668.0,393687359770.273
Austria,AUT,Europe,EU,2016,2015-2019,Pre-Pandemic,Cars,EV,0.0,1.5,0.0,0.239999994635582,0.0,0.0,1.7523876542559535e-05,8736668.0,393687359770.273
Austria,AUT,Europe,EU,2016,2015-2019,Pre-Pandemic,Cars,FCEV,0.0,0.0,13.0,0.0,0.0,0.0,1.7523876542559535e-05,8736668.0,393687359770.273
Austria,AUT,Europe,EU,2016,2015-2019,Pre-Pandemic,Cars,PHEV,1200.0,0.0,2300.0,0.0,0.0,0.0,1.7523876542559535e-05,8736668.0,393687359770.273
Austria,AUT,Europe,EU,2016,2015-2019,Pre-Pandemic,EV,Publicly available fast,0.0,0.0,0.0,0.0,0.0,0.100000001490116,1.7523876542559535e-05,8736668.0,393687359770.273
Austria,AUT,Europe,EU,2016,2015-2019,Pre-Pandemic,EV,Publicly available slow,0.0,0.0,0.0,0.0,0.0,0.100000001490116,1.7523876542559535e-05,8736668.0,393687359770.273
Austria,AUT,Europe,EU,2017,2015-2019,Pre-Pandemic,Cars,BEV,5400.0,0.0,15000.0,0.0,0.0,0.0,1.0571383423026164e-05,8797566.0,414926138132.691
Austria,AUT,Europe,EU,2017,2015-2019,Pre-Pandemic,Cars,EV,0.0,2.0,0.0,0.379999995231628,0.0,0.0,1.0571383423026164e-05,8797566.0,414926138132.691
Austria,AUT,Europe,EU,2017,2015-2019,Pre-Pandemic,Cars,FCEV,2.0,0.0,19.0,0.0,0.0,0.0,1.0571383423026164e-05,8797566.0,414926138132.691
Austria,AUT,Europe,EU,2017,2015-2019,Pre-Pandemic,Cars,PHEV,1700.0,0.0,3900.0,0.0,0.0,0.0,1.0571383423026164e-05,8797566.0,414926138132.691
Austria,AUT,Europe,EU,2017,2015-2019,Pre-Pandemic,EV,Publicly available fast,0.0,0.0,0.0,0.0,0.0,0.100000001490116,1.0571383423026164e-05,8797566.0,414926138132.691
Austria,AUT,Europe,EU,2017,2015-2019,Pre-Pandemic,EV,Publicly available slow,0.0,0.0,0.0,0.0,0.0,0.100000001490116,1.0571383423026164e-05,8797566.0,414926138132.691
Austria,AUT,Europe,EU,2018,2015-2019,Pre-Pandemic,Cars,BEV,6800.0,0.0,21000.0,0.0,0.0,0.0,7.483909705891034e-06,8840521.0,452582294972.775
Austria,AUT,Europe,EU,2018,2015-2019,Pre-Pandemic,Cars,EV,0.0,2.59999990463257,0.0,0.529999971389771,0.0,0.0,7.483909705891034e-06,8840521.0,452582294972.775
Austria,AUT,Europe,EU,2018,2015-2019,Pre-Pandemic,Cars,FCEV,7.0,0.0,24.0,0.0,0.0,0.0,7.483909705891034e-06,8840521.0,452582294972.775
Austria,AUT,Europe,EU,2018,2015-2019,Pre-Pandemic,Cars,PHEV,2300.0,0.0,5700.0,0.0,0.0,0.0,7.483909705891034e-06,8840521.0,452582294972.775
Austria,AUT,Europe,EU,2018,2015-2019,Pre-Pandemic,EV,Publicly available fast,0.0,0.0,0.0,0.0,0.0,0.100000001490116,7.483909705891034e-06,8840521.0,452582294972.775
Austria,AUT,Europe,EU,2018,2015-2019,Pre-Pandemic,EV,Publicly available slow,0.0,0.0,0.0,0.0,0.0,0.100000001490116,7.483909705891034e-06,8840521.0,452582294972.775
Austria,AUT,Europe,EU,2019,2015-2019,Pre-Pandemic,Cars,BEV,9300.0,0.0,30000.0,0.0,0.0,0.0,5.257485423102231e-06,8879920.0,442983642371.842
Austria,AUT,Europe,EU,2019,2015-2019,Pre-Pandemic,Cars,EV,0.0,3.5,0.0,0.75,0.0,0.0,5.257485423102231e-06,8879920.0,442983642371.842
Austria,AUT,Europe,EU,2019,2015-2019,Pre-Pandemic,Cars,FCEV,19.0,0.0,41.0,0.0,0.0,0.0,5.257485423102231e-06,8879920.0,442983642371.842
Austria,AUT,Europe,EU,2019,2015-2019,Pre-Pandemic,Cars,PHEV,2200.0,0.0,8000.0,0.0,0.0,0.0,5.257485423102231e-06,8879920.0,442983642371.842
Austria,AUT,Europe,EU,2019,2015-2019,Pre-Pandemic,EV,Publicly available fast,0.0,0.0,0.0,0.0,0.0,0.100000001490116,5.257485423102231e-06,8879920.0,442983642371.842
Austria,AUT,Europe,EU,2019,2015-2019,Pre-Pandemic,EV,Publicly available slow,0.0,0.0,0.0,0.0,0.0,0.100000001490116,5.257485423102231e-06,8879920.0,442983642371.842
Austria,AUT,Europe,EU,2020,2020-2023,Pandemic,Cars,BEV,16000.0,0.0,45000.0,0.0,0.0,0.0,3.3308352565614456e-06,8916864.0,434397601557.696
Austria,AUT,Europe,EU,2020,2020-2023,Pandemic,Cars,EV,0.0,9.5,0.0,1.20000004768372,0.0,0.0,3.3308352565614456e-06,8916864.0,434397601557.696
Austria,AUT,Europe,EU,2020,2020-2023,Pandemic,Cars,FCEV,14.0,0.0,45.0,0.0,0.0,0.0,3.3308352565614456e-06,8916864.0,434397601557.696
Austria,AUT,Europe,EU,2020,2020-2023,Pandemic,Cars,PHEV,7600.0,0.0,15000.0,0.0,0.0,0.0,3.3308352565614456e-06,8916864.0,434397601557.696
Austria,AUT,Europe,EU,2020,2020-2023,Pandemic,EV,Publicly available fast,0.0,0.0,0.0,0.0,0.0,0.100000001490116,3.3308352565614456e-06,8916864.0,434397601557.696
Austria,AUT,Europe,EU,2020,2020-2023,Pandemic,EV,Publicly available slow,0.0,0.0,0.0,0.0,0.0,0.100000001490116,3.3308352565614456e-06,8916864.0,434397601557.696
Austria,AUT,Europe,EU,2021,2020-2023,Pandemic,Cars,BEV,33000.0,0.0,77000.0,0.0,0.0,0.0,0.09900523313375136,8955797.0,480466363176.806
Austria,AUT,Europe,EU,2021,2020-2023,Pandemic,Cars,EV,0.0,20.0,0.0,2.09999990463257,0.0,0.0,0.09900523313375136,8955797.0,480466363176.806
Austria,AUT,Europe,EU,2021,2020-2023,Pandemic,Cars,FCEV,14.0,0.0,55.0,0.0,0.0,0.0,0.09900523313375136,8955797.0,480466363176.806
Austria,AUT,Europe,EU,2021,2020-2023,Pandemic,Cars,PHEV,15000.0,0.0,29000.0,0.0,0.0,0.0,0.09900523313375136,8955797.0,480466363176.806
Austria,AUT,Europe,EU,2021,2020-2023,Pandemic,EV,Publicly available fast,0.0,0.0,0.0,0.0,0.0,1600.0,0.09900523313375136,8955797.0,480466363176.806
Austria,AUT,Europe,EU,2021,2020-2023,Pandemic,EV,Publicly available slow,0.0,0.0,0.0,0.0,0.0,8900.0,0.09900523313375136,8955797.0,480466363176.806
Austria,AUT,Europe,EU,2022,2020-2023,Post-Pandemic,Cars,BEV,34000.0,0.0,110000.0,0.0,0.0,0.0,0.10258973313516855,9041851.0,473221298968.216
Austria,AUT,Europe,EU,2022,2020-2023,Post-Pandemic,Cars,EV,0.0,22.0,0.0,3.0,0.0,0.0,0.10258973313516855,9041851.0,473221298968.216
Austria,AUT,Europe,EU,2022,2020-2023,Post-Pandemic,Cars,FCEV,14.0,0.0,62.0,0.0,0.0,0.0,0.10258973313516855,9041851.0,473221298968.216
Austria,AUT,Europe,EU,2022,2020-2023,Post-Pandemic,Cars,PHEV,13000.0,0.0,42000.0,0.0,0.0,0.0,0.10258973313516855,9041851.0,473221298968.216
Austria,AUT,Europe,EU,2022,2020-2023,Post-Pandemic,EV,Publicly available fast,0.0,0.0,0.0,0.0,0.0,2600.0,0.10258973313516855,9041851.0,473221298968.216
Austria,AUT,Europe,EU,2022,2020-2023,Post-Pandemic,EV,Publicly available slow,0.0,0.0,0.0,0.0,0.0,13000.0,0.10258973313516855,9041851.0,473221298968.216
Austria,AUT,Europe,EU,2023,2020-2023,Post-Pandemic,Cars,BEV,48000.0,0.0,160000.0,0.0,0.0,0.0,0.07915364400761685,9131761.0,516670509628.876
Austria,AUT,Europe,EU,2023,2020-2023,Post-Pandemic,Cars,EV,0.0,26.0,0.0,4.40000009536743,0.0,0.0,0.07915364400761685,9131761.0,516670509628.876
Austria,AUT,Europe,EU,2023,2020-2023,Post-Pandemic,Cars,FCEV,9.0,0.0,89.0,0.0,0.0,0.0,0.07915364400761685,9131761.0,516670509628.876
Austria,AUT,Europe,EU,2023,2020-2023,Post-Pandemic,Cars,PHEV,17000.0,0.0,61000.0,0.0,0.0,0.0,0.07915364400761685,9131761.0,516670509628.876
Austria,AUT,Europe,EU,2023,2020-2023,Post-Pandemic,EV,Publicly available fast,0.0,0.0,0.0,0.0,0.0,2500.0,0.07915364400761685,9131761.0,516670509628.876
Austria,AUT,Europe,EU,2023,2020-2023,Post-Pandemic,EV,Publicly available slow,0.0,0.0,0.0,0.0,0.0,15000.0,0.07915364400761685,9131761.0,516670509628.876
Belgium,BEL,Europe,EU,2010,2010-2014,Pre-Pandemic,Buses,BEV,0.0,0.0,3.0,0.0,0.0,0.0,0.0,10895586.0,481556503720.001
Belgium,BEL,Europe,EU,2010,2010-2014,Pre-Pandemic,Buses,EV,0.0,0.0,0.0,0.018999999389052,0.0,0.0,0.0,10895586.0,481556503720.001
Belgium,BEL,Europe,EU,2010,2010-2014,Pre-Pandemic,Cars,BEV,48.0,0.0,61.0,0.0,0.0,0.0,0.0,10895586.0,481556503720.001
Belgium,BEL,Europe,EU,2010,2010-2014,Pre-Pandemic,Cars,EV,0.0,0.009999999776483,0.0,0.001300000003539,0.0,0.0,0.0,10895586.0,481556503720.001
Belgium,BEL,Europe,EU,2010,2010-2014,Pre-Pandemic,Cars,FCEV,0.0,0.0,1.0,0.0,0.0,0.0,0.0,10895586.0,481556503720.001
Belgium,BEL,Europe,EU,2010,2010-2014,Pre-Pandemic,Cars,PHEV,8.0,0.0,9.0,0.0,0.0,0.0,0.0,10895586.0,481556503720.001
Belgium,BEL,Europe,EU,2010,2010-2014,Pre-Pandemic,Trucks,BEV,0.0,0.0,2.0,0.0,0.0,0.0,0.0,10895586.0,481556503720.001
Belgium,BEL,Europe,EU,2010,2010-2014,Pre-Pandemic,Trucks,EV,0.0,0.0,0.0,0.001300000003539,0.0,0.0,0.0,10895586.0,481556503720.001
Belgium,BEL,Europe,EU,2010,2010-2014,Pre-Pandemic,Vans,BEV,7.0,0.0,62.0,0.0,0.0,0.0,0.0,10895586.0,481556503720.001
Belgium,BEL,Europe,EU,2010,2010-2014,Pre-Pandemic,Vans,EV,0.0,0.013000000268221,0.0,0.010999999940395,0.0,0.0,0.0,10895586.0,481556503720.001
Belgium,BEL,Europe,EU,2011,2010-2014,Pre-Pandemic,Buses,BEV,0.0,0.0,3.0,0.0,0.0,0.0,0.0,11038264.0,527196649048.639
Belgium,BEL,Europe,EU,2011,2010-2014,Pre-Pandemic,Buses,EV,0.0,0.0,0.0,0.018999999389052,0.0,0.0,0.0,11038264.0,527196649048.639
Belgium,BEL,Europe,EU,2011,2010-2014,Pre-Pandemic,Cars,BEV,280.0,0.0,320.0,0.0,0.0,0.0,0.0,11038264.0,527196649048.639
Belgium,BEL,Europe,EU,2011,2010-2014,Pre-Pandemic,Cars,EV,0.0,0.052000001072884,0.0,0.00650000013411,0.0,0.0,0.0,11038264.0,527196649048.639
Belgium,BEL,Europe,EU,2011,2010-2014,Pre-Pandemic,Cars,FCEV,0.0,0.0,1.0,0.0,0.0,0.0,0.0,11038264.0,527196649048.639
Belgium,BEL,Europe,EU,2011,2010-2014,Pre-Pandemic,Cars,PHEV,16.0,0.0,26.0,0.0,0.0,0.0,0.0,11038264.0,527196649048.639
Belgium,BEL,Europe,EU,2011,2010-2014,Pre-Pandemic,Trucks,BEV,1.0,0.0,6.0,0.0,0.0,0.0,0.0,11038264.0,527196649048.639
Belgium,BEL,Europe,EU,2011,2010-2014,Pre-Pandemic,Trucks,EV,0.0,0.009800000116229,0.0,0.00400000018999,0.0,0.0,0.0,11038264.0,527196649048.639
Belgium,BEL,Europe,EU,2011,2010-2014,Pre-Pandemic,Vans,BEV,25.0,0.0,79.0,0.0,0.0,0.0,0.0,11038264.0,527196649048.639
Belgium,BEL,Europe,EU,2011,2010-2014,Pre-Pandemic,Vans,EV,0.0,0.039000000804663,0.0,0.013000000268221,0.0,0.0,0.0,11038264.0,527196649048.639
Belgium,BEL,Europe,EU,2012,2010-2014,Pre-Pandemic,Buses,BEV,0.0,0.0,3.0,0.0,0.0,0.0,0.0,11106932.0,498414364944.961
Belgium,BEL,Europe,EU,2012,2010-2014,Pre-Pandemic,Buses,EV,0.0,0.0,0.0,0.018999999389052,0.0,0.0,0.0,11106932.0,498414364944.961
Belgium,BEL,Europe,EU,2012,2010-2014,Pre-Pandemic,Cars,BEV,570.0,0.0,830.0,0.0,0.0,0.0,0.0,11106932.0,498414364944.961
Belgium,BEL,Europe,EU,2012,2010-2014,Pre-Pandemic,Cars,EV,0.0,0.189999997615814,0.0,0.021999999880791,0.0,0.0,0.0,11106932.0,498414364944.961
Belgium,BEL,Europe,EU,2012,2010-2014,Pre-Pandemic,Cars,FCEV,0.0,0.0,1.0,0.0,0.0,0.0,0.0,11106932.0,498414364944.961
Belgium,BEL,Europe,EU,2012,2010-2014,Pre-Pandemic,Cars,PHEV,340.0,0.0,350.0,0.0,0.0,0.0,0.0,11106932.0,498414364944.961
Belgium,BEL,Europe,EU,2012,2010-2014,Pre-Pandemic,Trucks,BEV,0.0,0.0,7.0,0.0,0.0,0.0,0.0,11106932.0,498414364944.961
Belgium,BEL,Europe,EU,2012,2010-2014,Pre-Pandemic,Trucks,EV,0.0,0.0,0.0,0.004800000227988,0.0,0.0,0.0,11106932.0,498414364944.961
Belgium,BEL,Europe,EU,2012,2010-2014,Pre-Pandemic,Vans,BEV,260.0,0.0,330.0,0.0,0.0,0.0,0.0,11106932.0,498414364944.961
Belgium,BEL,Europe,EU,2012,2010-2014,Pre-Pandemic,Vans,EV,0.0,0.46000000834465,0.0,0.052999999374151,0.0,0.0,0.0,11106932.0,498414364944.961
Belgium,BEL,Europe,EU,2013,2010-2014,Pre-Pandemic,Buses,BEV,0.0,0.0,3.0,0.0,0.0,0.0,0.16898251904975348,11159407.0,524097026598.55
Belgium,BEL,Europe,EU,2013,2010-2014,Pre-Pandemic,Buses,EV,0.0,0.0,0.0,0.018999999389052,0.0,0.0,0.16898251904975348,11159407.0,524097026598.55
Belgium,BEL,Europe,EU,2013,2010-2014,Pre-Pandemic,Cars,BEV,500.0,0.0,1200.0,0.0,0.0,0.0,0.16898251904975348,11159407.0,524097026598.55
Belgium,BEL,Europe,EU,2013,2010-2014,Pre-Pandemic,Cars,EV,0.0,0.119999997317791,0.0,0.032999999821186,0.0,0.0,0.16898251904975348,11159407.0,524097026598.55
Belgium,BEL,Europe,EU,2013,2010-2014,Pre-Pandemic,Cars,FCEV,0.0,0.0,1.0,0.0,0.0,0.0,0.16898251904975348,11159407.0,524097026598.55
Belgium,BEL,Europe,EU,2013,2010-2014,Pre-Pandemic,Cars,PHEV,60.0,0.0,590.0,0.0,0.0,0.0,0.16898251904975348,11159407.0,524097026598.55
Belgium,BEL,Europe,EU,2013,2010-2014,Pre-Pandemic,EV,Publicly available fast,0.0,0.0,0.0,0.0,0.0,47.0,0.16898251904975348,11159407.0,524097026598.55
Belgium,BEL,Europe,EU,2013,2010-2014,Pre-Pandemic,EV,Publicly available slow,0.0,0.0,0.0,0.0,0.0,330.0,0.16898251904975348,11159407.0,524097026598.55
Belgium,BEL,Europe,EU,2013,2010-2014,Pre-Pandemic,Trucks,BEV,0.0,0.0,7.0,0.0,0.0,0.0,0.16898251904975348,11159407.0,524097026598.55
Belgium,BEL,Europe,EU,2013,2010-2014,Pre-Pandemic,Trucks,EV,0.0,0.0,0.0,0.004800000227988,0.0,0.0,0.16898251904975348,11159407.0,524097026598.55
Belgium,BEL,Europe,EU,2013,2010-2014,Pre-Pandemic,Vans,BEV,110.0,0.0,430.0,0.0,0.0,0.0,0.16898251904975348,11159407.0,524097026598.55
Belgium,BEL,Europe,EU,2013,2010-2014,Pre-Pandemic,Vans,EV,0.0,0.189999997615814,0.0,0.06700000166893,0.0,0.0,0.16898251904975348,11159407.0,524097026598.55
Belgium,BEL,Europe,EU,2014,2010-2014,Pre-Pandemic,Buses,BEV,3.0,0.0,7.0,0.0,0.0,0.0,0.14396067415730338,11209057.0,537987419164.351
Belgium,BEL,Europe,EU,2014,2010-2014,Pre-Pandemic,Buses,EV,0.0,0.259999990463257,0.0,0.239999994635582,0.0,0.0,0.14396067415730338,11209057.0,537987419164.351
Belgium,BEL,Europe,EU,2014,2010-2014,Pre-Pandemic,Buses,PHEV,0.0,0.0,32.0,0.0,0.0,0.0,0.14396067415730338,11209057.0,537987419164.351
Belgium,BEL,Europe,EU,2014,2010-2014,Pre-Pandemic,Cars,BEV,1300.0,0.0,2200.0,0.0,0.0,0.0,0.14396067415730338,11209057.0,537987419164.351
Belgium,BEL,Europe,EU,2014,2010-2014,Pre-Pandemic,Cars,EV,0.0,0.409999996423721,0.0,0.06700000166893,0.0,0.0,0.14396067415730338,11209057.0,537987419164.351
Belgium,BEL,Europe,EU,2014,2010-2014,Pre-Pandemic,Cars,FCEV,0.0,0.0,2.0,0.0,0.0,0.0,0.14396067415730338,11209057.0,537987419164.351
Belgium,BEL,Europe,EU,2014,2010-2014,Pre-Pandemic,Cars,PHEV,650.0,0.0,1500.0,0.0,0.0,0.0,0.14396067415730338,11209057.0,537987419164.351
Belgium,BEL,Europe,EU,2014,2010-2014,Pre-Pandemic,EV,Publicly available fast,0.0,0.0,0.0,0.0,0.0,55.0,0.14396067415730338,11209057.0,537987419164.351
Belgium,BEL,Europe,EU,2014,2010-2014,Pre-Pandemic,EV,Publicly available slow,0.0,0.0,0.0,0.0,0.0,560.0,0.14396067415730338,11209057.0,537987419164.351
Belgium,BEL,Europe,EU,2014,2010-2014,Pre-Pandemic,Trucks,BEV,1.0,0.0,11.0,0.0,0.0,0.0,0.14396067415730338,11209057.0,537987419164.351
Belgium,BEL,Europe,EU,2014,2010-2014,Pre-Pandemic,Trucks,EV,0.0,0.013000000268221,0.0,0.00760000012815,0.0,0.0,0.14396067415730338,11209057.0,537987419164.351
Belgium,BEL,Europe,EU,2014,2010-2014,Pre-Pandemic,Vans,BEV,99.0,0.0,520.0,0.0,0.0,0.0,0.14396067415730338,11209057.0,537987419164.351
Belgium,BEL,Europe,EU,2014,2010-2014,Pre-Pandemic,Vans,EV,0.0,0.180000007152557,0.0,0.079000003635883,0.0,0.0,0.14396067415730338,11209057.0,537987419164.351
Belgium,BEL,Europe,EU,2015,2015-2019,Pre-Pandemic,Buses,BEV,0.0,0.0,7.0,0.0,0.0,0.0,0.17706056319917707,11274196.0,461044767544.531
Belgium,BEL,Europe,EU,2015,2015-2019,Pre-Pandemic,Buses,EV,0.0,0.0,0.0,0.529999971389771,0.0,0.0,0.17706056319917707,11274196.0,461044767544.531
Belgium,BEL,Europe,EU,2015,2015-2019,Pre-Pandemic,Buses,PHEV,0.0,0.0,80.0,0.0,0.0,0.0,0.17706056319917707,11274196.0,461044767544.531
Belgium,BEL,Europe,EU,2015,2015-2019,Pre-Pandemic,Cars,BEV,1400.0,0.0,3300.0,0.0,0.0,0.0,0.17706056319917707,11274196.0,461044767544.531
Belgium,BEL,Europe,EU,2015,2015-2019,Pre-Pandemic,Cars,EV,0.0,0.769999980926514,0.0,0.129999995231628,0.0,0.0,0.17706056319917707,11274196.0,461044767544.531
Belgium,BEL,Europe,EU,2015,2015-2019,Pre-Pandemic,Cars,FCEV,2.0,0.0,8.0,0.0,0.0,0.0,0.17706056319917707,11274196.0,461044767544.531
Belgium,BEL,Europe,EU,2015,2015-2019,Pre-Pandemic,Cars,PHEV,2500.0,0.0,3800.0,0.0,0.0,0.0,0.17706056319917707,11274196.0,461044767544.531
Belgium,BEL,Europe,EU,2015,2015-2019,Pre-Pandemic,EV,Publicly available fast,0.0,0.0,0.0,0.0,0.0,77.0,0.17706056319917707,11274196.0,461044767544.531
Belgium,BEL,Europe,EU,2015,2015-2019,Pre-Pandemic,EV,Publicly available slow,0.0,0.0,0.0,0.0,0.0,1300.0,0.17706056319917707,11274196.0,461044767544.531
Belgium,BEL,Europe,EU,2015,2015-2019,Pre-Pandemic,Trucks,BEV,0.0,0.0,12.0,0.0,0.0,0.0,0.17706056319917707,11274196.0,461044767544.531
Belgium,BEL,Europe,EU,2015,2015-2019,Pre-Pandemic,Trucks,EV,0.0,0.0,0.0,0.008399999700487,0.0,0.0,0.17706056319917707,11274196.0,461044767544.531
Belgium,BEL,Europe,EU,2015,2015-2019,Pre-Pandemic,Vans,BEV,68.0,0.0,570.0,0.0,0.0,0.0,0.17706056319917707,11274196.0,461044767544.531
Belgium,BEL,Europe,EU,2015,2015-2019,Pre-Pandemic,Vans,EV,0.0,0.109999999403954,0.0,0.08500000089407,0.0,0.0,0.17706056319917707,11274196.0,461044767544.531
Belgium,BEL,Europe,EU,2016,2015-2019,Pre-Pandemic,Buses,BEV,0.0,0.0,7.0,0.0,0.0,0.0,0.0944780235901649,11331422.0,474271566739.729
Belgium,BEL,Europe,EU,2016,2015-2019,Pre-Pandemic,Buses,EV,0.0,0.0,0.0,0.75,0.0,0.0,0.0944780235901649,11331422.0,474271566739.729
Belgium,BEL,Europe,EU,2016,2015-2019,Pre-Pandemic,Buses,PHEV,0.0,0.0,110.0,0.0,0.0,0.0,0.0944780235901649,11331422.0,474271566739.729
Belgium,BEL,Europe,EU,2016,2015-2019,Pre-Pandemic,Cars,BEV,2100.0,0.0,5200.0,0.0,0.0,0.0,0.0944780235901649,11331422.0,474271566739.729
Belgium,BEL,Europe,EU,2016,2015-2019,Pre-Pandemic,Cars,EV,0.0,1.70000004768372,0.0,0.280000001192093,0.0,0.0,0.0944780235901649,11331422.0,474271566739.729
Belgium,BEL,Europe,EU,2016,2015-2019,Pre-Pandemic,Cars,FCEV,7.0,0.0,20.0,0.0,0.0,0.0,0.0944780235901649,11331422.0,474271566739.729
Belgium,BEL,Europe,EU,2016,2015-2019,Pre-Pandemic,Cars,PHEV,7100.0,0.0,11000.0,0.0,0.0,0.0,0.0944780235901649,11331422.0,474271566739.729
Belgium,BEL,Europe,EU,2016,2015-2019,Pre-Pandemic,EV,Publicly available fast,0.0,0.0,0.0,0.0,0.0,110.0,0.0944780235901649,11331422.0,474271566739.729
Belgium,BEL,Europe,EU,2016,2015-2019,Pre-Pandemic,EV,Publicly available slow,0.0,0.0,0.0,0.0,0.0,1500.0,0.0944780235901649,11331422.0,474271566739.729
Belgium,BEL,Europe,EU,2016,2015-2019,Pre-Pandemic,Trucks,BEV,1.0,0.0,13.0,0.0,0.0,0.0,0.0944780235901649,11331422.0,474271566739.729
Belgium,BEL,Europe,EU,2016,2015-2019,Pre-Pandemic,Trucks,EV,0.0,0.009999999776483,0.0,0.009100000374019,0.0,0.0,0.0944780235901649,11331422.0,474271566739.729
Belgium,BEL,Europe,EU,2016,2015-2019,Pre-Pandemic,Vans,BEV,140.0,0.0,690.0,0.0,0.0,0.0,0.0944780235901649,11331422.0,474271566739.729
Belgium,BEL,Europe,EU,2016,2015-2019,Pre-Pandemic,Vans,EV,0.0,0.209999993443489,0.0,0.097000002861023,0.0,0.0,0.0944780235901649,11331422.0,474271566739.729
Belgium,BEL,Europe,EU,2016,2015-2019,Pre-Pandemic,Vans,PHEV,0.0,0.0,1.0,0.0,0.0,0.0,0.0944780235901649,11331422.0,474271566739.729
Belgium,BEL,Europe,EU,2017,2015-2019,Pre-Pandemic,Buses,BEV,0.0,0.0,10.0,0.0,0.0,0.0,0.05465696399631383,11375158.0,500908767351.53
Belgium,BEL,Europe,EU,2017,2015-2019,Pre-Pandemic,Buses,EV,0.0,0.230000004172325,0.0,0.910000026226044,0.0,0.0,0.05465696399631383,11375158.0,500908767351.53
Belgium,BEL,Europe,EU,2017,2015-2019,Pre-Pandemic,Buses,PHEV,2.0,0.0,130.0,0.0,0.0,0.0,0.05465696399631383,11375158.0,500908767351.53
Belgium,BEL,Europe,EU,2017,2015-2019,Pre-Pandemic,Cars,BEV,2700.0,0.0,7500.0,0.0,0.0,0.0,0.05465696399631383,11375158.0,500908767351.53
Belgium,BEL,Europe,EU,2017,2015-2019,Pre-Pandemic,Cars,EV,0.0,2.59999990463257,0.0,0.529999971389771,0.0,0.0,0.05465696399631383,11375158.0,500908767351.53
Belgium,BEL,Europe,EU,2017,2015-2019,Pre-Pandemic,Cars,FCEV,11.0,0.0,31.0,0.0,0.0,0.0,0.05465696399631383,11375158.0,500908767351.53
Belgium,BEL,Europe,EU,2017,2015-2019,Pre-Pandemic,Cars,PHEV,12000.0,0.0,23000.0,0.0,0.0,0.0,0.05465696399631383,11375158.0,500908767351.53
Belgium,BEL,Europe,EU,2017,2015-2019,Pre-Pandemic,EV,Publicly available fast,0.0,0.0,0.0,0.0,0.0,220.0,0.05465696399631383,11375158.0,500908767351.53
Belgium,BEL,Europe,EU,2017,2015-2019,Pre-Pandemic,EV,Publicly available slow,0.0,0.0,0.0,0.0,0.0,1500.0,0.05465696399631383,11375158.0,500908767351.53
Belgium,BEL,Europe,EU,2017,2015-2019,Pre-Pandemic,Trucks,BEV,0.0,0.0,14.0,0.0,0.0,0.0,0.05465696399631383,11375158.0,500908767351.53
Belgium,BEL,Europe,EU,2017,2015-2019,Pre-Pandemic,Trucks,EV,0.0,0.0,0.0,0.009700000286102,0.0,0.0,0.05465696399631383,11375158.0,500908767351.53
Belgium,BEL,Europe,EU,2017,2015-2019,Pre-Pandemic,Vans,BEV,130.0,0.0,780.0,0.0,0.0,0.0,0.05465696399631383,11375158.0,500908767351.53
Belgium,BEL,Europe,EU,2017,2015-2019,Pre-Pandemic,Vans,EV,0.0,0.170000001788139,0.0,0.109999999403954,0.0,0.0,0.05465696399631383,11375158.0,500908767351.53
Belgium,BEL,Europe,EU,2017,2015-2019,Pre-Pandemic,Vans,PHEV,1.0,0.0,4.0,0.0,0.0,0.0,0.05465696399631383,11375158.0,500908767351.53
Belgium,BEL,Europe,EU,2018,2015-2019,Pre-Pandemic,Buses,BEV,14.0,0.0,21.0,0.0,0.0,0.0,0.06500254261646289,11427054.0,542638913427.921
Belgium,BEL,Europe,EU,2018,2015-2019,Pre-Pandemic,Buses,EV,0.0,1.39999997615814,0.0,1.10000002384186,0.0,0.0,0.06500254261646289,11427054.0,542638913427.921
Belgium,BEL,Europe,EU,2018,2015-2019,Pre-Pandemic,Buses,PHEV,0.0,0.0,140.0,0.0,0.0,0.0,0.06500254261646289,11427054.0,542638913427.921
Belgium,BEL,Europe,EU,2018,2015-2019,Pre-Pandemic,Cars,BEV,3600.0,0.0,11000.0,0.0,0.0,0.0,0.06500254261646289,11427054.0,542638913427.921
Belgium,BEL,Europe,EU,2018,2015-2019,Pre-Pandemic,Cars,EV,0.0,2.40000009536743,0.0,0.740000009536743,0.0,0.0,0.06500254261646289,11427054.0,542638913427.921
Belgium,BEL,Europe,EU,2018,2015-2019,Pre-Pandemic,Cars,FCEV,13.0,0.0,44.0,0.0,0.0,0.0,0.06500254261646289,11427054.0,542638913427.921
Belgium,BEL,Europe,EU,2018,2015-2019,Pre-Pandemic,Cars,PHEV,9600.0,0.0,33000.0,0.0,0.0,0.0,0.06500254261646289,11427054.0,542638913427.921
Belgium,BEL,Europe,EU,2018,2015-2019,Pre-Pandemic,EV,Publicly available fast,0.0,0.0,0.0,0.0,0.0,240.0,0.06500254261646289,11427054.0,542638913427.921
Belgium,BEL,Europe,EU,2018,2015-2019,Pre-Pandemic,EV,Publicly available slow,0.0,0.0,0.0,0.0,0.0,2700.0,0.06500254261646289,11427054.0,542638913427.921
Belgium,BEL,Europe,EU,2018,2015-2019,Pre-Pandemic,Trucks,BEV,1.0,0.0,17.0,0.0,0.0,0.0,0.06500254261646289,11427054.0,542638913427.921
Belgium,BEL,Europe,EU,2018,2015-2019,Pre-Pandemic,Trucks,EV,0.0,0.008799999952316,0.0,0.012000000104308,0.0,0.0,0.06500254261646289,11427054.0,542638913427.921
Belgium,BEL,Europe,EU,2018,2015-2019,Pre-Pandemic,Vans,BEV,260.0,0.0,1000.0,0.0,0.0,0.0,0.06500254261646289,11427054.0,542638913427.921
Belgium,BEL,Europe,EU,2018,2015-2019,Pre-Pandemic,Vans,EV,0.0,0.340000003576279,0.0,0.129999995231628,0.0,0.0,0.06500254261646289,11427054.0,542638913427.921
Belgium,BEL,Europe,EU,2018,2015-2019,Pre-Pandemic,Vans,PHEV,2.0,0.0,7.0,0.0,0.0,0.0,0.06500254261646289,11427054.0,542638913427.921
Belgium,BEL,Europe,EU,2019,2015-2019,Pre-Pandemic,Buses,BEV,37.0,0.0,59.0,0.0,0.0,0.0,0.10471543661149925,11488980.0,536726344405.489
Belgium,BEL,Europe,EU,2019,2015-2019,Pre-Pandemic,Buses,EV,0.0,3.70000004768372,0.0,1.39999997615814,0.0,0.0,0.10471543661149925,11488980.0,536726344405.489
Belgium,BEL,Europe,EU,2019,2015-2019,Pre-Pandemic,Buses,FCEV,0.0,0.0,1.0,0.0,0.0,0.0,0.10471543661149925,11488980.0,536726344405.489
Belgium,BEL,Europe,EU,2019,2015-2019,Pre-Pandemic,Buses,PHEV,11.0,0.0,160.0,0.0,0.0,0.0,0.10471543661149925,11488980.0,536726344405.489
Belgium,BEL,Europe,EU,2019,2015-2019,Pre-Pandemic,Cars,BEV,8800.0,0.0,19000.0,0.0,0.0,0.0,0.10471543661149925,11488980.0,536726344405.489
Belgium,BEL,Europe,EU,2019,2015-2019,Pre-Pandemic,Cars,EV,0.0,3.20000004768372,0.0,1.0,0.0,0.0,0.10471543661149925,11488980.0,536726344405.489
Belgium,BEL,Europe,EU,2019,2015-2019,Pre-Pandemic,Cars,FCEV,12.0,0.0,41.0,0.0,0.0,0.0,0.10471543661149925,11488980.0,536726344405.489
Belgium,BEL,Europe,EU,2019,2015-2019,Pre-Pandemic,Cars,PHEV,8900.0,0.0,41000.0,0.0,0.0,0.0,0.10471543661149925,11488980.0,536726344405.489
Belgium,BEL,Europe,EU,2019,2015-2019,Pre-Pandemic,EV,Publicly available fast,0.0,0.0,0.0,0.0,0.0,360.0,0.10471543661149925,11488980.0,536726344405.489
Belgium,BEL,Europe,EU,2019,2015-2019,Pre-Pandemic,EV,Publicly available slow,0.0,0.0,0.0,0.0,0.0,6100.0,0.10471543661149925,11488980.0,536726344405.489
Belgium,BEL,Europe,EU,2019,2015-2019,Pre-Pandemic,Trucks,BEV,0.0,0.0,17.0,0.0,0.0,0.0,0.10471543661149925,11488980.0,536726344405.489
Belgium,BEL,Europe,EU,2019,2015-2019,Pre-Pandemic,Trucks,EV,0.0,0.0,0.0,0.012000000104308,0.0,0.0,0.10471543661149925,11488980.0,536726344405.489
Belgium,BEL,Europe,EU,2019,2015-2019,Pre-Pandemic,Vans,BEV,400.0,0.0,1400.0,0.0,0.0,0.0,0.10471543661149925,11488980.0,536726344405.489
Belgium,BEL,Europe,EU,2019,2015-2019,Pre-Pandemic,Vans,EV,0.0,0.490000009536743,0.0,0.170000001788139,0.0,0.0,0.10471543661149925,11488980.0,536726344405.489
Belgium,BEL,Europe,EU,2019,2015-2019,Pre-Pandemic,Vans,PHEV,0.0,0.0,13.0,0.0,0.0,0.0,0.10471543661149925,11488980.0,536726344405.489
Belgium,BEL,Europe,EU,2020,2020-2023,Pandemic,Buses,BEV,12.0,0.0,75.0,0.0,0.0,0.0,0.07909709915119859,11538604.0,529694473501.791
Belgium,BEL,Europe,EU,2020,2020-2023,Pandemic,Buses,EV,0.0,7.0,0.0,1.79999995231628,0.0,0.0,0.07909709915119859,11538604.0,529694473501.791
Belgium,BEL,Europe,EU,2020,2020-2023,Pandemic,Buses,FCEV,0.0,0.0,2.0,0.0,0.0,0.0,0.07909709915119859,11538604.0,529694473501.791
Belgium,BEL,Europe,EU,2020,2020-2023,Pandemic,Buses,PHEV,43.0,0.0,200.0,0.0,0.0,0.0,0.07909709915119859,11538604.0,529694473501.791
Belgium,BEL,Europe,EU,2020,2020-2023,Pandemic,Cars,BEV,15000.0,0.0,32000.0,0.0,0.0,0.0,0.07909709915119859,11538604.0,529694473501.791
Belgium,BEL,Europe,EU,2020,2020-2023,Pandemic,Cars,EV,0.0,11.0,0.0,1.79999995231628,0.0,0.0,0.07909709915119859,11538604.0,529694473501.791
Belgium,BEL,Europe,EU,2020,2020-2023,Pandemic,Cars,FCEV,4.0,0.0,64.0,0.0,0.0,0.0,0.07909709915119859,11538604.0,529694473501.791
Belgium,BEL,Europe,EU,2020,2020-2023,Pandemic,Cars,PHEV,32000.0,0.0,73000.0,0.0,0.0,0.0,0.07909709915119859,11538604.0,529694473501.791
Belgium,BEL,Europe,EU,2020,2020-2023,Pandemic,EV,Publicly available fast,0.0,0.0,0.0,0.0,0.0,480.0,0.07909709915119859,11538604.0,529694473501.791
Belgium,BEL,Europe,EU,2020,2020-2023,Pandemic,EV,Publicly available slow,0.0,0.0,0.0,0.0,0.0,8000.0,0.07909709915119859,11538604.0,529694473501.791
Belgium,BEL,Europe,EU,2020,2020-2023,Pandemic,Trucks,BEV,6.0,0.0,19.0,0.0,0.0,0.0,0.07909709915119859,11538604.0,529694473501.791
Belgium,BEL,Europe,EU,2020,2020-2023,Pandemic,Trucks,EV,0.0,0.079000003635883,0.0,0.013000000268221,0.0,0.0,0.07909709915119859,11538604.0,529694473501.791
Belgium,BEL,Europe,EU,2020,2020-2023,Pandemic,Vans,BEV,470.0,0.0,1800.0,0.0,0.0,0.0,0.07909709915119859,11538604.0,529694473501.791
Belgium,BEL,Europe,EU,2020,2020-2023,Pandemic,Vans,EV,0.0,0.699999988079071,0.0,0.219999998807907,0.0,0.0,0.07909709915119859,11538604.0,529694473501.791
Belgium,BEL,Europe,EU,2020,2020-2023,Pandemic,Vans,PHEV,26.0,0.0,50.0,0.0,0.0,0.0,0.07909709915119859,11538604.0,529694473501.791
Belgium,BEL,Europe,EU,2021,2020-2023,Pandemic,Buses,BEV,220.0,0.0,100.0,0.0,0.0,0.0,0.07311078083914485,11586195.0,598522422241.851
Belgium,BEL,Europe,EU,2021,2020-2023,Pandemic,Buses,EV,0.0,26.0,0.0,2.09999990463257,0.0,0.0,0.07311078083914485,11586195.0,598522422241.851
Belgium,BEL,Europe,EU,2021,2020-2023,Pandemic,Buses,FCEV,0.0,0.0,3.0,0.0,0.0,0.0,0.07311078083914485,11586195.0,598522422241.851
Belgium,BEL,Europe,EU,2021,2020-2023,Pandemic,Buses,PHEV,22.0,0.0,220.0,0.0,0.0,0.0,0.07311078083914485,11586195.0,598522422241.851
Belgium,BEL,Europe,EU,2021,2020-2023,Pandemic,Cars,BEV,23000.0,0.0,52000.0,0.0,0.0,0.0,0.07311078083914485,11586195.0,598522422241.851
Belgium,BEL,Europe,EU,2021,2020-2023,Pandemic,Cars,EV,0.0,18.0,0.0,2.90000009536743,0.0,0.0,0.07311078083914485,11586195.0,598522422241.851
Belgium,BEL,Europe,EU,2021,2020-2023,Pandemic,Cars,FCEV,21.0,0.0,85.0,0.0,0.0,0.0,0.07311078083914485,11586195.0,598522422241.851
Belgium,BEL,Europe,EU,2021,2020-2023,Pandemic,Cars,PHEV,48000.0,0.0,120000.0,0.0,0.0,0.0,0.07311078083914485,11586195.0,598522422241.851
Belgium,BEL,Europe,EU,2021,2020-2023,Pandemic,EV,Publicly available fast,0.0,0.0,0.0,0.0,0.0,790.0,0.07311078083914485,11586195.0,598522422241.851
Belgium,BEL,Europe,EU,2021,2020-2023,Pandemic,EV,Publicly available slow,0.0,0.0,0.0,0.0,0.0,12000.0,0.07311078083914485,11586195.0,598522422241.851
Belgium,BEL,Europe,EU,2021,2020-2023,Pandemic,Trucks,BEV,5.0,0.0,21.0,0.0,0.0,0.0,0.07311078083914485,11586195.0,598522422241.851
Belgium,BEL,Europe,EU,2021,2020-2023,Pandemic,Trucks,EV,0.0,0.059999998658896,0.0,0.016000000759959,0.0,0.0,0.07311078083914485,11586195.0,598522422241.851
Belgium,BEL,Europe,EU,2021,2020-2023,Pandemic,Vans,BEV,640.0,0.0,2400.0,0.0,0.0,0.0,0.07311078083914485,11586195.0,598522422241.851
Belgium,BEL,Europe,EU,2021,2020-2023,Pandemic,Vans,EV,0.0,0.879999995231628,0.0,0.300000011920929,0.0,0.0,0.07311078083914485,11586195.0,598522422241.851
Belgium,BEL,Europe,EU,2021,2020-2023,Pandemic,Vans,FCEV,0.0,0.0,1.0,0.0,0.0,0.0,0.07311078083914485,11586195.0,598522422241.851
Belgium,BEL,Europe,EU,2021,2020-2023,Pandemic,Vans,PHEV,39.0,0.0,110.0,0.0,0.0,0.0,0.07311078083914485,11586195.0,598522422241.851
Belgium,BEL,Europe,EU,2022,2020-2023,Post-Pandemic,Buses,BEV,42.0,0.0,150.0,0.0,0.0,0.0,0.08770206045255718,11680210.0,591474463578.602
Belgium,BEL,Europe,EU,2022,2020-2023,Post-Pandemic,Buses,EV,0.0,11.0,0.0,2.20000004768372,0.0,0.0,0.08770206045255718,11680210.0,591474463578.602
Belgium,BEL,Europe,EU,2022,2020-2023,Post-Pandemic,Buses,FCEV,0.0,0.0,6.0,0.0,0.0,0.0,0.08770206045255718,11680210.0,591474463578.602
Belgium,BEL,Europe,EU,2022,2020-2023,Post-Pandemic,Buses,PHEV,25.0,0.0,180.0,0.0,0.0,0.0,0.08770206045255718,11680210.0,591474463578.602
Belgium,BEL,Europe,EU,2022,2020-2023,Post-Pandemic,Cars,BEV,38000.0,0.0,90000.0,0.0,0.0,0.0,0.08770206045255718,11680210.0,591474463578.602
Belgium,BEL,Europe,EU,2022,2020-2023,Post-Pandemic,Cars,EV,0.0,26.0,0.0,4.59999990463257,0.0,0.0,0.08770206045255718,11680210.0,591474463578.602
Belgium,BEL,Europe,EU,2022,2020-2023,Post-Pandemic,Cars,FCEV,20.0,0.0,80.0,0.0,0.0,0.0,0.08770206045255718,11680210.0,591474463578.602
Belgium,BEL,Europe,EU,2022,2020-2023,Post-Pandemic,Cars,PHEV,59000.0,0.0,180000.0,0.0,0.0,0.0,0.08770206045255718,11680210.0,591474463578.602
Belgium,BEL,Europe,EU,2022,2020-2023,Post-Pandemic,EV,Publicly available fast,0.0,0.0,0.0,0.0,0.0,1100.0,0.08770206045255718,11680210.0,591474463578.602
Belgium,BEL,Europe,EU,2022,2020-2023,Post-Pandemic,EV,Publicly available slow,0.0,0.0,0.0,0.0,0.0,23000.0,0.08770206045255718,11680210.0,591474463578.602
Belgium,BEL,Europe,EU,2022,2020-2023,Post-Pandemic,Trucks,BEV,31.0,0.0,37.0,0.0,0.0,0.0,0.08770206045255718,11680210.0,591474463578.602
Belgium,BEL,Europe,EU,2022,2020-2023,Post-Pandemic,Trucks,EV,0.0,0.360000014305115,0.0,0.028000000864267,0.0,0.0,0.08770206045255718,11680210.0,591474463578.602
Belgium,BEL,Europe,EU,2022,2020-2023,Post-Pandemic,Vans,BEV,1800.0,0.0,4100.0,0.0,0.0,0.0,0.08770206045255718,11680210.0,591474463578.602
Belgium,BEL,Europe,EU,2022,2020-2023,Post-Pandemic,Vans,EV,0.0,3.40000009536743,0.0,0.509999990463257,0.0,0.0,0.08770206045255718,11680210.0,591474463578.602
Belgium,BEL,Europe,EU,2022,2020-2023,Post-Pandemic,Vans,FCEV,0.0,0.0,1.0,0.0,0.0,0.0,0.08770206045255718,11680210.0,591474463578.602
Belgium,BEL,Europe,EU,2022,2020-2023,Post-Pandemic,Vans,PHEV,98.0,0.0,240.0,0.0,0.0,0.0,0.08770206045255718,11680210.0,591474463578.602
Belgium,BEL,Europe,EU,2023,2020-2023,Post-Pandemic,Buses,BEV,340.0,0.0,670.0,0.0,0.0,0.0,0.09187779418121224,11779946.0,650779364363.737
Belgium,BEL,Europe,EU,2023,2020-2023,Post-Pandemic,Buses,EV,0.0,62.0,0.0,6.0,0.0,0.0,0.09187779418121224,11779946.0,650779364363.737
Belgium,BEL,Europe,EU,2023,2020-2023,Post-Pandemic,Buses,PHEV,110.0,0.0,220.0,0.0,0.0,0.0,0.09187779418121224,11779946.0,650779364363.737
Belgium,BEL,Europe,EU,2023,2020-2023,Post-Pandemic,Cars,BEV,93000.0,0.0,190000.0,0.0,0.0,0.0,0.09187779418121224,11779946.0,650779364363.737
Belgium,BEL,Europe,EU,2023,2020-2023,Post-Pandemic,Cars,EV,0.0,41.0,0.0,8.19999980926514,0.0,0.0,0.09187779418121224,11779946.0,650779364363.737
Belgium,BEL,Europe,EU,2023,2020-2023,Post-Pandemic,Cars,FCEV,9.0,0.0,99.0,0.0,0.0,0.0,0.09187779418121224,11779946.0,650779364363.737
Belgium,BEL,Europe,EU,2023,2020-2023,Post-Pandemic,Cars,PHEV,100000.0,0.0,280000.0,0.0,0.0,0.0,0.09187779418121224,11779946.0,650779364363.737
Belgium,BEL,Europe,EU,2023,2020-2023,Post-Pandemic,EV,Publicly available fast,0.0,0.0,0.0,0.0,0.0,2000.0,0.09187779418121224,11779946.0,650779364363.737
Belgium,BEL,Europe,EU,2023,2020-2023,Post-Pandemic,EV,Publicly available slow,0.0,0.0,0.0,0.0,0.0,42000.0,0.09187779418121224,11779946.0,650779364363.737
Belgium,BEL,Europe,EU,2023,2020-2023,Post-Pandemic,Trucks,BEV,160.0,0.0,210.0,0.0,0.0,0.0,0.09187779418121224,11779946.0,650779364363.737
Belgium,BEL,Europe,EU,2023,2020-2023,Post-Pandemic,Trucks,EV,0.0,1.70000004768372,0.0,0.170000001788139,0.0,0.0,0.09187779418121224,11779946.0,650779364363.737
Belgium,BEL,Europe,EU,2023,2020-2023,Post-Pandemic,Trucks,PHEV,8.0,0.0,8.0,0.0,0.0,0.0,0.09187779418121224,11779946.0,650779364363.737
Belgium,BEL,Europe,EU,2023,2020-2023,Post-Pandemic,Vans,BEV,3100.0,0.0,7500.0,0.0,0.0,0.0,0.09187779418121224,11779946.0,650779364363.737
Belgium,BEL,Europe,EU,2023,2020-2023,Post-Pandemic,Vans,EV,0.0,4.59999990463257,0.0,0.889999985694885,0.0,0.0,0.09187779418121224,11779946.0,650779364363.737
Belgium,BEL,Europe,EU,2023,2020-2023,Post-Pandemic,Vans,PHEV,24.0,0.0,190.0,0.0,0.0,0.0,0.09187779418121224,11779946.0,650779364363.737
Brazil,BRA,South America,SA,2010,2010-2014,Pre-Pandemic,Cars,BEV,10.0,0.0,0.0,0.0,0.0,0.0,0.0,193701929.0,2208837745100.55
Brazil,BRA,South America,SA,2010,2010-2014,Pre-Pandemic,Cars,EV,0.0,0.00034999998752,0.0,0.0,0.0,0.0,0.0,193701929.0,2208837745100.55
Brazil,BRA,South America,SA,2011,2010-2014,Pre-Pandemic,Cars,BEV,8.0,0.0,0.0,0.0,0.0,0.0,0.0,195284734.0,2616156223917.69
Brazil,BRA,South America,SA,2011,2010-2014,Pre-Pandemic,Cars,EV,0.0,0.000280000007479,0.0,0.0,0.0,0.0,0.0,195284734.0,2616156223917.69
Brazil,BRA,South America,SA,2012,2010-2014,Pre-Pandemic,Cars,BEV,22.0,0.0,0.0,0.0,0.0,0.0,0.0,196876111.0,2465227802806.76
Brazil,BRA,South America,SA,2012,2010-2014,Pre-Pandemic,Cars,EV,0.0,0.001300000003539,0.0,0.0,0.0,0.0,0.0,196876111.0,2465227802806.76
Brazil,BRA,South America,SA,2012,2010-2014,Pre-Pandemic,Cars,PHEV,18.0,0.0,0.0,0.0,0.0,0.0,0.0,196876111.0,2465227802806.76
Brazil,BRA,South America,SA,2013,2010-2014,Pre-Pandemic,Buses,BEV,5.0,0.0,0.0,0.0,0.0,0.0,0.0,198478299.0,2472819535557.21
Brazil,BRA,South America,SA,2013,2010-2014,Pre-Pandemic,Buses,EV,0.0,0.00760000012815,0.0,0.0,0.0,0.0,0.0,198478299.0,2472819535557.21
Brazil,BRA,South America,SA,2013,2010-2014,Pre-Pandemic,Cars,BEV,39.0,0.0,0.0,0.0,0.0,0.0,0.0,198478299.0,2472819535557.21
Brazil,BRA,South America,SA,2013,2010-2014,Pre-Pandemic,Cars,EV,0.0,0.002400000113994,0.0,0.0,0.0,0.0,0.0,198478299.0,2472819535557.21
Brazil,BRA,South America,SA,2013,2010-2014,Pre-Pandemic,Cars,PHEV,33.0,0.0,0.0,0.0,0.0,0.0,0.0,198478299.0,2472819535557.21
Brazil,BRA,South America,SA,2013,2010-2014,Pre-Pandemic,Vans,BEV,7.0,0.0,0.0,0.0,0.0,0.0,0.0,198478299.0,2472819535557.21
Brazil,BRA,South America,SA,2013,2010-2014,Pre-Pandemic,Vans,EV,0.0,0.001399999950081,0.0,0.0,0.0,0.0,0.0,198478299.0,2472819535557.21
Brazil,BRA,South America,SA,2014,2010-2014,Pre-Pandemic,Cars,BEV,61.0,0.0,61.0,0.0,0.0,0.0,0.0,200085127.0,2456043727198.85
Brazil,BRA,South America,SA,2014,2010-2014,Pre-Pandemic,Cars,EV,0.0,0.002199999988079,0.0,0.000159999995958,0.0,0.0,0.0,200085127.0,2456043727198.85
Brazil,BRA,South America,SA,2014,2010-2014,Pre-Pandemic,Vans,BEV,13.0,0.0,0.0,0.0,0.0,0.0,0.0,200085127.0,2456043727198.85
Brazil,BRA,South America,SA,2014,2010-2014,Pre-Pandemic,Vans,EV,0.0,0.002600000007078,0.0,0.0,0.0,0.0,0.0,200085127.0,2456043727198.85
Brazil,BRA,South America,SA,2015,2015-2019,Pre-Pandemic,Buses,BEV,0.0,0.0,5.0,0.0,0.0,0.0,0.0,201675532.0,1802212206814.5
Brazil,BRA,South America,SA,2015,2015-2019,Pre-Pandemic,Buses,EV,0.0,0.0,0.0,0.00079999997979,0.0,0.0,0.0,201675532.0,1802212206814.5
Brazil,BRA,South America,SA,2015,2015-2019,Pre-Pandemic,Cars,BEV,61.0,0.0,120.0,0.0,0.0,0.0,0.0,201675532.0,1802212206814.5
Brazil,BRA,South America,SA,2015,2015-2019,Pre-Pandemic,Cars,EV,0.0,0.004199999850243,0.0,0.000380000012228,0.0,0.0,0.0,201675532.0,1802212206814.5
Brazil,BRA,South America,SA,2015,2015-2019,Pre-Pandemic,Cars,PHEV,28.0,0.0,28.0,0.0,0.0,0.0,0.0,201675532.0,1802212206814.5
Brazil,BRA,South America,SA,2015,2015-2019,Pre-Pandemic,Vans,BEV,3.0,0.0,0.0,0.0,0.0,0.0,0.0,201675532.0,1802212206814.5
Brazil,BRA,South America,SA,2015,2015-2019,Pre-Pandemic,Vans,EV,0.0,0.00089999998454,0.0,0.0,0.0,0.0,0.0,201675532.0,1802212206814.5
Brazil,BRA,South America,SA,2016,2015-2019,Pre-Pandemic,Buses,BEV,0.0,0.0,5.0,0.0,0.0,0.0,0.0,203218114.0,1795693482853.01
Brazil,BRA,South America,SA,2016,2015-2019,Pre-Pandemic,Buses,EV,0.0,0.0,0.0,0.000820000015665,0.0,0.0,0.0,203218114.0,1795693482853.01
Brazil,BRA,South America,SA,2016,2015-2019,Pre-Pandemic,Cars,BEV,130.0,0.0,250.0,0.0,0.0,0.0,0.0,203218114.0,1795693482853.01
Brazil,BRA,South America,SA,2016,2015-2019,Pre-Pandemic,Cars,EV,0.0,0.010999999940395,0.0,0.00079999997979,0.0,0.0,0.0,203218114.0,1795693482853.01
Brazil,BRA,South America,SA,2016,2015-2019,Pre-Pandemic,Cars,PHEV,47.0,0.0,75.0,0.0,0.0,0.0,0.0,203218114.0,1795693482853.01
Brazil,BRA,South America,SA,2016,2015-2019,Pre-Pandemic,Vans,BEV,6.0,0.0,0.0,0.0,0.0,0.0,0.0,203218114.0,1795693482853.01
Brazil,BRA,South America,SA,2016,2015-2019,Pre-Pandemic,Vans,EV,0.0,0.002099999925122,0.0,0.0,0.0,0.0,0.0,203218114.0,1795693482853.01
Brazil,BRA,South America,SA,2017,2015-2019,Pre-Pandemic,Buses,BEV,3.0,0.0,8.0,0.0,0.0,0.0,0.0,204703445.0,2063514977365.65
Brazil,BRA,South America,SA,2017,2015-2019,Pre-Pandemic,Buses,EV,0.0,0.009800000116229,0.0,0.001300000003539,0.0,0.0,0.0,204703445.0,2063514977365.65
Brazil,BRA,South America,SA,2017,2015-2019,Pre-Pandemic,Cars,BEV,140.0,0.0,320.0,0.0,0.0,0.0,0.0,204703445.0,2063514977365.65
Brazil,BRA,South America,SA,2017,2015-2019,Pre-Pandemic,Cars,EV,0.0,0.023000000044704,0.0,0.001700000022538,0.0,0.0,0.0,204703445.0,2063514977365.65
Brazil,BRA,South America,SA,2017,2015-2019,Pre-Pandemic,Cars,PHEV,290.0,0.0,360.0,0.0,0.0,0.0,0.0,204703445.0,2063514977365.65
Brazil,BRA,South America,SA,2017,2015-2019,Pre-Pandemic,Vans,BEV,18.0,0.0,0.0,0.0,0.0,0.0,0.0,204703445.0,2063514977365.65
Brazil,BRA,South America,SA,2017,2015-2019,Pre-Pandemic,Vans,EV,0.0,0.006000000052154,0.0,0.0,0.0,0.0,0.0,204703445.0,2063514977365.65
Brazil,BRA,South America,SA,2018,2015-2019,Pre-Pandemic,Buses,BEV,18.0,0.0,30.0,0.0,0.0,0.0,0.027491103287693445,206107261.0,1916933898010.99
Brazil,BRA,South America,SA,2018,2015-2019,Pre-Pandemic,Buses,EV,0.0,0.050000000745058,0.0,0.004999999888241,0.0,0.0,0.027491103287693445,206107261.0,1916933898010.99
Brazil,BRA,South America,SA,2018,2015-2019,Pre-Pandemic,Cars,BEV,180.0,0.0,350.0,0.0,0.0,0.0,0.027491103287693445,206107261.0,1916933898010.99
Brazil,BRA,South America,SA,2018,2015-2019,Pre-Pandemic,Cars,EV,0.0,0.019999999552965,0.0,0.002499999944121,0.0,0.0,0.027491103287693445,206107261.0,1916933898010.99
Brazil,BRA,South America,SA,2018,2015-2019,Pre-Pandemic,Cars,PHEV,230.0,0.0,700.0,0.0,0.0,0.0,0.027491103287693445,206107261.0,1916933898010.99
Brazil,BRA,South America,SA,2018,2015-2019,Pre-Pandemic,EV,Publicly available fast,0.0,0.0,0.0,0.0,0.0,4.90000009536743,0.027491103287693445,206107261.0,1916933898010.99
Brazil,BRA,South America,SA,2018,2015-2019,Pre-Pandemic,EV,Publicly available slow,0.0,0.0,0.0,0.0,0.0,26.0,0.027491103287693445,206107261.0,1916933898010.99
Brazil,BRA,South America,SA,2018,2015-2019,Pre-Pandemic,Trucks,BEV,40.0,0.0,40.0,0.0,0.0,0.0,0.027491103287693445,206107261.0,1916933898010.99
Brazil,BRA,South America,SA,2018,2015-2019,Pre-Pandemic,Trucks,EV,0.0,0.052999999374151,0.0,0.001900000032038,0.0,0.0,0.027491103287693445,206107261.0,1916933898010.99
Brazil,BRA,South America,SA,2018,2015-2019,Pre-Pandemic,Vans,BEV,5.0,0.0,4.0,0.0,0.0,0.0,0.027491103287693445,206107261.0,1916933898010.99
Brazil,BRA,South America,SA,2018,2015-2019,Pre-Pandemic,Vans,EV,0.0,0.001399999950081,0.0,7.5999996624887e-05,0.0,0.0,0.027491103287693445,206107261.0,1916933898010.99
Brazil,BRA,South America,SA,2019,2015-2019,Pre-Pandemic,Buses,BEV,32.0,0.0,99.0,0.0,0.0,0.0,0.07101357754826884,207455459.0,1873288205059.69
Brazil,BRA,South America,SA,2019,2015-2019,Pre-Pandemic,Buses,EV,0.0,0.068999998271465,0.0,0.017000000923872,0.0,0.0,0.07101357754826884,207455459.0,1873288205059.69
Brazil,BRA,South America,SA,2019,2015-2019,Pre-Pandemic,Cars,BEV,540.0,0.0,890.0,0.0,0.0,0.0,0.07101357754826884,207455459.0,1873288205059.69
Brazil,BRA,South America,SA,2019,2015-2019,Pre-Pandemic,Cars,EV,0.0,0.086000002920628,0.0,0.007000000216067,0.0,0.0,0.07101357754826884,207455459.0,1873288205059.69
Brazil,BRA,South America,SA,2019,2015-2019,Pre-Pandemic,Cars,PHEV,1400.0,0.0,2100.0,0.0,0.0,0.0,0.07101357754826884,207455459.0,1873288205059.69
Brazil,BRA,South America,SA,2019,2015-2019,Pre-Pandemic,EV,Publicly available fast,0.0,0.0,0.0,0.0,0.0,4.90000009536743,0.07101357754826884,207455459.0,1873288205059.69
Brazil,BRA,South America,SA,2019,2015-2019,Pre-Pandemic,EV,Publicly available slow,0.0,0.0,0.0,0.0,0.0,220.0,0.07101357754826884,207455459.0,1873288205059.69
Brazil,BRA,South America,SA,2019,2015-2019,Pre-Pandemic,Trucks,BEV,23.0,0.0,63.0,0.0,0.0,0.0,0.07101357754826884,207455459.0,1873288205059.69
Brazil,BRA,South America,SA,2019,2015-2019,Pre-Pandemic,Trucks,EV,0.0,0.023000000044704,0.0,0.003000000026077,0.0,0.0,0.07101357754826884,207455459.0,1873288205059.69
Brazil,BRA,South America,SA,2019,2015-2019,Pre-Pandemic,Vans,BEV,14.0,0.0,15.0,0.0,0.0,0.0,0.07101357754826884,207455459.0,1873288205059.69
Brazil,BRA,South America,SA,2019,2015-2019,Pre-Pandemic,Vans,EV,0.0,0.003700000001118,0.0,0.000280000007479,0.0,0.0,0.07101357754826884,207455459.0,1873288205059.69
Brazil,BRA,South America,SA,2020,2020-2023,Pandemic,Buses,BEV,37.0,0.0,95.0,0.0,0.0,0.0,0.0722906623987444,208660842.0,1476107231310.49
Brazil,BRA,South America,SA,2020,2020-2023,Pandemic,Buses,EV,0.0,0.109999999403954,0.0,0.016000000759959,0.0,0.0,0.0722906623987444,208660842.0,1476107231310.49
Brazil,BRA,South America,SA,2020,2020-2023,Pandemic,Buses,FCEV,1.0,0.0,1.0,0.0,0.0,0.0,0.0722906623987444,208660842.0,1476107231310.49
Brazil,BRA,South America,SA,2020,2020-2023,Pandemic,Cars,BEV,800.0,0.0,1600.0,0.0,0.0,0.0,0.0722906623987444,208660842.0,1476107231310.49
Brazil,BRA,South America,SA,2020,2020-2023,Pandemic,Cars,EV,0.0,0.159999996423721,0.0,0.013000000268221,0.0,0.0,0.0722906623987444,208660842.0,1476107231310.49
Brazil,BRA,South America,SA,2020,2020-2023,Pandemic,Cars,PHEV,1800.0,0.0,3800.0,0.0,0.0,0.0,0.0722906623987444,208660842.0,1476107231310.49
Brazil,BRA,South America,SA,2020,2020-2023,Pandemic,EV,Publicly available fast,0.0,0.0,0.0,0.0,0.0,4.90000009536743,0.0722906623987444,208660842.0,1476107231310.49
Brazil,BRA,South America,SA,2020,2020-2023,Pandemic,EV,Publicly available slow,0.0,0.0,0.0,0.0,0.0,400.0,0.0722906623987444,208660842.0,1476107231310.49
Brazil,BRA,South America,SA,2020,2020-2023,Pandemic,Trucks,BEV,15.0,0.0,78.0,0.0,0.0,0.0,0.0722906623987444,208660842.0,1476107231310.49
Brazil,BRA,South America,SA,2020,2020-2023,Pandemic,Trucks,EV,0.0,0.017000000923872,0.0,0.00359999993816,0.0,0.0,0.0722906623987444,208660842.0,1476107231310.49
Brazil,BRA,South America,SA,2020,2020-2023,Pandemic,Vans,BEV,58.0,0.0,27.0,0.0,0.0,0.0,0.0722906623987444,208660842.0,1476107231310.49
Brazil,BRA,South America,SA,2020,2020-2023,Pandemic,Vans,EV,0.0,0.01799999922514,0.0,0.000479999987874,0.0,0.0,0.0722906623987444,208660842.0,1476107231310.49
Brazil,BRA,South America,SA,2021,2020-2023,Pandemic,Buses,BEV,240.0,0.0,360.0,0.0,0.0,0.0,0.03964634026674059,209550294.0,1670647398904.9
Brazil,BRA,South America,SA,2021,2020-2023,Pandemic,Buses,EV,0.0,0.730000019073486,0.0,0.063000001013279,0.0,0.0,0.03964634026674059,209550294.0,1670647398904.9
Brazil,BRA,South America,SA,2021,2020-2023,Pandemic,Buses,FCEV,0.0,0.0,1.0,0.0,0.0,0.0,0.03964634026674059,209550294.0,1670647398904.9
Brazil,BRA,South America,SA,2021,2020-2023,Pandemic,Cars,BEV,2900.0,0.0,4400.0,0.0,0.0,0.0,0.03964634026674059,209550294.0,1670647398904.9
Brazil,BRA,South America,SA,2021,2020-2023,Pandemic,Cars,EV,0.0,0.899999976158142,0.0,0.046000000089407,0.0,0.0,0.03964634026674059,209550294.0,1670647398904.9
Brazil,BRA,South America,SA,2021,2020-2023,Pandemic,Cars,FCEV,1.0,0.0,1.0,0.0,0.0,0.0,0.03964634026674059,209550294.0,1670647398904.9
Brazil,BRA,South America,SA,2021,2020-2023,Pandemic,Cars,PHEV,11000.0,0.0,15000.0,0.0,0.0,0.0,0.03964634026674059,209550294.0,1670647398904.9
Brazil,BRA,South America,SA,2021,2020-2023,Pandemic,EV,Publicly available fast,0.0,0.0,0.0,0.0,0.0,4.90000009536743,0.03964634026674059,209550294.0,1670647398904.9
Brazil,BRA,South America,SA,2021,2020-2023,Pandemic,EV,Publicly available slow,0.0,0.0,0.0,0.0,0.0,800.0,0.03964634026674059,209550294.0,1670647398904.9
Brazil,BRA,South America,SA,2021,2020-2023,Pandemic,Trucks,BEV,290.0,0.0,370.0,0.0,0.0,0.0,0.03964634026674059,209550294.0,1670647398904.9
Brazil,BRA,South America,SA,2021,2020-2023,Pandemic,Trucks,EV,0.0,0.230000004172325,0.0,0.017000000923872,0.0,0.0,0.03964634026674059,209550294.0,1670647398904.9
Brazil,BRA,South America,SA,2021,2020-2023,Pandemic,Vans,BEV,150.0,0.0,170.0,0.0,0.0,0.0,0.03964634026674059,209550294.0,1670647398904.9
Brazil,BRA,South America,SA,2021,2020-2023,Pandemic,Vans,EV,0.0,0.035999998450279,0.0,0.00289999996312,0.0,0.0,0.03964634026674059,209550294.0,1670647398904.9
Brazil,BRA,South America,SA,2022,2020-2023,Post-Pandemic,Buses,BEV,610.0,0.0,950.0,0.0,0.0,0.0,0.07128217293548493,210306415.0,1951923942083.32
Brazil,BRA,South America,SA,2022,2020-2023,Post-Pandemic,Buses,EV,0.0,1.70000004768372,0.0,0.170000001788139,0.0,0.0,0.07128217293548493,210306415.0,1951923942083.32
Brazil,BRA,South America,SA,2022,2020-2023,Post-Pandemic,Buses,FCEV,2.0,0.0,2.0,0.0,0.0,0.0,0.07128217293548493,210306415.0,1951923942083.32
Brazil,BRA,South America,SA,2022,2020-2023,Post-Pandemic,Cars,BEV,8500.0,0.0,13000.0,0.0,0.0,0.0,0.07128217293548493,210306415.0,1951923942083.32
Brazil,BRA,South America,SA,2022,2020-2023,Post-Pandemic,Cars,EV,0.0,1.20000004768372,0.0,0.089000001549721,0.0,0.0,0.07128217293548493,210306415.0,1951923942083.32
Brazil,BRA,South America,SA,2022,2020-2023,Post-Pandemic,Cars,FCEV,2.0,0.0,3.0,0.0,0.0,0.0,0.07128217293548493,210306415.0,1951923942083.32
Brazil,BRA,South America,SA,2022,2020-2023,Post-Pandemic,Cars,PHEV,10000.0,0.0,26000.0,0.0,0.0,0.0,0.07128217293548493,210306415.0,1951923942083.32
Brazil,BRA,South America,SA,2022,2020-2023,Post-Pandemic,EV,Publicly available fast,0.0,0.0,0.0,0.0,0.0,4.90000009536743,0.07128217293548493,210306415.0,1951923942083.32
Brazil,BRA,South America,SA,2022,2020-2023,Post-Pandemic,EV,Publicly available slow,0.0,0.0,0.0,0.0,0.0,3000.0,0.07128217293548493,210306415.0,1951923942083.32
Brazil,BRA,South America,SA,2022,2020-2023,Post-Pandemic,Trucks,BEV,710.0,0.0,1100.0,0.0,0.0,0.0,0.07128217293548493,210306415.0,1951923942083.32
Brazil,BRA,South America,SA,2022,2020-2023,Post-Pandemic,Trucks,EV,0.0,0.550000011920929,0.0,0.046999998390675,0.0,0.0,0.07128217293548493,210306415.0,1951923942083.32
Brazil,BRA,South America,SA,2022,2020-2023,Post-Pandemic,Vans,BEV,520.0,0.0,1100.0,0.0,0.0,0.0,0.07128217293548493,210306415.0,1951923942083.32
Brazil,BRA,South America,SA,2022,2020-2023,Post-Pandemic,Vans,EV,0.0,0.129999995231628,0.0,0.01799999922514,0.0,0.0,0.07128217293548493,210306415.0,1951923942083.32
Brazil,BRA,South America,SA,2023,2020-2023,Post-Pandemic,Buses,BEV,200.0,0.0,1200.0,0.0,0.0,0.0,0.03938575243872396,211140729.0,2191131765684.63
Brazil,BRA,South America,SA,2023,2020-2023,Post-Pandemic,Buses,EV,0.0,0.5,0.0,0.209999993443489,0.0,0.0,0.03938575243872396,211140729.0,2191131765684.63
Brazil,BRA,South America,SA,2023,2020-2023,Post-Pandemic,Buses,FCEV,0.0,0.0,3.0,0.0,0.0,0.0,0.03938575243872396,211140729.0,2191131765684.63
Brazil,BRA,South America,SA,2023,2020-2023,Post-Pandemic,Cars,BEV,19000.0,0.0,33000.0,0.0,0.0,0.0,0.03938575243872396,211140729.0,2191131765684.63
Brazil,BRA,South America,SA,2023,2020-2023,Post-Pandemic,Cars,EV,0.0,3.0,0.0,0.209999993443489,0.0,0.0,0.03938575243872396,211140729.0,2191131765684.63
Brazil,BRA,South America,SA,2023,2020-2023,Post-Pandemic,Cars,FCEV,0.0,0.0,3.0,0.0,0.0,0.0,0.03938575243872396,211140729.0,2191131765684.63
Brazil,BRA,South America,SA,2023,2020-2023,Post-Pandemic,Cars,PHEV,33000.0,0.0,59000.0,0.0,0.0,0.0,0.03938575243872396,211140729.0,2191131765684.63
Brazil,BRA,South America,SA,2023,2020-2023,Post-Pandemic,EV,Publicly available fast,0.0,0.0,0.0,0.0,0.0,4.90000009536743,0.03938575243872396,211140729.0,2191131765684.63
Brazil,BRA,South America,SA,2023,2020-2023,Post-Pandemic,EV,Publicly available slow,0.0,0.0,0.0,0.0,0.0,3800.0,0.03938575243872396,211140729.0,2191131765684.63
Brazil,BRA,South America,SA,2023,2020-2023,Post-Pandemic,Trucks,BEV,810.0,0.0,1900.0,0.0,0.0,0.0,0.03938575243872396,211140729.0,2191131765684.63
Brazil,BRA,South America,SA,2023,2020-2023,Post-Pandemic,Trucks,EV,0.0,0.560000002384186,0.0,0.079000003635883,0.0,0.0,0.03938575243872396,211140729.0,2191131765684.63
Brazil,BRA,South America,SA,2023,2020-2023,Post-Pandemic,Vans,BEV,690.0,0.0,1500.0,0.0,0.0,0.0,0.03938575243872396,211140729.0,2191131765684.63
Brazil,BRA,South America,SA,2023,2020-2023,Post-Pandemic,Vans,EV,0.0,0.159999996423721,0.0,0.021999999880791,0.0,0.0,0.03938575243872396,211140729.0,2191131765684.63
Bulgaria,BGR,Europe,EU,2015,2015-2019,Pre-Pandemic,Cars,BEV,21.0,0.0,0.0,0.0,0.0,0.0,0.0,6984225.0,50768512172.9373
Bulgaria,BGR,Europe,EU,2015,2015-2019,Pre-Pandemic,Cars,EV,0.0,0.090000003576279,0.0,0.0,0.0,0.0,0.0,6984225.0,50768512172.9373
Bulgaria,BGR,Europe,EU,2016,2015-2019,Pre-Pandemic,Cars,BEV,5.0,0.0,0.0,0.0,0.0,0.0,0.0,6894139.0,53932152153.5457
Bulgaria,BGR,Europe,EU,2016,2015-2019,Pre-Pandemic,Cars,EV,0.0,0.050000000745058,0.0,0.0,0.0,0.0,0.0,6894139.0,53932152153.5457
Bulgaria,BGR,Europe,EU,2016,2015-2019,Pre-Pandemic,Cars,PHEV,8.0,0.0,0.0,0.0,0.0,0.0,0.0,6894139.0,53932152153.5457
Bulgaria,BGR,Europe,EU,2017,2015-2019,Pre-Pandemic,Cars,BEV,68.0,0.0,0.0,0.0,0.0,0.0,0.0,6803468.0,59170671046.4798
Bulgaria,BGR,Europe,EU,2017,2015-2019,Pre-Pandemic,Cars,EV,0.0,0.340000003576279,0.0,0.0,0.0,0.0,0.0,6803468.0,59170671046.4798
Bulgaria,BGR,Europe,EU,2017,2015-2019,Pre-Pandemic,Cars,PHEV,38.0,0.0,0.0,0.0,0.0,0.0,0.0,6803468.0,59170671046.4798
Bulgaria,BGR,Europe,EU,2018,2015-2019,Pre-Pandemic,Cars,BEV,190.0,0.0,0.0,0.0,0.0,0.0,0.0,6710798.0,66100606676.6544
Bulgaria,BGR,Europe,EU,2018,2015-2019,Pre-Pandemic,Cars,EV,0.0,0.639999985694885,0.0,0.0,0.0,0.0,0.0,6710798.0,66100606676.6544
Bulgaria,BGR,Europe,EU,2018,2015-2019,Pre-Pandemic,Cars,PHEV,26.0,0.0,0.0,0.0,0.0,0.0,0.0,6710798.0,66100606676.6544
Bulgaria,BGR,Europe,EU,2019,2015-2019,Pre-Pandemic,Cars,BEV,180.0,0.0,0.0,0.0,0.0,0.0,0.0,6616726.0,68511235459.4907
Bulgaria,BGR,Europe,EU,2019,2015-2019,Pre-Pandemic,Cars,EV,0.0,0.670000016689301,0.0,0.0,0.0,0.0,0.0,6616726.0,68511235459.4907
Bulgaria,BGR,Europe,EU,2019,2015-2019,Pre-Pandemic,Cars,PHEV,56.0,0.0,0.0,0.0,0.0,0.0,0.0,6616726.0,68511235459.4907
Bulgaria,BGR,Europe,EU,2020,2020-2023,Pandemic,Cars,BEV,140.0,0.0,0.0,0.0,0.0,0.0,0.0,6550696.0,70490478088.1395
Bulgaria,BGR,Europe,EU,2020,2020-2023,Pandemic,Cars,PHEV,41.0,0.0,0.0,0.0,0.0,0.0,0.0,6550696.0,70490478088.1395
Bulgaria,BGR,Europe,EU,2021,2020-2023,Pandemic,Cars,BEV,430.0,0.0,0.0,0.0,0.0,0.0,0.0,6507301.0,84378926047.3002
Bulgaria,BGR,Europe,EU,2021,2020-2023,Pandemic,Cars,EV,0.0,2.20000004768372,0.0,0.0,0.0,0.0,0.0,6507301.0,84378926047.3002
Bulgaria,BGR,Europe,EU,2021,2020-2023,Pandemic,Cars,PHEV,120.0,0.0,0.0,0.0,0.0,0.0,0.0,6507301.0,84378926047.3002
Bulgaria,BGR,Europe,EU,2022,2020-2023,Post-Pandemic,Cars,BEV,1000.0,0.0,0.0,0.0,0.0,0.0,0.0,6465097.0,90510784777.6397
Bulgaria,BGR,Europe,EU,2022,2020-2023,Post-Pandemic,Cars,EV,0.0,4.0,0.0,0.0,0.0,0.0,0.0,6465097.0,90510784777.6397
Bulgaria,BGR,Europe,EU,2022,2020-2023,Post-Pandemic,Cars,PHEV,140.0,0.0,0.0,0.0,0.0,0.0,0.0,6465097.0,90510784777.6397
Bulgaria,BGR,Europe,EU,2023,2020-2023,Post-Pandemic,Cars,BEV,1800.0,0.0,0.0,0.0,0.0,0.0,0.0,6446596.0,102204457334.822
Bulgaria,BGR,Europe,EU,2023,2020-2023,Post-Pandemic,Cars,EV,0.0,5.80000019073486,0.0,0.0,0.0,0.0,0.0,6446596.0,102204457334.822
Bulgaria,BGR,Europe,EU,2023,2020-2023,Post-Pandemic,Cars,PHEV,360.0,0.0,0.0,0.0,0.0,0.0,0.0,6446596.0,102204457334.822
Canada,CAN,North America,NA,2010,2010-2014,Pre-Pandemic,Cars,FCEV,0.0,0.0,5.0,0.0,0.0,0.0,0.0,34005902.0,1617349192091.46
Canada,CAN,North America,NA,2010,2010-2014,Pre-Pandemic,Trucks,BEV,1.0,0.0,0.0,0.0,0.0,0.0,0.0,34005902.0,1617349192091.46
Canada,CAN,North America,NA,2010,2010-2014,Pre-Pandemic,Trucks,EV,0.0,0.00109999999404,0.0,0.0,0.0,0.0,0.0,34005902.0,1617349192091.46
Canada,CAN,North America,NA,2011,2010-2014,Pre-Pandemic,Cars,BEV,220.0,0.0,250.0,0.0,0.0,0.0,0.0,34339221.0,1793335727900.85
Canada,CAN,North America,NA,2011,2010-2014,Pre-Pandemic,Cars,EV,0.0,0.041000001132488,0.0,0.00289999996312,0.0,0.0,0.0,34339221.0,1793335727900.85
Canada,CAN,North America,NA,2011,2010-2014,Pre-Pandemic,Cars,FCEV,0.0,0.0,5.0,0.0,0.0,0.0,0.0,34339221.0,1793335727900.85
Canada,CAN,North America,NA,2011,2010-2014,Pre-Pandemic,Cars,PHEV,300.0,0.0,300.0,0.0,0.0,0.0,0.0,34339221.0,1793335727900.85
Canada,CAN,North America,NA,2011,2010-2014,Pre-Pandemic,Trucks,BEV,2.0,0.0,2.0,0.0,0.0,0.0,0.0,34339221.0,1793335727900.85
Canada,CAN,North America,NA,2011,2010-2014,Pre-Pandemic,Trucks,EV,0.0,0.00179999996908,0.0,0.000209999998333,0.0,0.0,0.0,34339221.0,1793335727900.85
Canada,CAN,North America,NA,2012,2010-2014,Pre-Pandemic,Cars,BEV,620.0,0.0,830.0,0.0,0.0,0.0,0.2959016393442623,34713395.0,1828359477071.97
Canada,CAN,North America,NA,2012,2010-2014,Pre-Pandemic,Cars,EV,0.0,0.140000000596046,0.0,0.013000000268221,0.0,0.0,0.2959016393442623,34713395.0,1828359477071.97
Canada,CAN,North America,NA,2012,2010-2014,Pre-Pandemic,Cars,FCEV,0.0,0.0,5.0,0.0,0.0,0.0,0.2959016393442623,34713395.0,1828359477071.97
Canada,CAN,North America,NA,2012,2010-2014,Pre-Pandemic,Cars,PHEV,1300.0,0.0,1600.0,0.0,0.0,0.0,0.2959016393442623,34713395.0,1828359477071.97
Canada,CAN,North America,NA,2012,2010-2014,Pre-Pandemic,EV,Publicly available fast,0.0,0.0,0.0,0.0,0.0,2.0,0.2959016393442623,34713395.0,1828359477071.97
Canada,CAN,North America,NA,2012,2010-2014,Pre-Pandemic,EV,Publicly available slow,0.0,0.0,0.0,0.0,0.0,720.0,0.2959016393442623,34713395.0,1828359477071.97
Canada,CAN,North America,NA,2012,2010-2014,Pre-Pandemic,Trucks,BEV,3.0,0.0,5.0,0.0,0.0,0.0,0.2959016393442623,34713395.0,1828359477071.97
Canada,CAN,North America,NA,2012,2010-2014,Pre-Pandemic,Trucks,EV,0.0,0.002700000070035,0.0,0.000479999987874,0.0,0.0,0.2959016393442623,34713395.0,1828359477071.97
Canada,CAN,North America,NA,2013,2010-2014,Pre-Pandemic,Cars,BEV,1600.0,0.0,2400.0,0.0,0.0,0.0,0.21873867343240305,35080992.0,1846583831414.43
Canada,CAN,North America,NA,2013,2010-2014,Pre-Pandemic,Cars,EV,0.0,0.219999998807907,0.0,0.027000000700355,0.0,0.0,0.21873867343240305,35080992.0,1846583831414.43
Canada,CAN,North America,NA,2013,2010-2014,Pre-Pandemic,Cars,FCEV,0.0,0.0,5.0,0.0,0.0,0.0,0.21873867343240305,35080992.0,1846583831414.43
Canada,CAN,North America,NA,2013,2010-2014,Pre-Pandemic,Cars,PHEV,1500.0,0.0,3100.0,0.0,0.0,0.0,0.21873867343240305,35080992.0,1846583831414.43
Canada,CAN,North America,NA,2013,2010-2014,Pre-Pandemic,EV,Publicly available fast,0.0,0.0,0.0,0.0,0.0,7.0,0.21873867343240305,35080992.0,1846583831414.43
Canada,CAN,North America,NA,2013,2010-2014,Pre-Pandemic,EV,Publicly available slow,0.0,0.0,0.0,0.0,0.0,1200.0,0.21873867343240305,35080992.0,1846583831414.43
Canada,CAN,North America,NA,2013,2010-2014,Pre-Pandemic,Trucks,BEV,8.0,0.0,13.0,0.0,0.0,0.0,0.21873867343240305,35080992.0,1846583831414.43
Canada,CAN,North America,NA,2013,2010-2014,Pre-Pandemic,Trucks,EV,0.0,0.007400000002235,0.0,0.001200000056997,0.0,0.0,0.21873867343240305,35080992.0,1846583831414.43
Canada,CAN,North America,NA,2014,2010-2014,Pre-Pandemic,Cars,BEV,2800.0,0.0,5400.0,0.0,0.0,0.0,0.21960089518836254,35434066.0,1805751688808.98
Canada,CAN,North America,NA,2014,2010-2014,Pre-Pandemic,Cars,EV,0.0,0.349999994039536,0.0,0.052999999374151,0.0,0.0,0.21960089518836254,35434066.0,1805751688808.98
Canada,CAN,North America,NA,2014,2010-2014,Pre-Pandemic,Cars,FCEV,0.0,0.0,5.0,0.0,0.0,0.0,0.21960089518836254,35434066.0,1805751688808.98
Canada,CAN,North America,NA,2014,2010-2014,Pre-Pandemic,Cars,PHEV,2300.0,0.0,5300.0,0.0,0.0,0.0,0.21960089518836254,35434066.0,1805751688808.98
Canada,CAN,North America,NA,2014,2010-2014,Pre-Pandemic,EV,Publicly available fast,0.0,0.0,0.0,0.0,0.0,55.0,0.21960089518836254,35434066.0,1805751688808.98
Canada,CAN,North America,NA,2014,2010-2014,Pre-Pandemic,EV,Publicly available slow,0.0,0.0,0.0,0.0,0.0,2300.0,0.21960089518836254,35434066.0,1805751688808.98
Canada,CAN,North America,NA,2014,2010-2014,Pre-Pandemic,Trucks,BEV,6.0,0.0,19.0,0.0,0.0,0.0,0.21960089518836254,35434066.0,1805751688808.98
Canada,CAN,North America,NA,2014,2010-2014,Pre-Pandemic,Trucks,EV,0.0,0.004900000058115,0.0,0.001599999959581,0.0,0.0,0.21960089518836254,35434066.0,1805751688808.98
Canada,CAN,North America,NA,2015,2015-2019,Pre-Pandemic,Cars,BEV,4400.0,0.0,9900.0,0.0,0.0,0.0,0.19622620126926563,35704498.0,1556510380200.23
Canada,CAN,North America,NA,2015,2015-2019,Pre-Pandemic,Cars,EV,0.0,0.449999988079071,0.0,0.083999998867512,0.0,0.0,0.19622620126926563,35704498.0,1556510380200.23
Canada,CAN,North America,NA,2015,2015-2019,Pre-Pandemic,Cars,FCEV,0.0,0.0,5.0,0.0,0.0,0.0,0.19622620126926563,35704498.0,1556510380200.23
Canada,CAN,North America,NA,2015,2015-2019,Pre-Pandemic,Cars,PHEV,2400.0,0.0,7700.0,0.0,0.0,0.0,0.19622620126926563,35704498.0,1556510380200.23
Canada,CAN,North America,NA,2015,2015-2019,Pre-Pandemic,EV,Publicly available fast,0.0,0.0,0.0,0.0,0.0,63.0,0.19622620126926563,35704498.0,1556510380200.23
Canada,CAN,North America,NA,2015,2015-2019,Pre-Pandemic,EV,Publicly available slow,0.0,0.0,0.0,0.0,0.0,3400.0,0.19622620126926563,35704498.0,1556510380200.23
Canada,CAN,North America,NA,2015,2015-2019,Pre-Pandemic,Trucks,BEV,9.0,0.0,28.0,0.0,0.0,0.0,0.19622620126926563,35704498.0,1556510380200.23
Canada,CAN,North America,NA,2015,2015-2019,Pre-Pandemic,Trucks,EV,0.0,0.007499999832362,0.0,0.002099999925122,0.0,0.0,0.19622620126926563,35704498.0,1556510380200.23
Canada,CAN,North America,NA,2015,2015-2019,Pre-Pandemic,Vans,BEV,1.0,0.0,1.0,0.0,0.0,0.0,0.19622620126926563,35704498.0,1556510380200.23
Canada,CAN,North America,NA,2015,2015-2019,Pre-Pandemic,Vans,EV,0.0,0.002400000113994,0.0,0.000209999998333,0.0,0.0,0.19622620126926563,35704498.0,1556510380200.23
Canada,CAN,North America,NA,2015,2015-2019,Pre-Pandemic,Vans,FCEV,9.0,0.0,9.0,0.0,0.0,0.0,0.19622620126926563,35704498.0,1556510380200.23
Canada,CAN,North America,NA,2015,2015-2019,Pre-Pandemic,Vans,PHEV,5.0,0.0,5.0,0.0,0.0,0.0,0.19622620126926563,35704498.0,1556510380200.23
Canada,CAN,North America,NA,2016,2015-2019,Pre-Pandemic,Buses,BEV,5.0,0.0,0.0,0.0,0.0,0.0,0.13908014321123657,36110803.0,1527996250640.92
Canada,CAN,North America,NA,2016,2015-2019,Pre-Pandemic,Buses,EV,0.0,0.119999997317791,0.0,0.0,0.0,0.0,0.13908014321123657,36110803.0,1527996250640.92
Canada,CAN,North America,NA,2016,2015-2019,Pre-Pandemic,Cars,BEV,5200.0,0.0,15000.0,0.0,0.0,0.0,0.13908014321123657,36110803.0,1527996250640.92
Canada,CAN,North America,NA,2016,2015-2019,Pre-Pandemic,Cars,EV,0.0,0.759999990463257,0.0,0.129999995231628,0.0,0.0,0.13908014321123657,36110803.0,1527996250640.92
Canada,CAN,North America,NA,2016,2015-2019,Pre-Pandemic,Cars,FCEV,0.0,0.0,5.0,0.0,0.0,0.0,0.13908014321123657,36110803.0,1527996250640.92
Canada,CAN,North America,NA,2016,2015-2019,Pre-Pandemic,Cars,PHEV,6400.0,0.0,14000.0,0.0,0.0,0.0,0.13908014321123657,36110803.0,1527996250640.92
Canada,CAN,North America,NA,2016,2015-2019,Pre-Pandemic,EV,Publicly available fast,0.0,0.0,0.0,0.0,0.0,140.0,0.13908014321123657,36110803.0,1527996250640.92
Canada,CAN,North America,NA,2016,2015-2019,Pre-Pandemic,EV,Publicly available slow,0.0,0.0,0.0,0.0,0.0,3900.0,0.13908014321123657,36110803.0,1527996250640.92
Canada,CAN,North America,NA,2016,2015-2019,Pre-Pandemic,Trucks,BEV,0.0,0.0,28.0,0.0,0.0,0.0,0.13908014321123657,36110803.0,1527996250640.92
Canada,CAN,North America,NA,2016,2015-2019,Pre-Pandemic,Trucks,EV,0.0,0.0,0.0,0.002000000094995,0.0,0.0,0.13908014321123657,36110803.0,1527996250640.92
Canada,CAN,North America,NA,2016,2015-2019,Pre-Pandemic,Vans,BEV,0.0,0.0,1.0,0.0,0.0,0.0,0.13908014321123657,36110803.0,1527996250640.92
Canada,CAN,North America,NA,2016,2015-2019,Pre-Pandemic,Vans,EV,0.0,0.0,0.0,0.000199999994948,0.0,0.0,0.13908014321123657,36110803.0,1527996250640.92
Canada,CAN,North America,NA,2016,2015-2019,Pre-Pandemic,Vans,FCEV,0.0,0.0,9.0,0.0,0.0,0.0,0.13908014321123657,36110803.0,1527996250640.92
Canada,CAN,North America,NA,2016,2015-2019,Pre-Pandemic,Vans,PHEV,0.0,0.0,5.0,0.0,0.0,0.0,0.13908014321123657,36110803.0,1527996250640.92
Canada,CAN,North America,NA,2017,2015-2019,Pre-Pandemic,Buses,BEV,11.0,0.0,0.0,0.0,0.0,0.0,0.12476619622513178,36545075.0,1649269496514.62
Canada,CAN,North America,NA,2017,2015-2019,Pre-Pandemic,Buses,EV,0.0,0.25,0.0,0.0,0.0,0.0,0.12476619622513178,36545075.0,1649269496514.62
Canada,CAN,North America,NA,2017,2015-2019,Pre-Pandemic,Cars,BEV,8700.0,0.0,25000.0,0.0,0.0,0.0,0.12476619622513178,36545075.0,1649269496514.62
Canada,CAN,North America,NA,2017,2015-2019,Pre-Pandemic,Cars,EV,0.0,1.0,0.0,0.209999993443489,0.0,0.0,0.12476619622513178,36545075.0,1649269496514.62
Canada,CAN,North America,NA,2017,2015-2019,Pre-Pandemic,Cars,FCEV,0.0,0.0,5.0,0.0,0.0,0.0,0.12476619622513178,36545075.0,1649269496514.62
Canada,CAN,North America,NA,2017,2015-2019,Pre-Pandemic,Cars,PHEV,8000.0,0.0,22000.0,0.0,0.0,0.0,0.12476619622513178,36545075.0,1649269496514.62
Canada,CAN,North America,NA,2017,2015-2019,Pre-Pandemic,EV,Publicly available fast,0.0,0.0,0.0,0.0,0.0,670.0,0.12476619622513178,36545075.0,1649269496514.62
Canada,CAN,North America,NA,2017,2015-2019,Pre-Pandemic,EV,Publicly available slow,0.0,0.0,0.0,0.0,0.0,5200.0,0.12476619622513178,36545075.0,1649269496514.62
Canada,CAN,North America,NA,2017,2015-2019,Pre-Pandemic,Trucks,BEV,0.0,0.0,28.0,0.0,0.0,0.0,0.12476619622513178,36545075.0,1649269496514.62
Canada,CAN,North America,NA,2017,2015-2019,Pre-Pandemic,Trucks,EV,0.0,0.0,0.0,0.001900000032038,0.0,0.0,0.12476619622513178,36545075.0,1649269496514.62
Canada,CAN,North America,NA,2017,2015-2019,Pre-Pandemic,Vans,BEV,0.0,0.0,1.0,0.0,0.0,0.0,0.12476619622513178,36545075.0,1649269496514.62
Canada,CAN,North America,NA,2017,2015-2019,Pre-Pandemic,Vans,EV,0.0,0.0,0.0,0.000190000006114,0.0,0.0,0.12476619622513178,36545075.0,1649269496514.62
Canada,CAN,North America,NA,2017,2015-2019,Pre-Pandemic,Vans,FCEV,0.0,0.0,9.0,0.0,0.0,0.0,0.12476619622513178,36545075.0,1649269496514.62
Canada,CAN,North America,NA,2017,2015-2019,Pre-Pandemic,Vans,PHEV,0.0,0.0,5.0,0.0,0.0,0.0,0.12476619622513178,36545075.0,1649269496514.62
Canada,CAN,North America,NA,2018,2015-2019,Pre-Pandemic,Buses,BEV,19.0,0.0,19.0,0.0,0.0,0.0,0.09118680662425063,37072620.0,1725330736237.69
Canada,CAN,North America,NA,2018,2015-2019,Pre-Pandemic,Buses,EV,0.0,0.439999997615814,0.0,0.028999999165535,0.0,0.0,0.09118680662425063,37072620.0,1725330736237.69
Canada,CAN,North America,NA,2018,2015-2019,Pre-Pandemic,Cars,BEV,23000.0,0.0,45000.0,0.0,0.0,0.0,0.09118680662425063,37072620.0,1725330736237.69
Canada,CAN,North America,NA,2018,2015-2019,Pre-Pandemic,Cars,EV,0.0,2.79999995231628,0.0,0.379999995231628,0.0,0.0,0.09118680662425063,37072620.0,1725330736237.69
Canada,CAN,North America,NA,2018,2015-2019,Pre-Pandemic,Cars,FCEV,0.0,0.0,5.0,0.0,0.0,0.0,0.09118680662425063,37072620.0,1725330736237.69
Canada,CAN,North America,NA,2018,2015-2019,Pre-Pandemic,Cars,PHEV,21000.0,0.0,42000.0,0.0,0.0,0.0,0.09118680662425063,37072620.0,1725330736237.69
Canada,CAN,North America,NA,2018,2015-2019,Pre-Pandemic,EV,Publicly available fast,0.0,0.0,0.0,0.0,0.0,840.0,0.09118680662425063,37072620.0,1725330736237.69
Canada,CAN,North America,NA,2018,2015-2019,Pre-Pandemic,EV,Publicly available slow,0.0,0.0,0.0,0.0,0.0,7100.0,0.09118680662425063,37072620.0,1725330736237.69
Canada,CAN,North America,NA,2018,2015-2019,Pre-Pandemic,Trucks,BEV,7.0,0.0,35.0,0.0,0.0,0.0,0.09118680662425063,37072620.0,1725330736237.69
Canada,CAN,North America,NA,2018,2015-2019,Pre-Pandemic,Trucks,EV,0.0,0.005599999800324,0.0,0.002300000051036,0.0,0.0,0.09118680662425063,37072620.0,1725330736237.69
Canada,CAN,North America,NA,2018,2015-2019,Pre-Pandemic,Vans,BEV,0.0,0.0,1.0,0.0,0.0,0.0,0.09118680662425063,37072620.0,1725330736237.69
Canada,CAN,North America,NA,2018,2015-2019,Pre-Pandemic,Vans,EV,0.0,0.0,0.0,0.000180000002729,0.0,0.0,0.09118680662425063,37072620.0,1725330736237.69
Canada,CAN,North America,NA,2018,2015-2019,Pre-Pandemic,Vans,FCEV,0.0,0.0,9.0,0.0,0.0,0.0,0.09118680662425063,37072620.0,1725330736237.69
Canada,CAN,North America,NA,2018,2015-2019,Pre-Pandemic,Vans,PHEV,0.0,0.0,5.0,0.0,0.0,0.0,0.09118680662425063,37072620.0,1725330736237.69
Canada,CAN,North America,NA,2019,2015-2019,Pre-Pandemic,Buses,BEV,49.0,0.0,68.0,0.0,0.0,0.0,0.06592567577488363,37618495.0,1743728952156.85
Canada,CAN,North America,NA,2019,2015-2019,Pre-Pandemic,Buses,EV,0.0,1.20000004768372,0.0,0.100000001490116,0.0,0.0,0.06592567577488363,37618495.0,1743728952156.85
Canada,CAN,North America,NA,2019,2015-2019,Pre-Pandemic,Cars,BEV,32000.0,0.0,76000.0,0.0,0.0,0.0,0.06592567577488363,37618495.0,1743728952156.85
Canada,CAN,North America,NA,2019,2015-2019,Pre-Pandemic,Cars,EV,0.0,3.40000009536743,0.0,0.589999973773956,0.0,0.0,0.06592567577488363,37618495.0,1743728952156.85
Canada,CAN,North America,NA,2019,2015-2019,Pre-Pandemic,Cars,FCEV,79.0,0.0,96.0,0.0,0.0,0.0,0.06592567577488363,37618495.0,1743728952156.85
Canada,CAN,North America,NA,2019,2015-2019,Pre-Pandemic,Cars,PHEV,19000.0,0.0,60000.0,0.0,0.0,0.0,0.06592567577488363,37618495.0,1743728952156.85
Canada,CAN,North America,NA,2019,2015-2019,Pre-Pandemic,EV,Publicly available fast,0.0,0.0,0.0,0.0,0.0,980.0,0.06592567577488363,37618495.0,1743728952156.85
Canada,CAN,North America,NA,2019,2015-2019,Pre-Pandemic,EV,Publicly available slow,0.0,0.0,0.0,0.0,0.0,8000.0,0.06592567577488363,37618495.0,1743728952156.85
Canada,CAN,North America,NA,2019,2015-2019,Pre-Pandemic,Trucks,BEV,0.0,0.0,35.0,0.0,0.0,0.0,0.06592567577488363,37618495.0,1743728952156.85
Canada,CAN,North America,NA,2019,2015-2019,Pre-Pandemic,Trucks,EV,0.0,0.0,0.0,0.002099999925122,0.0,0.0,0.06592567577488363,37618495.0,1743728952156.85
Canada,CAN,North America,NA,2019,2015-2019,Pre-Pandemic,Vans,BEV,0.0,0.0,1.0,0.0,0.0,0.0,0.06592567577488363,37618495.0,1743728952156.85
Canada,CAN,North America,NA,2019,2015-2019,Pre-Pandemic,Vans,EV,0.0,0.0,0.0,0.000169999999343,0.0,0.0,0.06592567577488363,37618495.0,1743728952156.85
Canada,CAN,North America,NA,2019,2015-2019,Pre-Pandemic,Vans,FCEV,0.0,0.0,9.0,0.0,0.0,0.0,0.06592567577488363,37618495.0,1743728952156.85
Canada,CAN,North America,NA,2019,2015-2019,Pre-Pandemic,Vans,PHEV,0.0,0.0,5.0,0.0,0.0,0.0,0.06592567577488363,37618495.0,1743728952156.85
Canada,CAN,North America,NA,2020,2020-2023,Pandemic,Buses,BEV,63.0,0.0,270.0,0.0,0.0,0.0,0.06261157099487459,38028638.0,1655686966881.99
Canada,CAN,North America,NA,2020,2020-2023,Pandemic,Buses,EV,0.0,2.29999995231628,0.0,0.370000004768372,0.0,0.0,0.06261157099487459,38028638.0,1655686966881.99
Canada,CAN,North America,NA,2020,2020-2023,Pandemic,Cars,BEV,37000.0,0.0,130000.0,0.0,0.0,0.0,0.06261157099487459,38028638.0,1655686966881.99
Canada,CAN,North America,NA,2020,2020-2023,Pandemic,Cars,EV,0.0,4.19999980926514,0.0,0.829999983310699,0.0,0.0,0.06261157099487459,38028638.0,1655686966881.99
Canada,CAN,North America,NA,2020,2020-2023,Pandemic,Cars,FCEV,16.0,0.0,130.0,0.0,0.0,0.0,0.06261157099487459,38028638.0,1655686966881.99
Canada,CAN,North America,NA,2020,2020-2023,Pandemic,Cars,PHEV,14000.0,0.0,82000.0,0.0,0.0,0.0,0.06261157099487459,38028638.0,1655686966881.99
Canada,CAN,North America,NA,2020,2020-2023,Pandemic,EV,Publicly available fast,0.0,0.0,0.0,0.0,0.0,2300.0,0.06261157099487459,38028638.0,1655686966881.99
Canada,CAN,North America,NA,2020,2020-2023,Pandemic,EV,Publicly available slow,0.0,0.0,0.0,0.0,0.0,11000.0,0.06261157099487459,38028638.0,1655686966881.99
Canada,CAN,North America,NA,2020,2020-2023,Pandemic,Trucks,BEV,0.0,0.0,4.80000019073486,0.0,0.0,0.0,0.06261157099487459,38028638.0,1655686966881.99
Canada,CAN,North America,NA,2020,2020-2023,Pandemic,Trucks,EV,0.0,0.0,0.0,0.000199999994948,0.0,0.0,0.06261157099487459,38028638.0,1655686966881.99
Canada,CAN,North America,NA,2020,2020-2023,Pandemic,Trucks,FCEV,7.0,0.0,0.0,0.0,0.0,0.0,0.06261157099487459,38028638.0,1655686966881.99
Canada,CAN,North America,NA,2020,2020-2023,Pandemic,Vans,BEV,1600.0,0.0,0.0,0.0,0.0,0.0,0.06261157099487459,38028638.0,1655686966881.99
Canada,CAN,North America,NA,2020,2020-2023,Pandemic,Vans,EV,0.0,1.39999997615814,0.0,0.0,0.0,0.0,0.06261157099487459,38028638.0,1655686966881.99
Canada,CAN,North America,NA,2020,2020-2023,Pandemic,Vans,FCEV,0.0,0.0,16.0,0.0,0.0,0.0,0.06261157099487459,38028638.0,1655686966881.99
Canada,CAN,North America,NA,2020,2020-2023,Pandemic,Vans,PHEV,1400.0,0.0,0.0,0.0,0.0,0.0,0.06261157099487459,38028638.0,1655686966881.99
Canada,CAN,North America,NA,2021,2020-2023,Pandemic,Buses,BEV,250.0,0.0,430.0,0.0,0.0,0.0,0.050208481575814805,38239864.0,2022377950896.78
Canada,CAN,North America,NA,2021,2020-2023,Pandemic,Buses,EV,0.0,6.0,0.0,0.600000023841858,0.0,0.0,0.050208481575814805,38239864.0,2022377950896.78
Canada,CAN,North America,NA,2021,2020-2023,Pandemic,Cars,BEV,59000.0,0.0,190000.0,0.0,0.0,0.0,0.050208481575814805,38239864.0,2022377950896.78
Canada,CAN,North America,NA,2021,2020-2023,Pandemic,Cars,EV,0.0,6.40000009536743,0.0,1.20000004768372,0.0,0.0,0.050208481575814805,38239864.0,2022377950896.78
Canada,CAN,North America,NA,2021,2020-2023,Pandemic,Cars,FCEV,130.0,0.0,250.0,0.0,0.0,0.0,0.050208481575814805,38239864.0,2022377950896.78
Canada,CAN,North America,NA,2021,2020-2023,Pandemic,Cars,PHEV,28000.0,0.0,110000.0,0.0,0.0,0.0,0.050208481575814805,38239864.0,2022377950896.78
Canada,CAN,North America,NA,2021,2020-2023,Pandemic,EV,Publicly available fast,0.0,0.0,0.0,0.0,0.0,3100.0,0.050208481575814805,38239864.0,2022377950896.78
Canada,CAN,North America,NA,2021,2020-2023,Pandemic,EV,Publicly available slow,0.0,0.0,0.0,0.0,0.0,12000.0,0.050208481575814805,38239864.0,2022377950896.78
Canada,CAN,North America,NA,2021,2020-2023,Pandemic,Trucks,BEV,20.0,0.0,22.0,0.0,0.0,0.0,0.050208481575814805,38239864.0,2022377950896.78
Canada,CAN,North America,NA,2021,2020-2023,Pandemic,Trucks,EV,0.0,0.020999999716878,0.0,0.000839999993332,0.0,0.0,0.050208481575814805,38239864.0,2022377950896.78
Canada,CAN,North America,NA,2021,2020-2023,Pandemic,Trucks,FCEV,28.0,0.0,0.0,0.0,0.0,0.0,0.050208481575814805,38239864.0,2022377950896.78
Canada,CAN,North America,NA,2021,2020-2023,Pandemic,Vans,BEV,2600.0,0.0,0.0,0.0,0.0,0.0,0.050208481575814805,38239864.0,2022377950896.78
Canada,CAN,North America,NA,2021,2020-2023,Pandemic,Vans,EV,0.0,1.79999995231628,0.0,0.0,0.0,0.0,0.050208481575814805,38239864.0,2022377950896.78
Canada,CAN,North America,NA,2021,2020-2023,Pandemic,Vans,FCEV,0.0,0.0,44.0,0.0,0.0,0.0,0.050208481575814805,38239864.0,2022377950896.78
Canada,CAN,North America,NA,2021,2020-2023,Pandemic,Vans,PHEV,2600.0,0.0,0.0,0.0,0.0,0.0,0.050208481575814805,38239864.0,2022377950896.78
Canada,CAN,North America,NA,2022,2020-2023,Post-Pandemic,Buses,BEV,190.0,0.0,690.0,0.0,0.0,0.0,0.050751067229380255,38950132.0,2200562785046.32
Canada,CAN,North America,NA,2022,2020-2023,Post-Pandemic,Buses,EV,0.0,6.09999990463257,0.0,0.97000002861023,0.0,0.0,0.050751067229380255,38950132.0,2200562785046.32
Canada,CAN,North America,NA,2022,2020-2023,Post-Pandemic,Cars,BEV,91000.0,0.0,280000.0,0.0,0.0,0.0,0.050751067229380255,38950132.0,2200562785046.32
Canada,CAN,North America,NA,2022,2020-2023,Post-Pandemic,Cars,EV,0.0,9.5,0.0,1.70000004768372,0.0,0.0,0.050751067229380255,38950132.0,2200562785046.32
Canada,CAN,North America,NA,2022,2020-2023,Post-Pandemic,Cars,FCEV,19.0,0.0,300.0,0.0,0.0,0.0,0.050751067229380255,38950132.0,2200562785046.32
Canada,CAN,North America,NA,2022,2020-2023,Post-Pandemic,Cars,PHEV,24000.0,0.0,130000.0,0.0,0.0,0.0,0.050751067229380255,38950132.0,2200562785046.32
Canada,CAN,North America,NA,2022,2020-2023,Post-Pandemic,EV,Publicly available fast,0.0,0.0,0.0,0.0,0.0,3900.0,0.050751067229380255,38950132.0,2200562785046.32
Canada,CAN,North America,NA,2022,2020-2023,Post-Pandemic,EV,Publicly available slow,0.0,0.0,0.0,0.0,0.0,17000.0,0.050751067229380255,38950132.0,2200562785046.32
Canada,CAN,North America,NA,2022,2020-2023,Post-Pandemic,Trucks,BEV,830.0,0.0,780.0,0.0,0.0,0.0,0.050751067229380255,38950132.0,2200562785046.32
Canada,CAN,North America,NA,2022,2020-2023,Post-Pandemic,Trucks,EV,0.0,0.600000023841858,0.0,0.032000001519919,0.0,0.0,0.050751067229380255,38950132.0,2200562785046.32
Canada,CAN,North America,NA,2022,2020-2023,Post-Pandemic,Trucks,FCEV,18.0,0.0,0.0,0.0,0.0,0.0,0.050751067229380255,38950132.0,2200562785046.32
Canada,CAN,North America,NA,2022,2020-2023,Post-Pandemic,Vans,BEV,7000.0,0.0,0.0,0.0,0.0,0.0,0.050751067229380255,38950132.0,2200562785046.32
Canada,CAN,North America,NA,2022,2020-2023,Post-Pandemic,Vans,EV,0.0,5.09999990463257,0.0,0.0,0.0,0.0,0.050751067229380255,38950132.0,2200562785046.32
Canada,CAN,North America,NA,2022,2020-2023,Post-Pandemic,Vans,FCEV,0.0,0.0,44.0,0.0,0.0,0.0,0.050751067229380255,38950132.0,2200562785046.32
Canada,CAN,North America,NA,2022,2020-2023,Post-Pandemic,Vans,PHEV,3100.0,0.0,0.0,0.0,0.0,0.0,0.050751067229380255,38950132.0,2200562785046.32
Canada,CAN,North America,NA,2023,2020-2023,Post-Pandemic,Buses,BEV,790.0,0.0,1600.0,0.0,0.0,0.0,0.04834604220898118,40049088.0,2196593836347.42
Canada,CAN,North America,NA,2023,2020-2023,Post-Pandemic,Buses,EV,0.0,23.0,0.0,2.40000009536743,0.0,0.0,0.04834604220898118,40049088.0,2196593836347.42
Canada,CAN,North America,NA,2023,2020-2023,Post-Pandemic,Cars,BEV,130000.0,0.0,380000.0,0.0,0.0,0.0,0.04834604220898118,40049088.0,2196593836347.42
Canada,CAN,North America,NA,2023,2020-2023,Post-Pandemic,Cars,EV,0.0,13.0,0.0,2.29999995231628,0.0,0.0,0.04834604220898118,40049088.0,2196593836347.42
Canada,CAN,North America,NA,2023,2020-2023,Post-Pandemic,Cars,FCEV,13.0,0.0,320.0,0.0,0.0,0.0,0.04834604220898118,40049088.0,2196593836347.42
Canada,CAN,North America,NA,2023,2020-2023,Post-Pandemic,Cars,PHEV,41000.0,0.0,170000.0,0.0,0.0,0.0,0.04834604220898118,40049088.0,2196593836347.42
Canada,CAN,North America,NA,2023,2020-2023,Post-Pandemic,EV,Publicly available fast,0.0,0.0,0.0,0.0,0.0,4800.0,0.04834604220898118,40049088.0,2196593836347.42
Canada,CAN,North America,NA,2023,2020-2023,Post-Pandemic,EV,Publicly available slow,0.0,0.0,0.0,0.0,0.0,22000.0,0.04834604220898118,40049088.0,2196593836347.42
Canada,CAN,North America,NA,2023,2020-2023,Post-Pandemic,Trucks,BEV,2000.0,0.0,2400.0,0.0,0.0,0.0,0.04834604220898118,40049088.0,2196593836347.42
Canada,CAN,North America,NA,2023,2020-2023,Post-Pandemic,Trucks,EV,0.0,1.29999995231628,0.0,0.100000001490116,0.0,0.0,0.04834604220898118,40049088.0,2196593836347.42
Canada,CAN,North America,NA,2023,2020-2023,Post-Pandemic,Trucks,FCEV,18.0,0.0,8.0,0.0,0.0,0.0,0.04834604220898118,40049088.0,2196593836347.42
Canada,CAN,North America,NA,2023,2020-2023,Post-Pandemic,Vans,BEV,9100.0,0.0,0.0,0.0,0.0,0.0,0.04834604220898118,40049088.0,2196593836347.42
Canada,CAN,North America,NA,2023,2020-2023,Post-Pandemic,Vans,EV,0.0,5.5,0.0,0.0,0.0,0.0,0.04834604220898118,40049088.0,2196593836347.42
Canada,CAN,North America,NA,2023,2020-2023,Post-Pandemic,Vans,FCEV,0.0,0.0,9.0,0.0,0.0,0.0,0.04834604220898118,40049088.0,2196593836347.42
Canada,CAN,North America,NA,2023,2020-2023,Post-Pandemic,Vans,PHEV,4100.0,0.0,0.0,0.0,0.0,0.0,0.04834604220898118,40049088.0,2196593836347.42
Chile,CHL,South America,SA,2011,2010-2014,Pre-Pandemic,Cars,BEV,6.0,0.0,6.0,0.0,0.0,0.0,0.3333333333333333,17351816.0,251382573893.87
Chile,CHL,South America,SA,2011,2010-2014,Pre-Pandemic,Cars,EV,0.0,0.002400000113994,0.0,0.000220000001718,0.0,0.0,0.3333333333333333,17351816.0,251382573893.87
Chile,CHL,South America,SA,2011,2010-2014,Pre-Pandemic,EV,Publicly available fast,0.0,0.0,0.0,0.0,0.0,1.0,0.3333333333333333,17351816.0,251382573893.87
Chile,CHL,South America,SA,2011,2010-2014,Pre-Pandemic,EV,Publicly available slow,0.0,0.0,0.0,0.0,0.0,1.0,0.3333333333333333,17351816.0,251382573893.87
Chile,CHL,South America,SA,2012,2010-2014,Pre-Pandemic,Cars,BEV,5.0,0.0,11.0,0.0,0.0,0.0,0.9090909090909091,17519119.0,267024782486.855
Chile,CHL,South America,SA,2012,2010-2014,Pre-Pandemic,Cars,EV,0.0,0.002000000094995,0.0,0.000380000012228,0.0,0.0,0.9090909090909091,17519119.0,267024782486.855
Chile,CHL,South America,SA,2012,2010-2014,Pre-Pandemic,EV,Publicly available fast,0.0,0.0,0.0,0.0,0.0,4.0,0.9090909090909091,17519119.0,267024782486.855
Chile,CHL,South America,SA,2012,2010-2014,Pre-Pandemic,EV,Publicly available slow,0.0,0.0,0.0,0.0,0.0,6.0,0.9090909090909091,17519119.0,267024782486.855
Chile,CHL,South America,SA,2013,2010-2014,Pre-Pandemic,Cars,BEV,5.0,0.0,16.0,0.0,0.0,0.0,0.8125,17687006.0,277395018842.417
Chile,CHL,South America,SA,2013,2010-2014,Pre-Pandemic,Cars,EV,0.0,0.001900000032038,0.0,0.000509999983478,0.0,0.0,0.8125,17687006.0,277395018842.417
Chile,CHL,South America,SA,2013,2010-2014,Pre-Pandemic,EV,Publicly available fast,0.0,0.0,0.0,0.0,0.0,5.0,0.8125,17687006.0,277395018842.417
Chile,CHL,South America,SA,2013,2010-2014,Pre-Pandemic,EV,Publicly available slow,0.0,0.0,0.0,0.0,0.0,8.0,0.8125,17687006.0,277395018842.417
Chile,CHL,South America,SA,2014,2010-2014,Pre-Pandemic,Cars,BEV,3.0,0.0,19.0,0.0,0.0,0.0,0.5454545454545454,17864195.0,259560978224.359
Chile,CHL,South America,SA,2014,2010-2014,Pre-Pandemic,Cars,EV,0.0,0.007100000046194,0.0,0.001000000047497,0.0,0.0,0.5454545454545454,17864195.0,259560978224.359
Chile,CHL,South America,SA,2014,2010-2014,Pre-Pandemic,Cars,PHEV,14.0,0.0,14.0,0.0,0.0,0.0,0.5454545454545454,17864195.0,259560978224.359
Chile,CHL,South America,SA,2014,2010-2014,Pre-Pandemic,EV,Publicly available fast,0.0,0.0,0.0,0.0,0.0,5.0,0.5454545454545454,17864195.0,259560978224.359
Chile,CHL,South America,SA,2014,2010-2014,Pre-Pandemic,EV,Publicly available slow,0.0,0.0,0.0,0.0,0.0,13.0,0.5454545454545454,17864195.0,259560978224.359
Chile,CHL,South America,SA,2015,2015-2019,Pre-Pandemic,Cars,BEV,10.0,0.0,32.0,0.0,0.0,0.0,0.391304347826087,18047625.0,242450355830.884
Chile,CHL,South America,SA,2015,2015-2019,Pre-Pandemic,Cars,EV,0.0,0.017000000923872,0.0,0.002099999925122,0.0,0.0,0.391304347826087,18047625.0,242450355830.884
Chile,CHL,South America,SA,2015,2015-2019,Pre-Pandemic,Cars,PHEV,23.0,0.0,37.0,0.0,0.0,0.0,0.391304347826087,18047625.0,242450355830.884
Chile,CHL,South America,SA,2015,2015-2019,Pre-Pandemic,EV,Publicly available fast,0.0,0.0,0.0,0.0,0.0,5.0,0.391304347826087,18047625.0,242450355830.884
Chile,CHL,South America,SA,2015,2015-2019,Pre-Pandemic,EV,Publicly available slow,0.0,0.0,0.0,0.0,0.0,22.0,0.391304347826087,18047625.0,242450355830.884
Chile,CHL,South America,SA,2016,2015-2019,Pre-Pandemic,Cars,BEV,18.0,0.0,54.0,0.0,0.0,0.0,0.27,18267221.0,249344863928.438
Chile,CHL,South America,SA,2016,2015-2019,Pre-Pandemic,Cars,EV,0.0,0.013000000268221,0.0,0.00289999996312,0.0,0.0,0.27,18267221.0,249344863928.438
Chile,CHL,South America,SA,2016,2015-2019,Pre-Pandemic,Cars,PHEV,9.0,0.0,46.0,0.0,0.0,0.0,0.27,18267221.0,249344863928.438
Chile,CHL,South America,SA,2016,2015-2019,Pre-Pandemic,EV,Publicly available fast,0.0,0.0,0.0,0.0,0.0,5.0,0.27,18267221.0,249344863928.438
Chile,CHL,South America,SA,2016,2015-2019,Pre-Pandemic,EV,Publicly available slow,0.0,0.0,0.0,0.0,0.0,22.0,0.27,18267221.0,249344863928.438
Chile,CHL,South America,SA,2017,2015-2019,Pre-Pandemic,Cars,BEV,120.0,0.0,170.0,0.0,0.0,0.0,0.1774891774891775,18558868.0,276154259981.097
Chile,CHL,South America,SA,2017,2015-2019,Pre-Pandemic,Cars,EV,0.0,0.061000000685454,0.0,0.00650000013411,0.0,0.0,0.1774891774891775,18558868.0,276154259981.097
Chile,CHL,South America,SA,2017,2015-2019,Pre-Pandemic,Cars,PHEV,15.0,0.0,61.0,0.0,0.0,0.0,0.1774891774891775,18558868.0,276154259981.097
Chile,CHL,South America,SA,2017,2015-2019,Pre-Pandemic,EV,Publicly available fast,0.0,0.0,0.0,0.0,0.0,6.0,0.1774891774891775,18558868.0,276154259981.097
Chile,CHL,South America,SA,2017,2015-2019,Pre-Pandemic,EV,Publicly available slow,0.0,0.0,0.0,0.0,0.0,35.0,0.1774891774891775,18558868.0,276154259981.097
Chile,CHL,South America,SA,2018,2015-2019,Pre-Pandemic,Cars,BEV,100.0,0.0,280.0,0.0,0.0,0.0,0.16829268292682928,18893191.0,295857562991.709
Chile,CHL,South America,SA,2018,2015-2019,Pre-Pandemic,Cars,EV,0.0,0.070000000298023,0.0,0.010999999940395,0.0,0.0,0.16829268292682928,18893191.0,295857562991.709
Chile,CHL,South America,SA,2018,2015-2019,Pre-Pandemic,Cars,PHEV,68.0,0.0,130.0,0.0,0.0,0.0,0.16829268292682928,18893191.0,295857562991.709
Chile,CHL,South America,SA,2018,2015-2019,Pre-Pandemic,EV,Publicly available fast,0.0,0.0,0.0,0.0,0.0,8.0,0.16829268292682928,18893191.0,295857562991.709
Chile,CHL,South America,SA,2018,2015-2019,Pre-Pandemic,EV,Publicly available slow,0.0,0.0,0.0,0.0,0.0,61.0,0.16829268292682928,18893191.0,295857562991.709
Chile,CHL,South America,SA,2019,2015-2019,Pre-Pandemic,Cars,BEV,160.0,0.0,440.0,0.0,0.0,0.0,0.26461538461538464,19197744.0,278308438545.118
Chile,CHL,South America,SA,2019,2015-2019,Pre-Pandemic,Cars,EV,0.0,0.140000000596046,0.0,0.017000000923872,0.0,0.0,0.26461538461538464,19197744.0,278308438545.118
Chile,CHL,South America,SA,2019,2015-2019,Pre-Pandemic,Cars,PHEV,140.0,0.0,210.0,0.0,0.0,0.0,0.26461538461538464,19197744.0,278308438545.118
Chile,CHL,South America,SA,2019,2015-2019,Pre-Pandemic,EV,Publicly available fast,0.0,0.0,0.0,0.0,0.0,42.0,0.26461538461538464,19197744.0,278308438545.118
Chile,CHL,South America,SA,2019,2015-2019,Pre-Pandemic,EV,Publicly available slow,0.0,0.0,0.0,0.0,0.0,130.0,0.26461538461538464,19197744.0,278308438545.118
Chile,CHL,South America,SA,2020,2020-2023,Pandemic,Cars,BEV,110.0,0.0,550.0,0.0,0.0,0.0,0.4035714285714286,19370624.0,254103710483.324
Chile,CHL,South America,SA,2020,2020-2023,Pandemic,Cars,EV,0.0,0.159999996423721,0.0,0.021999999880791,0.0,0.0,0.4035714285714286,19370624.0,254103710483.324
Chile,CHL,South America,SA,2020,2020-2023,Pandemic,Cars,PHEV,79.0,0.0,290.0,0.0,0.0,0.0,0.4035714285714286,19370624.0,254103710483.324
Chile,CHL,South America,SA,2020,2020-2023,Pandemic,EV,Publicly available fast,0.0,0.0,0.0,0.0,0.0,99.0,0.4035714285714286,19370624.0,254103710483.324
Chile,CHL,South America,SA,2020,2020-2023,Pandemic,EV,Publicly available slow,0.0,0.0,0.0,0.0,0.0,240.0,0.4035714285714286,19370624.0,254103710483.324
Chile,CHL,South America,SA,2021,2020-2023,Pandemic,Cars,BEV,270.0,0.0,820.0,0.0,0.0,0.0,0.3401842664776754,19456334.0,315507493783.262
Chile,CHL,South America,SA,2021,2020-2023,Pandemic,Cars,EV,0.0,0.189999997615814,0.0,0.035000000149012,0.0,0.0,0.3401842664776754,19456334.0,315507493783.262
Chile,CHL,South America,SA,2021,2020-2023,Pandemic,Cars,FCEV,1.0,0.0,1.0,0.0,0.0,0.0,0.3401842664776754,19456334.0,315507493783.262
Chile,CHL,South America,SA,2021,2020-2023,Pandemic,Cars,PHEV,300.0,0.0,590.0,0.0,0.0,0.0,0.3401842664776754,19456334.0,315507493783.262
Chile,CHL,South America,SA,2021,2020-2023,Pandemic,EV,Publicly available fast,0.0,0.0,0.0,0.0,0.0,120.0,0.3401842664776754,19456334.0,315507493783.262
Chile,CHL,South America,SA,2021,2020-2023,Pandemic,EV,Publicly available slow,0.0,0.0,0.0,0.0,0.0,360.0,0.3401842664776754,19456334.0,315507493783.262
Chile,CHL,South America,SA,2022,2020-2023,Post-Pandemic,Cars,BEV,880.0,0.0,1700.0,0.0,0.0,0.0,0.22742935906271536,19553036.0,301099244104.003
Chile,CHL,South America,SA,2022,2020-2023,Post-Pandemic,Cars,EV,0.0,0.5,0.0,0.068000003695488,0.0,0.0,0.22742935906271536,19553036.0,301099244104.003
Chile,CHL,South America,SA,2022,2020-2023,Post-Pandemic,Cars,FCEV,1.0,0.0,2.0,0.0,0.0,0.0,0.22742935906271536,19553036.0,301099244104.003
Chile,CHL,South America,SA,2022,2020-2023,Post-Pandemic,Cars,PHEV,620.0,0.0,1200.0,0.0,0.0,0.0,0.22742935906271536,19553036.0,301099244104.003
Chile,CHL,South America,SA,2022,2020-2023,Post-Pandemic,EV,Publicly available fast,0.0,0.0,0.0,0.0,0.0,220.0,0.22742935906271536,19553036.0,301099244104.003
Chile,CHL,South America,SA,2022,2020-2023,Post-Pandemic,EV,Publicly available slow,0.0,0.0,0.0,0.0,0.0,440.0,0.22742935906271536,19553036.0,301099244104.003
Chile,CHL,South America,SA,2023,2020-2023,Post-Pandemic,Cars,BEV,410.0,0.0,2100.0,0.0,0.0,0.0,0.274218349564326,19658835.0,335802745366.38
Chile,CHL,South America,SA,2023,2020-2023,Post-Pandemic,Cars,EV,0.0,0.310000002384186,0.0,0.086999997496605,0.0,0.0,0.274218349564326,19658835.0,335802745366.38
Chile,CHL,South America,SA,2023,2020-2023,Post-Pandemic,Cars,FCEV,0.0,0.0,2.0,0.0,0.0,0.0,0.274218349564326,19658835.0,335802745366.38
Chile,CHL,South America,SA,2023,2020-2023,Post-Pandemic,Cars,PHEV,510.0,0.0,1800.0,0.0,0.0,0.0,0.274218349564326,19658835.0,335802745366.38
Chile,CHL,South America,SA,2023,2020-2023,Post-Pandemic,EV,Publicly available fast,0.0,0.0,0.0,0.0,0.0,330.0,0.274218349564326,19658835.0,335802745366.38
Chile,CHL,South America,SA,2023,2020-2023,Post-Pandemic,EV,Publicly available slow,0.0,0.0,0.0,0.0,0.0,740.0,0.274218349564326,19658835.0,335802745366.38
China,CHN,Asia,AS,2010,2010-2014,Pre-Pandemic,Buses,BEV,970.0,0.0,1900.0,0.0,0.0,0.0,0.0,1337705000.0,6192564874453.29
China,CHN,Asia,AS,2010,2010-2014,Pre-Pandemic,Buses,EV,0.0,0.189999997615814,0.0,0.054999999701977,150.0,0.0,0.0,1337705000.0,6192564874453.29
China,CHN,Asia,AS,2010,2010-2014,Pre-Pandemic,Cars,BEV,1100.0,0.0,1600.0,0.0,0.0,0.0,0.0,1337705000.0,6192564874453.29
China,CHN,Asia,AS,2010,2010-2014,Pre-Pandemic,Cars,EV,0.0,0.009999999776483,0.0,0.003100000089034,46.0,0.0,0.0,1337705000.0,6192564874453.29
China,CHN,Asia,AS,2010,2010-2014,Pre-Pandemic,Cars,PHEV,340.0,0.0,340.0,0.0,0.0,0.0,0.0,1337705000.0,6192564874453.29
China,CHN,Asia,AS,2010,2010-2014,Pre-Pandemic,Trucks,BEV,0.0,0.0,16.0,0.0,0.0,0.0,0.0,1337705000.0,6192564874453.29
China,CHN,Asia,AS,2010,2010-2014,Pre-Pandemic,Trucks,EV,0.0,0.0,0.0,0.000110000000859,0.0,0.0,0.0,1337705000.0,6192564874453.29
China,CHN,Asia,AS,2010,2010-2014,Pre-Pandemic,Vans,BEV,120.0,0.0,400.0,0.0,0.0,0.0,0.0,1337705000.0,6192564874453.29
China,CHN,Asia,AS,2010,2010-2014,Pre-Pandemic,Vans,EV,0.0,0.009999999776483,0.0,0.005499999970198,3.0,0.0,0.0,1337705000.0,6192564874453.29
China,CHN,Asia,AS,2011,2010-2014,Pre-Pandemic,Buses,BEV,440.0,0.0,4100.0,0.0,0.0,0.0,0.0,1345035000.0,7671757207851.29
China,CHN,Asia,AS,2011,2010-2014,Pre-Pandemic,Buses,EV,0.0,0.529999971389771,0.0,0.119999997317791,110.0,0.0,0.0,1345035000.0,7671757207851.29
China,CHN,Asia,AS,2011,2010-2014,Pre-Pandemic,Buses,PHEV,160.0,0.0,160.0,0.0,0.0,0.0,0.0,1345035000.0,7671757207851.29
China,CHN,Asia,AS,2011,2010-2014,Pre-Pandemic,Cars,BEV,4800.0,0.0,6300.0,0.0,0.0,0.0,0.0,1345035000.0,7671757207851.29
China,CHN,Asia,AS,2011,2010-2014,Pre-Pandemic,Cars,EV,0.0,0.034000001847744,0.0,0.009200000204146,120.0,0.0,0.0,1345035000.0,7671757207851.29
China,CHN,Asia,AS,2011,2010-2014,Pre-Pandemic,Cars,PHEV,320.0,0.0,660.0,0.0,0.0,0.0,0.0,1345035000.0,7671757207851.29
China,CHN,Asia,AS,2011,2010-2014,Pre-Pandemic,Trucks,BEV,0.0,0.0,120.0,0.0,0.0,0.0,0.0,1345035000.0,7671757207851.29
China,CHN,Asia,AS,2011,2010-2014,Pre-Pandemic,Trucks,EV,0.0,0.0,0.0,0.000769999984186,0.0,0.0,0.0,1345035000.0,7671757207851.29
China,CHN,Asia,AS,2011,2010-2014,Pre-Pandemic,Vans,BEV,150.0,0.0,700.0,0.0,0.0,0.0,0.0,1345035000.0,7671757207851.29
China,CHN,Asia,AS,2011,2010-2014,Pre-Pandemic,Vans,EV,0.0,0.016000000759959,0.0,0.008899999782443,2.5,0.0,0.0,1345035000.0,7671757207851.29
China,CHN,Asia,AS,2012,2010-2014,Pre-Pandemic,Buses,BEV,1400.0,0.0,5900.0,0.0,0.0,0.0,0.0,1354190000.0,8673664713189.24
China,CHN,Asia,AS,2012,2010-2014,Pre-Pandemic,Buses,EV,0.0,1.29999995231628,0.0,0.189999997615814,140.0,0.0,0.0,1354190000.0,8673664713189.24
China,CHN,Asia,AS,2012,2010-2014,Pre-Pandemic,Buses,PHEV,510.0,0.0,680.0,0.0,0.0,0.0,0.0,1354190000.0,8673664713189.24
China,CHN,Asia,AS,2012,2010-2014,Pre-Pandemic,Cars,BEV,9600.0,0.0,16000.0,0.0,0.0,0.0,0.0,1354190000.0,8673664713189.24
China,CHN,Asia,AS,2012,2010-2014,Pre-Pandemic,Cars,EV,0.0,0.072999998927116,0.0,0.018999999389052,230.0,0.0,0.0,1354190000.0,8673664713189.24
China,CHN,Asia,AS,2012,2010-2014,Pre-Pandemic,Cars,PHEV,260.0,0.0,920.0,0.0,0.0,0.0,0.0,1354190000.0,8673664713189.24
China,CHN,Asia,AS,2012,2010-2014,Pre-Pandemic,Trucks,BEV,0.0,0.0,540.0,0.0,0.0,0.0,0.0,1354190000.0,8673664713189.24
China,CHN,Asia,AS,2012,2010-2014,Pre-Pandemic,Trucks,EV,0.0,0.0,0.0,0.003199999919161,0.0,0.0,0.0,1354190000.0,8673664713189.24
China,CHN,Asia,AS,2012,2010-2014,Pre-Pandemic,Vans,BEV,670.0,0.0,1200.0,0.0,0.0,0.0,0.0,1354190000.0,8673664713189.24
China,CHN,Asia,AS,2012,2010-2014,Pre-Pandemic,Vans,EV,0.0,0.072999998927116,0.0,0.014000000432134,4.0,0.0,0.0,1354190000.0,8673664713189.24
China,CHN,Asia,AS,2013,2010-2014,Pre-Pandemic,Buses,BEV,2000.0,0.0,7600.0,0.0,0.0,0.0,0.0,1363240000.0,9743124247267.24
China,CHN,Asia,AS,2013,2010-2014,Pre-Pandemic,Buses,EV,0.0,2.59999990463257,0.0,0.28999999165535,220.0,0.0,0.0,1363240000.0,9743124247267.24
China,CHN,Asia,AS,2013,2010-2014,Pre-Pandemic,Buses,PHEV,1800.0,0.0,2400.0,0.0,0.0,0.0,0.0,1363240000.0,9743124247267.24
China,CHN,Asia,AS,2013,2010-2014,Pre-Pandemic,Cars,BEV,15000.0,0.0,31000.0,0.0,0.0,0.0,0.0,1363240000.0,9743124247267.24
China,CHN,Asia,AS,2013,2010-2014,Pre-Pandemic,Cars,EV,0.0,0.094999998807907,0.0,0.030999999493361,470.0,0.0,0.0,1363240000.0,9743124247267.24
China,CHN,Asia,AS,2013,2010-2014,Pre-Pandemic,Cars,PHEV,730.0,0.0,1600.0,0.0,0.0,0.0,0.0,1363240000.0,9743124247267.24
China,CHN,Asia,AS,2013,2010-2014,Pre-Pandemic,Trucks,BEV,0.0,0.0,1400.0,0.0,0.0,0.0,0.0,1363240000.0,9743124247267.24
China,CHN,Asia,AS,2013,2010-2014,Pre-Pandemic,Trucks,EV,0.0,0.0,0.0,0.00760000012815,0.0,0.0,0.0,1363240000.0,9743124247267.24
China,CHN,Asia,AS,2013,2010-2014,Pre-Pandemic,Vans,BEV,750.0,0.0,1800.0,0.0,0.0,0.0,0.0,1363240000.0,9743124247267.24
China,CHN,Asia,AS,2013,2010-2014,Pre-Pandemic,Vans,EV,0.0,0.07599999755621,0.0,0.019999999552965,6.0,0.0,0.0,1363240000.0,9743124247267.24
China,CHN,Asia,AS,2014,2010-2014,Pre-Pandemic,Buses,BEV,4000.0,0.0,22000.0,0.0,0.0,0.0,0.2508361204013378,1371860000.0,10674533168257.4
China,CHN,Asia,AS,2014,2010-2014,Pre-Pandemic,Buses,EV,0.0,8.0,0.0,0.889999985694885,460.0,0.0,0.2508361204013378,1371860000.0,10674533168257.4
China,CHN,Asia,AS,2014,2010-2014,Pre-Pandemic,Buses,PHEV,6000.0,0.0,8400.0,0.0,0.0,0.0,0.2508361204013378,1371860000.0,10674533168257.4
China,CHN,Asia,AS,2014,2010-2014,Pre-Pandemic,Cars,BEV,49000.0,0.0,59000.0,0.0,0.0,0.0,0.2508361204013378,1371860000.0,10674533168257.4
China,CHN,Asia,AS,2014,2010-2014,Pre-Pandemic,Cars,EV,0.0,0.400000005960465,0.0,0.070000000298023,660.0,0.0,0.2508361204013378,1371860000.0,10674533168257.4
China,CHN,Asia,AS,2014,2010-2014,Pre-Pandemic,Cars,PHEV,24000.0,0.0,26000.0,0.0,0.0,0.0,0.2508361204013378,1371860000.0,10674533168257.4
China,CHN,Asia,AS,2014,2010-2014,Pre-Pandemic,EV,Publicly available fast,0.0,0.0,0.0,0.0,0.0,9000.0,0.2508361204013378,1371860000.0,10674533168257.4
China,CHN,Asia,AS,2014,2010-2014,Pre-Pandemic,EV,Publicly available slow,0.0,0.0,0.0,0.0,0.0,21000.0,0.2508361204013378,1371860000.0,10674533168257.4
China,CHN,Asia,AS,2014,2010-2014,Pre-Pandemic,Trucks,BEV,0.0,0.0,1700.0,0.0,0.0,0.0,0.2508361204013378,1371860000.0,10674533168257.4
China,CHN,Asia,AS,2014,2010-2014,Pre-Pandemic,Trucks,EV,0.0,0.0,0.0,0.00870000012219,0.0,0.0,0.2508361204013378,1371860000.0,10674533168257.4
China,CHN,Asia,AS,2014,2010-2014,Pre-Pandemic,Vans,BEV,480.0,0.0,2500.0,0.0,0.0,0.0,0.2508361204013378,1371860000.0,10674533168257.4
China,CHN,Asia,AS,2014,2010-2014,Pre-Pandemic,Vans,EV,0.0,0.045000001788139,0.0,0.025000000372529,8.0,0.0,0.2508361204013378,1371860000.0,10674533168257.4
China,CHN,Asia,AS,2015,2015-2019,Pre-Pandemic,Buses,BEV,43000.0,0.0,98000.0,0.0,0.0,0.0,0.1313981430547173,1379860000.0,11280814787468.9
China,CHN,Asia,AS,2015,2015-2019,Pre-Pandemic,Buses,EV,0.0,38.0,0.0,3.59999990463257,3400.0,0.0,0.1313981430547173,1379860000.0,11280814787468.9
China,CHN,Asia,AS,2015,2015-2019,Pre-Pandemic,Buses,PHEV,13000.0,0.0,22000.0,0.0,0.0,0.0,0.1313981430547173,1379860000.0,11280814787468.9
China,CHN,Asia,AS,2015,2015-2019,Pre-Pandemic,Cars,BEV,150000.0,0.0,210000.0,0.0,0.0,0.0,0.1313981430547173,1379860000.0,11280814787468.9
China,CHN,Asia,AS,2015,2015-2019,Pre-Pandemic,Cars,EV,0.0,1.0,0.0,0.209999993443489,1600.0,0.0,0.1313981430547173,1379860000.0,11280814787468.9
China,CHN,Asia,AS,2015,2015-2019,Pre-Pandemic,Cars,PHEV,61000.0,0.0,87000.0,0.0,0.0,0.0,0.1313981430547173,1379860000.0,11280814787468.9
China,CHN,Asia,AS,2015,2015-2019,Pre-Pandemic,EV,Publicly available fast,0.0,0.0,0.0,0.0,0.0,12000.0,0.1313981430547173,1379860000.0,11280814787468.9
China,CHN,Asia,AS,2015,2015-2019,Pre-Pandemic,EV,Publicly available slow,0.0,0.0,0.0,0.0,0.0,47000.0,0.1313981430547173,1379860000.0,11280814787468.9
China,CHN,Asia,AS,2015,2015-2019,Pre-Pandemic,Trucks,BEV,17000.0,0.0,17000.0,0.0,0.0,0.0,0.1313981430547173,1379860000.0,11280814787468.9
China,CHN,Asia,AS,2015,2015-2019,Pre-Pandemic,Trucks,EV,0.0,1.5,0.0,0.08500000089407,910.0,0.0,0.1313981430547173,1379860000.0,11280814787468.9
China,CHN,Asia,AS,2015,2015-2019,Pre-Pandemic,Vans,BEV,15000.0,0.0,15000.0,0.0,0.0,0.0,0.1313981430547173,1379860000.0,11280814787468.9
China,CHN,Asia,AS,2015,2015-2019,Pre-Pandemic,Vans,EV,0.0,1.39999997615814,0.0,0.140000000596046,93.0,0.0,0.1313981430547173,1379860000.0,11280814787468.9
China,CHN,Asia,AS,2015,2015-2019,Pre-Pandemic,Vans,PHEV,0.0,0.0,17.0,0.0,0.0,0.0,0.1313981430547173,1379860000.0,11280814787468.9
China,CHN,Asia,AS,2016,2015-2019,Pre-Pandemic,Buses,BEV,76000.0,0.0,190000.0,0.0,0.0,0.0,0.14596001316745652,1387790000.0,11456024084962.0
China,CHN,Asia,AS,2016,2015-2019,Pre-Pandemic,Buses,EV,0.0,53.0,0.0,6.59999990463257,6300.0,0.0,0.14596001316745652,1387790000.0,11456024084962.0
China,CHN,Asia,AS,2016,2015-2019,Pre-Pandemic,Buses,FCEV,0.0,0.0,1.0,0.0,0.0,0.0,0.14596001316745652,1387790000.0,11456024084962.0
China,CHN,Asia,AS,2016,2015-2019,Pre-Pandemic,Buses,PHEV,7600.0,0.0,29000.0,0.0,0.0,0.0,0.14596001316745652,1387790000.0,11456024084962.0
China,CHN,Asia,AS,2016,2015-2019,Pre-Pandemic,Cars,BEV,260000.0,0.0,460000.0,0.0,0.0,0.0,0.14596001316745652,1387790000.0,11456024084962.0
China,CHN,Asia,AS,2016,2015-2019,Pre-Pandemic,Cars,EV,0.0,1.5,0.0,0.389999985694885,2400.0,0.0,0.14596001316745652,1387790000.0,11456024084962.0
China,CHN,Asia,AS,2016,2015-2019,Pre-Pandemic,Cars,PHEV,79000.0,0.0,170000.0,0.0,0.0,0.0,0.14596001316745652,1387790000.0,11456024084962.0
China,CHN,Asia,AS,2016,2015-2019,Pre-Pandemic,EV,Publicly available fast,0.0,0.0,0.0,0.0,0.0,55000.0,0.14596001316745652,1387790000.0,11456024084962.0
China,CHN,Asia,AS,2016,2015-2019,Pre-Pandemic,EV,Publicly available slow,0.0,0.0,0.0,0.0,0.0,86000.0,0.14596001316745652,1387790000.0,11456024084962.0
China,CHN,Asia,AS,2016,2015-2019,Pre-Pandemic,Trucks,BEV,46000.0,0.0,64000.0,0.0,0.0,0.0,0.14596001316745652,1387790000.0,11456024084962.0
China,CHN,Asia,AS,2016,2015-2019,Pre-Pandemic,Trucks,EV,0.0,3.20000004768372,0.0,0.300000011920929,2800.0,0.0,0.14596001316745652,1387790000.0,11456024084962.0
China,CHN,Asia,AS,2016,2015-2019,Pre-Pandemic,Vans,BEV,11000.0,0.0,53000.0,0.0,0.0,0.0,0.14596001316745652,1387790000.0,11456024084962.0
China,CHN,Asia,AS,2016,2015-2019,Pre-Pandemic,Vans,EV,0.0,0.879999995231628,0.0,0.469999998807907,120.0,0.0,0.14596001316745652,1387790000.0,11456024084962.0
China,CHN,Asia,AS,2016,2015-2019,Pre-Pandemic,Vans,PHEV,0.0,0.0,17.0,0.0,0.0,0.0,0.14596001316745652,1387790000.0,11456024084962.0
China,CHN,Asia,AS,2017,2015-2019,Pre-Pandemic,Buses,BEV,88000.0,0.0,280000.0,0.0,0.0,0.0,0.1203146482236926,1396215000.0,12537559062282.9
China,CHN,Asia,AS,2017,2015-2019,Pre-Pandemic,Buses,EV,0.0,60.0,0.0,9.39999961853027,11000.0,0.0,0.1203146482236926,1396215000.0,12537559062282.9
China,CHN,Asia,AS,2017,2015-2019,Pre-Pandemic,Buses,FCEV,380.0,0.0,340.0,0.0,0.0,0.0,0.1203146482236926,1396215000.0,12537559062282.9
China,CHN,Asia,AS,2017,2015-2019,Pre-Pandemic,Buses,PHEV,240.0,0.0,30000.0,0.0,0.0,0.0,0.1203146482236926,1396215000.0,12537559062282.9
China,CHN,Asia,AS,2017,2015-2019,Pre-Pandemic,Cars,BEV,470000.0,0.0,930000.0,0.0,0.0,0.0,0.1203146482236926,1396215000.0,12537559062282.9
China,CHN,Asia,AS,2017,2015-2019,Pre-Pandemic,Cars,EV,0.0,2.40000009536743,0.0,0.660000026226044,3400.0,0.0,0.1203146482236926,1396215000.0,12537559062282.9
China,CHN,Asia,AS,2017,2015-2019,Pre-Pandemic,Cars,PHEV,110000.0,0.0,280000.0,0.0,0.0,0.0,0.1203146482236926,1396215000.0,12537559062282.9
China,CHN,Asia,AS,2017,2015-2019,Pre-Pandemic,EV,Publicly available fast,0.0,0.0,0.0,0.0,0.0,83000.0,0.1203146482236926,1396215000.0,12537559062282.9
China,CHN,Asia,AS,2017,2015-2019,Pre-Pandemic,EV,Publicly available slow,0.0,0.0,0.0,0.0,0.0,130000.0,0.1203146482236926,1396215000.0,12537559062282.9
China,CHN,Asia,AS,2017,2015-2019,Pre-Pandemic,Trucks,BEV,71000.0,0.0,130000.0,0.0,0.0,0.0,0.1203146482236926,1396215000.0,12537559062282.9
China,CHN,Asia,AS,2017,2015-2019,Pre-Pandemic,Trucks,EV,0.0,3.70000004768372,0.0,0.589999973773956,4200.0,0.0,0.1203146482236926,1396215000.0,12537559062282.9
China,CHN,Asia,AS,2017,2015-2019,Pre-Pandemic,Trucks,FCEV,0.0,0.0,1.0,0.0,0.0,0.0,0.1203146482236926,1396215000.0,12537559062282.9
China,CHN,Asia,AS,2017,2015-2019,Pre-Pandemic,Vans,BEV,68000.0,0.0,120000.0,0.0,0.0,0.0,0.1203146482236926,1396215000.0,12537559062282.9
China,CHN,Asia,AS,2017,2015-2019,Pre-Pandemic,Vans,EV,0.0,4.90000009536743,0.0,0.97000002861023,540.0,0.0,0.1203146482236926,1396215000.0,12537559062282.9
China,CHN,Asia,AS,2017,2015-2019,Pre-Pandemic,Vans,PHEV,0.0,0.0,17.0,0.0,0.0,0.0,0.1203146482236926,1396215000.0,12537559062282.9
China,CHN,Asia,AS,2018,2015-2019,Pre-Pandemic,Buses,BEV,83000.0,0.0,360000.0,0.0,0.0,0.0,0.08992155842719868,1402760000.0,14147765772963.8
China,CHN,Asia,AS,2018,2015-2019,Pre-Pandemic,Buses,EV,0.0,64.0,0.0,12.0,15000.0,0.0,0.08992155842719868,1402760000.0,14147765772963.8
China,CHN,Asia,AS,2018,2015-2019,Pre-Pandemic,Buses,FCEV,890.0,0.0,1200.0,0.0,0.0,0.0,0.08992155842719868,1402760000.0,14147765772963.8
China,CHN,Asia,AS,2018,2015-2019,Pre-Pandemic,Buses,PHEV,1200.0,0.0,31000.0,0.0,0.0,0.0,0.08992155842719868,1402760000.0,14147765772963.8
China,CHN,Asia,AS,2018,2015-2019,Pre-Pandemic,Cars,BEV,820000.0,0.0,1700000.0,0.0,0.0,0.0,0.08992155842719868,1402760000.0,14147765772963.8
China,CHN,Asia,AS,2018,2015-2019,Pre-Pandemic,Cars,EV,0.0,4.69999980926514,0.0,1.10000002384186,6200.0,0.0,0.08992155842719868,1402760000.0,14147765772963.8
China,CHN,Asia,AS,2018,2015-2019,Pre-Pandemic,Cars,PHEV,270000.0,0.0,540000.0,0.0,0.0,0.0,0.08992155842719868,1402760000.0,14147765772963.8
China,CHN,Asia,AS,2018,2015-2019,Pre-Pandemic,EV,Publicly available fast,0.0,0.0,0.0,0.0,0.0,110000.0,0.08992155842719868,1402760000.0,14147765772963.8
China,CHN,Asia,AS,2018,2015-2019,Pre-Pandemic,EV,Publicly available slow,0.0,0.0,0.0,0.0,0.0,160000.0,0.08992155842719868,1402760000.0,14147765772963.8
China,CHN,Asia,AS,2018,2015-2019,Pre-Pandemic,Trucks,BEV,36000.0,0.0,170000.0,0.0,0.0,0.0,0.08992155842719868,1402760000.0,14147765772963.8
China,CHN,Asia,AS,2018,2015-2019,Pre-Pandemic,Trucks,EV,0.0,1.89999997615814,0.0,0.709999978542328,5400.0,0.0,0.08992155842719868,1402760000.0,14147765772963.8
China,CHN,Asia,AS,2018,2015-2019,Pre-Pandemic,Trucks,FCEV,400.0,0.0,400.0,0.0,0.0,0.0,0.08992155842719868,1402760000.0,14147765772963.8
China,CHN,Asia,AS,2018,2015-2019,Pre-Pandemic,Vans,BEV,54000.0,0.0,200000.0,0.0,0.0,0.0,0.08992155842719868,1402760000.0,14147765772963.8
China,CHN,Asia,AS,2018,2015-2019,Pre-Pandemic,Vans,EV,0.0,3.5,0.0,1.5,490.0,0.0,0.08992155842719868,1402760000.0,14147765772963.8
China,CHN,Asia,AS,2018,2015-2019,Pre-Pandemic,Vans,PHEV,0.0,0.0,17.0,0.0,0.0,0.0,0.08992155842719868,1402760000.0,14147765772963.8
China,CHN,Asia,AS,2019,2015-2019,Pre-Pandemic,Buses,BEV,68000.0,0.0,430000.0,0.0,0.0,0.0,0.1192654650476185,1407745000.0,14560167101283.4
China,CHN,Asia,AS,2019,2015-2019,Pre-Pandemic,Buses,EV,0.0,61.0,0.0,15.0,15000.0,0.0,0.1192654650476185,1407745000.0,14560167101283.4
China,CHN,Asia,AS,2019,2015-2019,Pre-Pandemic,Buses,FCEV,1100.0,0.0,2300.0,0.0,0.0,0.0,0.1192654650476185,1407745000.0,14560167101283.4
China,CHN,Asia,AS,2019,2015-2019,Pre-Pandemic,Buses,PHEV,1300.0,0.0,32000.0,0.0,0.0,0.0,0.1192654650476185,1407745000.0,14560167101283.4
China,CHN,Asia,AS,2019,2015-2019,Pre-Pandemic,Cars,BEV,830000.0,0.0,2600000.0,0.0,0.0,0.0,0.1192654650476185,1407745000.0,14560167101283.4
China,CHN,Asia,AS,2019,2015-2019,Pre-Pandemic,Cars,EV,0.0,5.0,0.0,1.5,8400.0,0.0,0.1192654650476185,1407745000.0,14560167101283.4
China,CHN,Asia,AS,2019,2015-2019,Pre-Pandemic,Cars,PHEV,230000.0,0.0,770000.0,0.0,0.0,0.0,0.1192654650476185,1407745000.0,14560167101283.4
China,CHN,Asia,AS,2019,2015-2019,Pre-Pandemic,EV,Publicly available fast,0.0,0.0,0.0,0.0,0.0,210000.0,0.1192654650476185,1407745000.0,14560167101283.4
China,CHN,Asia,AS,2019,2015-2019,Pre-Pandemic,EV,Publicly available slow,0.0,0.0,0.0,0.0,0.0,300000.0,0.1192654650476185,1407745000.0,14560167101283.4
China,CHN,Asia,AS,2019,2015-2019,Pre-Pandemic,Trucks,BEV,24000.0,0.0,190000.0,0.0,0.0,0.0,0.1192654650476185,1407745000.0,14560167101283.4
China,CHN,Asia,AS,2019,2015-2019,Pre-Pandemic,Trucks,EV,0.0,1.20000004768372,0.0,0.759999990463257,4800.0,0.0,0.1192654650476185,1407745000.0,14560167101283.4
China,CHN,Asia,AS,2019,2015-2019,Pre-Pandemic,Trucks,FCEV,2000.0,0.0,1800.0,0.0,0.0,0.0,0.1192654650476185,1407745000.0,14560167101283.4
China,CHN,Asia,AS,2019,2015-2019,Pre-Pandemic,Trucks,PHEV,31.0,0.0,31.0,0.0,0.0,0.0,0.1192654650476185,1407745000.0,14560167101283.4
China,CHN,Asia,AS,2019,2015-2019,Pre-Pandemic,Vans,BEV,27000.0,0.0,250000.0,0.0,0.0,0.0,0.1192654650476185,1407745000.0,14560167101283.4
China,CHN,Asia,AS,2019,2015-2019,Pre-Pandemic,Vans,EV,0.0,1.60000002384186,0.0,1.70000004768372,500.0,0.0,0.1192654650476185,1407745000.0,14560167101283.4
China,CHN,Asia,AS,2019,2015-2019,Pre-Pandemic,Vans,PHEV,27.0,0.0,44.0,0.0,0.0,0.0,0.1192654650476185,1407745000.0,14560167101283.4
China,CHN,Asia,AS,2020,2020-2023,Pandemic,Buses,BEV,55000.0,0.0,480000.0,0.0,0.0,0.0,0.14752392027515943,1411100000.0,14996414166715.1
China,CHN,Asia,AS,2020,2020-2023,Pandemic,Buses,EV,0.0,66.0,0.0,17.0,15000.0,0.0,0.14752392027515943,1411100000.0,14996414166715.1
China,CHN,Asia,AS,2020,2020-2023,Pandemic,Buses,FCEV,1200.0,0.0,3300.0,0.0,0.0,0.0,0.14752392027515943,1411100000.0,14996414166715.1
China,CHN,Asia,AS,2020,2020-2023,Pandemic,Buses,PHEV,1800.0,0.0,34000.0,0.0,0.0,0.0,0.14752392027515943,1411100000.0,14996414166715.1
China,CHN,Asia,AS,2020,2020-2023,Pandemic,Cars,BEV,920000.0,0.0,3500000.0,0.0,0.0,0.0,0.14752392027515943,1411100000.0,14996414166715.1
China,CHN,Asia,AS,2020,2020-2023,Pandemic,Cars,EV,0.0,5.69999980926514,0.0,1.89999997615814,9600.0,0.0,0.14752392027515943,1411100000.0,14996414166715.1
China,CHN,Asia,AS,2020,2020-2023,Pandemic,Cars,PHEV,220000.0,0.0,990000.0,0.0,0.0,0.0,0.14752392027515943,1411100000.0,14996414166715.1
China,CHN,Asia,AS,2020,2020-2023,Pandemic,EV,Publicly available fast,0.0,0.0,0.0,0.0,0.0,310000.0,0.14752392027515943,1411100000.0,14996414166715.1
China,CHN,Asia,AS,2020,2020-2023,Pandemic,EV,Publicly available slow,0.0,0.0,0.0,0.0,0.0,500000.0,0.14752392027515943,1411100000.0,14996414166715.1
China,CHN,Asia,AS,2020,2020-2023,Pandemic,Trucks,BEV,17000.0,0.0,210000.0,0.0,0.0,0.0,0.14752392027515943,1411100000.0,14996414166715.1
China,CHN,Asia,AS,2020,2020-2023,Pandemic,Trucks,EV,0.0,0.610000014305115,0.0,0.759999990463257,4400.0,0.0,0.14752392027515943,1411100000.0,14996414166715.1
China,CHN,Asia,AS,2020,2020-2023,Pandemic,Trucks,FCEV,1300.0,0.0,3200.0,0.0,0.0,0.0,0.14752392027515943,1411100000.0,14996414166715.1
China,CHN,Asia,AS,2020,2020-2023,Pandemic,Trucks,PHEV,27.0,0.0,58.0,0.0,0.0,0.0,0.14752392027515943,1411100000.0,14996414166715.1
China,CHN,Asia,AS,2020,2020-2023,Pandemic,Vans,BEV,26000.0,0.0,270000.0,0.0,0.0,0.0,0.14752392027515943,1411100000.0,14996414166715.1
China,CHN,Asia,AS,2020,2020-2023,Pandemic,Vans,EV,0.0,1.39999997615814,0.0,1.70000004768372,480.0,0.0,0.14752392027515943,1411100000.0,14996414166715.1
China,CHN,Asia,AS,2020,2020-2023,Pandemic,Vans,PHEV,1.0,0.0,77.0,0.0,0.0,0.0,0.14752392027515943,1411100000.0,14996414166715.1
China,CHN,Asia,AS,2021,2020-2023,Pandemic,Buses,BEV,42000.0,0.0,530000.0,0.0,0.0,0.0,0.12871695388082735,1412360000.0,18201698719564.0
China,CHN,Asia,AS,2021,2020-2023,Pandemic,Buses,EV,0.0,56.0,0.0,20.0,16000.0,0.0,0.12871695388082735,1412360000.0,18201698719564.0
China,CHN,Asia,AS,2021,2020-2023,Pandemic,Buses,FCEV,900.0,0.0,4200.0,0.0,0.0,0.0,0.12871695388082735,1412360000.0,18201698719564.0
China,CHN,Asia,AS,2021,2020-2023,Pandemic,Buses,PHEV,860.0,0.0,35000.0,0.0,0.0,0.0,0.12871695388082735,1412360000.0,18201698719564.0
China,CHN,Asia,AS,2021,2020-2023,Pandemic,Cars,BEV,2700000.0,0.0,6200000.0,0.0,0.0,0.0,0.12871695388082735,1412360000.0,18201698719564.0
China,CHN,Asia,AS,2021,2020-2023,Pandemic,Cars,EV,0.0,16.0,0.0,3.09999990463257,18000.0,0.0,0.12871695388082735,1412360000.0,18201698719564.0
China,CHN,Asia,AS,2021,2020-2023,Pandemic,Cars,FCEV,19.0,0.0,19.0,0.0,0.0,0.0,0.12871695388082735,1412360000.0,18201698719564.0
China,CHN,Asia,AS,2021,2020-2023,Pandemic,Cars,PHEV,550000.0,0.0,1600000.0,0.0,0.0,0.0,0.12871695388082735,1412360000.0,18201698719564.0
China,CHN,Asia,AS,2021,2020-2023,Pandemic,EV,Publicly available fast,0.0,0.0,0.0,0.0,0.0,470000.0,0.12871695388082735,1412360000.0,18201698719564.0
China,CHN,Asia,AS,2021,2020-2023,Pandemic,EV,Publicly available slow,0.0,0.0,0.0,0.0,0.0,680000.0,0.12871695388082735,1412360000.0,18201698719564.0
China,CHN,Asia,AS,2021,2020-2023,Pandemic,Trucks,BEV,18000.0,0.0,230000.0,0.0,0.0,0.0,0.12871695388082735,1412360000.0,18201698719564.0
China,CHN,Asia,AS,2021,2020-2023,Pandemic,Trucks,EV,0.0,0.75,0.0,0.779999971389771,4700.0,0.0,0.12871695388082735,1412360000.0,18201698719564.0
China,CHN,Asia,AS,2021,2020-2023,Pandemic,Trucks,FCEV,1200.0,0.0,4300.0,0.0,0.0,0.0,0.12871695388082735,1412360000.0,18201698719564.0
China,CHN,Asia,AS,2021,2020-2023,Pandemic,Trucks,PHEV,520.0,0.0,580.0,0.0,0.0,0.0,0.12871695388082735,1412360000.0,18201698719564.0
China,CHN,Asia,AS,2021,2020-2023,Pandemic,Vans,BEV,71000.0,0.0,330000.0,0.0,0.0,0.0,0.12871695388082735,1412360000.0,18201698719564.0
China,CHN,Asia,AS,2021,2020-2023,Pandemic,Vans,EV,0.0,4.09999990463257,0.0,2.0,730.0,0.0,0.12871695388082735,1412360000.0,18201698719564.0
China,CHN,Asia,AS,2021,2020-2023,Pandemic,Vans,FCEV,3.0,0.0,3.0,0.0,0.0,0.0,0.12871695388082735,1412360000.0,18201698719564.0
China,CHN,Asia,AS,2021,2020-2023,Pandemic,Vans,PHEV,160.0,0.0,230.0,0.0,0.0,0.0,0.12871695388082735,1412360000.0,18201698719564.0
China,CHN,Asia,AS,2022,2020-2023,Post-Pandemic,Buses,BEV,44000.0,0.0,570000.0,0.0,0.0,0.0,0.11397494752943112,1412175000.0,18316765021690.2
China,CHN,Asia,AS,2022,2020-2023,Post-Pandemic,Buses,EV,0.0,66.0,0.0,22.0,11000.0,0.0,0.11397494752943112,1412175000.0,18316765021690.2
China,CHN,Asia,AS,2022,2020-2023,Post-Pandemic,Buses,FCEV,1300.0,0.0,5400.0,0.0,0.0,0.0,0.11397494752943112,1412175000.0,18316765021690.2
China,CHN,Asia,AS,2022,2020-2023,Post-Pandemic,Buses,PHEV,1100.0,0.0,36000.0,0.0,0.0,0.0,0.11397494752943112,1412175000.0,18316765021690.2
China,CHN,Asia,AS,2022,2020-2023,Post-Pandemic,Cars,BEV,4400000.0,0.0,11000000.0,0.0,0.0,0.0,0.11397494752943112,1412175000.0,18316765021690.2
China,CHN,Asia,AS,2022,2020-2023,Post-Pandemic,Cars,EV,0.0,29.0,0.0,5.09999990463257,23000.0,0.0,0.11397494752943112,1412175000.0,18316765021690.2
China,CHN,Asia,AS,2022,2020-2023,Post-Pandemic,Cars,FCEV,240.0,0.0,240.0,0.0,0.0,0.0,0.11397494752943112,1412175000.0,18316765021690.2
China,CHN,Asia,AS,2022,2020-2023,Post-Pandemic,Cars,PHEV,1500000.0,0.0,3100000.0,0.0,0.0,0.0,0.11397494752943112,1412175000.0,18316765021690.2
China,CHN,Asia,AS,2022,2020-2023,Post-Pandemic,EV,Publicly available fast,0.0,0.0,0.0,0.0,0.0,760000.0,0.11397494752943112,1412175000.0,18316765021690.2
China,CHN,Asia,AS,2022,2020-2023,Post-Pandemic,EV,Publicly available slow,0.0,0.0,0.0,0.0,0.0,1000000.0,0.11397494752943112,1412175000.0,18316765021690.2
China,CHN,Asia,AS,2022,2020-2023,Post-Pandemic,Trucks,BEV,34000.0,0.0,260000.0,0.0,0.0,0.0,0.11397494752943112,1412175000.0,18316765021690.2
China,CHN,Asia,AS,2022,2020-2023,Post-Pandemic,Trucks,EV,0.0,3.09999990463257,0.0,0.889999985694885,4900.0,0.0,0.11397494752943112,1412175000.0,18316765021690.2
China,CHN,Asia,AS,2022,2020-2023,Post-Pandemic,Trucks,FCEV,2700.0,0.0,7000.0,0.0,0.0,0.0,0.11397494752943112,1412175000.0,18316765021690.2
China,CHN,Asia,AS,2022,2020-2023,Post-Pandemic,Trucks,PHEV,260.0,0.0,840.0,0.0,0.0,0.0,0.11397494752943112,1412175000.0,18316765021690.2
China,CHN,Asia,AS,2022,2020-2023,Post-Pandemic,Vans,BEV,170000.0,0.0,460000.0,0.0,0.0,0.0,0.11397494752943112,1412175000.0,18316765021690.2
China,CHN,Asia,AS,2022,2020-2023,Post-Pandemic,Vans,EV,0.0,11.0,0.0,2.59999990463257,940.0,0.0,0.11397494752943112,1412175000.0,18316765021690.2
China,CHN,Asia,AS,2022,2020-2023,Post-Pandemic,Vans,FCEV,810.0,0.0,810.0,0.0,0.0,0.0,0.11397494752943112,1412175000.0,18316765021690.2
China,CHN,Asia,AS,2022,2020-2023,Post-Pandemic,Vans,PHEV,1500.0,0.0,1700.0,0.0,0.0,0.0,0.11397494752943112,1412175000.0,18316765021690.2
China,CHN,Asia,AS,2023,2020-2023,Post-Pandemic,Buses,BEV,29000.0,0.0,600000.0,0.0,0.0,0.0,0.11518790987697931,1410710000.0,18270356654533.2
China,CHN,Asia,AS,2023,2020-2023,Post-Pandemic,Buses,EV,0.0,50.0,0.0,25.0,9700.0,0.0,0.11518790987697931,1410710000.0,18270356654533.2
China,CHN,Asia,AS,2023,2020-2023,Post-Pandemic,Buses,FCEV,1200.0,0.0,6600.0,0.0,0.0,0.0,0.11518790987697931,1410710000.0,18270356654533.2
China,CHN,Asia,AS,2023,2020-2023,Post-Pandemic,Buses,PHEV,1300.0,0.0,37000.0,0.0,0.0,0.0,0.11518790987697931,1410710000.0,18270356654533.2
China,CHN,Asia,AS,2023,2020-2023,Post-Pandemic,Cars,BEV,5400000.0,0.0,16000000.0,0.0,0.0,0.0,0.11518790987697931,1410710000.0,18270356654533.2
China,CHN,Asia,AS,2023,2020-2023,Post-Pandemic,Cars,EV,0.0,38.0,0.0,7.59999990463257,38000.0,0.0,0.11518790987697931,1410710000.0,18270356654533.2
China,CHN,Asia,AS,2023,2020-2023,Post-Pandemic,Cars,FCEV,520.0,0.0,760.0,0.0,0.0,0.0,0.11518790987697931,1410710000.0,18270356654533.2
China,CHN,Asia,AS,2023,2020-2023,Post-Pandemic,Cars,PHEV,2700000.0,0.0,5800000.0,0.0,0.0,0.0,0.11518790987697931,1410710000.0,18270356654533.2
China,CHN,Asia,AS,2023,2020-2023,Post-Pandemic,EV,Publicly available fast,0.0,0.0,0.0,0.0,0.0,1200000.0,0.11518790987697931,1410710000.0,18270356654533.2
China,CHN,Asia,AS,2023,2020-2023,Post-Pandemic,EV,Publicly available slow,0.0,0.0,0.0,0.0,0.0,1500000.0,0.11518790987697931,1410710000.0,18270356654533.2
China,CHN,Asia,AS,2023,2020-2023,Post-Pandemic,Trucks,BEV,38000.0,0.0,300000.0,0.0,0.0,0.0,0.11518790987697931,1410710000.0,18270356654533.2
China,CHN,Asia,AS,2023,2020-2023,Post-Pandemic,Trucks,EV,0.0,2.79999995231628,0.0,1.0,5200.0,0.0,0.11518790987697931,1410710000.0,18270356654533.2
China,CHN,Asia,AS,2023,2020-2023,Post-Pandemic,Trucks,FCEV,3400.0,0.0,10000.0,0.0,0.0,0.0,0.11518790987697931,1410710000.0,18270356654533.2
China,CHN,Asia,AS,2023,2020-2023,Post-Pandemic,Trucks,PHEV,320.0,0.0,1200.0,0.0,0.0,0.0,0.11518790987697931,1410710000.0,18270356654533.2
China,CHN,Asia,AS,2023,2020-2023,Post-Pandemic,Vans,BEV,240000.0,0.0,680000.0,0.0,0.0,0.0,0.11518790987697931,1410710000.0,18270356654533.2
China,CHN,Asia,AS,2023,2020-2023,Post-Pandemic,Vans,EV,0.0,12.0,0.0,3.59999990463257,1200.0,0.0,0.11518790987697931,1410710000.0,18270356654533.2
China,CHN,Asia,AS,2023,2020-2023,Post-Pandemic,Vans,FCEV,1900.0,0.0,2700.0,0.0,0.0,0.0,0.11518790987697931,1410710000.0,18270356654533.2
China,CHN,Asia,AS,2023,2020-2023,Post-Pandemic,Vans,PHEV,0.0,0.0,1700.0,0.0,0.0,0.0,0.11518790987697931,1410710000.0,18270356654533.2
Colombia,COL,South America,SA,2015,2015-2019,Pre-Pandemic,Cars,BEV,39.0,0.0,0.0,0.0,0.0,0.0,0.0,46969940.0,293492370193.166
Colombia,COL,South America,SA,2015,2015-2019,Pre-Pandemic,Cars,EV,0.0,0.017000000923872,0.0,0.0,0.0,0.0,0.0,46969940.0,293492370193.166
Colombia,COL,South America,SA,2015,2015-2019,Pre-Pandemic,Cars,PHEV,3.0,0.0,0.0,0.0,0.0,0.0,0.0,46969940.0,293492370193.166
Colombia,COL,South America,SA,2016,2015-2019,Pre-Pandemic,Cars,BEV,28.0,0.0,0.0,0.0,0.0,0.0,0.0,47437512.0,282720100286.228
Colombia,COL,South America,SA,2016,2015-2019,Pre-Pandemic,Cars,EV,0.0,0.023000000044704,0.0,0.0,0.0,0.0,0.0,47437512.0,282720100286.228
Colombia,COL,South America,SA,2016,2015-2019,Pre-Pandemic,Cars,PHEV,25.0,0.0,0.0,0.0,0.0,0.0,0.0,47437512.0,282720100286.228
Colombia,COL,South America,SA,2017,2015-2019,Pre-Pandemic,Cars,BEV,92.0,0.0,0.0,0.0,0.0,0.0,0.0,48131078.0,311866875156.879
Colombia,COL,South America,SA,2017,2015-2019,Pre-Pandemic,Cars,EV,0.0,0.06700000166893,0.0,0.0,0.0,0.0,0.0,48131078.0,311866875156.879
Colombia,COL,South America,SA,2017,2015-2019,Pre-Pandemic,Cars,PHEV,56.0,0.0,0.0,0.0,0.0,0.0,0.0,48131078.0,311866875156.879
Colombia,COL,South America,SA,2018,2015-2019,Pre-Pandemic,Cars,BEV,250.0,0.0,0.0,0.0,0.0,0.0,0.0,49024465.0,334198218098.276
Colombia,COL,South America,SA,2018,2015-2019,Pre-Pandemic,Cars,EV,0.0,0.239999994635582,0.0,0.0,0.0,0.0,0.0,49024465.0,334198218098.276
Colombia,COL,South America,SA,2018,2015-2019,Pre-Pandemic,Cars,PHEV,320.0,0.0,0.0,0.0,0.0,0.0,0.0,49024465.0,334198218098.276
Colombia,COL,South America,SA,2019,2015-2019,Pre-Pandemic,Cars,BEV,870.0,0.0,0.0,0.0,0.0,0.0,0.0,49907985.0,323031701192.84
Colombia,COL,South America,SA,2019,2015-2019,Pre-Pandemic,Cars,EV,0.0,0.550000011920929,0.0,0.0,0.0,0.0,0.0,49907985.0,323031701192.84
Colombia,COL,South America,SA,2019,2015-2019,Pre-Pandemic,Cars,PHEV,450.0,0.0,0.0,0.0,0.0,0.0,0.0,49907985.0,323031701192.84
Colombia,COL,South America,SA,2020,2020-2023,Pandemic,Cars,BEV,480.0,0.0,0.0,0.0,0.0,0.0,0.0,50629997.0,270348342541.465
Colombia,COL,South America,SA,2020,2020-2023,Pandemic,Cars,EV,0.0,0.569999992847443,0.0,0.0,0.0,0.0,0.0,50629997.0,270348342541.465
Colombia,COL,South America,SA,2020,2020-2023,Pandemic,Cars,PHEV,470.0,0.0,0.0,0.0,0.0,0.0,0.0,50629997.0,270348342541.465
Colombia,COL,South America,SA,2021,2020-2023,Pandemic,Cars,BEV,840.0,0.0,0.0,0.0,0.0,0.0,0.0,51188173.0,318524633225.395
Colombia,COL,South America,SA,2021,2020-2023,Pandemic,Cars,EV,0.0,1.20000004768372,0.0,0.0,0.0,0.0,0.0,51188173.0,318524633225.395
Colombia,COL,South America,SA,2021,2020-2023,Pandemic,Cars,PHEV,1700.0,0.0,0.0,0.0,0.0,0.0,0.0,51188173.0,318524633225.395
Colombia,COL,South America,SA,2022,2020-2023,Post-Pandemic,Cars,BEV,1900.0,0.0,0.0,0.0,0.0,0.0,0.0,51737944.0,345632492851.448
Colombia,COL,South America,SA,2022,2020-2023,Post-Pandemic,Cars,EV,0.0,2.0,0.0,0.0,0.0,0.0,0.0,51737944.0,345632492851.448
Colombia,COL,South America,SA,2022,2020-2023,Post-Pandemic,Cars,PHEV,2400.0,0.0,0.0,0.0,0.0,0.0,0.0,51737944.0,345632492851.448
Colombia,COL,South America,SA,2023,2020-2023,Post-Pandemic,Cars,BEV,3600.0,0.0,0.0,0.0,0.0,0.0,0.0,52321152.0,366901643683.302
Colombia,COL,South America,SA,2023,2020-2023,Post-Pandemic,Cars,EV,0.0,3.90000009536743,0.0,0.0,0.0,0.0,0.0,52321152.0,366901643683.302
Colombia,COL,South America,SA,2023,2020-2023,Post-Pandemic,Cars,PHEV,2500.0,0.0,0.0,0.0,0.0,0.0,0.0,52321152.0,366901643683.302
Costa Rica,CRI,North America,NA,2015,2015-2019,Pre-Pandemic,Cars,BEV,4.0,0.0,140.0,0.0,0.0,0.0,0.0,4818038.0,56441920888.425
Costa Rica,CRI,North America,NA,2015,2015-2019,Pre-Pandemic,Cars,EV,0.0,0.009600000455976,0.0,0.0,0.0,0.0,0.0,4818038.0,56441920888.425
Costa Rica,CRI,North America,NA,2016,2015-2019,Pre-Pandemic,Cars,BEV,12.0,0.0,160.0,0.0,0.0,0.0,0.0,4866998.0,58847019587.626
Costa Rica,CRI,North America,NA,2016,2015-2019,Pre-Pandemic,Cars,EV,0.0,0.025000000372529,0.0,0.0,0.0,0.0,0.0,4866998.0,58847019587.626
Costa Rica,CRI,North America,NA,2017,2015-2019,Pre-Pandemic,Cars,BEV,25.0,0.0,180.0,0.0,0.0,0.0,0.0,4913177.0,60516044660.7496
Costa Rica,CRI,North America,NA,2017,2015-2019,Pre-Pandemic,Cars,EV,0.0,0.059999998658896,0.0,0.0,0.0,0.0,0.0,4913177.0,60516044660.7496
Costa Rica,CRI,North America,NA,2018,2015-2019,Pre-Pandemic,Cars,BEV,200.0,0.0,380.0,0.0,0.0,0.0,0.0,4957818.0,62567765946.2665
Costa Rica,CRI,North America,NA,2018,2015-2019,Pre-Pandemic,Cars,EV,0.0,0.589999973773956,0.0,0.0,0.0,0.0,0.0,4957818.0,62567765946.2665
Costa Rica,CRI,North America,NA,2019,2015-2019,Pre-Pandemic,Cars,BEV,460.0,0.0,840.0,0.0,0.0,0.0,0.0,4999553.0,64753504730.018
Costa Rica,CRI,North America,NA,2019,2015-2019,Pre-Pandemic,Cars,EV,0.0,1.5,0.0,0.0,0.0,0.0,0.0,4999553.0,64753504730.018
Costa Rica,CRI,North America,NA,2020,2020-2023,Pandemic,Cars,BEV,630.0,0.0,1500.0,0.0,0.0,0.0,0.0,5034320.0,62806591554.7345
Costa Rica,CRI,North America,NA,2020,2020-2023,Pandemic,Cars,EV,0.0,2.70000004768372,0.0,0.0,0.0,0.0,0.0,5034320.0,62806591554.7345
Costa Rica,CRI,North America,NA,2021,2020-2023,Pandemic,Cars,BEV,1000.0,0.0,2500.0,0.0,0.0,0.0,0.0,5059988.0,65588938787.0243
Costa Rica,CRI,North America,NA,2021,2020-2023,Pandemic,Cars,EV,0.0,3.90000009536743,0.0,0.0,0.0,0.0,0.0,5059988.0,65588938787.0243
Costa Rica,CRI,North America,NA,2022,2020-2023,Post-Pandemic,Cars,BEV,1600.0,0.0,4100.0,0.0,0.0,0.0,0.0,5081765.0,71001226360.8008
Costa Rica,CRI,North America,NA,2022,2020-2023,Post-Pandemic,Cars,EV,0.0,5.5,0.0,0.0,0.0,0.0,0.0,5081765.0,71001226360.8008
Costa Rica,CRI,North America,NA,2023,2020-2023,Post-Pandemic,Cars,BEV,4900.0,0.0,9000.0,0.0,0.0,0.0,0.0,5105525.0,87512637055.7736
Costa Rica,CRI,North America,NA,2023,2020-2023,Post-Pandemic,Cars,EV,0.0,12.0,0.0,0.0,0.0,0.0,0.0,5105525.0,87512637055.7736
Croatia,HRV,Europe,EU,2019,2015-2019,Pre-Pandemic,Cars,BEV,190.0,0.0,0.0,0.0,0.0,0.0,0.0,3949390.0,61467261345.012
Croatia,HRV,Europe,EU,2019,2015-2019,Pre-Pandemic,Cars,EV,0.0,0.409999996423721,0.0,0.0,0.0,0.0,0.0,3949390.0,61467261345.012
Croatia,HRV,Europe,EU,2019,2015-2019,Pre-Pandemic,Cars,PHEV,67.0,0.0,0.0,0.0,0.0,0.0,0.0,3949390.0,61467261345.012
Croatia,HRV,Europe,EU,2020,2020-2023,Pandemic,Cars,BEV,530.0,0.0,0.0,0.0,0.0,0.0,0.0,3914206.0,57959824238.1808
Croatia,HRV,Europe,EU,2020,2020-2023,Pandemic,Cars,EV,0.0,1.89999997615814,0.0,0.0,0.0,0.0,0.0,3914206.0,57959824238.1808
Croatia,HRV,Europe,EU,2020,2020-2023,Pandemic,Cars,PHEV,140.0,0.0,0.0,0.0,0.0,0.0,0.0,3914206.0,57959824238.1808
Croatia,HRV,Europe,EU,2021,2020-2023,Pandemic,Cars,BEV,1400.0,0.0,0.0,0.0,0.0,0.0,0.0,3878981.0,69002262504.9821
Croatia,HRV,Europe,EU,2021,2020-2023,Pandemic,Cars,EV,0.0,3.79999995231628,0.0,0.0,0.0,0.0,0.0,3878981.0,69002262504.9821
Croatia,HRV,Europe,EU,2021,2020-2023,Pandemic,Cars,PHEV,400.0,0.0,0.0,0.0,0.0,0.0,0.0,3878981.0,69002262504.9821
Croatia,HRV,Europe,EU,2022,2020-2023,Post-Pandemic,Cars,BEV,1400.0,0.0,0.0,0.0,0.0,0.0,0.0,3855641.0,71196460236.6301
Croatia,HRV,Europe,EU,2022,2020-2023,Post-Pandemic,Cars,EV,0.0,5.0,0.0,0.0,0.0,0.0,0.0,3855641.0,71196460236.6301
Croatia,HRV,Europe,EU,2022,2020-2023,Post-Pandemic,Cars,PHEV,840.0,0.0,0.0,0.0,0.0,0.0,0.0,3855641.0,71196460236.6301
Croatia,HRV,Europe,EU,2023,2020-2023,Post-Pandemic,Cars,BEV,1600.0,0.0,0.0,0.0,0.0,0.0,0.0,3859686.0,85621337533.3348
Croatia,HRV,Europe,EU,2023,2020-2023,Post-Pandemic,Cars,EV,0.0,4.59999990463257,0.0,0.0,0.0,0.0,0.0,3859686.0,85621337533.3348
Croatia,HRV,Europe,EU,2023,2020-2023,Post-Pandemic,Cars,PHEV,990.0,0.0,0.0,0.0,0.0,0.0,0.0,3859686.0,85621337533.3348
Cyprus,CYP,Europe,EU,2019,2015-2019,Pre-Pandemic,Cars,BEV,23.0,0.0,0.0,0.0,0.0,0.0,0.0,1286671.0,26196660680.1176
Cyprus,CYP,Europe,EU,2019,2015-2019,Pre-Pandemic,Cars,EV,0.0,0.189999997615814,0.0,0.0,0.0,0.0,0.0,1286671.0,26196660680.1176
Cyprus,CYP,Europe,EU,2020,2020-2023,Pandemic,Cars,BEV,42.0,0.0,0.0,0.0,0.0,0.0,0.0,1302247.0,25555082266.6429
Cyprus,CYP,Europe,EU,2020,2020-2023,Pandemic,Cars,EV,0.0,1.39999997615814,0.0,0.0,0.0,0.0,0.0,1302247.0,25555082266.6429
Cyprus,CYP,Europe,EU,2020,2020-2023,Pandemic,Cars,PHEV,83.0,0.0,0.0,0.0,0.0,0.0,0.0,1302247.0,25555082266.6429
Cyprus,CYP,Europe,EU,2021,2020-2023,Pandemic,Cars,BEV,84.0,0.0,0.0,0.0,0.0,0.0,0.0,1317309.0,30372637513.1352
Cyprus,CYP,Europe,EU,2021,2020-2023,Pandemic,Cars,EV,0.0,1.70000004768372,0.0,0.0,0.0,0.0,0.0,1317309.0,30372637513.1352
Cyprus,CYP,Europe,EU,2021,2020-2023,Pandemic,Cars,PHEV,98.0,0.0,0.0,0.0,0.0,0.0,0.0,1317309.0,30372637513.1352
Cyprus,CYP,Europe,EU,2022,2020-2023,Post-Pandemic,Cars,BEV,400.0,0.0,0.0,0.0,0.0,0.0,0.0,1331370.0,31218047043.8386
Cyprus,CYP,Europe,EU,2022,2020-2023,Post-Pandemic,Cars,EV,0.0,5.40000009536743,0.0,0.0,0.0,0.0,0.0,1331370.0,31218047043.8386
Cyprus,CYP,Europe,EU,2022,2020-2023,Post-Pandemic,Cars,PHEV,230.0,0.0,0.0,0.0,0.0,0.0,0.0,1331370.0,31218047043.8386
Cyprus,CYP,Europe,EU,2023,2020-2023,Post-Pandemic,Cars,BEV,790.0,0.0,0.0,0.0,0.0,0.0,0.0,1344976.0,35075440602.5202
Cyprus,CYP,Europe,EU,2023,2020-2023,Post-Pandemic,Cars,EV,0.0,8.80000019073486,0.0,0.0,0.0,0.0,0.0,1344976.0,35075440602.5202
Cyprus,CYP,Europe,EU,2023,2020-2023,Post-Pandemic,Cars,PHEV,510.0,0.0,0.0,0.0,0.0,0.0,0.0,1344976.0,35075440602.5202
Czechia,CZE,Europe,EU,2015,2015-2019,Pre-Pandemic,Cars,BEV,300.0,0.0,0.0,0.0,0.0,0.0,0.0,10546059.0,189107698561.919
Czechia,CZE,Europe,EU,2015,2015-2019,Pre-Pandemic,Cars,EV,0.0,0.129999995231628,0.0,0.0,0.0,0.0,0.0,10546059.0,189107698561.919
Czechia,CZE,Europe,EU,2016,2015-2019,Pre-Pandemic,Cars,BEV,200.0,0.0,0.0,0.0,0.0,0.0,0.0,10566332.0,198160659303.939
Czechia,CZE,Europe,EU,2016,2015-2019,Pre-Pandemic,Cars,EV,0.0,0.079999998211861,0.0,0.0,0.0,0.0,0.0,10566332.0,198160659303.939
Czechia,CZE,Europe,EU,2017,2015-2019,Pre-Pandemic,Cars,BEV,390.0,0.0,0.0,0.0,0.0,0.0,0.0,10594438.0,221563575696.217
Czechia,CZE,Europe,EU,2017,2015-2019,Pre-Pandemic,Cars,EV,0.0,0.140000000596046,0.0,0.0,0.0,0.0,0.0,10594438.0,221563575696.217
Czechia,CZE,Europe,EU,2018,2015-2019,Pre-Pandemic,Cars,BEV,700.0,0.0,0.0,0.0,0.0,0.0,0.0,10629928.0,251992360762.236
Czechia,CZE,Europe,EU,2018,2015-2019,Pre-Pandemic,Cars,EV,0.0,0.379999995231628,0.0,0.0,0.0,0.0,0.0,10629928.0,251992360762.236
Czechia,CZE,Europe,EU,2018,2015-2019,Pre-Pandemic,Cars,PHEV,280.0,0.0,0.0,0.0,0.0,0.0,0.0,10629928.0,251992360762.236
Czechia,CZE,Europe,EU,2019,2015-2019,Pre-Pandemic,Cars,BEV,760.0,0.0,0.0,0.0,0.0,0.0,0.0,10671870.0,256794209028.77
Czechia,CZE,Europe,EU,2019,2015-2019,Pre-Pandemic,Cars,EV,0.0,0.490000009536743,0.0,0.0,0.0,0.0,0.0,10671870.0,256794209028.77
Czechia,CZE,Europe,EU,2019,2015-2019,Pre-Pandemic,Cars,PHEV,470.0,0.0,0.0,0.0,0.0,0.0,0.0,10671870.0,256794209028.77
Czechia,CZE,Europe,EU,2020,2020-2023,Pandemic,Cars,BEV,3300.0,0.0,0.0,0.0,0.0,0.0,0.0,10697858.0,251109660602.536
Czechia,CZE,Europe,EU,2020,2020-2023,Pandemic,Cars,EV,0.0,2.5,0.0,0.0,0.0,0.0,0.0,10697858.0,251109660602.536
Czechia,CZE,Europe,EU,2020,2020-2023,Pandemic,Cars,PHEV,2000.0,0.0,0.0,0.0,0.0,0.0,0.0,10697858.0,251109660602.536
Czechia,CZE,Europe,EU,2021,2020-2023,Pandemic,Cars,BEV,2700.0,0.0,0.0,0.0,0.0,0.0,0.0,10505772.0,290972714482.313
Czechia,CZE,Europe,EU,2021,2020-2023,Pandemic,Cars,EV,0.0,3.09999990463257,0.0,0.0,0.0,0.0,0.0,10505772.0,290972714482.313
Czechia,CZE,Europe,EU,2021,2020-2023,Pandemic,Cars,PHEV,3700.0,0.0,0.0,0.0,0.0,0.0,0.0,10505772.0,290972714482.313
Czechia,CZE,Europe,EU,2022,2020-2023,Post-Pandemic,Cars,BEV,3900.0,0.0,0.0,0.0,0.0,0.0,0.0,10672118.0,301831228325.556
Czechia,CZE,Europe,EU,2022,2020-2023,Post-Pandemic,Cars,EV,0.0,3.90000009536743,0.0,0.0,0.0,0.0,0.0,10672118.0,301831228325.556
Czechia,CZE,Europe,EU,2022,2020-2023,Post-Pandemic,Cars,PHEV,3600.0,0.0,0.0,0.0,0.0,0.0,0.0,10672118.0,301831228325.556
Czechia,CZE,Europe,EU,2023,2020-2023,Post-Pandemic,Cars,BEV,6700.0,0.0,0.0,0.0,0.0,0.0,0.0,10864042.0,345059295659.911
Czechia,CZE,Europe,EU,2023,2020-2023,Post-Pandemic,Cars,EV,0.0,5.40000009536743,0.0,0.0,0.0,0.0,0.0,10864042.0,345059295659.911
Czechia,CZE,Europe,EU,2023,2020-2023,Post-Pandemic,Cars,PHEV,5300.0,0.0,0.0,0.0,0.0,0.0,0.0,10864042.0,345059295659.911
Denmark,DNK,Europe,EU,2010,2010-2014,Pre-Pandemic,Cars,BEV,0.0,0.0,59.0,0.0,0.0,0.0,0.0,5547683.0,322345594075.47
Denmark,DNK,Europe,EU,2010,2010-2014,Pre-Pandemic,Cars,EV,0.0,0.0,0.0,0.003700000001118,0.0,0.0,0.0,5547683.0,322345594075.47
Denmark,DNK,Europe,EU,2010,2010-2014,Pre-Pandemic,Cars,PHEV,0.0,0.0,20.0,0.0,0.0,0.0,0.0,5547683.0,322345594075.47
Denmark,DNK,Europe,EU,2010,2010-2014,Pre-Pandemic,Trucks,BEV,4.0,0.0,9.0,0.0,0.0,0.0,0.0,5547683.0,322345594075.47
Denmark,DNK,Europe,EU,2010,2010-2014,Pre-Pandemic,Trucks,EV,0.0,0.140000000596046,0.0,0.019999999552965,0.0,0.0,0.0,5547683.0,322345594075.47
Denmark,DNK,Europe,EU,2010,2010-2014,Pre-Pandemic,Vans,BEV,6.0,0.0,6.0,0.0,0.0,0.0,0.0,5547683.0,322345594075.47
Denmark,DNK,Europe,EU,2010,2010-2014,Pre-Pandemic,Vans,EV,0.0,0.037000000476837,0.0,0.001399999950081,0.0,0.0,0.0,5547683.0,322345594075.47
Denmark,DNK,Europe,EU,2011,2010-2014,Pre-Pandemic,Buses,BEV,1.0,0.0,1.0,0.0,0.0,0.0,0.0,5570572.0,344315595263.175
Denmark,DNK,Europe,EU,2011,2010-2014,Pre-Pandemic,Buses,EV,0.0,0.119999997317791,0.0,0.010999999940395,0.0,0.0,0.0,5570572.0,344315595263.175
Denmark,DNK,Europe,EU,2011,2010-2014,Pre-Pandemic,Cars,BEV,420.0,0.0,480.0,0.0,0.0,0.0,0.0,5570572.0,344315595263.175
Denmark,DNK,Europe,EU,2011,2010-2014,Pre-Pandemic,Cars,EV,0.0,0.25,0.0,0.023000000044704,0.0,0.0,0.0,5570572.0,344315595263.175
Denmark,DNK,Europe,EU,2011,2010-2014,Pre-Pandemic,Cars,PHEV,2.0,0.0,20.0,0.0,0.0,0.0,0.0,5570572.0,344315595263.175
Denmark,DNK,Europe,EU,2011,2010-2014,Pre-Pandemic,Trucks,BEV,0.0,0.0,10.0,0.0,0.0,0.0,0.0,5570572.0,344315595263.175
Denmark,DNK,Europe,EU,2011,2010-2014,Pre-Pandemic,Trucks,EV,0.0,0.0,0.0,0.023000000044704,0.0,0.0,0.0,5570572.0,344315595263.175
Denmark,DNK,Europe,EU,2011,2010-2014,Pre-Pandemic,Vans,BEV,23.0,0.0,29.0,0.0,0.0,0.0,0.0,5570572.0,344315595263.175
Denmark,DNK,Europe,EU,2011,2010-2014,Pre-Pandemic,Vans,EV,0.0,0.097000002861023,0.0,0.006800000090152,0.0,0.0,0.0,5570572.0,344315595263.175
Denmark,DNK,Europe,EU,2012,2010-2014,Pre-Pandemic,Buses,BEV,1.0,0.0,2.0,0.0,0.0,0.0,0.6206185567010309,5591572.0,326792574244.963
Denmark,DNK,Europe,EU,2012,2010-2014,Pre-Pandemic,Buses,EV,0.0,0.129999995231628,0.0,0.023000000044704,0.0,0.0,0.6206185567010309,5591572.0,326792574244.963
Denmark,DNK,Europe,EU,2012,2010-2014,Pre-Pandemic,Cars,BEV,490.0,0.0,1200.0,0.0,0.0,0.0,0.6206185567010309,5591572.0,326792574244.963
Denmark,DNK,Europe,EU,2012,2010-2014,Pre-Pandemic,Cars,EV,0.0,0.28999999165535,0.0,0.056000001728535,0.0,0.0,0.6206185567010309,5591572.0,326792574244.963
Denmark,DNK,Europe,EU,2012,2010-2014,Pre-Pandemic,Cars,PHEV,12.0,0.0,14.0,0.0,0.0,0.0,0.6206185567010309,5591572.0,326792574244.963
Denmark,DNK,Europe,EU,2012,2010-2014,Pre-Pandemic,EV,Publicly available fast,0.0,0.0,0.0,0.0,0.0,3.0,0.6206185567010309,5591572.0,326792574244.963
Denmark,DNK,Europe,EU,2012,2010-2014,Pre-Pandemic,EV,Publicly available slow,0.0,0.0,0.0,0.0,0.0,900.0,0.6206185567010309,5591572.0,326792574244.963
Denmark,DNK,Europe,EU,2012,2010-2014,Pre-Pandemic,Trucks,BEV,1.0,0.0,10.0,0.0,0.0,0.0,0.6206185567010309,5591572.0,326792574244.963
Denmark,DNK,Europe,EU,2012,2010-2014,Pre-Pandemic,Trucks,EV,0.0,0.027000000700355,0.0,0.024000000208616,0.0,0.0,0.6206185567010309,5591572.0,326792574244.963
Denmark,DNK,Europe,EU,2012,2010-2014,Pre-Pandemic,Vans,BEV,130.0,0.0,220.0,0.0,0.0,0.0,0.6206185567010309,5591572.0,326792574244.963
Denmark,DNK,Europe,EU,2012,2010-2014,Pre-Pandemic,Vans,EV,0.0,0.560000002384186,0.0,0.054999999701977,0.0,0.0,0.6206185567010309,5591572.0,326792574244.963
Denmark,DNK,Europe,EU,2012,2010-2014,Pre-Pandemic,Vans,PHEV,8.0,0.0,9.0,0.0,0.0,0.0,0.6206185567010309,5591572.0,326792574244.963
Denmark,DNK,Europe,EU,2013,2010-2014,Pre-Pandemic,Buses,BEV,2.0,0.0,4.0,0.0,0.0,0.0,0.5650999459751486,5614932.0,344631016965.12
Denmark,DNK,Europe,EU,2013,2010-2014,Pre-Pandemic,Buses,EV,0.0,0.270000010728836,0.0,0.048000000417233,0.0,0.0,0.5650999459751486,5614932.0,344631016965.12
Denmark,DNK,Europe,EU,2013,2010-2014,Pre-Pandemic,Cars,BEV,500.0,0.0,1500.0,0.0,0.0,0.0,0.5650999459751486,5614932.0,344631016965.12
Denmark,DNK,Europe,EU,2013,2010-2014,Pre-Pandemic,Cars,EV,0.0,0.280000001192093,0.0,0.068000003695488,0.0,0.0,0.5650999459751486,5614932.0,344631016965.12
Denmark,DNK,Europe,EU,2013,2010-2014,Pre-Pandemic,Cars,FCEV,15.0,0.0,0.0,0.0,0.0,0.0,0.5650999459751486,5614932.0,344631016965.12
Denmark,DNK,Europe,EU,2013,2010-2014,Pre-Pandemic,Cars,PHEV,10.0,0.0,14.0,0.0,0.0,0.0,0.5650999459751486,5614932.0,344631016965.12
Denmark,DNK,Europe,EU,2013,2010-2014,Pre-Pandemic,EV,Publicly available fast,0.0,0.0,0.0,0.0,0.0,56.0,0.5650999459751486,5614932.0,344631016965.12
Denmark,DNK,Europe,EU,2013,2010-2014,Pre-Pandemic,EV,Publicly available slow,0.0,0.0,0.0,0.0,0.0,990.0,0.5650999459751486,5614932.0,344631016965.12
Denmark,DNK,Europe,EU,2013,2010-2014,Pre-Pandemic,Trucks,BEV,1.0,0.0,11.0,0.0,0.0,0.0,0.5650999459751486,5614932.0,344631016965.12
Denmark,DNK,Europe,EU,2013,2010-2014,Pre-Pandemic,Trucks,EV,0.0,0.016000000759959,0.0,0.027000000700355,0.0,0.0,0.5650999459751486,5614932.0,344631016965.12
Denmark,DNK,Europe,EU,2013,2010-2014,Pre-Pandemic,Vans,BEV,100.0,0.0,310.0,0.0,0.0,0.0,0.5650999459751486,5614932.0,344631016965.12
Denmark,DNK,Europe,EU,2013,2010-2014,Pre-Pandemic,Vans,EV,0.0,0.439999997615814,0.0,0.079999998211861,0.0,0.0,0.5650999459751486,5614932.0,344631016965.12
Denmark,DNK,Europe,EU,2013,2010-2014,Pre-Pandemic,Vans,PHEV,2.0,0.0,12.0,0.0,0.0,0.0,0.5650999459751486,5614932.0,344631016965.12
Denmark,DNK,Europe,EU,2014,2010-2014,Pre-Pandemic,Buses,BEV,0.0,0.0,4.0,0.0,0.0,0.0,0.5090263391535957,5643475.0,352832602064.452
Denmark,DNK,Europe,EU,2014,2010-2014,Pre-Pandemic,Buses,EV,0.0,0.0,0.0,0.046999998390675,0.0,0.0,0.5090263391535957,5643475.0,352832602064.452
Denmark,DNK,Europe,EU,2014,2010-2014,Pre-Pandemic,Cars,BEV,1600.0,0.0,2900.0,0.0,0.0,0.0,0.5090263391535957,5643475.0,352832602064.452
Denmark,DNK,Europe,EU,2014,2010-2014,Pre-Pandemic,Cars,EV,0.0,0.899999976158142,0.0,0.129999995231628,0.0,0.0,0.5090263391535957,5643475.0,352832602064.452
Denmark,DNK,Europe,EU,2014,2010-2014,Pre-Pandemic,Cars,FCEV,1.0,0.0,0.0,0.0,0.0,0.0,0.5090263391535957,5643475.0,352832602064.452
Denmark,DNK,Europe,EU,2014,2010-2014,Pre-Pandemic,Cars,PHEV,90.0,0.0,100.0,0.0,0.0,0.0,0.5090263391535957,5643475.0,352832602064.452
Denmark,DNK,Europe,EU,2014,2010-2014,Pre-Pandemic,EV,Publicly available fast,0.0,0.0,0.0,0.0,0.0,120.0,0.5090263391535957,5643475.0,352832602064.452
Denmark,DNK,Europe,EU,2014,2010-2014,Pre-Pandemic,EV,Publicly available slow,0.0,0.0,0.0,0.0,0.0,1600.0,0.5090263391535957,5643475.0,352832602064.452
Denmark,DNK,Europe,EU,2014,2010-2014,Pre-Pandemic,Trucks,BEV,0.0,0.0,11.0,0.0,0.0,0.0,0.5090263391535957,5643475.0,352832602064.452
Denmark,DNK,Europe,EU,2014,2010-2014,Pre-Pandemic,Trucks,EV,0.0,0.0,0.0,0.027000000700355,0.0,0.0,0.5090263391535957,5643475.0,352832602064.452
Denmark,DNK,Europe,EU,2014,2010-2014,Pre-Pandemic,Vans,BEV,47.0,0.0,350.0,0.0,0.0,0.0,0.5090263391535957,5643475.0,352832602064.452
Denmark,DNK,Europe,EU,2014,2010-2014,Pre-Pandemic,Vans,EV,0.0,0.170000001788139,0.0,0.092000000178814,0.0,0.0,0.5090263391535957,5643475.0,352832602064.452
Denmark,DNK,Europe,EU,2014,2010-2014,Pre-Pandemic,Vans,PHEV,2.0,0.0,14.0,0.0,0.0,0.0,0.5090263391535957,5643475.0,352832602064.452
Denmark,DNK,Europe,EU,2015,2015-2019,Pre-Pandemic,Buses,BEV,0.0,0.0,4.0,0.0,0.0,0.0,0.2572731220147634,5683483.0,301758922337.637
Denmark,DNK,Europe,EU,2015,2015-2019,Pre-Pandemic,Buses,EV,0.0,0.0,0.0,0.046999998390675,0.0,0.0,0.2572731220147634,5683483.0,301758922337.637
Denmark,DNK,Europe,EU,2015,2015-2019,Pre-Pandemic,Cars,BEV,4300.0,0.0,7900.0,0.0,0.0,0.0,0.2572731220147634,5683483.0,301758922337.637
Denmark,DNK,Europe,EU,2015,2015-2019,Pre-Pandemic,Cars,EV,0.0,2.29999995231628,0.0,0.349999994039536,0.0,0.0,0.2572731220147634,5683483.0,301758922337.637
Denmark,DNK,Europe,EU,2015,2015-2019,Pre-Pandemic,Cars,FCEV,38.0,0.0,37.0,0.0,0.0,0.0,0.2572731220147634,5683483.0,301758922337.637
Denmark,DNK,Europe,EU,2015,2015-2019,Pre-Pandemic,Cars,PHEV,420.0,0.0,570.0,0.0,0.0,0.0,0.2572731220147634,5683483.0,301758922337.637
Denmark,DNK,Europe,EU,2015,2015-2019,Pre-Pandemic,EV,Publicly available fast,0.0,0.0,0.0,0.0,0.0,270.0,0.2572731220147634,5683483.0,301758922337.637
Denmark,DNK,Europe,EU,2015,2015-2019,Pre-Pandemic,EV,Publicly available slow,0.0,0.0,0.0,0.0,0.0,2100.0,0.2572731220147634,5683483.0,301758922337.637
Denmark,DNK,Europe,EU,2015,2015-2019,Pre-Pandemic,Trucks,BEV,0.0,0.0,11.0,0.0,0.0,0.0,0.2572731220147634,5683483.0,301758922337.637
Denmark,DNK,Europe,EU,2015,2015-2019,Pre-Pandemic,Trucks,EV,0.0,0.0,0.0,0.027000000700355,0.0,0.0,0.2572731220147634,5683483.0,301758922337.637
Denmark,DNK,Europe,EU,2015,2015-2019,Pre-Pandemic,Vans,BEV,260.0,0.0,590.0,0.0,0.0,0.0,0.2572731220147634,5683483.0,301758922337.637
Denmark,DNK,Europe,EU,2015,2015-2019,Pre-Pandemic,Vans,EV,0.0,1.10000002384186,0.0,0.170000001788139,0.0,0.0,0.2572731220147634,5683483.0,301758922337.637
Denmark,DNK,Europe,EU,2015,2015-2019,Pre-Pandemic,Vans,PHEV,85.0,0.0,100.0,0.0,0.0,0.0,0.2572731220147634,5683483.0,301758922337.637
Denmark,DNK,Europe,EU,2016,2015-2019,Pre-Pandemic,Buses,BEV,3.0,0.0,6.0,0.0,0.0,0.0,0.4222055794794982,5728010.0,312181849372.233
Denmark,DNK,Europe,EU,2016,2015-2019,Pre-Pandemic,Buses,EV,0.0,0.300000011920929,0.0,0.070000000298023,0.0,0.0,0.4222055794794982,5728010.0,312181849372.233
Denmark,DNK,Europe,EU,2016,2015-2019,Pre-Pandemic,Cars,BEV,1300.0,0.0,8700.0,0.0,0.0,0.0,0.4222055794794982,5728010.0,312181849372.233
Denmark,DNK,Europe,EU,2016,2015-2019,Pre-Pandemic,Cars,EV,0.0,0.850000023841858,0.0,0.400000005960465,0.0,0.0,0.4222055794794982,5728010.0,312181849372.233
Denmark,DNK,Europe,EU,2016,2015-2019,Pre-Pandemic,Cars,FCEV,14.0,0.0,68.0,0.0,0.0,0.0,0.4222055794794982,5728010.0,312181849372.233
Denmark,DNK,Europe,EU,2016,2015-2019,Pre-Pandemic,Cars,PHEV,570.0,0.0,1100.0,0.0,0.0,0.0,0.4222055794794982,5728010.0,312181849372.233
Denmark,DNK,Europe,EU,2016,2015-2019,Pre-Pandemic,EV,Publicly available fast,0.0,0.0,0.0,0.0,0.0,310.0,0.4222055794794982,5728010.0,312181849372.233
Denmark,DNK,Europe,EU,2016,2015-2019,Pre-Pandemic,EV,Publicly available slow,0.0,0.0,0.0,0.0,0.0,4200.0,0.4222055794794982,5728010.0,312181849372.233
Denmark,DNK,Europe,EU,2016,2015-2019,Pre-Pandemic,Trucks,BEV,0.0,0.0,8.0,0.0,0.0,0.0,0.4222055794794982,5728010.0,312181849372.233
Denmark,DNK,Europe,EU,2016,2015-2019,Pre-Pandemic,Trucks,EV,0.0,0.0,0.0,0.018999999389052,0.0,0.0,0.4222055794794982,5728010.0,312181849372.233
Denmark,DNK,Europe,EU,2016,2015-2019,Pre-Pandemic,Vans,BEV,57.0,0.0,620.0,0.0,0.0,0.0,0.4222055794794982,5728010.0,312181849372.233
Denmark,DNK,Europe,EU,2016,2015-2019,Pre-Pandemic,Vans,EV,0.0,0.379999995231628,0.0,0.200000002980232,0.0,0.0,0.4222055794794982,5728010.0,312181849372.233
Denmark,DNK,Europe,EU,2016,2015-2019,Pre-Pandemic,Vans,PHEV,81.0,0.0,180.0,0.0,0.0,0.0,0.4222055794794982,5728010.0,312181849372.233
Denmark,DNK,Europe,EU,2017,2015-2019,Pre-Pandemic,Buses,BEV,0.0,0.0,6.0,0.0,0.0,0.0,0.4006311913737179,5764980.0,331610593961.988
Denmark,DNK,Europe,EU,2017,2015-2019,Pre-Pandemic,Buses,EV,0.0,0.0,0.0,0.071000002324581,0.0,0.0,0.4006311913737179,5764980.0,331610593961.988
Denmark,DNK,Europe,EU,2017,2015-2019,Pre-Pandemic,Cars,BEV,710.0,0.0,8800.0,0.0,0.0,0.0,0.4006311913737179,5764980.0,331610593961.988
Denmark,DNK,Europe,EU,2017,2015-2019,Pre-Pandemic,Cars,EV,0.0,0.600000023841858,0.0,0.419999986886978,0.0,0.0,0.4006311913737179,5764980.0,331610593961.988
Denmark,DNK,Europe,EU,2017,2015-2019,Pre-Pandemic,Cars,FCEV,15.0,0.0,83.0,0.0,0.0,0.0,0.4006311913737179,5764980.0,331610593961.988
Denmark,DNK,Europe,EU,2017,2015-2019,Pre-Pandemic,Cars,PHEV,620.0,0.0,1800.0,0.0,0.0,0.0,0.4006311913737179,5764980.0,331610593961.988
Denmark,DNK,Europe,EU,2017,2015-2019,Pre-Pandemic,EV,Publicly available fast,0.0,0.0,0.0,0.0,0.0,370.0,0.4006311913737179,5764980.0,331610593961.988
Denmark,DNK,Europe,EU,2017,2015-2019,Pre-Pandemic,EV,Publicly available slow,0.0,0.0,0.0,0.0,0.0,4200.0,0.4006311913737179,5764980.0,331610593961.988
Denmark,DNK,Europe,EU,2017,2015-2019,Pre-Pandemic,Trucks,BEV,1.0,0.0,8.0,0.0,0.0,0.0,0.4006311913737179,5764980.0,331610593961.988
Denmark,DNK,Europe,EU,2017,2015-2019,Pre-Pandemic,Trucks,EV,0.0,0.014000000432134,0.0,0.017000000923872,0.0,0.0,0.4006311913737179,5764980.0,331610593961.988
Denmark,DNK,Europe,EU,2017,2015-2019,Pre-Pandemic,Vans,BEV,70.0,0.0,510.0,0.0,0.0,0.0,0.4006311913737179,5764980.0,331610593961.988
Denmark,DNK,Europe,EU,2017,2015-2019,Pre-Pandemic,Vans,EV,0.0,0.259999990463257,0.0,0.180000007152557,0.0,0.0,0.4006311913737179,5764980.0,331610593961.988
Denmark,DNK,Europe,EU,2017,2015-2019,Pre-Pandemic,Vans,PHEV,24.0,0.0,200.0,0.0,0.0,0.0,0.4006311913737179,5764980.0,331610593961.988
Denmark,DNK,Europe,EU,2018,2015-2019,Pre-Pandemic,Buses,BEV,2.0,0.0,8.0,0.0,0.0,0.0,0.2894347074796347,5793636.0,355293374912.393
Denmark,DNK,Europe,EU,2018,2015-2019,Pre-Pandemic,Buses,EV,0.0,0.150000005960464,0.0,0.065999999642372,0.0,0.0,0.2894347074796347,5793636.0,355293374912.393
Denmark,DNK,Europe,EU,2018,2015-2019,Pre-Pandemic,Cars,BEV,1500.0,0.0,10000.0,0.0,0.0,0.0,0.2894347074796347,5793636.0,355293374912.393
Denmark,DNK,Europe,EU,2018,2015-2019,Pre-Pandemic,Cars,EV,0.0,2.09999990463257,0.0,0.589999973773956,0.0,0.0,0.2894347074796347,5793636.0,355293374912.393
Denmark,DNK,Europe,EU,2018,2015-2019,Pre-Pandemic,Cars,FCEV,5.0,0.0,88.0,0.0,0.0,0.0,0.2894347074796347,5793636.0,355293374912.393
Denmark,DNK,Europe,EU,2018,2015-2019,Pre-Pandemic,Cars,PHEV,3100.0,0.0,5200.0,0.0,0.0,0.0,0.2894347074796347,5793636.0,355293374912.393
Denmark,DNK,Europe,EU,2018,2015-2019,Pre-Pandemic,EV,Publicly available fast,0.0,0.0,0.0,0.0,0.0,390.0,0.2894347074796347,5793636.0,355293374912.393
Denmark,DNK,Europe,EU,2018,2015-2019,Pre-Pandemic,EV,Publicly available slow,0.0,0.0,0.0,0.0,0.0,4300.0,0.2894347074796347,5793636.0,355293374912.393
Denmark,DNK,Europe,EU,2018,2015-2019,Pre-Pandemic,Trucks,BEV,3.0,0.0,8.0,0.0,0.0,0.0,0.2894347074796347,5793636.0,355293374912.393
Denmark,DNK,Europe,EU,2018,2015-2019,Pre-Pandemic,Trucks,EV,0.0,0.043000001460314,0.0,0.017000000923872,0.0,0.0,0.2894347074796347,5793636.0,355293374912.393
Denmark,DNK,Europe,EU,2018,2015-2019,Pre-Pandemic,Vans,BEV,220.0,0.0,670.0,0.0,0.0,0.0,0.2894347074796347,5793636.0,355293374912.393
Denmark,DNK,Europe,EU,2018,2015-2019,Pre-Pandemic,Vans,EV,0.0,0.75,0.0,0.230000004172325,0.0,0.0,0.2894347074796347,5793636.0,355293374912.393
Denmark,DNK,Europe,EU,2018,2015-2019,Pre-Pandemic,Vans,PHEV,31.0,0.0,230.0,0.0,0.0,0.0,0.2894347074796347,5793636.0,355293374912.393
Denmark,DNK,Europe,EU,2019,2015-2019,Pre-Pandemic,Buses,BEV,100.0,0.0,83.0,0.0,0.0,0.0,0.1814516129032258,5814422.0,345401473012.615
Denmark,DNK,Europe,EU,2019,2015-2019,Pre-Pandemic,Buses,EV,0.0,7.69999980926514,0.0,0.889999985694885,0.0,0.0,0.1814516129032258,5814422.0,345401473012.615
Denmark,DNK,Europe,EU,2019,2015-2019,Pre-Pandemic,Buses,PHEV,17.0,0.0,24.0,0.0,0.0,0.0,0.1814516129032258,5814422.0,345401473012.615
Denmark,DNK,Europe,EU,2019,2015-2019,Pre-Pandemic,Cars,BEV,5500.0,0.0,16000.0,0.0,0.0,0.0,0.1814516129032258,5814422.0,345401473012.615
Denmark,DNK,Europe,EU,2019,2015-2019,Pre-Pandemic,Cars,EV,0.0,4.19999980926514,0.0,0.959999978542328,0.0,0.0,0.1814516129032258,5814422.0,345401473012.615
Denmark,DNK,Europe,EU,2019,2015-2019,Pre-Pandemic,Cars,FCEV,8.0,0.0,100.0,0.0,0.0,0.0,0.1814516129032258,5814422.0,345401473012.615
Denmark,DNK,Europe,EU,2019,2015-2019,Pre-Pandemic,Cars,PHEV,3900.0,0.0,9900.0,0.0,0.0,0.0,0.1814516129032258,5814422.0,345401473012.615
Denmark,DNK,Europe,EU,2019,2015-2019,Pre-Pandemic,EV,Publicly available fast,0.0,0.0,0.0,0.0,0.0,450.0,0.1814516129032258,5814422.0,345401473012.615
Denmark,DNK,Europe,EU,2019,2015-2019,Pre-Pandemic,EV,Publicly available slow,0.0,0.0,0.0,0.0,0.0,4500.0,0.1814516129032258,5814422.0,345401473012.615
Denmark,DNK,Europe,EU,2019,2015-2019,Pre-Pandemic,Trucks,BEV,3.0,0.0,13.0,0.0,0.0,0.0,0.1814516129032258,5814422.0,345401473012.615
Denmark,DNK,Europe,EU,2019,2015-2019,Pre-Pandemic,Trucks,EV,0.0,0.043999999761582,0.0,0.027000000700355,0.0,0.0,0.1814516129032258,5814422.0,345401473012.615
Denmark,DNK,Europe,EU,2019,2015-2019,Pre-Pandemic,Trucks,FCEV,1.0,0.0,0.0,0.0,0.0,0.0,0.1814516129032258,5814422.0,345401473012.615
Denmark,DNK,Europe,EU,2019,2015-2019,Pre-Pandemic,Vans,BEV,270.0,0.0,900.0,0.0,0.0,0.0,0.1814516129032258,5814422.0,345401473012.615
Denmark,DNK,Europe,EU,2019,2015-2019,Pre-Pandemic,Vans,EV,0.0,0.910000026226044,0.0,0.310000002384186,0.0,0.0,0.1814516129032258,5814422.0,345401473012.615
Denmark,DNK,Europe,EU,2019,2015-2019,Pre-Pandemic,Vans,PHEV,34.0,0.0,260.0,0.0,0.0,0.0,0.1814516129032258,5814422.0,345401473012.615
Denmark,DNK,Europe,EU,2020,2020-2023,Pandemic,Buses,BEV,6.0,0.0,88.0,0.0,0.0,0.0,0.09309154522593444,5831404.0,355631021931.621
Denmark,DNK,Europe,EU,2020,2020-2023,Pandemic,Buses,EV,0.0,2.90000009536743,0.0,0.939999997615814,0.0,0.0,0.09309154522593444,5831404.0,355631021931.621
Denmark,DNK,Europe,EU,2020,2020-2023,Pandemic,Buses,FCEV,3.0,0.0,3.0,0.0,0.0,0.0,0.09309154522593444,5831404.0,355631021931.621
Denmark,DNK,Europe,EU,2020,2020-2023,Pandemic,Buses,PHEV,0.0,0.0,23.0,0.0,0.0,0.0,0.09309154522593444,5831404.0,355631021931.621
Denmark,DNK,Europe,EU,2020,2020-2023,Pandemic,Cars,BEV,14000.0,0.0,32000.0,0.0,0.0,0.0,0.09309154522593444,5831404.0,355631021931.621
Denmark,DNK,Europe,EU,2020,2020-2023,Pandemic,Cars,EV,0.0,16.0,0.0,2.29999995231628,0.0,0.0,0.09309154522593444,5831404.0,355631021931.621
Denmark,DNK,Europe,EU,2020,2020-2023,Pandemic,Cars,FCEV,45.0,0.0,150.0,0.0,0.0,0.0,0.09309154522593444,5831404.0,355631021931.621
Denmark,DNK,Europe,EU,2020,2020-2023,Pandemic,Cars,PHEV,18000.0,0.0,30000.0,0.0,0.0,0.0,0.09309154522593444,5831404.0,355631021931.621
Denmark,DNK,Europe,EU,2020,2020-2023,Pandemic,EV,Publicly available fast,0.0,0.0,0.0,0.0,0.0,560.0,0.09309154522593444,5831404.0,355631021931.621
Denmark,DNK,Europe,EU,2020,2020-2023,Pandemic,EV,Publicly available slow,0.0,0.0,0.0,0.0,0.0,5400.0,0.09309154522593444,5831404.0,355631021931.621
Denmark,DNK,Europe,EU,2020,2020-2023,Pandemic,Trucks,BEV,28.0,0.0,28.0,0.0,0.0,0.0,0.09309154522593444,5831404.0,355631021931.621
Denmark,DNK,Europe,EU,2020,2020-2023,Pandemic,Trucks,EV,0.0,0.560000002384186,0.0,0.05799999833107,0.0,0.0,0.09309154522593444,5831404.0,355631021931.621
Denmark,DNK,Europe,EU,2020,2020-2023,Pandemic,Trucks,FCEV,1.0,0.0,0.0,0.0,0.0,0.0,0.09309154522593444,5831404.0,355631021931.621
Denmark,DNK,Europe,EU,2020,2020-2023,Pandemic,Vans,BEV,620.0,0.0,1300.0,0.0,0.0,0.0,0.09309154522593444,5831404.0,355631021931.621
Denmark,DNK,Europe,EU,2020,2020-2023,Pandemic,Vans,EV,0.0,2.5,0.0,0.469999998807907,0.0,0.0,0.09309154522593444,5831404.0,355631021931.621
Denmark,DNK,Europe,EU,2020,2020-2023,Pandemic,Vans,FCEV,0.0,0.0,1.0,0.0,0.0,0.0,0.09309154522593444,5831404.0,355631021931.621
Denmark,DNK,Europe,EU,2020,2020-2023,Pandemic,Vans,PHEV,160.0,0.0,430.0,0.0,0.0,0.0,0.09309154522593444,5831404.0,355631021931.621
Denmark,DNK,Europe,EU,2021,2020-2023,Pandemic,Buses,BEV,220.0,0.0,310.0,0.0,0.0,0.0,0.04858832135403035,5856733.0,406110162088.054
Denmark,DNK,Europe,EU,2021,2020-2023,Pandemic,Buses,EV,0.0,18.0,0.0,3.0,0.0,0.0,0.04858832135403035,5856733.0,406110162088.054
Denmark,DNK,Europe,EU,2021,2020-2023,Pandemic,Buses,FCEV,0.0,0.0,4.0,0.0,0.0,0.0,0.04858832135403035,5856733.0,406110162088.054
Denmark,DNK,Europe,EU,2021,2020-2023,Pandemic,Buses,PHEV,0.0,0.0,24.0,0.0,0.0,0.0,0.04858832135403035,5856733.0,406110162088.054
Denmark,DNK,Europe,EU,2021,2020-2023,Pandemic,Cars,BEV,25000.0,0.0,67000.0,0.0,0.0,0.0,0.04858832135403035,5856733.0,406110162088.054
Denmark,DNK,Europe,EU,2021,2020-2023,Pandemic,Cars,EV,0.0,35.0,0.0,5.19999980926514,0.0,0.0,0.04858832135403035,5856733.0,406110162088.054
Denmark,DNK,Europe,EU,2021,2020-2023,Pandemic,Cars,FCEV,78.0,0.0,230.0,0.0,0.0,0.0,0.04858832135403035,5856733.0,406110162088.054
Denmark,DNK,Europe,EU,2021,2020-2023,Pandemic,Cars,PHEV,40000.0,0.0,78000.0,0.0,0.0,0.0,0.04858832135403035,5856733.0,406110162088.054
Denmark,DNK,Europe,EU,2021,2020-2023,Pandemic,EV,Publicly available fast,0.0,0.0,0.0,0.0,0.0,240.0,0.04858832135403035,5856733.0,406110162088.054
Denmark,DNK,Europe,EU,2021,2020-2023,Pandemic,EV,Publicly available slow,0.0,0.0,0.0,0.0,0.0,7000.0,0.04858832135403035,5856733.0,406110162088.054
Denmark,DNK,Europe,EU,2021,2020-2023,Pandemic,Trucks,BEV,50.0,0.0,56.0,0.0,0.0,0.0,0.04858832135403035,5856733.0,406110162088.054
Denmark,DNK,Europe,EU,2021,2020-2023,Pandemic,Trucks,EV,0.0,0.819999992847443,0.0,0.109999999403954,0.0,0.0,0.04858832135403035,5856733.0,406110162088.054
Denmark,DNK,Europe,EU,2021,2020-2023,Pandemic,Trucks,FCEV,1.0,0.0,0.0,0.0,0.0,0.0,0.04858832135403035,5856733.0,406110162088.054
Denmark,DNK,Europe,EU,2021,2020-2023,Pandemic,Vans,BEV,1500.0,0.0,2600.0,0.0,0.0,0.0,0.04858832135403035,5856733.0,406110162088.054
Denmark,DNK,Europe,EU,2021,2020-2023,Pandemic,Vans,EV,0.0,5.69999980926514,0.0,0.920000016689301,0.0,0.0,0.04858832135403035,5856733.0,406110162088.054
Denmark,DNK,Europe,EU,2021,2020-2023,Pandemic,Vans,FCEV,2.0,0.0,3.0,0.0,0.0,0.0,0.04858832135403035,5856733.0,406110162088.054
Denmark,DNK,Europe,EU,2021,2020-2023,Pandemic,Vans,PHEV,320.0,0.0,780.0,0.0,0.0,0.0,0.04858832135403035,5856733.0,406110162088.054
Denmark,DNK,Europe,EU,2022,2020-2023,Post-Pandemic,Buses,BEV,400.0,0.0,700.0,0.0,0.0,0.0,0.043847300621708565,5903037.0,400114306337.077
Denmark,DNK,Europe,EU,2022,2020-2023,Post-Pandemic,Buses,EV,0.0,34.0,0.0,6.5,0.0,0.0,0.043847300621708565,5903037.0,400114306337.077
Denmark,DNK,Europe,EU,2022,2020-2023,Post-Pandemic,Buses,FCEV,0.0,0.0,4.0,0.0,0.0,0.0,0.043847300621708565,5903037.0,400114306337.077
Denmark,DNK,Europe,EU,2022,2020-2023,Post-Pandemic,Buses,PHEV,0.0,0.0,26.0,0.0,0.0,0.0,0.043847300621708565,5903037.0,400114306337.077
Denmark,DNK,Europe,EU,2022,2020-2023,Post-Pandemic,Cars,BEV,31000.0,0.0,110000.0,0.0,0.0,0.0,0.043847300621708565,5903037.0,400114306337.077
Denmark,DNK,Europe,EU,2022,2020-2023,Post-Pandemic,Cars,EV,0.0,39.0,0.0,7.80000019073486,0.0,0.0,0.043847300621708565,5903037.0,400114306337.077
Denmark,DNK,Europe,EU,2022,2020-2023,Post-Pandemic,Cars,FCEV,6.0,0.0,230.0,0.0,0.0,0.0,0.043847300621708565,5903037.0,400114306337.077
Denmark,DNK,Europe,EU,2022,2020-2023,Post-Pandemic,Cars,PHEV,26000.0,0.0,100000.0,0.0,0.0,0.0,0.043847300621708565,5903037.0,400114306337.077
Denmark,DNK,Europe,EU,2022,2020-2023,Post-Pandemic,EV,Publicly available fast,0.0,0.0,0.0,0.0,0.0,1200.0,0.043847300621708565,5903037.0,400114306337.077
Denmark,DNK,Europe,EU,2022,2020-2023,Post-Pandemic,EV,Publicly available slow,0.0,0.0,0.0,0.0,0.0,8300.0,0.043847300621708565,5903037.0,400114306337.077
Denmark,DNK,Europe,EU,2022,2020-2023,Post-Pandemic,Trucks,BEV,100.0,0.0,99.0,0.0,0.0,0.0,0.043847300621708565,5903037.0,400114306337.077
Denmark,DNK,Europe,EU,2022,2020-2023,Post-Pandemic,Trucks,EV,0.0,2.09999990463257,0.0,0.200000002980232,0.0,0.0,0.043847300621708565,5903037.0,400114306337.077
Denmark,DNK,Europe,EU,2022,2020-2023,Post-Pandemic,Vans,BEV,1900.0,0.0,4400.0,0.0,0.0,0.0,0.043847300621708565,5903037.0,400114306337.077
Denmark,DNK,Europe,EU,2022,2020-2023,Post-Pandemic,Vans,EV,0.0,8.69999980926514,0.0,1.5,0.0,0.0,0.043847300621708565,5903037.0,400114306337.077
Denmark,DNK,Europe,EU,2022,2020-2023,Post-Pandemic,Vans,FCEV,0.0,0.0,2.0,0.0,0.0,0.0,0.043847300621708565,5903037.0,400114306337.077
Denmark,DNK,Europe,EU,2022,2020-2023,Post-Pandemic,Vans,PHEV,370.0,0.0,1200.0,0.0,0.0,0.0,0.043847300621708565,5903037.0,400114306337.077
Denmark,DNK,Europe,EU,2023,2020-2023,Post-Pandemic,Buses,BEV,200.0,0.0,920.0,0.0,0.0,0.0,0.05305288123956497,5946952.0,404651706117.557
Denmark,DNK,Europe,EU,2023,2020-2023,Post-Pandemic,Buses,EV,0.0,19.0,0.0,8.5,0.0,0.0,0.05305288123956497,5946952.0,404651706117.557
Denmark,DNK,Europe,EU,2023,2020-2023,Post-Pandemic,Buses,FCEV,0.0,0.0,3.0,0.0,0.0,0.0,0.05305288123956497,5946952.0,404651706117.557
Denmark,DNK,Europe,EU,2023,2020-2023,Post-Pandemic,Buses,PHEV,0.0,0.0,17.0,0.0,0.0,0.0,0.05305288123956497,5946952.0,404651706117.557
Denmark,DNK,Europe,EU,2023,2020-2023,Post-Pandemic,Cars,BEV,63000.0,0.0,200000.0,0.0,0.0,0.0,0.05305288123956497,5946952.0,404651706117.557
Denmark,DNK,Europe,EU,2023,2020-2023,Post-Pandemic,Cars,EV,0.0,46.0,0.0,11.0,0.0,0.0,0.05305288123956497,5946952.0,404651706117.557
Denmark,DNK,Europe,EU,2023,2020-2023,Post-Pandemic,Cars,FCEV,1.0,0.0,230.0,0.0,0.0,0.0,0.05305288123956497,5946952.0,404651706117.557
Denmark,DNK,Europe,EU,2023,2020-2023,Post-Pandemic,Cars,PHEV,17000.0,0.0,110000.0,0.0,0.0,0.0,0.05305288123956497,5946952.0,404651706117.557
Denmark,DNK,Europe,EU,2023,2020-2023,Post-Pandemic,EV,Publicly available fast,0.0,0.0,0.0,0.0,0.0,3000.0,0.05305288123956497,5946952.0,404651706117.557
Denmark,DNK,Europe,EU,2023,2020-2023,Post-Pandemic,EV,Publicly available slow,0.0,0.0,0.0,0.0,0.0,14000.0,0.05305288123956497,5946952.0,404651706117.557
Denmark,DNK,Europe,EU,2023,2020-2023,Post-Pandemic,Trucks,BEV,320.0,0.0,460.0,0.0,0.0,0.0,0.05305288123956497,5946952.0,404651706117.557
Denmark,DNK,Europe,EU,2023,2020-2023,Post-Pandemic,Trucks,EV,0.0,5.5,0.0,0.980000019073486,0.0,0.0,0.05305288123956497,5946952.0,404651706117.557
Denmark,DNK,Europe,EU,2023,2020-2023,Post-Pandemic,Trucks,FCEV,0.0,0.0,3.0,0.0,0.0,0.0,0.05305288123956497,5946952.0,404651706117.557
Denmark,DNK,Europe,EU,2023,2020-2023,Post-Pandemic,Vans,BEV,2900.0,0.0,7300.0,0.0,0.0,0.0,0.05305288123956497,5946952.0,404651706117.557
Denmark,DNK,Europe,EU,2023,2020-2023,Post-Pandemic,Vans,EV,0.0,13.0,0.0,2.40000009536743,0.0,0.0,0.05305288123956497,5946952.0,404651706117.557
Denmark,DNK,Europe,EU,2023,2020-2023,Post-Pandemic,Vans,FCEV,0.0,0.0,2.0,0.0,0.0,0.0,0.05305288123956497,5946952.0,404651706117.557
Denmark,DNK,Europe,EU,2023,2020-2023,Post-Pandemic,Vans,PHEV,370.0,0.0,1500.0,0.0,0.0,0.0,0.05305288123956497,5946952.0,404651706117.557
Estonia,EST,Europe,EU,2015,2015-2019,Pre-Pandemic,Cars,BEV,34.0,0.0,0.0,0.0,0.0,0.0,0.0,1315407.0,23311847750.9394
Estonia,EST,Europe,EU,2015,2015-2019,Pre-Pandemic,Cars,EV,0.0,0.159999996423721,0.0,0.0,0.0,0.0,0.0,1315407.0,23311847750.9394
Estonia,EST,Europe,EU,2016,2015-2019,Pre-Pandemic,Cars,BEV,35.0,0.0,0.0,0.0,0.0,0.0,0.0,1315790.0,24561027787.7896
Estonia,EST,Europe,EU,2016,2015-2019,Pre-Pandemic,Cars,EV,0.0,0.150000005960464,0.0,0.0,0.0,0.0,0.0,1315790.0,24561027787.7896
Estonia,EST,Europe,EU,2017,2015-2019,Pre-Pandemic,Cars,BEV,26.0,0.0,0.0,0.0,0.0,0.0,0.0,1317384.0,27469461919.1189
Estonia,EST,Europe,EU,2017,2015-2019,Pre-Pandemic,Cars,EV,0.0,0.180000007152557,0.0,0.0,0.0,0.0,0.0,1317384.0,27469461919.1189
Estonia,EST,Europe,EU,2017,2015-2019,Pre-Pandemic,Cars,PHEV,20.0,0.0,0.0,0.0,0.0,0.0,0.0,1317384.0,27469461919.1189
Estonia,EST,Europe,EU,2018,2015-2019,Pre-Pandemic,Cars,BEV,85.0,0.0,0.0,0.0,0.0,0.0,0.0,1321977.0,31222632740.7247
Estonia,EST,Europe,EU,2018,2015-2019,Pre-Pandemic,Cars,EV,0.0,0.46000000834465,0.0,0.0,0.0,0.0,0.0,1321977.0,31222632740.7247
Estonia,EST,Europe,EU,2018,2015-2019,Pre-Pandemic,Cars,PHEV,33.0,0.0,0.0,0.0,0.0,0.0,0.0,1321977.0,31222632740.7247
Estonia,EST,Europe,EU,2019,2015-2019,Pre-Pandemic,Cars,BEV,80.0,0.0,0.0,0.0,0.0,0.0,0.0,1326898.0,31873748770.0313
Estonia,EST,Europe,EU,2019,2015-2019,Pre-Pandemic,Cars,EV,0.0,0.360000014305115,0.0,0.0,0.0,0.0,0.0,1326898.0,31873748770.0313
Estonia,EST,Europe,EU,2019,2015-2019,Pre-Pandemic,Cars,PHEV,17.0,0.0,0.0,0.0,0.0,0.0,0.0,1326898.0,31873748770.0313
Estonia,EST,Europe,EU,2020,2020-2023,Pandemic,Cars,BEV,340.0,0.0,0.0,0.0,0.0,0.0,0.0,1329522.0,31820771493.8974
Estonia,EST,Europe,EU,2020,2020-2023,Pandemic,Cars,EV,0.0,1.79999995231628,0.0,0.0,0.0,0.0,0.0,1329522.0,31820771493.8974
Estonia,EST,Europe,EU,2020,2020-2023,Pandemic,Cars,PHEV,75.0,0.0,0.0,0.0,0.0,0.0,0.0,1329522.0,31820771493.8974
Estonia,EST,Europe,EU,2021,2020-2023,Pandemic,Cars,BEV,480.0,0.0,0.0,0.0,0.0,0.0,0.0,1330932.0,37201101170.5847
Estonia,EST,Europe,EU,2021,2020-2023,Pandemic,Cars,EV,0.0,3.20000004768372,0.0,0.0,0.0,0.0,0.0,1330932.0,37201101170.5847
Estonia,EST,Europe,EU,2021,2020-2023,Pandemic,Cars,PHEV,240.0,0.0,0.0,0.0,0.0,0.0,0.0,1330932.0,37201101170.5847
Estonia,EST,Europe,EU,2022,2020-2023,Post-Pandemic,Cars,BEV,730.0,0.0,0.0,0.0,0.0,0.0,0.0,1348840.0,38226641740.29
Estonia,EST,Europe,EU,2022,2020-2023,Post-Pandemic,Cars,EV,0.0,5.40000009536743,0.0,0.0,0.0,0.0,0.0,1348840.0,38226641740.29
Estonia,EST,Europe,EU,2022,2020-2023,Post-Pandemic,Cars,PHEV,430.0,0.0,0.0,0.0,0.0,0.0,0.0,1348840.0,38226641740.29
Estonia,EST,Europe,EU,2023,2020-2023,Post-Pandemic,Cars,BEV,1400.0,0.0,0.0,0.0,0.0,0.0,0.0,1370286.0,41470344395.1086
Estonia,EST,Europe,EU,2023,2020-2023,Post-Pandemic,Cars,EV,0.0,8.80000019073486,0.0,0.0,0.0,0.0,0.0,1370286.0,41470344395.1086
Estonia,EST,Europe,EU,2023,2020-2023,Post-Pandemic,Cars,PHEV,560.0,0.0,0.0,0.0,0.0,0.0,0.0,1370286.0,41470344395.1086
Finland,FIN,Europe,EU,2011,2010-2014,Pre-Pandemic,Cars,BEV,30.0,0.0,56.0,0.0,0.0,0.0,0.0,5388272.0,275126915515.565
Finland,FIN,Europe,EU,2011,2010-2014,Pre-Pandemic,Cars,EV,0.0,0.025000000372529,0.0,0.002000000094995,0.0,0.0,0.0,5388272.0,275126915515.565
Finland,FIN,Europe,EU,2012,2010-2014,Pre-Pandemic,Cars,BEV,51.0,0.0,110.0,0.0,0.0,0.0,0.0,5413971.0,257443384492.969
Finland,FIN,Europe,EU,2012,2010-2014,Pre-Pandemic,Cars,EV,0.0,0.170000001788139,0.0,0.008600000292063,0.0,0.0,0.0,5413971.0,257443384492.969
Finland,FIN,Europe,EU,2012,2010-2014,Pre-Pandemic,Cars,PHEV,130.0,0.0,130.0,0.0,0.0,0.0,0.0,5413971.0,257443384492.969
Finland,FIN,Europe,EU,2013,2010-2014,Pre-Pandemic,Cars,BEV,50.0,0.0,170.0,0.0,0.0,0.0,0.5680851063829787,5438972.0,270268036626.275
Finland,FIN,Europe,EU,2013,2010-2014,Pre-Pandemic,Cars,EV,0.0,0.209999993443489,0.0,0.017000000923872,0.0,0.0,0.5680851063829787,5438972.0,270268036626.275
Finland,FIN,Europe,EU,2013,2010-2014,Pre-Pandemic,Cars,PHEV,170.0,0.0,300.0,0.0,0.0,0.0,0.5680851063829787,5438972.0,270268036626.275
Finland,FIN,Europe,EU,2013,2010-2014,Pre-Pandemic,EV,Publicly available fast,0.0,0.0,0.0,0.0,0.0,17.0,0.5680851063829787,5438972.0,270268036626.275
Finland,FIN,Europe,EU,2013,2010-2014,Pre-Pandemic,EV,Publicly available slow,0.0,0.0,0.0,0.0,0.0,250.0,0.5680851063829787,5438972.0,270268036626.275
Finland,FIN,Europe,EU,2014,2010-2014,Pre-Pandemic,Cars,BEV,180.0,0.0,360.0,0.0,0.0,0.0,0.4150537634408602,5461512.0,273478528954.901
Finland,FIN,Europe,EU,2014,2010-2014,Pre-Pandemic,Cars,EV,0.0,0.409999996423721,0.0,0.034000001847744,0.0,0.0,0.4150537634408602,5461512.0,273478528954.901
Finland,FIN,Europe,EU,2014,2010-2014,Pre-Pandemic,Cars,PHEV,260.0,0.0,570.0,0.0,0.0,0.0,0.4150537634408602,5461512.0,273478528954.901
Finland,FIN,Europe,EU,2014,2010-2014,Pre-Pandemic,EV,Publicly available fast,0.0,0.0,0.0,0.0,0.0,26.0,0.4150537634408602,5461512.0,273478528954.901
Finland,FIN,Europe,EU,2014,2010-2014,Pre-Pandemic,EV,Publicly available slow,0.0,0.0,0.0,0.0,0.0,360.0,0.4150537634408602,5461512.0,273478528954.901
Finland,FIN,Europe,EU,2015,2015-2019,Pre-Pandemic,Cars,BEV,240.0,0.0,610.0,0.0,0.0,0.0,0.5316455696202531,5479531.0,233210733506.25
Finland,FIN,Europe,EU,2015,2015-2019,Pre-Pandemic,Cars,EV,0.0,0.600000023841858,0.0,0.05799999833107,0.0,0.0,0.5316455696202531,5479531.0,233210733506.25
Finland,FIN,Europe,EU,2015,2015-2019,Pre-Pandemic,Cars,PHEV,420.0,0.0,970.0,0.0,0.0,0.0,0.5316455696202531,5479531.0,233210733506.25
Finland,FIN,Europe,EU,2015,2015-2019,Pre-Pandemic,EV,Publicly available fast,0.0,0.0,0.0,0.0,0.0,130.0,0.5316455696202531,5479531.0,233210733506.25
Finland,FIN,Europe,EU,2015,2015-2019,Pre-Pandemic,EV,Publicly available slow,0.0,0.0,0.0,0.0,0.0,710.0,0.5316455696202531,5479531.0,233210733506.25
Finland,FIN,Europe,EU,2016,2015-2019,Pre-Pandemic,Buses,BEV,0.0,0.0,13.0,0.0,0.0,0.0,0.26025719534598896,5495303.0,238777818792.608
Finland,FIN,Europe,EU,2016,2015-2019,Pre-Pandemic,Buses,EV,0.0,0.0,0.0,0.239999994635582,0.0,0.0,0.26025719534598896,5495303.0,238777818792.608
Finland,FIN,Europe,EU,2016,2015-2019,Pre-Pandemic,Buses,PHEV,0.0,0.0,13.0,0.0,0.0,0.0,0.26025719534598896,5495303.0,238777818792.608
Finland,FIN,Europe,EU,2016,2015-2019,Pre-Pandemic,Cars,BEV,220.0,0.0,840.0,0.0,0.0,0.0,0.26025719534598896,5495303.0,238777818792.608
Finland,FIN,Europe,EU,2016,2015-2019,Pre-Pandemic,Cars,EV,0.0,1.20000004768372,0.0,0.119999997317791,0.0,0.0,0.26025719534598896,5495303.0,238777818792.608
Finland,FIN,Europe,EU,2016,2015-2019,Pre-Pandemic,Cars,PHEV,1200.0,0.0,2400.0,0.0,0.0,0.0,0.26025719534598896,5495303.0,238777818792.608
Finland,FIN,Europe,EU,2016,2015-2019,Pre-Pandemic,EV,Publicly available fast,0.0,0.0,0.0,0.0,0.0,140.0,0.26025719534598896,5495303.0,238777818792.608
Finland,FIN,Europe,EU,2016,2015-2019,Pre-Pandemic,EV,Publicly available slow,0.0,0.0,0.0,0.0,0.0,710.0,0.26025719534598896,5495303.0,238777818792.608
Finland,FIN,Europe,EU,2017,2015-2019,Pre-Pandemic,Buses,BEV,2.0,0.0,22.0,0.0,0.0,0.0,0.11558335599673647,5508214.0,253846138440.0
Finland,FIN,Europe,EU,2017,2015-2019,Pre-Pandemic,Buses,EV,0.0,0.389999985694885,0.0,0.409999996423721,0.0,0.0,0.11558335599673647,5508214.0,253846138440.0
Finland,FIN,Europe,EU,2017,2015-2019,Pre-Pandemic,Buses,PHEV,0.0,0.0,22.0,0.0,0.0,0.0,0.11558335599673647,5508214.0,253846138440.0
Finland,FIN,Europe,EU,2017,2015-2019,Pre-Pandemic,Cars,BEV,500.0,0.0,1400.0,0.0,0.0,0.0,0.11558335599673647,5508214.0,253846138440.0
Finland,FIN,Europe,EU,2017,2015-2019,Pre-Pandemic,Cars,EV,0.0,2.59999990463257,0.0,0.259999990463257,0.0,0.0,0.11558335599673647,5508214.0,253846138440.0
Finland,FIN,Europe,EU,2017,2015-2019,Pre-Pandemic,Cars,PHEV,2600.0,0.0,5700.0,0.0,0.0,0.0,0.11558335599673647,5508214.0,253846138440.0
Finland,FIN,Europe,EU,2017,2015-2019,Pre-Pandemic,EV,Publicly available fast,0.0,0.0,0.0,0.0,0.0,140.0,0.11558335599673647,5508214.0,253846138440.0
Finland,FIN,Europe,EU,2017,2015-2019,Pre-Pandemic,EV,Publicly available slow,0.0,0.0,0.0,0.0,0.0,710.0,0.11558335599673647,5508214.0,253846138440.0
Finland,FIN,Europe,EU,2017,2015-2019,Pre-Pandemic,Trucks,BEV,2.0,0.0,0.0,0.0,0.0,0.0,0.11558335599673647,5508214.0,253846138440.0
Finland,FIN,Europe,EU,2017,2015-2019,Pre-Pandemic,Trucks,EV,0.0,0.050000000745058,0.0,0.0,0.0,0.0,0.11558335599673647,5508214.0,253846138440.0
Finland,FIN,Europe,EU,2017,2015-2019,Pre-Pandemic,Vans,BEV,49.0,0.0,210.0,0.0,0.0,0.0,0.11558335599673647,5508214.0,253846138440.0
Finland,FIN,Europe,EU,2017,2015-2019,Pre-Pandemic,Vans,EV,0.0,0.319999992847443,0.0,0.06700000166893,0.0,0.0,0.11558335599673647,5508214.0,253846138440.0
Finland,FIN,Europe,EU,2018,2015-2019,Pre-Pandemic,Buses,BEV,1.0,0.0,21.0,0.0,0.0,0.0,0.0592281238058846,5515525.0,273869255596.078
Finland,FIN,Europe,EU,2018,2015-2019,Pre-Pandemic,Buses,EV,0.0,0.200000002980232,0.0,0.379999995231628,0.0,0.0,0.0592281238058846,5515525.0,273869255596.078
Finland,FIN,Europe,EU,2018,2015-2019,Pre-Pandemic,Buses,PHEV,0.0,0.0,21.0,0.0,0.0,0.0,0.0592281238058846,5515525.0,273869255596.078
Finland,FIN,Europe,EU,2018,2015-2019,Pre-Pandemic,Cars,BEV,780.0,0.0,2400.0,0.0,0.0,0.0,0.0592281238058846,5515525.0,273869255596.078
Finland,FIN,Europe,EU,2018,2015-2019,Pre-Pandemic,Cars,EV,0.0,4.69999980926514,0.0,0.560000002384186,0.0,0.0,0.0592281238058846,5515525.0,273869255596.078
Finland,FIN,Europe,EU,2018,2015-2019,Pre-Pandemic,Cars,PHEV,4900.0,0.0,13000.0,0.0,0.0,0.0,0.0592281238058846,5515525.0,273869255596.078
Finland,FIN,Europe,EU,2018,2015-2019,Pre-Pandemic,EV,Publicly available fast,0.0,0.0,0.0,0.0,0.0,220.0,0.0592281238058846,5515525.0,273869255596.078
Finland,FIN,Europe,EU,2018,2015-2019,Pre-Pandemic,EV,Publicly available slow,0.0,0.0,0.0,0.0,0.0,710.0,0.0592281238058846,5515525.0,273869255596.078
Finland,FIN,Europe,EU,2018,2015-2019,Pre-Pandemic,Vans,BEV,55.0,0.0,260.0,0.0,0.0,0.0,0.0592281238058846,5515525.0,273869255596.078
Finland,FIN,Europe,EU,2018,2015-2019,Pre-Pandemic,Vans,EV,0.0,0.349999994039536,0.0,0.081000000238419,0.0,0.0,0.0592281238058846,5515525.0,273869255596.078
Finland,FIN,Europe,EU,2019,2015-2019,Pre-Pandemic,Buses,BEV,40.0,0.0,62.0,0.0,0.0,0.0,0.07091728525980912,5521606.0,267014821129.411
Finland,FIN,Europe,EU,2019,2015-2019,Pre-Pandemic,Buses,EV,0.0,6.80000019073486,0.0,1.10000002384186,0.0,0.0,0.07091728525980912,5521606.0,267014821129.411
Finland,FIN,Europe,EU,2019,2015-2019,Pre-Pandemic,Buses,PHEV,0.0,0.0,62.0,0.0,0.0,0.0,0.07091728525980912,5521606.0,267014821129.411
Finland,FIN,Europe,EU,2019,2015-2019,Pre-Pandemic,Cars,BEV,1900.0,0.0,4700.0,0.0,0.0,0.0,0.07091728525980912,5521606.0,267014821129.411
Finland,FIN,Europe,EU,2019,2015-2019,Pre-Pandemic,Cars,EV,0.0,6.90000009536743,0.0,1.10000002384186,0.0,0.0,0.07091728525980912,5521606.0,267014821129.411
Finland,FIN,Europe,EU,2019,2015-2019,Pre-Pandemic,Cars,FCEV,0.0,0.0,1.0,0.0,0.0,0.0,0.07091728525980912,5521606.0,267014821129.411
Finland,FIN,Europe,EU,2019,2015-2019,Pre-Pandemic,Cars,PHEV,6000.0,0.0,25000.0,0.0,0.0,0.0,0.07091728525980912,5521606.0,267014821129.411
Finland,FIN,Europe,EU,2019,2015-2019,Pre-Pandemic,EV,Publicly available fast,0.0,0.0,0.0,0.0,0.0,340.0,0.07091728525980912,5521606.0,267014821129.411
Finland,FIN,Europe,EU,2019,2015-2019,Pre-Pandemic,EV,Publicly available slow,0.0,0.0,0.0,0.0,0.0,1800.0,0.07091728525980912,5521606.0,267014821129.411
Finland,FIN,Europe,EU,2019,2015-2019,Pre-Pandemic,Trucks,BEV,2.0,0.0,2.0,0.0,0.0,0.0,0.07091728525980912,5521606.0,267014821129.411
Finland,FIN,Europe,EU,2019,2015-2019,Pre-Pandemic,Trucks,EV,0.0,0.043000001460314,0.0,0.002300000051036,0.0,0.0,0.07091728525980912,5521606.0,267014821129.411
Finland,FIN,Europe,EU,2019,2015-2019,Pre-Pandemic,Vans,BEV,60.0,0.0,310.0,0.0,0.0,0.0,0.07091728525980912,5521606.0,267014821129.411
Finland,FIN,Europe,EU,2019,2015-2019,Pre-Pandemic,Vans,EV,0.0,0.409999996423721,0.0,0.109999999403954,0.0,0.0,0.07091728525980912,5521606.0,267014821129.411
Finland,FIN,Europe,EU,2019,2015-2019,Pre-Pandemic,Vans,PHEV,0.0,0.0,39.0,0.0,0.0,0.0,0.07091728525980912,5521606.0,267014821129.411
Finland,FIN,Europe,EU,2020,2020-2023,Pandemic,Buses,BEV,25.0,0.0,87.0,0.0,0.0,0.0,0.0764930339870441,5529543.0,270000311606.226
Finland,FIN,Europe,EU,2020,2020-2023,Pandemic,Buses,EV,0.0,8.80000019073486,0.0,0.779999971389771,0.0,0.0,0.0764930339870441,5529543.0,270000311606.226
Finland,FIN,Europe,EU,2020,2020-2023,Pandemic,Cars,BEV,4200.0,0.0,9700.0,0.0,0.0,0.0,0.0764930339870441,5529543.0,270000311606.226
Finland,FIN,Europe,EU,2020,2020-2023,Pandemic,Cars,EV,0.0,18.0,0.0,2.0,0.0,0.0,0.0764930339870441,5529543.0,270000311606.226
Finland,FIN,Europe,EU,2020,2020-2023,Pandemic,Cars,FCEV,0.0,0.0,1.0,0.0,0.0,0.0,0.0764930339870441,5529543.0,270000311606.226
Finland,FIN,Europe,EU,2020,2020-2023,Pandemic,Cars,PHEV,13000.0,0.0,46000.0,0.0,0.0,0.0,0.0764930339870441,5529543.0,270000311606.226
Finland,FIN,Europe,EU,2020,2020-2023,Pandemic,EV,Publicly available fast,0.0,0.0,0.0,0.0,0.0,410.0,0.0764930339870441,5529543.0,270000311606.226
Finland,FIN,Europe,EU,2020,2020-2023,Pandemic,EV,Publicly available slow,0.0,0.0,0.0,0.0,0.0,3900.0,0.0764930339870441,5529543.0,270000311606.226
Finland,FIN,Europe,EU,2020,2020-2023,Pandemic,Trucks,BEV,5.0,0.0,7.0,0.0,0.0,0.0,0.0764930339870441,5529543.0,270000311606.226
Finland,FIN,Europe,EU,2020,2020-2023,Pandemic,Trucks,EV,0.0,0.129999995231628,0.0,0.008100000210106,0.0,0.0,0.0764930339870441,5529543.0,270000311606.226
Finland,FIN,Europe,EU,2020,2020-2023,Pandemic,Vans,BEV,170.0,0.0,440.0,0.0,0.0,0.0,0.0764930339870441,5529543.0,270000311606.226
Finland,FIN,Europe,EU,2020,2020-2023,Pandemic,Vans,EV,0.0,1.60000002384186,0.0,0.170000001788139,0.0,0.0,0.0764930339870441,5529543.0,270000311606.226
Finland,FIN,Europe,EU,2020,2020-2023,Pandemic,Vans,PHEV,39.0,0.0,110.0,0.0,0.0,0.0,0.0764930339870441,5529543.0,270000311606.226
Finland,FIN,Europe,EU,2021,2020-2023,Pandemic,Buses,BEV,190.0,0.0,270.0,0.0,0.0,0.0,0.06488119926527226,5541017.0,294223210496.119
Finland,FIN,Europe,EU,2021,2020-2023,Pandemic,Buses,EV,0.0,49.0,0.0,2.40000009536743,0.0,0.0,0.06488119926527226,5541017.0,294223210496.119
Finland,FIN,Europe,EU,2021,2020-2023,Pandemic,Buses,PHEV,0.0,0.0,2.0,0.0,0.0,0.0,0.06488119926527226,5541017.0,294223210496.119
Finland,FIN,Europe,EU,2021,2020-2023,Pandemic,Cars,BEV,10000.0,0.0,23000.0,0.0,0.0,0.0,0.06488119926527226,5541017.0,294223210496.119
Finland,FIN,Europe,EU,2021,2020-2023,Pandemic,Cars,EV,0.0,31.0,0.0,3.59999990463257,0.0,0.0,0.06488119926527226,5541017.0,294223210496.119
Finland,FIN,Europe,EU,2021,2020-2023,Pandemic,Cars,FCEV,1.0,0.0,1.0,0.0,0.0,0.0,0.06488119926527226,5541017.0,294223210496.119
Finland,FIN,Europe,EU,2021,2020-2023,Pandemic,Cars,PHEV,20000.0,0.0,77000.0,0.0,0.0,0.0,0.06488119926527226,5541017.0,294223210496.119
Finland,FIN,Europe,EU,2021,2020-2023,Pandemic,EV,Publicly available fast,0.0,0.0,0.0,0.0,0.0,770.0,0.06488119926527226,5541017.0,294223210496.119
Finland,FIN,Europe,EU,2021,2020-2023,Pandemic,EV,Publicly available slow,0.0,0.0,0.0,0.0,0.0,5800.0,0.06488119926527226,5541017.0,294223210496.119
Finland,FIN,Europe,EU,2021,2020-2023,Pandemic,Trucks,BEV,3.0,0.0,9.0,0.0,0.0,0.0,0.06488119926527226,5541017.0,294223210496.119
Finland,FIN,Europe,EU,2021,2020-2023,Pandemic,Trucks,EV,0.0,0.07599999755621,0.0,0.009999999776483,0.0,0.0,0.06488119926527226,5541017.0,294223210496.119
Finland,FIN,Europe,EU,2021,2020-2023,Pandemic,Vans,BEV,340.0,0.0,800.0,0.0,0.0,0.0,0.06488119926527226,5541017.0,294223210496.119
Finland,FIN,Europe,EU,2021,2020-2023,Pandemic,Vans,EV,0.0,2.79999995231628,0.0,0.300000011920929,0.0,0.0,0.06488119926527226,5541017.0,294223210496.119
Finland,FIN,Europe,EU,2021,2020-2023,Pandemic,Vans,PHEV,38.0,0.0,180.0,0.0,0.0,0.0,0.06488119926527226,5541017.0,294223210496.119
Finland,FIN,Europe,EU,2022,2020-2023,Post-Pandemic,Buses,BEV,280.0,0.0,550.0,0.0,0.0,0.0,0.061042193720793,5556106.0,280253099309.34
Finland,FIN,Europe,EU,2022,2020-2023,Post-Pandemic,Buses,EV,0.0,66.0,0.0,4.90000009536743,0.0,0.0,0.061042193720793,5556106.0,280253099309.34
Finland,FIN,Europe,EU,2022,2020-2023,Post-Pandemic,Buses,PHEV,0.0,0.0,2.0,0.0,0.0,0.0,0.061042193720793,5556106.0,280253099309.34
Finland,FIN,Europe,EU,2022,2020-2023,Post-Pandemic,Cars,BEV,15000.0,0.0,45000.0,0.0,0.0,0.0,0.061042193720793,5556106.0,280253099309.34
Finland,FIN,Europe,EU,2022,2020-2023,Post-Pandemic,Cars,EV,0.0,38.0,0.0,5.40000009536743,0.0,0.0,0.061042193720793,5556106.0,280253099309.34
Finland,FIN,Europe,EU,2022,2020-2023,Post-Pandemic,Cars,FCEV,0.0,0.0,2.0,0.0,0.0,0.0,0.061042193720793,5556106.0,280253099309.34
Finland,FIN,Europe,EU,2022,2020-2023,Post-Pandemic,Cars,PHEV,16000.0,0.0,100000.0,0.0,0.0,0.0,0.061042193720793,5556106.0,280253099309.34
Finland,FIN,Europe,EU,2022,2020-2023,Post-Pandemic,EV,Publicly available fast,0.0,0.0,0.0,0.0,0.0,1300.0,0.061042193720793,5556106.0,280253099309.34
Finland,FIN,Europe,EU,2022,2020-2023,Post-Pandemic,EV,Publicly available slow,0.0,0.0,0.0,0.0,0.0,7700.0,0.061042193720793,5556106.0,280253099309.34
Finland,FIN,Europe,EU,2022,2020-2023,Post-Pandemic,Trucks,BEV,19.0,0.0,25.0,0.0,0.0,0.0,0.061042193720793,5556106.0,280253099309.34
Finland,FIN,Europe,EU,2022,2020-2023,Post-Pandemic,Trucks,EV,0.0,0.569999992847443,0.0,0.028999999165535,0.0,0.0,0.061042193720793,5556106.0,280253099309.34
Finland,FIN,Europe,EU,2022,2020-2023,Post-Pandemic,Vans,BEV,680.0,0.0,1600.0,0.0,0.0,0.0,0.061042193720793,5556106.0,280253099309.34
Finland,FIN,Europe,EU,2022,2020-2023,Post-Pandemic,Vans,EV,0.0,6.40000009536743,0.0,0.569999992847443,0.0,0.0,0.061042193720793,5556106.0,280253099309.34
Finland,FIN,Europe,EU,2022,2020-2023,Post-Pandemic,Vans,PHEV,27.0,0.0,260.0,0.0,0.0,0.0,0.061042193720793,5556106.0,280253099309.34
Finland,FIN,Europe,EU,2023,2020-2023,Post-Pandemic,Buses,BEV,110.0,0.0,640.0,0.0,0.0,0.0,0.053013441755314486,5583911.0,295191741637.26
Finland,FIN,Europe,EU,2023,2020-2023,Post-Pandemic,Buses,EV,0.0,43.0,0.0,5.80000019073486,0.0,0.0,0.053013441755314486,5583911.0,295191741637.26
Finland,FIN,Europe,EU,2023,2020-2023,Post-Pandemic,Buses,PHEV,0.0,0.0,2.0,0.0,0.0,0.0,0.053013441755314486,5583911.0,295191741637.26
Finland,FIN,Europe,EU,2023,2020-2023,Post-Pandemic,Cars,BEV,30000.0,0.0,84000.0,0.0,0.0,0.0,0.053013441755314486,5583911.0,295191741637.26
Finland,FIN,Europe,EU,2023,2020-2023,Post-Pandemic,Cars,EV,0.0,54.0,0.0,8.10000038146973,0.0,0.0,0.053013441755314486,5583911.0,295191741637.26
Finland,FIN,Europe,EU,2023,2020-2023,Post-Pandemic,Cars,FCEV,0.0,0.0,2.0,0.0,0.0,0.0,0.053013441755314486,5583911.0,295191741637.26
Finland,FIN,Europe,EU,2023,2020-2023,Post-Pandemic,Cars,PHEV,18000.0,0.0,140000.0,0.0,0.0,0.0,0.053013441755314486,5583911.0,295191741637.26
Finland,FIN,Europe,EU,2023,2020-2023,Post-Pandemic,EV,Publicly available fast,0.0,0.0,0.0,0.0,0.0,2800.0,0.053013441755314486,5583911.0,295191741637.26
Finland,FIN,Europe,EU,2023,2020-2023,Post-Pandemic,EV,Publicly available slow,0.0,0.0,0.0,0.0,0.0,9300.0,0.053013441755314486,5583911.0,295191741637.26
Finland,FIN,Europe,EU,2023,2020-2023,Post-Pandemic,Trucks,BEV,76.0,0.0,110.0,0.0,0.0,0.0,0.053013441755314486,5583911.0,295191741637.26
Finland,FIN,Europe,EU,2023,2020-2023,Post-Pandemic,Trucks,EV,0.0,1.89999997615814,0.0,0.119999997317791,0.0,0.0,0.053013441755314486,5583911.0,295191741637.26
Finland,FIN,Europe,EU,2023,2020-2023,Post-Pandemic,Vans,BEV,1600.0,0.0,3200.0,0.0,0.0,0.0,0.053013441755314486,5583911.0,295191741637.26
Finland,FIN,Europe,EU,2023,2020-2023,Post-Pandemic,Vans,EV,0.0,15.0,0.0,1.10000002384186,0.0,0.0,0.053013441755314486,5583911.0,295191741637.26
Finland,FIN,Europe,EU,2023,2020-2023,Post-Pandemic,Vans,PHEV,14.0,0.0,290.0,0.0,0.0,0.0,0.053013441755314486,5583911.0,295191741637.26
France,FRA,Europe,EU,2010,2010-2014,Pre-Pandemic,Buses,BEV,16.0,0.0,44.0,0.0,0.0,0.0,0.0,65026211.0,2646230027988.34
France,FRA,Europe,EU,2010,2010-2014,Pre-Pandemic,Buses,EV,0.0,0.28999999165535,0.0,0.048000000417233,0.0,0.0,0.0,65026211.0,2646230027988.34
France,FRA,Europe,EU,2010,2010-2014,Pre-Pandemic,Cars,BEV,190.0,0.0,300.0,0.0,0.0,0.0,0.0,65026211.0,2646230027988.34
France,FRA,Europe,EU,2010,2010-2014,Pre-Pandemic,Cars,EV,0.0,0.012000000104308,0.0,0.000929999980144,0.0,0.0,0.0,65026211.0,2646230027988.34
France,FRA,Europe,EU,2010,2010-2014,Pre-Pandemic,Cars,PHEV,82.0,0.0,0.0,0.0,0.0,0.0,0.0,65026211.0,2646230027988.34
France,FRA,Europe,EU,2010,2010-2014,Pre-Pandemic,Trucks,BEV,21.0,0.0,62.0,0.0,0.0,0.0,0.0,65026211.0,2646230027988.34
France,FRA,Europe,EU,2010,2010-2014,Pre-Pandemic,Trucks,EV,0.0,0.061999998986721,0.0,0.014000000432134,0.0,0.0,0.0,65026211.0,2646230027988.34
France,FRA,Europe,EU,2010,2010-2014,Pre-Pandemic,Vans,BEV,800.0,0.0,1500.0,0.0,0.0,0.0,0.0,65026211.0,2646230027988.34
France,FRA,Europe,EU,2010,2010-2014,Pre-Pandemic,Vans,EV,0.0,0.189999997615814,0.0,0.035999998450279,0.0,0.0,0.0,65026211.0,2646230027988.34
France,FRA,Europe,EU,2010,2010-2014,Pre-Pandemic,Vans,PHEV,0.0,0.0,210.0,0.0,0.0,0.0,0.0,65026211.0,2646230027988.34
France,FRA,Europe,EU,2011,2010-2014,Pre-Pandemic,Buses,BEV,21.0,0.0,64.0,0.0,0.0,0.0,0.0,65340830.0,2870408553990.28
France,FRA,Europe,EU,2011,2010-2014,Pre-Pandemic,Buses,EV,0.0,0.330000013113022,0.0,0.068999998271465,0.0,0.0,0.0,65340830.0,2870408553990.28
France,FRA,Europe,EU,2011,2010-2014,Pre-Pandemic,Cars,BEV,2600.0,0.0,2900.0,0.0,0.0,0.0,0.0,65340830.0,2870408553990.28
France,FRA,Europe,EU,2011,2010-2014,Pre-Pandemic,Cars,EV,0.0,0.119999997317791,0.0,0.009300000034273,0.0,0.0,0.0,65340830.0,2870408553990.28
France,FRA,Europe,EU,2011,2010-2014,Pre-Pandemic,Cars,PHEV,56.0,0.0,96.0,0.0,0.0,0.0,0.0,65340830.0,2870408553990.28
France,FRA,Europe,EU,2011,2010-2014,Pre-Pandemic,Trucks,BEV,8.0,0.0,65.0,0.0,0.0,0.0,0.0,65340830.0,2870408553990.28
France,FRA,Europe,EU,2011,2010-2014,Pre-Pandemic,Trucks,EV,0.0,0.017000000923872,0.0,0.012000000104308,0.0,0.0,0.0,65340830.0,2870408553990.28
France,FRA,Europe,EU,2011,2010-2014,Pre-Pandemic,Vans,BEV,1700.0,0.0,3200.0,0.0,0.0,0.0,0.0,65340830.0,2870408553990.28
France,FRA,Europe,EU,2011,2010-2014,Pre-Pandemic,Vans,EV,0.0,0.389999985694885,0.0,0.059000000357628,0.0,0.0,0.0,65340830.0,2870408553990.28
France,FRA,Europe,EU,2011,2010-2014,Pre-Pandemic,Vans,PHEV,0.0,0.0,260.0,0.0,0.0,0.0,0.0,65340830.0,2870408553990.28
France,FRA,Europe,EU,2012,2010-2014,Pre-Pandemic,Buses,BEV,25.0,0.0,92.0,0.0,0.0,0.0,0.048861508727426464,65657659.0,2683007095787.23
France,FRA,Europe,EU,2012,2010-2014,Pre-Pandemic,Buses,EV,0.0,0.430000007152557,0.0,0.098999999463558,0.0,0.0,0.048861508727426464,65657659.0,2683007095787.23
France,FRA,Europe,EU,2012,2010-2014,Pre-Pandemic,Cars,BEV,5700.0,0.0,8600.0,0.0,0.0,0.0,0.048861508727426464,65657659.0,2683007095787.23
France,FRA,Europe,EU,2012,2010-2014,Pre-Pandemic,Cars,EV,0.0,0.330000013113022,0.0,0.028000000864267,0.0,0.0,0.048861508727426464,65657659.0,2683007095787.23
France,FRA,Europe,EU,2012,2010-2014,Pre-Pandemic,Cars,PHEV,660.0,0.0,700.0,0.0,0.0,0.0,0.048861508727426464,65657659.0,2683007095787.23
France,FRA,Europe,EU,2012,2010-2014,Pre-Pandemic,EV,Publicly available fast,0.0,0.0,0.0,0.0,0.0,9.0,0.048861508727426464,65657659.0,2683007095787.23
France,FRA,Europe,EU,2012,2010-2014,Pre-Pandemic,EV,Publicly available slow,0.0,0.0,0.0,0.0,0.0,800.0,0.048861508727426464,65657659.0,2683007095787.23
France,FRA,Europe,EU,2012,2010-2014,Pre-Pandemic,Trucks,BEV,6.0,0.0,64.0,0.0,0.0,0.0,0.048861508727426464,65657659.0,2683007095787.23
France,FRA,Europe,EU,2012,2010-2014,Pre-Pandemic,Trucks,EV,0.0,0.014000000432134,0.0,0.012000000104308,0.0,0.0,0.048861508727426464,65657659.0,2683007095787.23
France,FRA,Europe,EU,2012,2010-2014,Pre-Pandemic,Vans,BEV,3600.0,0.0,6800.0,0.0,0.0,0.0,0.048861508727426464,65657659.0,2683007095787.23
France,FRA,Europe,EU,2012,2010-2014,Pre-Pandemic,Vans,EV,0.0,0.959999978542328,0.0,0.119999997317791,0.0,0.0,0.048861508727426464,65657659.0,2683007095787.23
France,FRA,Europe,EU,2012,2010-2014,Pre-Pandemic,Vans,FCEV,0.0,0.0,1.0,0.0,0.0,0.0,0.048861508727426464,65657659.0,2683007095787.23
France,FRA,Europe,EU,2012,2010-2014,Pre-Pandemic,Vans,PHEV,0.0,0.0,300.0,0.0,0.0,0.0,0.048861508727426464,65657659.0,2683007095787.23
France,FRA,Europe,EU,2013,2010-2014,Pre-Pandemic,Buses,BEV,24.0,0.0,120.0,0.0,0.0,0.0,0.05796914753148047,65997932.0,2816077607875.26
France,FRA,Europe,EU,2013,2010-2014,Pre-Pandemic,Buses,EV,0.0,0.370000004768372,0.0,0.119999997317791,0.0,0.0,0.05796914753148047,65997932.0,2816077607875.26
France,FRA,Europe,EU,2013,2010-2014,Pre-Pandemic,Cars,BEV,8900.0,0.0,17000.0,0.0,0.0,0.0,0.05796914753148047,65997932.0,2816077607875.26
France,FRA,Europe,EU,2013,2010-2014,Pre-Pandemic,Cars,EV,0.0,0.529999971389771,0.0,0.05799999833107,0.0,0.0,0.05796914753148047,65997932.0,2816077607875.26
France,FRA,Europe,EU,2013,2010-2014,Pre-Pandemic,Cars,FCEV,1.0,0.0,1.0,0.0,0.0,0.0,0.05796914753148047,65997932.0,2816077607875.26
France,FRA,Europe,EU,2013,2010-2014,Pre-Pandemic,Cars,PHEV,850.0,0.0,1500.0,0.0,0.0,0.0,0.05796914753148047,65997932.0,2816077607875.26
France,FRA,Europe,EU,2013,2010-2014,Pre-Pandemic,EV,Publicly available fast,0.0,0.0,0.0,0.0,0.0,100.0,0.05796914753148047,65997932.0,2816077607875.26
France,FRA,Europe,EU,2013,2010-2014,Pre-Pandemic,EV,Publicly available slow,0.0,0.0,0.0,0.0,0.0,1700.0,0.05796914753148047,65997932.0,2816077607875.26
France,FRA,Europe,EU,2013,2010-2014,Pre-Pandemic,Trucks,BEV,7.0,0.0,69.0,0.0,0.0,0.0,0.05796914753148047,65997932.0,2816077607875.26
France,FRA,Europe,EU,2013,2010-2014,Pre-Pandemic,Trucks,EV,0.0,0.016000000759959,0.0,0.013000000268221,0.0,0.0,0.05796914753148047,65997932.0,2816077607875.26
France,FRA,Europe,EU,2013,2010-2014,Pre-Pandemic,Vans,BEV,5100.0,0.0,12000.0,0.0,0.0,0.0,0.05796914753148047,65997932.0,2816077607875.26
France,FRA,Europe,EU,2013,2010-2014,Pre-Pandemic,Vans,EV,0.0,1.5,0.0,0.209999993443489,0.0,0.0,0.05796914753148047,65997932.0,2816077607875.26
France,FRA,Europe,EU,2013,2010-2014,Pre-Pandemic,Vans,FCEV,1.0,0.0,1.0,0.0,0.0,0.0,0.05796914753148047,65997932.0,2816077607875.26
France,FRA,Europe,EU,2013,2010-2014,Pre-Pandemic,Vans,PHEV,0.0,0.0,360.0,0.0,0.0,0.0,0.05796914753148047,65997932.0,2816077607875.26
France,FRA,Europe,EU,2014,2010-2014,Pre-Pandemic,Buses,BEV,40.0,0.0,150.0,0.0,0.0,0.0,0.037508289124668436,66312067.0,2861236112552.42
France,FRA,Europe,EU,2014,2010-2014,Pre-Pandemic,Buses,EV,0.0,0.699999988079071,0.0,0.159999996423721,0.0,0.0,0.037508289124668436,66312067.0,2861236112552.42
France,FRA,Europe,EU,2014,2010-2014,Pre-Pandemic,Cars,BEV,11000.0,0.0,28000.0,0.0,0.0,0.0,0.037508289124668436,66312067.0,2861236112552.42
France,FRA,Europe,EU,2014,2010-2014,Pre-Pandemic,Cars,EV,0.0,0.689999997615814,0.0,0.097000002861023,0.0,0.0,0.037508289124668436,66312067.0,2861236112552.42
France,FRA,Europe,EU,2014,2010-2014,Pre-Pandemic,Cars,FCEV,1.0,0.0,2.0,0.0,0.0,0.0,0.037508289124668436,66312067.0,2861236112552.42
France,FRA,Europe,EU,2014,2010-2014,Pre-Pandemic,Cars,PHEV,2100.0,0.0,3600.0,0.0,0.0,0.0,0.037508289124668436,66312067.0,2861236112552.42
France,FRA,Europe,EU,2014,2010-2014,Pre-Pandemic,EV,Publicly available fast,0.0,0.0,0.0,0.0,0.0,110.0,0.037508289124668436,66312067.0,2861236112552.42
France,FRA,Europe,EU,2014,2010-2014,Pre-Pandemic,EV,Publicly available slow,0.0,0.0,0.0,0.0,0.0,1700.0,0.037508289124668436,66312067.0,2861236112552.42
France,FRA,Europe,EU,2014,2010-2014,Pre-Pandemic,Trucks,BEV,12.0,0.0,72.0,0.0,0.0,0.0,0.037508289124668436,66312067.0,2861236112552.42
France,FRA,Europe,EU,2014,2010-2014,Pre-Pandemic,Trucks,EV,0.0,0.032999999821186,0.0,0.013000000268221,0.0,0.0,0.037508289124668436,66312067.0,2861236112552.42
France,FRA,Europe,EU,2014,2010-2014,Pre-Pandemic,Vans,BEV,4500.0,0.0,16000.0,0.0,0.0,0.0,0.037508289124668436,66312067.0,2861236112552.42
France,FRA,Europe,EU,2014,2010-2014,Pre-Pandemic,Vans,EV,0.0,1.29999995231628,0.0,0.280000001192093,0.0,0.0,0.037508289124668436,66312067.0,2861236112552.42
France,FRA,Europe,EU,2014,2010-2014,Pre-Pandemic,Vans,FCEV,4.0,0.0,2.0,0.0,0.0,0.0,0.037508289124668436,66312067.0,2861236112552.42
France,FRA,Europe,EU,2014,2010-2014,Pre-Pandemic,Vans,PHEV,0.0,0.0,430.0,0.0,0.0,0.0,0.037508289124668436,66312067.0,2861236112552.42
France,FRA,Europe,EU,2015,2015-2019,Pre-Pandemic,Buses,BEV,51.0,0.0,190.0,0.0,0.0,0.0,0.1374516361728638,66548272.0,2442483452642.5
France,FRA,Europe,EU,2015,2015-2019,Pre-Pandemic,Buses,EV,0.0,0.699999988079071,0.0,0.189999997615814,0.0,0.0,0.1374516361728638,66548272.0,2442483452642.5
France,FRA,Europe,EU,2015,2015-2019,Pre-Pandemic,Cars,BEV,18000.0,0.0,45000.0,0.0,0.0,0.0,0.1374516361728638,66548272.0,2442483452642.5
France,FRA,Europe,EU,2015,2015-2019,Pre-Pandemic,Cars,EV,0.0,1.20000004768372,0.0,0.170000001788139,0.0,0.0,0.1374516361728638,66548272.0,2442483452642.5
France,FRA,Europe,EU,2015,2015-2019,Pre-Pandemic,Cars,FCEV,10.0,0.0,12.0,0.0,0.0,0.0,0.1374516361728638,66548272.0,2442483452642.5
France,FRA,Europe,EU,2015,2015-2019,Pre-Pandemic,Cars,PHEV,5800.0,0.0,9300.0,0.0,0.0,0.0,0.1374516361728638,66548272.0,2442483452642.5
France,FRA,Europe,EU,2015,2015-2019,Pre-Pandemic,EV,Publicly available fast,0.0,0.0,0.0,0.0,0.0,580.0,0.1374516361728638,66548272.0,2442483452642.5
France,FRA,Europe,EU,2015,2015-2019,Pre-Pandemic,EV,Publicly available slow,0.0,0.0,0.0,0.0,0.0,9900.0,0.1374516361728638,66548272.0,2442483452642.5
France,FRA,Europe,EU,2015,2015-2019,Pre-Pandemic,Trucks,BEV,1.0,0.0,58.0,0.0,0.0,0.0,0.1374516361728638,66548272.0,2442483452642.5
France,FRA,Europe,EU,2015,2015-2019,Pre-Pandemic,Trucks,EV,0.0,0.002400000113994,0.0,0.009999999776483,0.0,0.0,0.1374516361728638,66548272.0,2442483452642.5
France,FRA,Europe,EU,2015,2015-2019,Pre-Pandemic,Vans,BEV,4900.0,0.0,21000.0,0.0,0.0,0.0,0.1374516361728638,66548272.0,2442483452642.5
France,FRA,Europe,EU,2015,2015-2019,Pre-Pandemic,Vans,EV,0.0,1.60000002384186,0.0,0.370000004768372,0.0,0.0,0.1374516361728638,66548272.0,2442483452642.5
France,FRA,Europe,EU,2015,2015-2019,Pre-Pandemic,Vans,FCEV,53.0,0.0,55.0,0.0,0.0,0.0,0.1374516361728638,66548272.0,2442483452642.5
France,FRA,Europe,EU,2015,2015-2019,Pre-Pandemic,Vans,PHEV,10.0,0.0,630.0,0.0,0.0,0.0,0.1374516361728638,66548272.0,2442483452642.5
France,FRA,Europe,EU,2016,2015-2019,Pre-Pandemic,Buses,BEV,74.0,0.0,250.0,0.0,0.0,0.0,0.17776987689436025,66724104.0,2470407619777.13
France,FRA,Europe,EU,2016,2015-2019,Pre-Pandemic,Buses,EV,0.0,1.20000004768372,0.0,0.25,0.0,0.0,0.17776987689436025,66724104.0,2470407619777.13
France,FRA,Europe,EU,2016,2015-2019,Pre-Pandemic,Buses,PHEV,1.0,0.0,1.0,0.0,0.0,0.0,0.17776987689436025,66724104.0,2470407619777.13
France,FRA,Europe,EU,2016,2015-2019,Pre-Pandemic,Cars,BEV,23000.0,0.0,67000.0,0.0,0.0,0.0,0.17776987689436025,66724104.0,2470407619777.13
France,FRA,Europe,EU,2016,2015-2019,Pre-Pandemic,Cars,EV,0.0,1.39999997615814,0.0,0.259999990463257,0.0,0.0,0.17776987689436025,66724104.0,2470407619777.13
France,FRA,Europe,EU,2016,2015-2019,Pre-Pandemic,Cars,FCEV,34.0,0.0,46.0,0.0,0.0,0.0,0.17776987689436025,66724104.0,2470407619777.13
France,FRA,Europe,EU,2016,2015-2019,Pre-Pandemic,Cars,PHEV,7600.0,0.0,17000.0,0.0,0.0,0.0,0.17776987689436025,66724104.0,2470407619777.13
France,FRA,Europe,EU,2016,2015-2019,Pre-Pandemic,EV,Publicly available fast,0.0,0.0,0.0,0.0,0.0,1000.0,0.17776987689436025,66724104.0,2470407619777.13
France,FRA,Europe,EU,2016,2015-2019,Pre-Pandemic,EV,Publicly available slow,0.0,0.0,0.0,0.0,0.0,19000.0,0.17776987689436025,66724104.0,2470407619777.13
France,FRA,Europe,EU,2016,2015-2019,Pre-Pandemic,Trucks,BEV,6.0,0.0,58.0,0.0,0.0,0.0,0.17776987689436025,66724104.0,2470407619777.13
France,FRA,Europe,EU,2016,2015-2019,Pre-Pandemic,Trucks,EV,0.0,0.013000000268221,0.0,0.009899999946356,0.0,0.0,0.17776987689436025,66724104.0,2470407619777.13
France,FRA,Europe,EU,2016,2015-2019,Pre-Pandemic,Vans,BEV,5500.0,0.0,27000.0,0.0,0.0,0.0,0.17776987689436025,66724104.0,2470407619777.13
France,FRA,Europe,EU,2016,2015-2019,Pre-Pandemic,Vans,EV,0.0,1.89999997615814,0.0,0.46000000834465,0.0,0.0,0.17776987689436025,66724104.0,2470407619777.13
France,FRA,Europe,EU,2016,2015-2019,Pre-Pandemic,Vans,FCEV,99.0,0.0,150.0,0.0,0.0,0.0,0.17776987689436025,66724104.0,2470407619777.13
France,FRA,Europe,EU,2016,2015-2019,Pre-Pandemic,Vans,PHEV,0.0,0.0,1000.0,0.0,0.0,0.0,0.17776987689436025,66724104.0,2470407619777.13
France,FRA,Europe,EU,2017,2015-2019,Pre-Pandemic,Buses,BEV,17.0,0.0,300.0,0.0,0.0,0.0,0.11522633744855967,66918020.0,2588868323334.71
France,FRA,Europe,EU,2017,2015-2019,Pre-Pandemic,Buses,EV,0.0,0.270000010728836,0.0,0.300000011920929,0.0,0.0,0.11522633744855967,66918020.0,2588868323334.71
France,FRA,Europe,EU,2017,2015-2019,Pre-Pandemic,Buses,PHEV,0.0,0.0,1.0,0.0,0.0,0.0,0.11522633744855967,66918020.0,2588868323334.71
France,FRA,Europe,EU,2017,2015-2019,Pre-Pandemic,Cars,BEV,26000.0,0.0,93000.0,0.0,0.0,0.0,0.11522633744855967,66918020.0,2588868323334.71
France,FRA,Europe,EU,2017,2015-2019,Pre-Pandemic,Cars,EV,0.0,1.70000004768372,0.0,0.46000000834465,0.0,0.0,0.11522633744855967,66918020.0,2588868323334.71
France,FRA,Europe,EU,2017,2015-2019,Pre-Pandemic,Cars,FCEV,46.0,0.0,92.0,0.0,0.0,0.0,0.11522633744855967,66918020.0,2588868323334.71
France,FRA,Europe,EU,2017,2015-2019,Pre-Pandemic,Cars,PHEV,12000.0,0.0,54000.0,0.0,0.0,0.0,0.11522633744855967,66918020.0,2588868323334.71
France,FRA,Europe,EU,2017,2015-2019,Pre-Pandemic,EV,Publicly available fast,0.0,0.0,0.0,0.0,0.0,1000.0,0.11522633744855967,66918020.0,2588868323334.71
France,FRA,Europe,EU,2017,2015-2019,Pre-Pandemic,EV,Publicly available slow,0.0,0.0,0.0,0.0,0.0,20000.0,0.11522633744855967,66918020.0,2588868323334.71
France,FRA,Europe,EU,2017,2015-2019,Pre-Pandemic,Trucks,BEV,16.0,0.0,67.0,0.0,0.0,0.0,0.11522633744855967,66918020.0,2588868323334.71
France,FRA,Europe,EU,2017,2015-2019,Pre-Pandemic,Trucks,EV,0.0,0.032000001519919,0.0,0.013000000268221,0.0,0.0,0.11522633744855967,66918020.0,2588868323334.71
France,FRA,Europe,EU,2017,2015-2019,Pre-Pandemic,Trucks,PHEV,0.0,0.0,10.0,0.0,0.0,0.0,0.11522633744855967,66918020.0,2588868323334.71
France,FRA,Europe,EU,2017,2015-2019,Pre-Pandemic,Vans,BEV,6000.0,0.0,33000.0,0.0,0.0,0.0,0.11522633744855967,66918020.0,2588868323334.71
France,FRA,Europe,EU,2017,2015-2019,Pre-Pandemic,Vans,EV,0.0,1.89999997615814,0.0,0.560000002384186,0.0,0.0,0.11522633744855967,66918020.0,2588868323334.71
France,FRA,Europe,EU,2017,2015-2019,Pre-Pandemic,Vans,FCEV,25.0,0.0,180.0,0.0,0.0,0.0,0.11522633744855967,66918020.0,2588868323334.71
France,FRA,Europe,EU,2017,2015-2019,Pre-Pandemic,Vans,PHEV,0.0,0.0,1600.0,0.0,0.0,0.0,0.11522633744855967,66918020.0,2588868323334.71
France,FRA,Europe,EU,2018,2015-2019,Pre-Pandemic,Buses,BEV,95.0,0.0,340.0,0.0,0.0,0.0,0.1063216164329313,67158348.0,2781576320884.39
France,FRA,Europe,EU,2018,2015-2019,Pre-Pandemic,Buses,EV,0.0,1.60000002384186,0.0,0.389999985694885,0.0,0.0,0.1063216164329313,67158348.0,2781576320884.39
France,FRA,Europe,EU,2018,2015-2019,Pre-Pandemic,Buses,PHEV,0.0,0.0,1.0,0.0,0.0,0.0,0.1063216164329313,67158348.0,2781576320884.39
France,FRA,Europe,EU,2018,2015-2019,Pre-Pandemic,Cars,BEV,33000.0,0.0,120000.0,0.0,0.0,0.0,0.1063216164329313,67158348.0,2781576320884.39
France,FRA,Europe,EU,2018,2015-2019,Pre-Pandemic,Cars,EV,0.0,2.0,0.0,0.600000023841858,0.0,0.0,0.1063216164329313,67158348.0,2781576320884.39
France,FRA,Europe,EU,2018,2015-2019,Pre-Pandemic,Cars,FCEV,10.0,0.0,100.0,0.0,0.0,0.0,0.1063216164329313,67158348.0,2781576320884.39
France,FRA,Europe,EU,2018,2015-2019,Pre-Pandemic,Cars,PHEV,15000.0,0.0,68000.0,0.0,0.0,0.0,0.1063216164329313,67158348.0,2781576320884.39
France,FRA,Europe,EU,2018,2015-2019,Pre-Pandemic,EV,Publicly available fast,0.0,0.0,0.0,0.0,0.0,1700.0,0.1063216164329313,67158348.0,2781576320884.39
France,FRA,Europe,EU,2018,2015-2019,Pre-Pandemic,EV,Publicly available slow,0.0,0.0,0.0,0.0,0.0,23000.0,0.1063216164329313,67158348.0,2781576320884.39
France,FRA,Europe,EU,2018,2015-2019,Pre-Pandemic,Trucks,BEV,26.0,0.0,83.0,0.0,0.0,0.0,0.1063216164329313,67158348.0,2781576320884.39
France,FRA,Europe,EU,2018,2015-2019,Pre-Pandemic,Trucks,EV,0.0,0.048000000417233,0.0,0.017000000923872,0.0,0.0,0.1063216164329313,67158348.0,2781576320884.39
France,FRA,Europe,EU,2018,2015-2019,Pre-Pandemic,Trucks,PHEV,0.0,0.0,20.0,0.0,0.0,0.0,0.1063216164329313,67158348.0,2781576320884.39
France,FRA,Europe,EU,2018,2015-2019,Pre-Pandemic,Vans,BEV,8200.0,0.0,41000.0,0.0,0.0,0.0,0.1063216164329313,67158348.0,2781576320884.39
France,FRA,Europe,EU,2018,2015-2019,Pre-Pandemic,Vans,EV,0.0,2.40000009536743,0.0,0.699999988079071,0.0,0.0,0.1063216164329313,67158348.0,2781576320884.39
France,FRA,Europe,EU,2018,2015-2019,Pre-Pandemic,Vans,FCEV,92.0,0.0,270.0,0.0,0.0,0.0,0.1063216164329313,67158348.0,2781576320884.39
France,FRA,Europe,EU,2018,2015-2019,Pre-Pandemic,Vans,PHEV,0.0,0.0,2500.0,0.0,0.0,0.0,0.1063216164329313,67158348.0,2781576320884.39
France,FRA,Europe,EU,2019,2015-2019,Pre-Pandemic,Buses,BEV,280.0,0.0,570.0,0.0,0.0,0.0,0.09699352406570988,67382061.0,2722793515171.76
France,FRA,Europe,EU,2019,2015-2019,Pre-Pandemic,Buses,EV,0.0,4.19999980926514,0.0,0.649999976158142,0.0,0.0,0.09699352406570988,67382061.0,2722793515171.76
France,FRA,Europe,EU,2019,2015-2019,Pre-Pandemic,Buses,PHEV,0.0,0.0,1.0,0.0,0.0,0.0,0.09699352406570988,67382061.0,2722793515171.76
France,FRA,Europe,EU,2019,2015-2019,Pre-Pandemic,Cars,BEV,45000.0,0.0,170000.0,0.0,0.0,0.0,0.09699352406570988,67382061.0,2722793515171.76
France,FRA,Europe,EU,2019,2015-2019,Pre-Pandemic,Cars,EV,0.0,2.70000004768372,0.0,0.660000026226044,0.0,0.0,0.09699352406570988,67382061.0,2722793515171.76
France,FRA,Europe,EU,2019,2015-2019,Pre-Pandemic,Cars,FCEV,60.0,0.0,170.0,0.0,0.0,0.0,0.09699352406570988,67382061.0,2722793515171.76
France,FRA,Europe,EU,2019,2015-2019,Pre-Pandemic,Cars,PHEV,19000.0,0.0,85000.0,0.0,0.0,0.0,0.09699352406570988,67382061.0,2722793515171.76
France,FRA,Europe,EU,2019,2015-2019,Pre-Pandemic,EV,Publicly available fast,0.0,0.0,0.0,0.0,0.0,2000.0,0.09699352406570988,67382061.0,2722793515171.76
France,FRA,Europe,EU,2019,2015-2019,Pre-Pandemic,EV,Publicly available slow,0.0,0.0,0.0,0.0,0.0,28000.0,0.09699352406570988,67382061.0,2722793515171.76
France,FRA,Europe,EU,2019,2015-2019,Pre-Pandemic,Trucks,BEV,21.0,0.0,78.0,0.0,0.0,0.0,0.09699352406570988,67382061.0,2722793515171.76
France,FRA,Europe,EU,2019,2015-2019,Pre-Pandemic,Trucks,EV,0.0,0.037999998778105,0.0,0.014999999664724,0.0,0.0,0.09699352406570988,67382061.0,2722793515171.76
France,FRA,Europe,EU,2019,2015-2019,Pre-Pandemic,Trucks,PHEV,0.0,0.0,10.0,0.0,0.0,0.0,0.09699352406570988,67382061.0,2722793515171.76
France,FRA,Europe,EU,2019,2015-2019,Pre-Pandemic,Vans,BEV,8100.0,0.0,49000.0,0.0,0.0,0.0,0.09699352406570988,67382061.0,2722793515171.76
France,FRA,Europe,EU,2019,2015-2019,Pre-Pandemic,Vans,EV,0.0,2.29999995231628,0.0,0.889999985694885,0.0,0.0,0.09699352406570988,67382061.0,2722793515171.76
France,FRA,Europe,EU,2019,2015-2019,Pre-Pandemic,Vans,FCEV,0.0,0.0,270.0,0.0,0.0,0.0,0.09699352406570988,67382061.0,2722793515171.76
France,FRA,Europe,EU,2019,2015-2019,Pre-Pandemic,Vans,PHEV,4.0,0.0,4200.0,0.0,0.0,0.0,0.09699352406570988,67382061.0,2722793515171.76
France,FRA,Europe,EU,2020,2020-2023,Pandemic,Buses,BEV,180.0,0.0,690.0,0.0,0.0,0.0,0.06810650029883464,67601110.0,2647926055110.05
France,FRA,Europe,EU,2020,2020-2023,Pandemic,Buses,EV,0.0,2.90000009536743,0.0,0.779999971389771,0.0,0.0,0.06810650029883464,67601110.0,2647926055110.05
France,FRA,Europe,EU,2020,2020-2023,Pandemic,Buses,FCEV,0.0,0.0,3.0,0.0,0.0,0.0,0.06810650029883464,67601110.0,2647926055110.05
France,FRA,Europe,EU,2020,2020-2023,Pandemic,Cars,BEV,110000.0,0.0,280000.0,0.0,0.0,0.0,0.06810650029883464,67601110.0,2647926055110.05
France,FRA,Europe,EU,2020,2020-2023,Pandemic,Cars,EV,0.0,11.0,0.0,1.10000002384186,0.0,0.0,0.06810650029883464,67601110.0,2647926055110.05
France,FRA,Europe,EU,2020,2020-2023,Pandemic,Cars,FCEV,210.0,0.0,380.0,0.0,0.0,0.0,0.06810650029883464,67601110.0,2647926055110.05
France,FRA,Europe,EU,2020,2020-2023,Pandemic,Cars,PHEV,75000.0,0.0,160000.0,0.0,0.0,0.0,0.06810650029883464,67601110.0,2647926055110.05
France,FRA,Europe,EU,2020,2020-2023,Pandemic,EV,Publicly available fast,0.0,0.0,0.0,0.0,0.0,3300.0,0.06810650029883464,67601110.0,2647926055110.05
France,FRA,Europe,EU,2020,2020-2023,Pandemic,EV,Publicly available slow,0.0,0.0,0.0,0.0,0.0,31000.0,0.06810650029883464,67601110.0,2647926055110.05
France,FRA,Europe,EU,2020,2020-2023,Pandemic,Trucks,BEV,15.0,0.0,70.0,0.0,0.0,0.0,0.06810650029883464,67601110.0,2647926055110.05
France,FRA,Europe,EU,2020,2020-2023,Pandemic,Trucks,EV,0.0,0.035000000149012,0.0,0.013000000268221,0.0,0.0,0.06810650029883464,67601110.0,2647926055110.05
France,FRA,Europe,EU,2020,2020-2023,Pandemic,Trucks,PHEV,0.0,0.0,10.0,0.0,0.0,0.0,0.06810650029883464,67601110.0,2647926055110.05
France,FRA,Europe,EU,2020,2020-2023,Pandemic,Vans,BEV,9200.0,0.0,58000.0,0.0,0.0,0.0,0.06810650029883464,67601110.0,2647926055110.05
France,FRA,Europe,EU,2020,2020-2023,Pandemic,Vans,EV,0.0,3.0,0.0,1.0,0.0,0.0,0.06810650029883464,67601110.0,2647926055110.05
France,FRA,Europe,EU,2020,2020-2023,Pandemic,Vans,FCEV,0.0,0.0,270.0,0.0,0.0,0.0,0.06810650029883464,67601110.0,2647926055110.05
France,FRA,Europe,EU,2020,2020-2023,Pandemic,Vans,PHEV,0.0,0.0,4200.0,0.0,0.0,0.0,0.06810650029883464,67601110.0,2647926055110.05
France,FRA,Europe,EU,2021,2020-2023,Pandemic,Buses,BEV,620.0,0.0,1300.0,0.0,0.0,0.0,0.06706511961587068,67842811.0,2966433692008.09
France,FRA,Europe,EU,2021,2020-2023,Pandemic,Buses,EV,0.0,9.19999980926514,0.0,1.5,0.0,0.0,0.06706511961587068,67842811.0,2966433692008.09
France,FRA,Europe,EU,2021,2020-2023,Pandemic,Buses,FCEV,1.0,0.0,4.0,0.0,0.0,0.0,0.06706511961587068,67842811.0,2966433692008.09
France,FRA,Europe,EU,2021,2020-2023,Pandemic,Buses,PHEV,0.0,0.0,70.0,0.0,0.0,0.0,0.06706511961587068,67842811.0,2966433692008.09
France,FRA,Europe,EU,2021,2020-2023,Pandemic,Cars,BEV,170000.0,0.0,440000.0,0.0,0.0,0.0,0.06706511961587068,67842811.0,2966433692008.09
France,FRA,Europe,EU,2021,2020-2023,Pandemic,Cars,EV,0.0,17.0,0.0,1.89999997615814,0.0,0.0,0.06706511961587068,67842811.0,2966433692008.09
France,FRA,Europe,EU,2021,2020-2023,Pandemic,Cars,FCEV,14.0,0.0,400.0,0.0,0.0,0.0,0.06706511961587068,67842811.0,2966433692008.09
France,FRA,Europe,EU,2021,2020-2023,Pandemic,Cars,PHEV,140000.0,0.0,300000.0,0.0,0.0,0.0,0.06706511961587068,67842811.0,2966433692008.09
France,FRA,Europe,EU,2021,2020-2023,Pandemic,EV,Publicly available fast,0.0,0.0,0.0,0.0,0.0,4500.0,0.06706511961587068,67842811.0,2966433692008.09
France,FRA,Europe,EU,2021,2020-2023,Pandemic,EV,Publicly available slow,0.0,0.0,0.0,0.0,0.0,50000.0,0.06706511961587068,67842811.0,2966433692008.09
France,FRA,Europe,EU,2021,2020-2023,Pandemic,Trucks,BEV,29.0,0.0,79.0,0.0,0.0,0.0,0.06706511961587068,67842811.0,2966433692008.09
France,FRA,Europe,EU,2021,2020-2023,Pandemic,Trucks,EV,0.0,0.086000002920628,0.0,0.013000000268221,0.0,0.0,0.06706511961587068,67842811.0,2966433692008.09
France,FRA,Europe,EU,2021,2020-2023,Pandemic,Trucks,PHEV,10.0,0.0,0.0,0.0,0.0,0.0,0.06706511961587068,67842811.0,2966433692008.09
France,FRA,Europe,EU,2021,2020-2023,Pandemic,Vans,BEV,12000.0,0.0,69000.0,0.0,0.0,0.0,0.06706511961587068,67842811.0,2966433692008.09
France,FRA,Europe,EU,2021,2020-2023,Pandemic,Vans,EV,0.0,3.0,0.0,1.10000002384186,0.0,0.0,0.06706511961587068,67842811.0,2966433692008.09
France,FRA,Europe,EU,2021,2020-2023,Pandemic,Vans,FCEV,20.0,0.0,290.0,0.0,0.0,0.0,0.06706511961587068,67842811.0,2966433692008.09
France,FRA,Europe,EU,2021,2020-2023,Pandemic,Vans,PHEV,800.0,0.0,1500.0,0.0,0.0,0.0,0.06706511961587068,67842811.0,2966433692008.09
France,FRA,Europe,EU,2022,2020-2023,Post-Pandemic,Buses,BEV,800.0,0.0,1700.0,0.0,0.0,0.0,0.0741981151728497,68184457.0,2794788137066.94
France,FRA,Europe,EU,2022,2020-2023,Post-Pandemic,Buses,EV,0.0,14.0,0.0,1.89999997615814,0.0,0.0,0.0741981151728497,68184457.0,2794788137066.94
France,FRA,Europe,EU,2022,2020-2023,Post-Pandemic,Buses,FCEV,0.0,0.0,1.0,0.0,0.0,0.0,0.0741981151728497,68184457.0,2794788137066.94
France,FRA,Europe,EU,2022,2020-2023,Post-Pandemic,Buses,PHEV,2.0,0.0,70.0,0.0,0.0,0.0,0.0741981151728497,68184457.0,2794788137066.94
France,FRA,Europe,EU,2022,2020-2023,Post-Pandemic,Cars,BEV,210000.0,0.0,620000.0,0.0,0.0,0.0,0.0741981151728497,68184457.0,2794788137066.94
France,FRA,Europe,EU,2022,2020-2023,Post-Pandemic,Cars,EV,0.0,20.0,0.0,2.79999995231628,0.0,0.0,0.0741981151728497,68184457.0,2794788137066.94
France,FRA,Europe,EU,2022,2020-2023,Post-Pandemic,Cars,FCEV,200.0,0.0,590.0,0.0,0.0,0.0,0.0741981151728497,68184457.0,2794788137066.94
France,FRA,Europe,EU,2022,2020-2023,Post-Pandemic,Cars,PHEV,130000.0,0.0,430000.0,0.0,0.0,0.0,0.0741981151728497,68184457.0,2794788137066.94
France,FRA,Europe,EU,2022,2020-2023,Post-Pandemic,EV,Publicly available fast,0.0,0.0,0.0,0.0,0.0,9700.0,0.0741981151728497,68184457.0,2794788137066.94
France,FRA,Europe,EU,2022,2020-2023,Post-Pandemic,EV,Publicly available slow,0.0,0.0,0.0,0.0,0.0,74000.0,0.0741981151728497,68184457.0,2794788137066.94
France,FRA,Europe,EU,2022,2020-2023,Post-Pandemic,Trucks,BEV,380.0,0.0,440.0,0.0,0.0,0.0,0.0741981151728497,68184457.0,2794788137066.94
France,FRA,Europe,EU,2022,2020-2023,Post-Pandemic,Trucks,EV,0.0,0.850000023841858,0.0,0.072999998927116,0.0,0.0,0.0741981151728497,68184457.0,2794788137066.94
France,FRA,Europe,EU,2022,2020-2023,Post-Pandemic,Vans,BEV,16000.0,0.0,74000.0,0.0,0.0,0.0,0.0741981151728497,68184457.0,2794788137066.94
France,FRA,Europe,EU,2022,2020-2023,Post-Pandemic,Vans,EV,0.0,4.90000009536743,0.0,1.20000004768372,0.0,0.0,0.0741981151728497,68184457.0,2794788137066.94
France,FRA,Europe,EU,2022,2020-2023,Post-Pandemic,Vans,FCEV,0.0,0.0,270.0,0.0,0.0,0.0,0.0741981151728497,68184457.0,2794788137066.94
France,FRA,Europe,EU,2022,2020-2023,Post-Pandemic,Vans,PHEV,520.0,0.0,990.0,0.0,0.0,0.0,0.0741981151728497,68184457.0,2794788137066.94
France,FRA,Europe,EU,2023,2020-2023,Post-Pandemic,Buses,BEV,740.0,0.0,2100.0,0.0,0.0,0.0,0.07110074191816546,68372286.0,3056250648138.29
France,FRA,Europe,EU,2023,2020-2023,Post-Pandemic,Buses,EV,0.0,13.0,0.0,2.29999995231628,0.0,0.0,0.07110074191816546,68372286.0,3056250648138.29
France,FRA,Europe,EU,2023,2020-2023,Post-Pandemic,Buses,FCEV,22.0,0.0,23.0,0.0,0.0,0.0,0.07110074191816546,68372286.0,3056250648138.29
France,FRA,Europe,EU,2023,2020-2023,Post-Pandemic,Buses,PHEV,0.0,0.0,3.0,0.0,0.0,0.0,0.07110074191816546,68372286.0,3056250648138.29
France,FRA,Europe,EU,2023,2020-2023,Post-Pandemic,Cars,BEV,310000.0,0.0,980000.0,0.0,0.0,0.0,0.07110074191816546,68372286.0,3056250648138.29
France,FRA,Europe,EU,2023,2020-2023,Post-Pandemic,Cars,EV,0.0,25.0,0.0,4.09999990463257,0.0,0.0,0.07110074191816546,68372286.0,3056250648138.29
France,FRA,Europe,EU,2023,2020-2023,Post-Pandemic,Cars,FCEV,310.0,0.0,890.0,0.0,0.0,0.0,0.07110074191816546,68372286.0,3056250648138.29
France,FRA,Europe,EU,2023,2020-2023,Post-Pandemic,Cars,PHEV,160000.0,0.0,590000.0,0.0,0.0,0.0,0.07110074191816546,68372286.0,3056250648138.29
France,FRA,Europe,EU,2023,2020-2023,Post-Pandemic,EV,Publicly available fast,0.0,0.0,0.0,0.0,0.0,20000.0,0.07110074191816546,68372286.0,3056250648138.29
France,FRA,Europe,EU,2023,2020-2023,Post-Pandemic,EV,Publicly available slow,0.0,0.0,0.0,0.0,0.0,98000.0,0.07110074191816546,68372286.0,3056250648138.29
France,FRA,Europe,EU,2023,2020-2023,Post-Pandemic,Trucks,BEV,3200.0,0.0,3700.0,0.0,0.0,0.0,0.07110074191816546,68372286.0,3056250648138.29
France,FRA,Europe,EU,2023,2020-2023,Post-Pandemic,Trucks,EV,0.0,6.19999980926514,0.0,0.600000023841858,0.0,0.0,0.07110074191816546,68372286.0,3056250648138.29
France,FRA,Europe,EU,2023,2020-2023,Post-Pandemic,Trucks,FCEV,1.0,0.0,1.0,0.0,0.0,0.0,0.07110074191816546,68372286.0,3056250648138.29
France,FRA,Europe,EU,2023,2020-2023,Post-Pandemic,Trucks,PHEV,0.0,0.0,10.0,0.0,0.0,0.0,0.07110074191816546,68372286.0,3056250648138.29
France,FRA,Europe,EU,2023,2020-2023,Post-Pandemic,Vans,BEV,30000.0,0.0,81000.0,0.0,0.0,0.0,0.07110074191816546,68372286.0,3056250648138.29
France,FRA,Europe,EU,2023,2020-2023,Post-Pandemic,Vans,EV,0.0,7.59999990463257,0.0,1.29999995231628,0.0,0.0,0.07110074191816546,68372286.0,3056250648138.29
France,FRA,Europe,EU,2023,2020-2023,Post-Pandemic,Vans,FCEV,0.0,0.0,290.0,0.0,0.0,0.0,0.07110074191816546,68372286.0,3056250648138.29
France,FRA,Europe,EU,2023,2020-2023,Post-Pandemic,Vans,PHEV,220.0,0.0,1600.0,0.0,0.0,0.0,0.07110074191816546,68372286.0,3056250648138.29
Germany,DEU,Europe,EU,2010,2010-2014,Pre-Pandemic,Cars,BEV,140.0,0.0,250.0,0.0,0.0,0.0,0.0,81776930.0,3467093769666.67
Germany,DEU,Europe,EU,2010,2010-2014,Pre-Pandemic,Cars,EV,0.0,0.004900000058115,0.0,0.000579999992624,0.0,0.0,0.0,81776930.0,3467093769666.67
Germany,DEU,Europe,EU,2010,2010-2014,Pre-Pandemic,Cars,FCEV,16.0,0.0,19.0,0.0,0.0,0.0,0.0,81776930.0,3467093769666.67
Germany,DEU,Europe,EU,2010,2010-2014,Pre-Pandemic,Vans,BEV,170.0,0.0,220.0,0.0,0.0,0.0,0.0,81776930.0,3467093769666.67
Germany,DEU,Europe,EU,2010,2010-2014,Pre-Pandemic,Vans,EV,0.0,0.086999997496605,0.0,0.012000000104308,0.0,0.0,0.0,81776930.0,3467093769666.67
Germany,DEU,Europe,EU,2010,2010-2014,Pre-Pandemic,Vans,FCEV,2.0,0.0,2.0,0.0,0.0,0.0,0.0,81776930.0,3467093769666.67
Germany,DEU,Europe,EU,2011,2010-2014,Pre-Pandemic,Cars,BEV,1400.0,0.0,1600.0,0.0,0.0,0.0,0.0,80274983.0,3823575803793.78
Germany,DEU,Europe,EU,2011,2010-2014,Pre-Pandemic,Cars,EV,0.0,0.052000001072884,0.0,0.004399999976158,0.0,0.0,0.0,80274983.0,3823575803793.78
Germany,DEU,Europe,EU,2011,2010-2014,Pre-Pandemic,Cars,FCEV,38.0,0.0,57.0,0.0,0.0,0.0,0.0,80274983.0,3823575803793.78
Germany,DEU,Europe,EU,2011,2010-2014,Pre-Pandemic,Cars,PHEV,240.0,0.0,240.0,0.0,0.0,0.0,0.0,80274983.0,3823575803793.78
Germany,DEU,Europe,EU,2011,2010-2014,Pre-Pandemic,Vans,BEV,280.0,0.0,500.0,0.0,0.0,0.0,0.0,80274983.0,3823575803793.78
Germany,DEU,Europe,EU,2011,2010-2014,Pre-Pandemic,Vans,EV,0.0,0.119999997317791,0.0,0.024000000208616,0.0,0.0,0.0,80274983.0,3823575803793.78
Germany,DEU,Europe,EU,2011,2010-2014,Pre-Pandemic,Vans,FCEV,0.0,0.0,2.0,0.0,0.0,0.0,0.0,80274983.0,3823575803793.78
Germany,DEU,Europe,EU,2012,2010-2014,Pre-Pandemic,Cars,BEV,2200.0,0.0,3900.0,0.0,0.0,0.0,0.22362993517972893,80425823.0,3596483233406.25
Germany,DEU,Europe,EU,2012,2010-2014,Pre-Pandemic,Cars,EV,0.0,0.109999999403954,0.0,0.012000000104308,0.0,0.0,0.22362993517972893,80425823.0,3596483233406.25
Germany,DEU,Europe,EU,2012,2010-2014,Pre-Pandemic,Cars,FCEV,29.0,0.0,86.0,0.0,0.0,0.0,0.22362993517972893,80425823.0,3596483233406.25
Germany,DEU,Europe,EU,2012,2010-2014,Pre-Pandemic,Cars,PHEV,1200.0,0.0,1400.0,0.0,0.0,0.0,0.22362993517972893,80425823.0,3596483233406.25
Germany,DEU,Europe,EU,2012,2010-2014,Pre-Pandemic,EV,Publicly available fast,0.0,0.0,0.0,0.0,0.0,18.0,0.22362993517972893,80425823.0,3596483233406.25
Germany,DEU,Europe,EU,2012,2010-2014,Pre-Pandemic,EV,Publicly available slow,0.0,0.0,0.0,0.0,0.0,1500.0,0.22362993517972893,80425823.0,3596483233406.25
Germany,DEU,Europe,EU,2012,2010-2014,Pre-Pandemic,Vans,BEV,950.0,0.0,1400.0,0.0,0.0,0.0,0.22362993517972893,80425823.0,3596483233406.25
Germany,DEU,Europe,EU,2012,2010-2014,Pre-Pandemic,Vans,EV,0.0,0.430000007152557,0.0,0.06700000166893,0.0,0.0,0.22362993517972893,80425823.0,3596483233406.25
Germany,DEU,Europe,EU,2012,2010-2014,Pre-Pandemic,Vans,FCEV,0.0,0.0,2.0,0.0,0.0,0.0,0.22362993517972893,80425823.0,3596483233406.25
Germany,DEU,Europe,EU,2013,2010-2014,Pre-Pandemic,Cars,BEV,5200.0,0.0,9200.0,0.0,0.0,0.0,0.1709515159983233,80645605.0,3807023797050.99
Germany,DEU,Europe,EU,2013,2010-2014,Pre-Pandemic,Cars,EV,0.0,0.230000004172325,0.0,0.028000000864267,0.0,0.0,0.1709515159983233,80645605.0,3807023797050.99
Germany,DEU,Europe,EU,2013,2010-2014,Pre-Pandemic,Cars,FCEV,23.0,0.0,110.0,0.0,0.0,0.0,0.1709515159983233,80645605.0,3807023797050.99
Germany,DEU,Europe,EU,2013,2010-2014,Pre-Pandemic,Cars,PHEV,1600.0,0.0,3000.0,0.0,0.0,0.0,0.1709515159983233,80645605.0,3807023797050.99
Germany,DEU,Europe,EU,2013,2010-2014,Pre-Pandemic,EV,Publicly available fast,0.0,0.0,0.0,0.0,0.0,47.0,0.1709515159983233,80645605.0,3807023797050.99
Germany,DEU,Europe,EU,2013,2010-2014,Pre-Pandemic,EV,Publicly available slow,0.0,0.0,0.0,0.0,0.0,2400.0,0.1709515159983233,80645605.0,3807023797050.99
Germany,DEU,Europe,EU,2013,2010-2014,Pre-Pandemic,Vans,BEV,600.0,0.0,2000.0,0.0,0.0,0.0,0.1709515159983233,80645605.0,3807023797050.99
Germany,DEU,Europe,EU,2013,2010-2014,Pre-Pandemic,Vans,EV,0.0,0.28999999165535,0.0,0.093000002205372,0.0,0.0,0.1709515159983233,80645605.0,3807023797050.99
Germany,DEU,Europe,EU,2013,2010-2014,Pre-Pandemic,Vans,FCEV,0.0,0.0,2.0,0.0,0.0,0.0,0.1709515159983233,80645605.0,3807023797050.99
Germany,DEU,Europe,EU,2013,2010-2014,Pre-Pandemic,Vans,PHEV,2.0,0.0,2.0,0.0,0.0,0.0,0.1709515159983233,80645605.0,3807023797050.99
Germany,DEU,Europe,EU,2014,2010-2014,Pre-Pandemic,Cars,BEV,9100.0,0.0,18000.0,0.0,0.0,0.0,0.09603163395000706,80982500.0,3964870735760.77
Germany,DEU,Europe,EU,2014,2010-2014,Pre-Pandemic,Cars,EV,0.0,0.449999988079071,0.0,0.056000001728535,0.0,0.0,0.09603163395000706,80982500.0,3964870735760.77
Germany,DEU,Europe,EU,2014,2010-2014,Pre-Pandemic,Cars,FCEV,8.0,0.0,120.0,0.0,0.0,0.0,0.09603163395000706,80982500.0,3964870735760.77
Germany,DEU,Europe,EU,2014,2010-2014,Pre-Pandemic,Cars,PHEV,4400.0,0.0,7400.0,0.0,0.0,0.0,0.09603163395000706,80982500.0,3964870735760.77
Germany,DEU,Europe,EU,2014,2010-2014,Pre-Pandemic,EV,Publicly available fast,0.0,0.0,0.0,0.0,0.0,120.0,0.09603163395000706,80982500.0,3964870735760.77
Germany,DEU,Europe,EU,2014,2010-2014,Pre-Pandemic,EV,Publicly available slow,0.0,0.0,0.0,0.0,0.0,2600.0,0.09603163395000706,80982500.0,3964870735760.77
Germany,DEU,Europe,EU,2014,2010-2014,Pre-Pandemic,Vans,BEV,720.0,0.0,2800.0,0.0,0.0,0.0,0.09603163395000706,80982500.0,3964870735760.77
Germany,DEU,Europe,EU,2014,2010-2014,Pre-Pandemic,Vans,EV,0.0,0.319999992847443,0.0,0.119999997317791,0.0,0.0,0.09603163395000706,80982500.0,3964870735760.77
Germany,DEU,Europe,EU,2014,2010-2014,Pre-Pandemic,Vans,FCEV,0.0,0.0,2.0,0.0,0.0,0.0,0.09603163395000706,80982500.0,3964870735760.77
Germany,DEU,Europe,EU,2014,2010-2014,Pre-Pandemic,Vans,PHEV,0.0,0.0,2.0,0.0,0.0,0.0,0.09603163395000706,80982500.0,3964870735760.77
Germany,DEU,Europe,EU,2015,2015-2019,Pre-Pandemic,Cars,BEV,12000.0,0.0,26000.0,0.0,0.0,0.0,0.10349895888621238,81686611.0,3425099578746.09
Germany,DEU,Europe,EU,2015,2015-2019,Pre-Pandemic,Cars,EV,0.0,0.730000019073486,0.0,0.097000002861023,0.0,0.0,0.10349895888621238,81686611.0,3425099578746.09
Germany,DEU,Europe,EU,2015,2015-2019,Pre-Pandemic,Cars,FCEV,63.0,0.0,180.0,0.0,0.0,0.0,0.10349895888621238,81686611.0,3425099578746.09
Germany,DEU,Europe,EU,2015,2015-2019,Pre-Pandemic,Cars,PHEV,11000.0,0.0,19000.0,0.0,0.0,0.0,0.10349895888621238,81686611.0,3425099578746.09
Germany,DEU,Europe,EU,2015,2015-2019,Pre-Pandemic,EV,Publicly available fast,0.0,0.0,0.0,0.0,0.0,470.0,0.10349895888621238,81686611.0,3425099578746.09
Germany,DEU,Europe,EU,2015,2015-2019,Pre-Pandemic,EV,Publicly available slow,0.0,0.0,0.0,0.0,0.0,4600.0,0.10349895888621238,81686611.0,3425099578746.09
Germany,DEU,Europe,EU,2015,2015-2019,Pre-Pandemic,Vans,BEV,1000.0,0.0,3800.0,0.0,0.0,0.0,0.10349895888621238,81686611.0,3425099578746.09
Germany,DEU,Europe,EU,2015,2015-2019,Pre-Pandemic,Vans,EV,0.0,0.439999997615814,0.0,0.159999996423721,0.0,0.0,0.10349895888621238,81686611.0,3425099578746.09
Germany,DEU,Europe,EU,2015,2015-2019,Pre-Pandemic,Vans,FCEV,0.0,0.0,2.0,0.0,0.0,0.0,0.10349895888621238,81686611.0,3425099578746.09
Germany,DEU,Europe,EU,2015,2015-2019,Pre-Pandemic,Vans,PHEV,2.0,0.0,4.0,0.0,0.0,0.0,0.10349895888621238,81686611.0,3425099578746.09
Germany,DEU,Europe,EU,2016,2015-2019,Pre-Pandemic,Buses,BEV,110.0,0.0,110.0,0.0,0.0,0.0,0.08855041727490566,82348669.0,3536787895179.0
Germany,DEU,Europe,EU,2016,2015-2019,Pre-Pandemic,Buses,EV,0.0,3.40000009536743,0.0,0.28999999165535,0.0,0.0,0.08855041727490566,82348669.0,3536787895179.0
Germany,DEU,Europe,EU,2016,2015-2019,Pre-Pandemic,Buses,FCEV,16.0,0.0,0.0,0.0,0.0,0.0,0.08855041727490566,82348669.0,3536787895179.0
Germany,DEU,Europe,EU,2016,2015-2019,Pre-Pandemic,Buses,PHEV,120.0,0.0,120.0,0.0,0.0,0.0,0.08855041727490566,82348669.0,3536787895179.0
Germany,DEU,Europe,EU,2016,2015-2019,Pre-Pandemic,Cars,BEV,11000.0,0.0,34000.0,0.0,0.0,0.0,0.08855041727490566,82348669.0,3536787895179.0
Germany,DEU,Europe,EU,2016,2015-2019,Pre-Pandemic,Cars,EV,0.0,0.740000009536743,0.0,0.140000000596046,0.0,0.0,0.08855041727490566,82348669.0,3536787895179.0
Germany,DEU,Europe,EU,2016,2015-2019,Pre-Pandemic,Cars,FCEV,0.0,0.0,180.0,0.0,0.0,0.0,0.08855041727490566,82348669.0,3536787895179.0
Germany,DEU,Europe,EU,2016,2015-2019,Pre-Pandemic,Cars,PHEV,13000.0,0.0,32000.0,0.0,0.0,0.0,0.08855041727490566,82348669.0,3536787895179.0
Germany,DEU,Europe,EU,2016,2015-2019,Pre-Pandemic,EV,Publicly available fast,0.0,0.0,0.0,0.0,0.0,630.0,0.08855041727490566,82348669.0,3536787895179.0
Germany,DEU,Europe,EU,2016,2015-2019,Pre-Pandemic,EV,Publicly available slow,0.0,0.0,0.0,0.0,0.0,5800.0,0.08855041727490566,82348669.0,3536787895179.0
Germany,DEU,Europe,EU,2016,2015-2019,Pre-Pandemic,Vans,BEV,2400.0,0.0,6200.0,0.0,0.0,0.0,0.08855041727490566,82348669.0,3536787895179.0
Germany,DEU,Europe,EU,2016,2015-2019,Pre-Pandemic,Vans,EV,0.0,0.97000002861023,0.0,0.25,0.0,0.0,0.08855041727490566,82348669.0,3536787895179.0
Germany,DEU,Europe,EU,2016,2015-2019,Pre-Pandemic,Vans,PHEV,0.0,0.0,4.0,0.0,0.0,0.0,0.08855041727490566,82348669.0,3536787895179.0
Germany,DEU,Europe,EU,2017,2015-2019,Pre-Pandemic,Buses,BEV,29.0,0.0,140.0,0.0,0.0,0.0,0.09348706762231225,82657002.0,3765351626105.89
Germany,DEU,Europe,EU,2017,2015-2019,Pre-Pandemic,Buses,EV,0.0,0.430000007152557,0.0,0.330000013113022,0.0,0.0,0.09348706762231225,82657002.0,3765351626105.89
Germany,DEU,Europe,EU,2017,2015-2019,Pre-Pandemic,Buses,FCEV,8.0,0.0,0.0,0.0,0.0,0.0,0.09348706762231225,82657002.0,3765351626105.89
Germany,DEU,Europe,EU,2017,2015-2019,Pre-Pandemic,Buses,PHEV,0.0,0.0,120.0,0.0,0.0,0.0,0.09348706762231225,82657002.0,3765351626105.89
Germany,DEU,Europe,EU,2017,2015-2019,Pre-Pandemic,Cars,BEV,25000.0,0.0,54000.0,0.0,0.0,0.0,0.09348706762231225,82657002.0,3765351626105.89
Germany,DEU,Europe,EU,2017,2015-2019,Pre-Pandemic,Cars,EV,0.0,1.60000002384186,0.0,0.219999998807907,0.0,0.0,0.09348706762231225,82657002.0,3765351626105.89
Germany,DEU,Europe,EU,2017,2015-2019,Pre-Pandemic,Cars,FCEV,82.0,0.0,260.0,0.0,0.0,0.0,0.09348706762231225,82657002.0,3765351626105.89
Germany,DEU,Europe,EU,2017,2015-2019,Pre-Pandemic,Cars,PHEV,29000.0,0.0,50000.0,0.0,0.0,0.0,0.09348706762231225,82657002.0,3765351626105.89
Germany,DEU,Europe,EU,2017,2015-2019,Pre-Pandemic,EV,Publicly available fast,0.0,0.0,0.0,0.0,0.0,1400.0,0.09348706762231225,82657002.0,3765351626105.89
Germany,DEU,Europe,EU,2017,2015-2019,Pre-Pandemic,EV,Publicly available slow,0.0,0.0,0.0,0.0,0.0,9400.0,0.09348706762231225,82657002.0,3765351626105.89
Germany,DEU,Europe,EU,2017,2015-2019,Pre-Pandemic,Vans,BEV,4500.0,0.0,11000.0,0.0,0.0,0.0,0.09348706762231225,82657002.0,3765351626105.89
Germany,DEU,Europe,EU,2017,2015-2019,Pre-Pandemic,Vans,EV,0.0,1.70000004768372,0.0,0.439999997615814,0.0,0.0,0.09348706762231225,82657002.0,3765351626105.89
Germany,DEU,Europe,EU,2017,2015-2019,Pre-Pandemic,Vans,PHEV,0.0,0.0,4.0,0.0,0.0,0.0,0.09348706762231225,82657002.0,3765351626105.89
Germany,DEU,Europe,EU,2018,2015-2019,Pre-Pandemic,Buses,BEV,43.0,0.0,160.0,0.0,0.0,0.0,0.10659582144379941,82905782.0,4055433215301.96
Germany,DEU,Europe,EU,2018,2015-2019,Pre-Pandemic,Buses,EV,0.0,0.639999985694885,0.0,0.349999994039536,0.0,0.0,0.10659582144379941,82905782.0,4055433215301.96
Germany,DEU,Europe,EU,2018,2015-2019,Pre-Pandemic,Buses,PHEV,0.0,0.0,120.0,0.0,0.0,0.0,0.10659582144379941,82905782.0,4055433215301.96
Germany,DEU,Europe,EU,2018,2015-2019,Pre-Pandemic,Cars,BEV,36000.0,0.0,83000.0,0.0,0.0,0.0,0.10659582144379941,82905782.0,4055433215301.96
Germany,DEU,Europe,EU,2018,2015-2019,Pre-Pandemic,Cars,EV,0.0,2.0,0.0,0.349999994039536,0.0,0.0,0.10659582144379941,82905782.0,4055433215301.96
Germany,DEU,Europe,EU,2018,2015-2019,Pre-Pandemic,Cars,FCEV,110.0,0.0,370.0,0.0,0.0,0.0,0.10659582144379941,82905782.0,4055433215301.96
Germany,DEU,Europe,EU,2018,2015-2019,Pre-Pandemic,Cars,PHEV,31000.0,0.0,82000.0,0.0,0.0,0.0,0.10659582144379941,82905782.0,4055433215301.96
Germany,DEU,Europe,EU,2018,2015-2019,Pre-Pandemic,EV,Publicly available fast,0.0,0.0,0.0,0.0,0.0,2500.0,0.10659582144379941,82905782.0,4055433215301.96
Germany,DEU,Europe,EU,2018,2015-2019,Pre-Pandemic,EV,Publicly available slow,0.0,0.0,0.0,0.0,0.0,17000.0,0.10659582144379941,82905782.0,4055433215301.96
Germany,DEU,Europe,EU,2018,2015-2019,Pre-Pandemic,Trucks,BEV,280.0,0.0,280.0,0.0,0.0,0.0,0.10659582144379941,82905782.0,4055433215301.96
Germany,DEU,Europe,EU,2018,2015-2019,Pre-Pandemic,Trucks,EV,0.0,0.300000011920929,0.0,0.029999999329448,0.0,0.0,0.10659582144379941,82905782.0,4055433215301.96
Germany,DEU,Europe,EU,2018,2015-2019,Pre-Pandemic,Vans,BEV,6000.0,0.0,17000.0,0.0,0.0,0.0,0.10659582144379941,82905782.0,4055433215301.96
Germany,DEU,Europe,EU,2018,2015-2019,Pre-Pandemic,Vans,EV,0.0,2.20000004768372,0.0,0.610000014305115,0.0,0.0,0.10659582144379941,82905782.0,4055433215301.96
Germany,DEU,Europe,EU,2018,2015-2019,Pre-Pandemic,Vans,PHEV,0.0,0.0,4.0,0.0,0.0,0.0,0.10659582144379941,82905782.0,4055433215301.96
Germany,DEU,Europe,EU,2019,2015-2019,Pre-Pandemic,Buses,BEV,190.0,0.0,380.0,0.0,0.0,0.0,0.11365882585491204,83092962.0,3959894794039.21
Germany,DEU,Europe,EU,2019,2015-2019,Pre-Pandemic,Buses,EV,0.0,3.09999990463257,0.0,0.639999985694885,0.0,0.0,0.11365882585491204,83092962.0,3959894794039.21
Germany,DEU,Europe,EU,2019,2015-2019,Pre-Pandemic,Buses,FCEV,0.0,0.0,24.0,0.0,0.0,0.0,0.11365882585491204,83092962.0,3959894794039.21
Germany,DEU,Europe,EU,2019,2015-2019,Pre-Pandemic,Buses,PHEV,0.0,0.0,120.0,0.0,0.0,0.0,0.11365882585491204,83092962.0,3959894794039.21
Germany,DEU,Europe,EU,2019,2015-2019,Pre-Pandemic,Cars,BEV,63000.0,0.0,140000.0,0.0,0.0,0.0,0.11365882585491204,83092962.0,3959894794039.21
Germany,DEU,Europe,EU,2019,2015-2019,Pre-Pandemic,Cars,EV,0.0,3.0,0.0,0.5,0.0,0.0,0.11365882585491204,83092962.0,3959894794039.21
Germany,DEU,Europe,EU,2019,2015-2019,Pre-Pandemic,Cars,FCEV,200.0,0.0,540.0,0.0,0.0,0.0,0.11365882585491204,83092962.0,3959894794039.21
Germany,DEU,Europe,EU,2019,2015-2019,Pre-Pandemic,Cars,PHEV,45000.0,0.0,100000.0,0.0,0.0,0.0,0.11365882585491204,83092962.0,3959894794039.21
Germany,DEU,Europe,EU,2019,2015-2019,Pre-Pandemic,EV,Publicly available fast,0.0,0.0,0.0,0.0,0.0,3900.0,0.11365882585491204,83092962.0,3959894794039.21
Germany,DEU,Europe,EU,2019,2015-2019,Pre-Pandemic,EV,Publicly available slow,0.0,0.0,0.0,0.0,0.0,26000.0,0.11365882585491204,83092962.0,3959894794039.21
Germany,DEU,Europe,EU,2019,2015-2019,Pre-Pandemic,Trucks,BEV,620.0,0.0,0.0,0.0,0.0,0.0,0.11365882585491204,83092962.0,3959894794039.21
Germany,DEU,Europe,EU,2019,2015-2019,Pre-Pandemic,Trucks,EV,0.0,0.629999995231628,0.0,0.0,0.0,0.0,0.11365882585491204,83092962.0,3959894794039.21
Germany,DEU,Europe,EU,2019,2015-2019,Pre-Pandemic,Vans,BEV,6700.0,0.0,22000.0,0.0,0.0,0.0,0.11365882585491204,83092962.0,3959894794039.21
Germany,DEU,Europe,EU,2019,2015-2019,Pre-Pandemic,Vans,EV,0.0,2.29999995231628,0.0,0.769999980926514,0.0,0.0,0.11365882585491204,83092962.0,3959894794039.21
Germany,DEU,Europe,EU,2019,2015-2019,Pre-Pandemic,Vans,PHEV,0.0,0.0,4.0,0.0,0.0,0.0,0.11365882585491204,83092962.0,3959894794039.21
Germany,DEU,Europe,EU,2020,2020-2023,Pandemic,Buses,BEV,390.0,0.0,760.0,0.0,0.0,0.0,0.06783014201935986,83160871.0,3941398957073.94
Germany,DEU,Europe,EU,2020,2020-2023,Pandemic,Buses,EV,0.0,6.09999990463257,0.0,1.20000004768372,0.0,0.0,0.06783014201935986,83160871.0,3941398957073.94
Germany,DEU,Europe,EU,2020,2020-2023,Pandemic,Buses,FCEV,38.0,0.0,49.0,0.0,0.0,0.0,0.06783014201935986,83160871.0,3941398957073.94
Germany,DEU,Europe,EU,2020,2020-2023,Pandemic,Buses,PHEV,0.0,0.0,130.0,0.0,0.0,0.0,0.06783014201935986,83160871.0,3941398957073.94
Germany,DEU,Europe,EU,2020,2020-2023,Pandemic,Cars,BEV,190000.0,0.0,310000.0,0.0,0.0,0.0,0.06783014201935986,83160871.0,3941398957073.94
Germany,DEU,Europe,EU,2020,2020-2023,Pandemic,Cars,EV,0.0,14.0,0.0,1.29999995231628,0.0,0.0,0.06783014201935986,83160871.0,3941398957073.94
Germany,DEU,Europe,EU,2020,2020-2023,Pandemic,Cars,FCEV,200.0,0.0,740.0,0.0,0.0,0.0,0.06783014201935986,83160871.0,3941398957073.94
Germany,DEU,Europe,EU,2020,2020-2023,Pandemic,Cars,PHEV,200000.0,0.0,300000.0,0.0,0.0,0.0,0.06783014201935986,83160871.0,3941398957073.94
Germany,DEU,Europe,EU,2020,2020-2023,Pandemic,EV,Publicly available fast,0.0,0.0,0.0,0.0,0.0,6200.0,0.06783014201935986,83160871.0,3941398957073.94
Germany,DEU,Europe,EU,2020,2020-2023,Pandemic,EV,Publicly available slow,0.0,0.0,0.0,0.0,0.0,37000.0,0.06783014201935986,83160871.0,3941398957073.94
Germany,DEU,Europe,EU,2020,2020-2023,Pandemic,Trucks,BEV,860.0,0.0,0.0,0.0,0.0,0.0,0.06783014201935986,83160871.0,3941398957073.94
Germany,DEU,Europe,EU,2020,2020-2023,Pandemic,Trucks,EV,0.0,1.10000002384186,0.0,0.0,0.0,0.0,0.06783014201935986,83160871.0,3941398957073.94
Germany,DEU,Europe,EU,2020,2020-2023,Pandemic,Vans,BEV,8800.0,0.0,25000.0,0.0,0.0,0.0,0.06783014201935986,83160871.0,3941398957073.94
Germany,DEU,Europe,EU,2020,2020-2023,Pandemic,Vans,EV,0.0,3.5,0.0,0.839999973773956,0.0,0.0,0.06783014201935986,83160871.0,3941398957073.94
Germany,DEU,Europe,EU,2020,2020-2023,Pandemic,Vans,FCEV,0.0,0.0,16.0,0.0,0.0,0.0,0.06783014201935986,83160871.0,3941398957073.94
Germany,DEU,Europe,EU,2020,2020-2023,Pandemic,Vans,PHEV,180.0,0.0,190.0,0.0,0.0,0.0,0.06783014201935986,83160871.0,3941398957073.94
Germany,DEU,Europe,EU,2021,2020-2023,Pandemic,Buses,BEV,610.0,0.0,1300.0,0.0,0.0,0.0,0.04579139971104314,83196078.0,4355251953410.78
Germany,DEU,Europe,EU,2021,2020-2023,Pandemic,Buses,EV,0.0,9.5,0.0,1.79999995231628,0.0,0.0,0.04579139971104314,83196078.0,4355251953410.78
Germany,DEU,Europe,EU,2021,2020-2023,Pandemic,Buses,FCEV,33.0,0.0,87.0,0.0,0.0,0.0,0.04579139971104314,83196078.0,4355251953410.78
Germany,DEU,Europe,EU,2021,2020-2023,Pandemic,Buses,PHEV,5.0,0.0,130.0,0.0,0.0,0.0,0.04579139971104314,83196078.0,4355251953410.78
Germany,DEU,Europe,EU,2021,2020-2023,Pandemic,Cars,BEV,360000.0,0.0,620000.0,0.0,0.0,0.0,0.04579139971104314,83196078.0,4355251953410.78
Germany,DEU,Europe,EU,2021,2020-2023,Pandemic,Cars,EV,0.0,26.0,0.0,2.59999990463257,0.0,0.0,0.04579139971104314,83196078.0,4355251953410.78
Germany,DEU,Europe,EU,2021,2020-2023,Pandemic,Cars,FCEV,460.0,0.0,1200.0,0.0,0.0,0.0,0.04579139971104314,83196078.0,4355251953410.78
Germany,DEU,Europe,EU,2021,2020-2023,Pandemic,Cars,PHEV,330000.0,0.0,630000.0,0.0,0.0,0.0,0.04579139971104314,83196078.0,4355251953410.78
Germany,DEU,Europe,EU,2021,2020-2023,Pandemic,EV,Publicly available fast,0.0,0.0,0.0,0.0,0.0,9300.0,0.04579139971104314,83196078.0,4355251953410.78
Germany,DEU,Europe,EU,2021,2020-2023,Pandemic,EV,Publicly available slow,0.0,0.0,0.0,0.0,0.0,50000.0,0.04579139971104314,83196078.0,4355251953410.78
Germany,DEU,Europe,EU,2021,2020-2023,Pandemic,Trucks,BEV,1000.0,0.0,770.0,0.0,0.0,0.0,0.04579139971104314,83196078.0,4355251953410.78
Germany,DEU,Europe,EU,2021,2020-2023,Pandemic,Trucks,EV,0.0,1.29999995231628,0.0,0.079999998211861,0.0,0.0,0.04579139971104314,83196078.0,4355251953410.78
Germany,DEU,Europe,EU,2021,2020-2023,Pandemic,Vans,BEV,13000.0,0.0,41000.0,0.0,0.0,0.0,0.04579139971104314,83196078.0,4355251953410.78
Germany,DEU,Europe,EU,2021,2020-2023,Pandemic,Vans,EV,0.0,5.09999990463257,0.0,1.29999995231628,0.0,0.0,0.04579139971104314,83196078.0,4355251953410.78
Germany,DEU,Europe,EU,2021,2020-2023,Pandemic,Vans,FCEV,5.0,0.0,16.0,0.0,0.0,0.0,0.04579139971104314,83196078.0,4355251953410.78
Germany,DEU,Europe,EU,2021,2020-2023,Pandemic,Vans,PHEV,310.0,0.0,500.0,0.0,0.0,0.0,0.04579139971104314,83196078.0,4355251953410.78
Germany,DEU,Europe,EU,2022,2020-2023,Post-Pandemic,Buses,BEV,630.0,0.0,1700.0,0.0,0.0,0.0,0.044822388678907,83177813.0,4201021706478.62
Germany,DEU,Europe,EU,2022,2020-2023,Post-Pandemic,Buses,EV,0.0,13.0,0.0,2.29999995231628,0.0,0.0,0.044822388678907,83177813.0,4201021706478.62
Germany,DEU,Europe,EU,2022,2020-2023,Post-Pandemic,Buses,FCEV,21.0,0.0,68.0,0.0,0.0,0.0,0.044822388678907,83177813.0,4201021706478.62
Germany,DEU,Europe,EU,2022,2020-2023,Post-Pandemic,Buses,PHEV,15.0,0.0,130.0,0.0,0.0,0.0,0.044822388678907,83177813.0,4201021706478.62
Germany,DEU,Europe,EU,2022,2020-2023,Post-Pandemic,Cars,BEV,470000.0,0.0,1000000.0,0.0,0.0,0.0,0.044822388678907,83177813.0,4201021706478.62
Germany,DEU,Europe,EU,2022,2020-2023,Post-Pandemic,Cars,EV,0.0,31.0,0.0,3.90000009536743,0.0,0.0,0.044822388678907,83177813.0,4201021706478.62
Germany,DEU,Europe,EU,2022,2020-2023,Post-Pandemic,Cars,FCEV,840.0,0.0,2100.0,0.0,0.0,0.0,0.044822388678907,83177813.0,4201021706478.62
Germany,DEU,Europe,EU,2022,2020-2023,Post-Pandemic,Cars,PHEV,360000.0,0.0,860000.0,0.0,0.0,0.0,0.044822388678907,83177813.0,4201021706478.62
Germany,DEU,Europe,EU,2022,2020-2023,Post-Pandemic,EV,Publicly available fast,0.0,0.0,0.0,0.0,0.0,15000.0,0.044822388678907,83177813.0,4201021706478.62
Germany,DEU,Europe,EU,2022,2020-2023,Post-Pandemic,EV,Publicly available slow,0.0,0.0,0.0,0.0,0.0,71000.0,0.044822388678907,83177813.0,4201021706478.62
Germany,DEU,Europe,EU,2022,2020-2023,Post-Pandemic,Trucks,BEV,1100.0,0.0,900.0,0.0,0.0,0.0,0.044822388678907,83177813.0,4201021706478.62
Germany,DEU,Europe,EU,2022,2020-2023,Post-Pandemic,Trucks,EV,0.0,1.5,0.0,0.094999998807907,0.0,0.0,0.044822388678907,83177813.0,4201021706478.62
Germany,DEU,Europe,EU,2022,2020-2023,Post-Pandemic,Vans,BEV,18000.0,0.0,53000.0,0.0,0.0,0.0,0.044822388678907,83177813.0,4201021706478.62
Germany,DEU,Europe,EU,2022,2020-2023,Post-Pandemic,Vans,EV,0.0,8.30000019073486,0.0,1.70000004768372,0.0,0.0,0.044822388678907,83177813.0,4201021706478.62
Germany,DEU,Europe,EU,2022,2020-2023,Post-Pandemic,Vans,FCEV,0.0,0.0,16.0,0.0,0.0,0.0,0.044822388678907,83177813.0,4201021706478.62
Germany,DEU,Europe,EU,2022,2020-2023,Post-Pandemic,Vans,PHEV,770.0,0.0,770.0,0.0,0.0,0.0,0.044822388678907,83177813.0,4201021706478.62
Germany,DEU,Europe,EU,2023,2020-2023,Post-Pandemic,Buses,BEV,840.0,0.0,2800.0,0.0,0.0,0.0,0.04150227474736451,83287273.0,4562207532490.28
Germany,DEU,Europe,EU,2023,2020-2023,Post-Pandemic,Buses,EV,0.0,15.0,0.0,3.79999995231628,0.0,0.0,0.04150227474736451,83287273.0,4562207532490.28
Germany,DEU,Europe,EU,2023,2020-2023,Post-Pandemic,Buses,FCEV,43.0,0.0,160.0,0.0,0.0,0.0,0.04150227474736451,83287273.0,4562207532490.28
Germany,DEU,Europe,EU,2023,2020-2023,Post-Pandemic,Buses,PHEV,5.0,0.0,140.0,0.0,0.0,0.0,0.04150227474736451,83287273.0,4562207532490.28
Germany,DEU,Europe,EU,2023,2020-2023,Post-Pandemic,Cars,BEV,520000.0,0.0,1500000.0,0.0,0.0,0.0,0.04150227474736451,83287273.0,4562207532490.28
Germany,DEU,Europe,EU,2023,2020-2023,Post-Pandemic,Cars,EV,0.0,24.0,0.0,5.40000009536743,0.0,0.0,0.04150227474736451,83287273.0,4562207532490.28
Germany,DEU,Europe,EU,2023,2020-2023,Post-Pandemic,Cars,FCEV,260.0,0.0,2400.0,0.0,0.0,0.0,0.04150227474736451,83287273.0,4562207532490.28
Germany,DEU,Europe,EU,2023,2020-2023,Post-Pandemic,Cars,PHEV,180000.0,0.0,1000000.0,0.0,0.0,0.0,0.04150227474736451,83287273.0,4562207532490.28
Germany,DEU,Europe,EU,2023,2020-2023,Post-Pandemic,EV,Publicly available fast,0.0,0.0,0.0,0.0,0.0,21000.0,0.04150227474736451,83287273.0,4562207532490.28
Germany,DEU,Europe,EU,2023,2020-2023,Post-Pandemic,EV,Publicly available slow,0.0,0.0,0.0,0.0,0.0,87000.0,0.04150227474736451,83287273.0,4562207532490.28
Germany,DEU,Europe,EU,2023,2020-2023,Post-Pandemic,Trucks,BEV,2200.0,0.0,6100.0,0.0,0.0,0.0,0.04150227474736451,83287273.0,4562207532490.28
Germany,DEU,Europe,EU,2023,2020-2023,Post-Pandemic,Trucks,EV,0.0,2.29999995231628,0.0,0.649999976158142,0.0,0.0,0.04150227474736451,83287273.0,4562207532490.28
Germany,DEU,Europe,EU,2023,2020-2023,Post-Pandemic,Trucks,FCEV,8.0,0.0,8.0,0.0,0.0,0.0,0.04150227474736451,83287273.0,4562207532490.28
Germany,DEU,Europe,EU,2023,2020-2023,Post-Pandemic,Trucks,PHEV,4.0,0.0,4.0,0.0,0.0,0.0,0.04150227474736451,83287273.0,4562207532490.28
Germany,DEU,Europe,EU,2023,2020-2023,Post-Pandemic,Vans,BEV,25000.0,0.0,89000.0,0.0,0.0,0.0,0.04150227474736451,83287273.0,4562207532490.28
Germany,DEU,Europe,EU,2023,2020-2023,Post-Pandemic,Vans,EV,0.0,9.69999980926514,0.0,2.79999995231628,0.0,0.0,0.04150227474736451,83287273.0,4562207532490.28
Germany,DEU,Europe,EU,2023,2020-2023,Post-Pandemic,Vans,FCEV,48.0,0.0,55.0,0.0,0.0,0.0,0.04150227474736451,83287273.0,4562207532490.28
Germany,DEU,Europe,EU,2023,2020-2023,Post-Pandemic,Vans,PHEV,360.0,0.0,1600.0,0.0,0.0,0.0,0.04150227474736451,83287273.0,4562207532490.28
Greece,GRC,Europe,EU,2013,2010-2014,Pre-Pandemic,Cars,BEV,3.0,0.0,3.0,0.0,0.0,0.0,3.3333333333333335,10965211.0,236556279640.705
Greece,GRC,Europe,EU,2013,2010-2014,Pre-Pandemic,Cars,EV,0.0,0.005100000184029,0.0,6.70000008540228e-05,0.0,0.0,3.3333333333333335,10965211.0,236556279640.705
Greece,GRC,Europe,EU,2013,2010-2014,Pre-Pandemic,EV,Publicly available slow,0.0,0.0,0.0,0.0,0.0,10.0,3.3333333333333335,10965211.0,236556279640.705
Greece,GRC,Europe,EU,2014,2010-2014,Pre-Pandemic,Cars,BEV,39.0,0.0,42.0,0.0,0.0,0.0,0.38095238095238093,10892413.0,233911581521.062
Greece,GRC,Europe,EU,2014,2010-2014,Pre-Pandemic,Cars,EV,0.0,0.054999999701977,0.0,0.000950000016019,0.0,0.0,0.38095238095238093,10892413.0,233911581521.062
Greece,GRC,Europe,EU,2014,2010-2014,Pre-Pandemic,EV,Publicly available fast,0.0,0.0,0.0,0.0,0.0,2.0,0.38095238095238093,10892413.0,233911581521.062
Greece,GRC,Europe,EU,2014,2010-2014,Pre-Pandemic,EV,Publicly available slow,0.0,0.0,0.0,0.0,0.0,14.0,0.38095238095238093,10892413.0,233911581521.062
Greece,GRC,Europe,EU,2015,2015-2019,Pre-Pandemic,Cars,BEV,35.0,0.0,97.0,0.0,0.0,0.0,0.13445378151260504,10820883.0,194567373678.099
Greece,GRC,Europe,EU,2015,2015-2019,Pre-Pandemic,Cars,EV,0.0,0.078000001609325,0.0,0.002700000070035,0.0,0.0,0.13445378151260504,10820883.0,194567373678.099
Greece,GRC,Europe,EU,2015,2015-2019,Pre-Pandemic,Cars,PHEV,22.0,0.0,22.0,0.0,0.0,0.0,0.13445378151260504,10820883.0,194567373678.099
Greece,GRC,Europe,EU,2015,2015-2019,Pre-Pandemic,EV,Publicly available fast,0.0,0.0,0.0,0.0,0.0,2.0,0.13445378151260504,10820883.0,194567373678.099
Greece,GRC,Europe,EU,2015,2015-2019,Pre-Pandemic,EV,Publicly available slow,0.0,0.0,0.0,0.0,0.0,14.0,0.13445378151260504,10820883.0,194567373678.099
Greece,GRC,Europe,EU,2016,2015-2019,Pre-Pandemic,Cars,BEV,41.0,0.0,140.0,0.0,0.0,0.0,0.0779816513761468,10775971.0,193097239005.87
Greece,GRC,Europe,EU,2016,2015-2019,Pre-Pandemic,Cars,EV,0.0,0.119999997317791,0.0,0.004999999888241,0.0,0.0,0.0779816513761468,10775971.0,193097239005.87
Greece,GRC,Europe,EU,2016,2015-2019,Pre-Pandemic,Cars,PHEV,56.0,0.0,78.0,0.0,0.0,0.0,0.0779816513761468,10775971.0,193097239005.87
Greece,GRC,Europe,EU,2016,2015-2019,Pre-Pandemic,EV,Publicly available fast,0.0,0.0,0.0,0.0,0.0,2.0,0.0779816513761468,10775971.0,193097239005.87
Greece,GRC,Europe,EU,2016,2015-2019,Pre-Pandemic,EV,Publicly available slow,0.0,0.0,0.0,0.0,0.0,15.0,0.0779816513761468,10775971.0,193097239005.87
Greece,GRC,Europe,EU,2017,2015-2019,Pre-Pandemic,Cars,BEV,50.0,0.0,190.0,0.0,0.0,0.0,0.05853658536585366,10754679.0,200381103984.298
Greece,GRC,Europe,EU,2017,2015-2019,Pre-Pandemic,Cars,EV,0.0,0.219999998807907,0.0,0.009600000455976,0.0,0.0,0.05853658536585366,10754679.0,200381103984.298
Greece,GRC,Europe,EU,2017,2015-2019,Pre-Pandemic,Cars,PHEV,140.0,0.0,220.0,0.0,0.0,0.0,0.05853658536585366,10754679.0,200381103984.298
Greece,GRC,Europe,EU,2017,2015-2019,Pre-Pandemic,EV,Publicly available fast,0.0,0.0,0.0,0.0,0.0,2.0,0.05853658536585366,10754679.0,200381103984.298
Greece,GRC,Europe,EU,2017,2015-2019,Pre-Pandemic,EV,Publicly available slow,0.0,0.0,0.0,0.0,0.0,22.0,0.05853658536585366,10754679.0,200381103984.298
Greece,GRC,Europe,EU,2018,2015-2019,Pre-Pandemic,Cars,BEV,88.0,0.0,280.0,0.0,0.0,0.0,0.05694444444444444,10732882.0,213298873494.394
Greece,GRC,Europe,EU,2018,2015-2019,Pre-Pandemic,Cars,EV,0.0,0.28999999165535,0.0,0.017000000923872,0.0,0.0,0.05694444444444444,10732882.0,213298873494.394
Greece,GRC,Europe,EU,2018,2015-2019,Pre-Pandemic,Cars,PHEV,210.0,0.0,440.0,0.0,0.0,0.0,0.05694444444444444,10732882.0,213298873494.394
Greece,GRC,Europe,EU,2018,2015-2019,Pre-Pandemic,EV,Publicly available fast,0.0,0.0,0.0,0.0,0.0,10.0,0.05694444444444444,10732882.0,213298873494.394
Greece,GRC,Europe,EU,2018,2015-2019,Pre-Pandemic,EV,Publicly available slow,0.0,0.0,0.0,0.0,0.0,31.0,0.05694444444444444,10732882.0,213298873494.394
Greece,GRC,Europe,EU,2019,2015-2019,Pre-Pandemic,Cars,BEV,190.0,0.0,470.0,0.0,0.0,0.0,0.060833333333333336,10721582.0,207305649887.019
Greece,GRC,Europe,EU,2019,2015-2019,Pre-Pandemic,Cars,EV,0.0,0.419999986886978,0.0,0.028999999165535,0.0,0.0,0.060833333333333336,10721582.0,207305649887.019
Greece,GRC,Europe,EU,2019,2015-2019,Pre-Pandemic,Cars,PHEV,290.0,0.0,730.0,0.0,0.0,0.0,0.060833333333333336,10721582.0,207305649887.019
Greece,GRC,Europe,EU,2019,2015-2019,Pre-Pandemic,EV,Publicly available fast,0.0,0.0,0.0,0.0,0.0,10.0,0.060833333333333336,10721582.0,207305649887.019
Greece,GRC,Europe,EU,2019,2015-2019,Pre-Pandemic,EV,Publicly available slow,0.0,0.0,0.0,0.0,0.0,63.0,0.060833333333333336,10721582.0,207305649887.019
Greece,GRC,Europe,EU,2020,2020-2023,Pandemic,Cars,BEV,680.0,0.0,1100.0,0.0,0.0,0.0,0.07090909090909091,10698599.0,191362985554.861
Greece,GRC,Europe,EU,2020,2020-2023,Pandemic,Cars,EV,0.0,2.59999990463257,0.0,0.082999996840954,0.0,0.0,0.07090909090909091,10698599.0,191362985554.861
Greece,GRC,Europe,EU,2020,2020-2023,Pandemic,Cars,PHEV,1500.0,0.0,2200.0,0.0,0.0,0.0,0.07090909090909091,10698599.0,191362985554.861
Greece,GRC,Europe,EU,2020,2020-2023,Pandemic,EV,Publicly available fast,0.0,0.0,0.0,0.0,0.0,14.0,0.07090909090909091,10698599.0,191362985554.861
Greece,GRC,Europe,EU,2020,2020-2023,Pandemic,EV,Publicly available slow,0.0,0.0,0.0,0.0,0.0,220.0,0.07090909090909091,10698599.0,191362985554.861
Greece,GRC,Europe,EU,2021,2020-2023,Pandemic,Cars,BEV,2200.0,0.0,3300.0,0.0,0.0,0.0,0.1262135922330097,10570130.0,218303801895.326
Greece,GRC,Europe,EU,2021,2020-2023,Pandemic,Cars,EV,0.0,6.90000009536743,0.0,0.259999990463257,0.0,0.0,0.1262135922330097,10570130.0,218303801895.326
Greece,GRC,Europe,EU,2021,2020-2023,Pandemic,Cars,PHEV,4800.0,0.0,7000.0,0.0,0.0,0.0,0.1262135922330097,10570130.0,218303801895.326
Greece,GRC,Europe,EU,2021,2020-2023,Pandemic,EV,Publicly available fast,0.0,0.0,0.0,0.0,0.0,100.0,0.1262135922330097,10570130.0,218303801895.326
Greece,GRC,Europe,EU,2021,2020-2023,Pandemic,EV,Publicly available slow,0.0,0.0,0.0,0.0,0.0,1200.0,0.1262135922330097,10570130.0,218303801895.326
Greece,GRC,Europe,EU,2022,2020-2023,Post-Pandemic,Cars,BEV,2800.0,0.0,7400.0,0.0,0.0,0.0,0.1541237113402062,10437805.0,217990189600.69
Greece,GRC,Europe,EU,2022,2020-2023,Post-Pandemic,Cars,EV,0.0,7.90000009536743,0.0,0.519999980926514,0.0,0.0,0.1541237113402062,10437805.0,217990189600.69
Greece,GRC,Europe,EU,2022,2020-2023,Post-Pandemic,Cars,PHEV,5500.0,0.0,12000.0,0.0,0.0,0.0,0.1541237113402062,10437805.0,217990189600.69
Greece,GRC,Europe,EU,2022,2020-2023,Post-Pandemic,EV,Publicly available fast,0.0,0.0,0.0,0.0,0.0,190.0,0.1541237113402062,10437805.0,217990189600.69
Greece,GRC,Europe,EU,2022,2020-2023,Post-Pandemic,EV,Publicly available slow,0.0,0.0,0.0,0.0,0.0,2800.0,0.1541237113402062,10437805.0,217990189600.69
Greece,GRC,Europe,EU,2023,2020-2023,Post-Pandemic,Cars,BEV,7000.0,0.0,13000.0,0.0,0.0,0.0,0.15088235294117647,10407351.0,242946187738.269
Greece,GRC,Europe,EU,2023,2020-2023,Post-Pandemic,Cars,EV,0.0,14.0,0.0,0.910000026226044,0.0,0.0,0.15088235294117647,10407351.0,242946187738.269
Greece,GRC,Europe,EU,2023,2020-2023,Post-Pandemic,Cars,PHEV,10000.0,0.0,21000.0,0.0,0.0,0.0,0.15088235294117647,10407351.0,242946187738.269
Greece,GRC,Europe,EU,2023,2020-2023,Post-Pandemic,EV,Publicly available fast,0.0,0.0,0.0,0.0,0.0,330.0,0.15088235294117647,10407351.0,242946187738.269
Greece,GRC,Europe,EU,2023,2020-2023,Post-Pandemic,EV,Publicly available slow,0.0,0.0,0.0,0.0,0.0,4800.0,0.15088235294117647,10407351.0,242946187738.269
Hungary,HUN,Europe,EU,2015,2015-2019,Pre-Pandemic,Cars,BEV,120.0,0.0,0.0,0.0,0.0,0.0,0.0,9797755.0,125244126623.289
Hungary,HUN,Europe,EU,2015,2015-2019,Pre-Pandemic,Cars,EV,0.0,0.170000001788139,0.0,0.0,0.0,0.0,0.0,9797755.0,125244126623.289
Hungary,HUN,Europe,EU,2015,2015-2019,Pre-Pandemic,Cars,PHEV,15.0,0.0,0.0,0.0,0.0,0.0,0.0,9797755.0,125244126623.289
Hungary,HUN,Europe,EU,2016,2015-2019,Pre-Pandemic,Cars,BEV,170.0,0.0,0.0,0.0,0.0,0.0,0.0,9759755.0,128983560865.293
Hungary,HUN,Europe,EU,2016,2015-2019,Pre-Pandemic,Cars,EV,0.0,0.360000014305115,0.0,0.0,0.0,0.0,0.0,9759755.0,128983560865.293
Hungary,HUN,Europe,EU,2016,2015-2019,Pre-Pandemic,Cars,PHEV,170.0,0.0,0.0,0.0,0.0,0.0,0.0,9759755.0,128983560865.293
Hungary,HUN,Europe,EU,2017,2015-2019,Pre-Pandemic,Cars,BEV,750.0,0.0,0.0,0.0,0.0,0.0,0.0,9726756.0,143335098991.862
Hungary,HUN,Europe,EU,2017,2015-2019,Pre-Pandemic,Cars,EV,0.0,1.0,0.0,0.0,0.0,0.0,0.0,9726756.0,143335098991.862
Hungary,HUN,Europe,EU,2017,2015-2019,Pre-Pandemic,Cars,PHEV,440.0,0.0,0.0,0.0,0.0,0.0,0.0,9726756.0,143335098991.862
Hungary,HUN,Europe,EU,2018,2015-2019,Pre-Pandemic,Cars,BEV,1300.0,0.0,0.0,0.0,0.0,0.0,0.0,9706964.0,161184691013.835
Hungary,HUN,Europe,EU,2018,2015-2019,Pre-Pandemic,Cars,EV,0.0,1.5,0.0,0.0,0.0,0.0,0.0,9706964.0,161184691013.835
Hungary,HUN,Europe,EU,2018,2015-2019,Pre-Pandemic,Cars,PHEV,770.0,0.0,0.0,0.0,0.0,0.0,0.0,9706964.0,161184691013.835
Hungary,HUN,Europe,EU,2019,2015-2019,Pre-Pandemic,Cars,BEV,1800.0,0.0,0.0,0.0,0.0,0.0,0.0,9694824.0,164936682033.992
Hungary,HUN,Europe,EU,2019,2015-2019,Pre-Pandemic,Cars,EV,0.0,1.89999997615814,0.0,0.0,0.0,0.0,0.0,9694824.0,164936682033.992
Hungary,HUN,Europe,EU,2019,2015-2019,Pre-Pandemic,Cars,PHEV,1100.0,0.0,0.0,0.0,0.0,0.0,0.0,9694824.0,164936682033.992
Hungary,HUN,Europe,EU,2020,2020-2023,Pandemic,Cars,BEV,3000.0,0.0,0.0,0.0,0.0,0.0,0.0,9670419.0,158468487754.196
Hungary,HUN,Europe,EU,2020,2020-2023,Pandemic,Cars,EV,0.0,4.69999980926514,0.0,0.0,0.0,0.0,0.0,9670419.0,158468487754.196
Hungary,HUN,Europe,EU,2020,2020-2023,Pandemic,Cars,PHEV,3000.0,0.0,0.0,0.0,0.0,0.0,0.0,9670419.0,158468487754.196
Hungary,HUN,Europe,EU,2021,2020-2023,Pandemic,Cars,BEV,4300.0,0.0,0.0,0.0,0.0,0.0,0.0,9630932.0,183282685440.486
Hungary,HUN,Europe,EU,2021,2020-2023,Pandemic,Cars,EV,0.0,7.0,0.0,0.0,0.0,0.0,0.0,9630932.0,183282685440.486
Hungary,HUN,Europe,EU,2021,2020-2023,Pandemic,Cars,PHEV,4200.0,0.0,0.0,0.0,0.0,0.0,0.0,9630932.0,183282685440.486
Hungary,HUN,Europe,EU,2022,2020-2023,Post-Pandemic,Cars,BEV,4700.0,0.0,0.0,0.0,0.0,0.0,0.0,9605074.0,177002580544.155
Hungary,HUN,Europe,EU,2022,2020-2023,Post-Pandemic,Cars,EV,0.0,8.60000038146973,0.0,0.0,0.0,0.0,0.0,9605074.0,177002580544.155
Hungary,HUN,Europe,EU,2022,2020-2023,Post-Pandemic,Cars,PHEV,4900.0,0.0,0.0,0.0,0.0,0.0,0.0,9605074.0,177002580544.155
Hungary,HUN,Europe,EU,2023,2020-2023,Post-Pandemic,Cars,BEV,5800.0,0.0,0.0,0.0,0.0,0.0,0.0,9592186.0,213029511028.874
Hungary,HUN,Europe,EU,2023,2020-2023,Post-Pandemic,Cars,EV,0.0,11.0,0.0,0.0,0.0,0.0,0.0,9592186.0,213029511028.874
Hungary,HUN,Europe,EU,2023,2020-2023,Post-Pandemic,Cars,PHEV,5500.0,0.0,0.0,0.0,0.0,0.0,0.0,9592186.0,213029511028.874
Iceland,ISL,Europe,EU,2010,2010-2014,Pre-Pandemic,Cars,BEV,0.0,0.0,14.0,0.0,0.0,0.0,0.0,318041.0,13922711576.5124
Iceland,ISL,Europe,EU,2010,2010-2014,Pre-Pandemic,Cars,EV,0.0,0.0,0.0,0.006699999794364,0.0,0.0,0.0,318041.0,13922711576.5124
Iceland,ISL,Europe,EU,2010,2010-2014,Pre-Pandemic,Cars,FCEV,11.0,0.0,20.0,0.0,0.0,0.0,0.0,318041.0,13922711576.5124
Iceland,ISL,Europe,EU,2011,2010-2014,Pre-Pandemic,Cars,BEV,0.0,0.0,14.0,0.0,0.0,0.0,0.0,319014.0,15394005872.149
Iceland,ISL,Europe,EU,2011,2010-2014,Pre-Pandemic,Cars,EV,0.0,0.0,0.0,0.006699999794364,0.0,0.0,0.0,319014.0,15394005872.149
Iceland,ISL,Europe,EU,2011,2010-2014,Pre-Pandemic,Cars,FCEV,0.0,0.0,20.0,0.0,0.0,0.0,0.0,319014.0,15394005872.149
Iceland,ISL,Europe,EU,2012,2010-2014,Pre-Pandemic,Cars,BEV,17.0,0.0,31.0,0.0,0.0,0.0,0.0,320716.0,14943757823.3226
Iceland,ISL,Europe,EU,2012,2010-2014,Pre-Pandemic,Cars,EV,0.0,0.330000013113022,0.0,0.018999999389052,0.0,0.0,0.0,320716.0,14943757823.3226
Iceland,ISL,Europe,EU,2012,2010-2014,Pre-Pandemic,Cars,FCEV,0.0,0.0,20.0,0.0,0.0,0.0,0.0,320716.0,14943757823.3226
Iceland,ISL,Europe,EU,2012,2010-2014,Pre-Pandemic,Cars,PHEV,9.0,0.0,9.0,0.0,0.0,0.0,0.0,320716.0,14943757823.3226
Iceland,ISL,Europe,EU,2013,2010-2014,Pre-Pandemic,Cars,BEV,80.0,0.0,110.0,0.0,0.0,0.0,0.0,323764.0,16244319958.6808
Iceland,ISL,Europe,EU,2013,2010-2014,Pre-Pandemic,Cars,EV,0.0,1.39999997615814,0.0,0.06700000166893,0.0,0.0,0.0,323764.0,16244319958.6808
Iceland,ISL,Europe,EU,2013,2010-2014,Pre-Pandemic,Cars,FCEV,0.0,0.0,18.0,0.0,0.0,0.0,0.0,323764.0,16244319958.6808
Iceland,ISL,Europe,EU,2013,2010-2014,Pre-Pandemic,Cars,PHEV,23.0,0.0,32.0,0.0,0.0,0.0,0.0,323764.0,16244319958.6808
Iceland,ISL,Europe,EU,2014,2010-2014,Pre-Pandemic,Cars,BEV,200.0,0.0,240.0,0.0,0.0,0.0,0.020338983050847456,327386.0,18052183514.8695
Iceland,ISL,Europe,EU,2014,2010-2014,Pre-Pandemic,Cars,EV,0.0,2.40000009536743,0.0,0.150000005960464,0.0,0.0,0.020338983050847456,327386.0,18052183514.8695
Iceland,ISL,Europe,EU,2014,2010-2014,Pre-Pandemic,Cars,FCEV,0.0,0.0,3.0,0.0,0.0,0.0,0.020338983050847456,327386.0,18052183514.8695
Iceland,ISL,Europe,EU,2014,2010-2014,Pre-Pandemic,Cars,PHEV,29.0,0.0,52.0,0.0,0.0,0.0,0.020338983050847456,327386.0,18052183514.8695
Iceland,ISL,Europe,EU,2014,2010-2014,Pre-Pandemic,EV,Publicly available fast,0.0,0.0,0.0,0.0,0.0,6.0,0.020338983050847456,327386.0,18052183514.8695
Iceland,ISL,Europe,EU,2015,2015-2019,Pre-Pandemic,Cars,BEV,390.0,0.0,570.0,0.0,0.0,0.0,0.03081232492997199,330815.0,17700486957.1907
Iceland,ISL,Europe,EU,2015,2015-2019,Pre-Pandemic,Cars,EV,0.0,3.90000009536743,0.0,0.360000014305115,0.0,0.0,0.03081232492997199,330815.0,17700486957.1907
Iceland,ISL,Europe,EU,2015,2015-2019,Pre-Pandemic,Cars,FCEV,0.0,0.0,4.0,0.0,0.0,0.0,0.03081232492997199,330815.0,17700486957.1907
Iceland,ISL,Europe,EU,2015,2015-2019,Pre-Pandemic,Cars,PHEV,170.0,0.0,140.0,0.0,0.0,0.0,0.03081232492997199,330815.0,17700486957.1907
Iceland,ISL,Europe,EU,2015,2015-2019,Pre-Pandemic,EV,Publicly available fast,0.0,0.0,0.0,0.0,0.0,11.0,0.03081232492997199,330815.0,17700486957.1907
Iceland,ISL,Europe,EU,2015,2015-2019,Pre-Pandemic,EV,Publicly available slow,0.0,0.0,0.0,0.0,0.0,11.0,0.03081232492997199,330815.0,17700486957.1907
Iceland,ISL,Europe,EU,2016,2015-2019,Pre-Pandemic,Cars,BEV,380.0,0.0,960.0,0.0,0.0,0.0,0.03262955854126679,335439.0,21083713310.457
Iceland,ISL,Europe,EU,2016,2015-2019,Pre-Pandemic,Cars,EV,0.0,6.30000019073486,0.0,0.75,0.0,0.0,0.03262955854126679,335439.0,21083713310.457
Iceland,ISL,Europe,EU,2016,2015-2019,Pre-Pandemic,Cars,FCEV,0.0,0.0,3.0,0.0,0.0,0.0,0.03262955854126679,335439.0,21083713310.457
Iceland,ISL,Europe,EU,2016,2015-2019,Pre-Pandemic,Cars,PHEV,780.0,0.0,600.0,0.0,0.0,0.0,0.03262955854126679,335439.0,21083713310.457
Iceland,ISL,Europe,EU,2016,2015-2019,Pre-Pandemic,EV,Publicly available fast,0.0,0.0,0.0,0.0,0.0,40.0,0.03262955854126679,335439.0,21083713310.457
Iceland,ISL,Europe,EU,2016,2015-2019,Pre-Pandemic,EV,Publicly available slow,0.0,0.0,0.0,0.0,0.0,11.0,0.03262955854126679,335439.0,21083713310.457
Iceland,ISL,Europe,EU,2017,2015-2019,Pre-Pandemic,Cars,BEV,840.0,0.0,1700.0,0.0,0.0,0.0,0.01742696053305997,343400.0,25060086487.8901
Iceland,ISL,Europe,EU,2017,2015-2019,Pre-Pandemic,Cars,EV,0.0,14.0,0.0,1.70000004768372,0.0,0.0,0.01742696053305997,343400.0,25060086487.8901
Iceland,ISL,Europe,EU,2017,2015-2019,Pre-Pandemic,Cars,FCEV,0.0,0.0,2.0,0.0,0.0,0.0,0.01742696053305997,343400.0,25060086487.8901
Iceland,ISL,Europe,EU,2017,2015-2019,Pre-Pandemic,Cars,PHEV,2200.0,0.0,2200.0,0.0,0.0,0.0,0.01742696053305997,343400.0,25060086487.8901
Iceland,ISL,Europe,EU,2017,2015-2019,Pre-Pandemic,EV,Publicly available fast,0.0,0.0,0.0,0.0,0.0,36.0,0.01742696053305997,343400.0,25060086487.8901
Iceland,ISL,Europe,EU,2017,2015-2019,Pre-Pandemic,EV,Publicly available slow,0.0,0.0,0.0,0.0,0.0,32.0,0.01742696053305997,343400.0,25060086487.8901
Iceland,ISL,Europe,EU,2018,2015-2019,Pre-Pandemic,Cars,BEV,780.0,0.0,2400.0,0.0,0.0,0.0,0.011849819134339528,352721.0,26677652544.3499
Iceland,ISL,Europe,EU,2018,2015-2019,Pre-Pandemic,Cars,EV,0.0,20.0,0.0,3.40000009536743,0.0,0.0,0.011849819134339528,352721.0,26677652544.3499
Iceland,ISL,Europe,EU,2018,2015-2019,Pre-Pandemic,Cars,FCEV,16.0,0.0,17.0,0.0,0.0,0.0,0.011849819134339528,352721.0,26677652544.3499
Iceland,ISL,Europe,EU,2018,2015-2019,Pre-Pandemic,Cars,PHEV,2900.0,0.0,5600.0,0.0,0.0,0.0,0.011849819134339528,352721.0,26677652544.3499
Iceland,ISL,Europe,EU,2018,2015-2019,Pre-Pandemic,EV,Publicly available fast,0.0,0.0,0.0,0.0,0.0,55.0,0.011849819134339528,352721.0,26677652544.3499
Iceland,ISL,Europe,EU,2018,2015-2019,Pre-Pandemic,EV,Publicly available slow,0.0,0.0,0.0,0.0,0.0,40.0,0.011849819134339528,352721.0,26677652544.3499
Iceland,ISL,Europe,EU,2019,2015-2019,Pre-Pandemic,Cars,BEV,1100.0,0.0,3500.0,0.0,0.0,0.0,0.023569939262079592,360563.0,24985687022.0452
Iceland,ISL,Europe,EU,2019,2015-2019,Pre-Pandemic,Cars,EV,0.0,26.0,0.0,4.69999980926514,0.0,0.0,0.023569939262079592,360563.0,24985687022.0452
Iceland,ISL,Europe,EU,2019,2015-2019,Pre-Pandemic,Cars,FCEV,7.0,0.0,31.0,0.0,0.0,0.0,0.023569939262079592,360563.0,24985687022.0452
Iceland,ISL,Europe,EU,2019,2015-2019,Pre-Pandemic,Cars,PHEV,2000.0,0.0,7500.0,0.0,0.0,0.0,0.023569939262079592,360563.0,24985687022.0452
Iceland,ISL,Europe,EU,2019,2015-2019,Pre-Pandemic,EV,Publicly available fast,0.0,0.0,0.0,0.0,0.0,150.0,0.023569939262079592,360563.0,24985687022.0452
Iceland,ISL,Europe,EU,2019,2015-2019,Pre-Pandemic,EV,Publicly available slow,0.0,0.0,0.0,0.0,0.0,110.0,0.023569939262079592,360563.0,24985687022.0452
Iceland,ISL,Europe,EU,2020,2020-2023,Pandemic,Cars,BEV,2500.0,0.0,5400.0,0.0,0.0,0.0,0.031936127744510975,366463.0,22034665040.7901
Iceland,ISL,Europe,EU,2020,2020-2023,Pandemic,Cars,EV,0.0,52.0,0.0,6.5,0.0,0.0,0.031936127744510975,366463.0,22034665040.7901
Iceland,ISL,Europe,EU,2020,2020-2023,Pandemic,Cars,FCEV,1.0,0.0,30.0,0.0,0.0,0.0,0.031936127744510975,366463.0,22034665040.7901
Iceland,ISL,Europe,EU,2020,2020-2023,Pandemic,Cars,PHEV,2400.0,0.0,9600.0,0.0,0.0,0.0,0.031936127744510975,366463.0,22034665040.7901
Iceland,ISL,Europe,EU,2020,2020-2023,Pandemic,EV,Publicly available fast,0.0,0.0,0.0,0.0,0.0,190.0,0.031936127744510975,366463.0,22034665040.7901
Iceland,ISL,Europe,EU,2020,2020-2023,Pandemic,EV,Publicly available slow,0.0,0.0,0.0,0.0,0.0,290.0,0.031936127744510975,366463.0,22034665040.7901
Iceland,ISL,Europe,EU,2021,2020-2023,Pandemic,Cars,BEV,4200.0,0.0,8500.0,0.0,0.0,0.0,0.03158236960661372,372520.0,26234872402.457
Iceland,ISL,Europe,EU,2021,2020-2023,Pandemic,Cars,EV,0.0,70.0,0.0,9.30000019073486,0.0,0.0,0.03158236960661372,372520.0,26234872402.457
Iceland,ISL,Europe,EU,2021,2020-2023,Pandemic,Cars,FCEV,3.0,0.0,31.0,0.0,0.0,0.0,0.03158236960661372,372520.0,26234872402.457
Iceland,ISL,Europe,EU,2021,2020-2023,Pandemic,Cars,PHEV,4900.0,0.0,13000.0,0.0,0.0,0.0,0.03158236960661372,372520.0,26234872402.457
Iceland,ISL,Europe,EU,2021,2020-2023,Pandemic,EV,Publicly available fast,0.0,0.0,0.0,0.0,0.0,120.0,0.03158236960661372,372520.0,26234872402.457
Iceland,ISL,Europe,EU,2021,2020-2023,Pandemic,EV,Publicly available slow,0.0,0.0,0.0,0.0,0.0,560.0,0.03158236960661372,372520.0,26234872402.457
Iceland,ISL,Europe,EU,2022,2020-2023,Post-Pandemic,Cars,BEV,6900.0,0.0,14000.0,0.0,0.0,0.0,0.03118282825224789,382003.0,29176227825.4736
Iceland,ISL,Europe,EU,2022,2020-2023,Post-Pandemic,Cars,EV,0.0,69.0,0.0,14.0,0.0,0.0,0.03118282825224789,382003.0,29176227825.4736
Iceland,ISL,Europe,EU,2022,2020-2023,Post-Pandemic,Cars,FCEV,0.0,0.0,31.0,0.0,0.0,0.0,0.03118282825224789,382003.0,29176227825.4736
Iceland,ISL,Europe,EU,2022,2020-2023,Post-Pandemic,Cars,PHEV,5100.0,0.0,19000.0,0.0,0.0,0.0,0.03118282825224789,382003.0,29176227825.4736
Iceland,ISL,Europe,EU,2022,2020-2023,Post-Pandemic,EV,Publicly available fast,0.0,0.0,0.0,0.0,0.0,180.0,0.03118282825224789,382003.0,29176227825.4736
Iceland,ISL,Europe,EU,2022,2020-2023,Post-Pandemic,EV,Publicly available slow,0.0,0.0,0.0,0.0,0.0,850.0,0.03118282825224789,382003.0,29176227825.4736
Iceland,ISL,Europe,EU,2023,2020-2023,Post-Pandemic,Cars,BEV,10000.0,0.0,22000.0,0.0,0.0,0.0,0.035432802598405526,385663.0,31701996433.7807
Iceland,ISL,Europe,EU,2023,2020-2023,Post-Pandemic,Cars,EV,0.0,71.0,0.0,18.0,0.0,0.0,0.035432802598405526,385663.0,31701996433.7807
Iceland,ISL,Europe,EU,2023,2020-2023,Post-Pandemic,Cars,FCEV,1.0,0.0,27.0,0.0,0.0,0.0,0.035432802598405526,385663.0,31701996433.7807
Iceland,ISL,Europe,EU,2023,2020-2023,Post-Pandemic,Cars,PHEV,2400.0,0.0,22000.0,0.0,0.0,0.0,0.035432802598405526,385663.0,31701996433.7807
Iceland,ISL,Europe,EU,2023,2020-2023,Post-Pandemic,EV,Publicly available fast,0.0,0.0,0.0,0.0,0.0,160.0,0.035432802598405526,385663.0,31701996433.7807
Iceland,ISL,Europe,EU,2023,2020-2023,Post-Pandemic,EV,Publicly available slow,0.0,0.0,0.0,0.0,0.0,1400.0,0.035432802598405526,385663.0,31701996433.7807
India,IND,Asia,AS,2010,2010-2014,Pre-Pandemic,Cars,BEV,450.0,0.0,880.0,0.0,0.0,0.0,0.0,1243481564.0,1675615519484.96
India,IND,Asia,AS,2010,2010-2014,Pre-Pandemic,Cars,EV,0.0,0.020999999716878,0.0,0.004999999888241,0.0,0.0,0.0,1243481564.0,1675615519484.96
India,IND,Asia,AS,2011,2010-2014,Pre-Pandemic,Cars,BEV,1400.0,0.0,1300.0,0.0,0.0,0.0,0.0,1261224954.0,1823051829894.55
India,IND,Asia,AS,2011,2010-2014,Pre-Pandemic,Cars,EV,0.0,0.056000001728535,0.0,0.006699999794364,0.0,0.0,0.0,1261224954.0,1823051829894.55
India,IND,Asia,AS,2012,2010-2014,Pre-Pandemic,Cars,BEV,190.0,0.0,2800.0,0.0,0.0,0.0,0.0,1278674502.0,1827637590410.41
India,IND,Asia,AS,2012,2010-2014,Pre-Pandemic,Cars,EV,0.0,0.00719999987632,0.0,0.012000000104308,0.0,0.0,0.0,1278674502.0,1827637590410.41
India,IND,Asia,AS,2013,2010-2014,Pre-Pandemic,Cars,BEV,410.0,0.0,2900.0,0.0,0.0,0.0,0.0,1295829511.0,1856721507621.58
India,IND,Asia,AS,2013,2010-2014,Pre-Pandemic,Cars,EV,0.0,0.016000000759959,0.0,0.012000000104308,0.0,0.0,0.0,1295829511.0,1856721507621.58
India,IND,Asia,AS,2014,2010-2014,Pre-Pandemic,Cars,BEV,1000.0,0.0,3400.0,0.0,0.0,0.0,0.0,1312277191.0,2039126479154.52
India,IND,Asia,AS,2014,2010-2014,Pre-Pandemic,Cars,EV,0.0,0.037999998778105,0.0,0.013000000268221,0.0,0.0,0.0,1312277191.0,2039126479154.52
India,IND,Asia,AS,2015,2015-2019,Pre-Pandemic,Buses,BEV,100.0,0.0,100.0,0.0,0.0,0.0,0.0,1328024498.0,2103588360044.94
India,IND,Asia,AS,2015,2015-2019,Pre-Pandemic,Buses,EV,0.0,0.109999999403954,0.0,0.005400000140071,0.0,0.0,0.0,1328024498.0,2103588360044.94
India,IND,Asia,AS,2015,2015-2019,Pre-Pandemic,Cars,BEV,450.0,0.0,4400.0,0.0,0.0,0.0,0.0,1328024498.0,2103588360044.94
India,IND,Asia,AS,2015,2015-2019,Pre-Pandemic,Cars,EV,0.0,0.017000000923872,0.0,0.014999999664724,0.0,0.0,0.0,1328024498.0,2103588360044.94
India,IND,Asia,AS,2016,2015-2019,Pre-Pandemic,Buses,BEV,25.0,0.0,100.0,0.0,0.0,0.0,0.004921259842519685,1343944296.0,2294796885663.16
India,IND,Asia,AS,2016,2015-2019,Pre-Pandemic,Buses,EV,0.0,0.027000000700355,0.0,0.005200000014156,0.0,0.0,0.004921259842519685,1343944296.0,2294796885663.16
India,IND,Asia,AS,2016,2015-2019,Pre-Pandemic,Cars,BEV,730.0,0.0,4800.0,0.0,0.0,0.0,0.004921259842519685,1343944296.0,2294796885663.16
India,IND,Asia,AS,2016,2015-2019,Pre-Pandemic,Cars,EV,0.0,0.026000000536442,0.0,0.014999999664724,0.0,0.0,0.004921259842519685,1343944296.0,2294796885663.16
India,IND,Asia,AS,2016,2015-2019,Pre-Pandemic,EV,Publicly available fast,0.0,0.0,0.0,0.0,0.0,25.0,0.004921259842519685,1343944296.0,2294796885663.16
India,IND,Asia,AS,2016,2015-2019,Pre-Pandemic,Vans,BEV,180.0,0.0,180.0,0.0,0.0,0.0,0.004921259842519685,1343944296.0,2294796885663.16
India,IND,Asia,AS,2016,2015-2019,Pre-Pandemic,Vans,EV,0.0,0.056000001728535,0.0,0.003199999919161,0.0,0.0,0.004921259842519685,1343944296.0,2294796885663.16
India,IND,Asia,AS,2017,2015-2019,Pre-Pandemic,Buses,BEV,20.0,0.0,100.0,0.0,0.0,0.0,0.028823529411764706,1359657400.0,2651474262755.45
India,IND,Asia,AS,2017,2015-2019,Pre-Pandemic,Buses,EV,0.0,0.023000000044704,0.0,0.005100000184029,0.0,0.0,0.028823529411764706,1359657400.0,2651474262755.45
India,IND,Asia,AS,2017,2015-2019,Pre-Pandemic,Cars,BEV,920.0,0.0,7000.0,0.0,0.0,0.0,0.028823529411764706,1359657400.0,2651474262755.45
India,IND,Asia,AS,2017,2015-2019,Pre-Pandemic,Cars,EV,0.0,0.030999999493361,0.0,0.020999999716878,0.0,0.0,0.028823529411764706,1359657400.0,2651474262755.45
India,IND,Asia,AS,2017,2015-2019,Pre-Pandemic,EV,Publicly available fast,0.0,0.0,0.0,0.0,0.0,25.0,0.028823529411764706,1359657400.0,2651474262755.45
India,IND,Asia,AS,2017,2015-2019,Pre-Pandemic,EV,Publicly available slow,0.0,0.0,0.0,0.0,0.0,220.0,0.028823529411764706,1359657400.0,2651474262755.45
India,IND,Asia,AS,2017,2015-2019,Pre-Pandemic,Vans,BEV,1200.0,0.0,1400.0,0.0,0.0,0.0,0.028823529411764706,1359657400.0,2651474262755.45
India,IND,Asia,AS,2017,2015-2019,Pre-Pandemic,Vans,EV,0.0,0.310000002384186,0.0,0.024000000208616,0.0,0.0,0.028823529411764706,1359657400.0,2651474262755.45
India,IND,Asia,AS,2018,2015-2019,Pre-Pandemic,Buses,BEV,210.0,0.0,100.0,0.0,0.0,0.0,0.03256880733944954,1374659064.0,2702929641648.74
India,IND,Asia,AS,2018,2015-2019,Pre-Pandemic,Buses,EV,0.0,0.280000001192093,0.0,0.004999999888241,0.0,0.0,0.03256880733944954,1374659064.0,2702929641648.74
India,IND,Asia,AS,2018,2015-2019,Pre-Pandemic,Cars,BEV,920.0,0.0,7900.0,0.0,0.0,0.0,0.03256880733944954,1374659064.0,2702929641648.74
India,IND,Asia,AS,2018,2015-2019,Pre-Pandemic,Cars,EV,0.0,0.029999999329448,0.0,0.021999999880791,0.0,0.0,0.03256880733944954,1374659064.0,2702929641648.74
India,IND,Asia,AS,2018,2015-2019,Pre-Pandemic,EV,Publicly available fast,0.0,0.0,0.0,0.0,0.0,25.0,0.03256880733944954,1374659064.0,2702929641648.74
India,IND,Asia,AS,2018,2015-2019,Pre-Pandemic,EV,Publicly available slow,0.0,0.0,0.0,0.0,0.0,330.0,0.03256880733944954,1374659064.0,2702929641648.74
India,IND,Asia,AS,2018,2015-2019,Pre-Pandemic,Vans,BEV,1500.0,0.0,2900.0,0.0,0.0,0.0,0.03256880733944954,1374659064.0,2702929641648.74
India,IND,Asia,AS,2018,2015-2019,Pre-Pandemic,Vans,EV,0.0,0.28999999165535,0.0,0.046000000089407,0.0,0.0,0.03256880733944954,1374659064.0,2702929641648.74
India,IND,Asia,AS,2019,2015-2019,Pre-Pandemic,Buses,BEV,460.0,0.0,550.0,0.0,0.0,0.0,0.027611417904643384,1389030312.0,2835606256558.19
India,IND,Asia,AS,2019,2015-2019,Pre-Pandemic,Buses,EV,0.0,0.689999997615814,0.0,0.027000000700355,0.0,0.0,0.027611417904643384,1389030312.0,2835606256558.19
India,IND,Asia,AS,2019,2015-2019,Pre-Pandemic,Cars,BEV,680.0,0.0,8600.0,0.0,0.0,0.0,0.027611417904643384,1389030312.0,2835606256558.19
India,IND,Asia,AS,2019,2015-2019,Pre-Pandemic,Cars,EV,0.0,0.024000000208616,0.0,0.021999999880791,0.003899999894202,0.0,0.027611417904643384,1389030312.0,2835606256558.19
India,IND,Asia,AS,2019,2015-2019,Pre-Pandemic,Cars,PHEV,7.0,0.0,7.0,0.0,0.0,0.0,0.027611417904643384,1389030312.0,2835606256558.19
India,IND,Asia,AS,2019,2015-2019,Pre-Pandemic,EV,Publicly available fast,0.0,0.0,0.0,0.0,0.0,25.0,0.027611417904643384,1389030312.0,2835606256558.19
India,IND,Asia,AS,2019,2015-2019,Pre-Pandemic,EV,Publicly available slow,0.0,0.0,0.0,0.0,0.0,330.0,0.027611417904643384,1389030312.0,2835606256558.19
India,IND,Asia,AS,2019,2015-2019,Pre-Pandemic,Vans,BEV,790.0,0.0,3700.0,0.0,0.0,0.0,0.027611417904643384,1389030312.0,2835606256558.19
India,IND,Asia,AS,2019,2015-2019,Pre-Pandemic,Vans,EV,0.0,0.159999996423721,0.0,0.054999999701977,0.0,0.0,0.027611417904643384,1389030312.0,2835606256558.19
India,IND,Asia,AS,2020,2020-2023,Pandemic,Buses,BEV,2200.0,0.0,1100.0,0.0,0.0,0.0,0.019887955182072828,1402617695.0,2674851578587.27
India,IND,Asia,AS,2020,2020-2023,Pandemic,Buses,EV,0.0,6.0,0.0,0.057000000029802,0.0,0.0,0.019887955182072828,1402617695.0,2674851578587.27
India,IND,Asia,AS,2020,2020-2023,Pandemic,Buses,FCEV,49.0,0.0,0.0,0.0,0.0,0.0,0.019887955182072828,1402617695.0,2674851578587.27
India,IND,Asia,AS,2020,2020-2023,Pandemic,Cars,BEV,3100.0,0.0,12000.0,0.0,0.0,0.0,0.019887955182072828,1402617695.0,2674851578587.27
India,IND,Asia,AS,2020,2020-2023,Pandemic,Cars,EV,0.0,0.119999997317791,0.0,0.028999999165535,0.023000000044704,0.0,0.019887955182072828,1402617695.0,2674851578587.27
India,IND,Asia,AS,2020,2020-2023,Pandemic,Cars,PHEV,43.0,0.0,50.0,0.0,0.0,0.0,0.019887955182072828,1402617695.0,2674851578587.27
India,IND,Asia,AS,2020,2020-2023,Pandemic,EV,Publicly available fast,0.0,0.0,0.0,0.0,0.0,25.0,0.019887955182072828,1402617695.0,2674851578587.27
India,IND,Asia,AS,2020,2020-2023,Pandemic,EV,Publicly available slow,0.0,0.0,0.0,0.0,0.0,330.0,0.019887955182072828,1402617695.0,2674851578587.27
India,IND,Asia,AS,2020,2020-2023,Pandemic,Vans,BEV,1000.0,0.0,4700.0,0.0,0.0,0.0,0.019887955182072828,1402617695.0,2674851578587.27
India,IND,Asia,AS,2020,2020-2023,Pandemic,Vans,EV,0.0,0.230000004172325,0.0,0.065999999642372,0.0,0.0,0.019887955182072828,1402617695.0,2674851578587.27
India,IND,Asia,AS,2021,2020-2023,Pandemic,Buses,BEV,1200.0,0.0,2100.0,0.0,0.0,0.0,0.029809183253694502,1414203896.0,3167270623260.47
India,IND,Asia,AS,2021,2020-2023,Pandemic,Buses,EV,0.0,7.5,0.0,0.109999999403954,0.0,0.0,0.029809183253694502,1414203896.0,3167270623260.47
India,IND,Asia,AS,2021,2020-2023,Pandemic,Cars,BEV,12000.0,0.0,23000.0,0.0,0.0,0.0,0.029809183253694502,1414203896.0,3167270623260.47
India,IND,Asia,AS,2021,2020-2023,Pandemic,Cars,EV,0.0,0.349999994039536,0.0,0.054000001400709,0.052999999374151,0.0,0.029809183253694502,1414203896.0,3167270623260.47
India,IND,Asia,AS,2021,2020-2023,Pandemic,Cars,FCEV,1.0,0.0,1.0,0.0,0.0,0.0,0.029809183253694502,1414203896.0,3167270623260.47
India,IND,Asia,AS,2021,2020-2023,Pandemic,Cars,PHEV,50.0,0.0,100.0,0.0,0.0,0.0,0.029809183253694502,1414203896.0,3167270623260.47
India,IND,Asia,AS,2021,2020-2023,Pandemic,EV,Publicly available fast,0.0,0.0,0.0,0.0,0.0,32.0,0.029809183253694502,1414203896.0,3167270623260.47
India,IND,Asia,AS,2021,2020-2023,Pandemic,EV,Publicly available slow,0.0,0.0,0.0,0.0,0.0,910.0,0.029809183253694502,1414203896.0,3167270623260.47
India,IND,Asia,AS,2021,2020-2023,Pandemic,Vans,BEV,1700.0,0.0,6400.0,0.0,0.0,0.0,0.029809183253694502,1414203896.0,3167270623260.47
India,IND,Asia,AS,2021,2020-2023,Pandemic,Vans,EV,0.0,0.419999986886978,0.0,0.086000002920628,0.0,0.0,0.029809183253694502,1414203896.0,3167270623260.47
India,IND,Asia,AS,2022,2020-2023,Post-Pandemic,Buses,BEV,2000.0,0.0,3100.0,0.0,0.0,0.0,0.1327277376618,1425423212.0,3249938492013.47
India,IND,Asia,AS,2022,2020-2023,Post-Pandemic,Buses,EV,0.0,6.19999980926514,0.0,0.159999996423721,0.0,0.0,0.1327277376618,1425423212.0,3249938492013.47
India,IND,Asia,AS,2022,2020-2023,Post-Pandemic,Buses,FCEV,49.0,0.0,0.0,0.0,0.0,0.0,0.1327277376618,1425423212.0,3249938492013.47
India,IND,Asia,AS,2022,2020-2023,Post-Pandemic,Cars,BEV,48000.0,0.0,72000.0,0.0,0.0,0.0,0.1327277376618,1425423212.0,3249938492013.47
India,IND,Asia,AS,2022,2020-2023,Post-Pandemic,Cars,EV,0.0,1.20000004768372,0.0,0.150000005960464,0.074000000953674,0.0,0.1327277376618,1425423212.0,3249938492013.47
India,IND,Asia,AS,2022,2020-2023,Post-Pandemic,Cars,FCEV,2.0,0.0,3.0,0.0,0.0,0.0,0.1327277376618,1425423212.0,3249938492013.47
India,IND,Asia,AS,2022,2020-2023,Post-Pandemic,Cars,PHEV,23.0,0.0,120.0,0.0,0.0,0.0,0.1327277376618,1425423212.0,3249938492013.47
India,IND,Asia,AS,2022,2020-2023,Post-Pandemic,EV,Publicly available fast,0.0,0.0,0.0,0.0,0.0,4100.0,0.1327277376618,1425423212.0,3249938492013.47
India,IND,Asia,AS,2022,2020-2023,Post-Pandemic,EV,Publicly available slow,0.0,0.0,0.0,0.0,0.0,6800.0,0.1327277376618,1425423212.0,3249938492013.47
India,IND,Asia,AS,2022,2020-2023,Post-Pandemic,Vans,BEV,510.0,0.0,6900.0,0.0,0.0,0.0,0.1327277376618,1425423212.0,3249938492013.47
India,IND,Asia,AS,2022,2020-2023,Post-Pandemic,Vans,EV,0.0,0.097999997437,0.0,0.087999999523163,0.0,0.0,0.1327277376618,1425423212.0,3249938492013.47
India,IND,Asia,AS,2023,2020-2023,Post-Pandemic,Buses,BEV,2300.0,0.0,8400.0,0.0,0.0,0.0,0.06558639653896374,1438069596.0,3500906030644.76
India,IND,Asia,AS,2023,2020-2023,Post-Pandemic,Buses,EV,0.0,6.80000019073486,0.0,0.439999997615814,790.0,0.0,0.06558639653896374,1438069596.0,3500906030644.76
India,IND,Asia,AS,2023,2020-2023,Post-Pandemic,Buses,FCEV,2.0,0.0,100.0,0.0,0.0,0.0,0.06558639653896374,1438069596.0,3500906030644.76
India,IND,Asia,AS,2023,2020-2023,Post-Pandemic,Cars,BEV,82000.0,0.0,150000.0,0.0,0.0,0.0,0.06558639653896374,1438069596.0,3500906030644.76
India,IND,Asia,AS,2023,2020-2023,Post-Pandemic,Cars,EV,0.0,2.0,0.0,0.310000002384186,410.0,0.0,0.06558639653896374,1438069596.0,3500906030644.76
India,IND,Asia,AS,2023,2020-2023,Post-Pandemic,Cars,FCEV,0.0,0.0,3.0,0.0,0.0,0.0,0.06558639653896374,1438069596.0,3500906030644.76
India,IND,Asia,AS,2023,2020-2023,Post-Pandemic,Cars,PHEV,270.0,0.0,390.0,0.0,0.0,0.0,0.06558639653896374,1438069596.0,3500906030644.76
India,IND,Asia,AS,2023,2020-2023,Post-Pandemic,EV,Publicly available fast,0.0,0.0,0.0,0.0,0.0,4100.0,0.06558639653896374,1438069596.0,3500906030644.76
India,IND,Asia,AS,2023,2020-2023,Post-Pandemic,EV,Publicly available slow,0.0,0.0,0.0,0.0,0.0,6800.0,0.06558639653896374,1438069596.0,3500906030644.76
India,IND,Asia,AS,2023,2020-2023,Post-Pandemic,Vans,BEV,350.0,0.0,7300.0,0.0,0.0,0.0,0.06558639653896374,1438069596.0,3500906030644.76
India,IND,Asia,AS,2023,2020-2023,Post-Pandemic,Vans,EV,0.0,0.061999998986721,0.0,0.086999997496605,41.0,0.0,0.06558639653896374,1438069596.0,3500906030644.76
Indonesia,IDN,Asia,AS,2020,2020-2023,Pandemic,EV,Publicly available fast,0.0,0.0,0.0,0.0,0.0,51.0,0.0,274814866.0,1059054842698.48
Indonesia,IDN,Asia,AS,2020,2020-2023,Pandemic,EV,Publicly available slow,0.0,0.0,0.0,0.0,0.0,50.0,0.0,274814866.0,1059054842698.48
Indonesia,IDN,Asia,AS,2021,2020-2023,Pandemic,EV,Publicly available fast,0.0,0.0,0.0,0.0,0.0,130.0,0.0,276758053.0,1186509691086.73
Indonesia,IDN,Asia,AS,2021,2020-2023,Pandemic,EV,Publicly available slow,0.0,0.0,0.0,0.0,0.0,54.0,0.0,276758053.0,1186509691086.73
Indonesia,IDN,Asia,AS,2022,2020-2023,Post-Pandemic,EV,Publicly available fast,0.0,0.0,0.0,0.0,0.0,130.0,0.0,278830529.0,1319101183380.15
Indonesia,IDN,Asia,AS,2022,2020-2023,Post-Pandemic,EV,Publicly available slow,0.0,0.0,0.0,0.0,0.0,580.0,0.0,278830529.0,1319101183380.15
Indonesia,IDN,Asia,AS,2023,2020-2023,Post-Pandemic,EV,Publicly available fast,0.0,0.0,0.0,0.0,0.0,130.0,0.0,281190067.0,1371166925749.88
Indonesia,IDN,Asia,AS,2023,2020-2023,Post-Pandemic,EV,Publicly available slow,0.0,0.0,0.0,0.0,0.0,580.0,0.0,281190067.0,1371166925749.88
Ireland,IRL,Europe,EU,2015,2015-2019,Pre-Pandemic,Cars,BEV,470.0,0.0,0.0,0.0,0.0,0.0,0.0,4701957.0,302101388556.271
Ireland,IRL,Europe,EU,2015,2015-2019,Pre-Pandemic,Cars,EV,0.0,0.469999998807907,0.0,0.0,0.0,0.0,0.0,4701957.0,302101388556.271
Ireland,IRL,Europe,EU,2015,2015-2019,Pre-Pandemic,Cars,PHEV,120.0,0.0,0.0,0.0,0.0,0.0,0.0,4701957.0,302101388556.271
Ireland,IRL,Europe,EU,2016,2015-2019,Pre-Pandemic,Cars,BEV,390.0,0.0,0.0,0.0,0.0,0.0,0.0,4762722.0,305431252708.748
Ireland,IRL,Europe,EU,2016,2015-2019,Pre-Pandemic,Cars,EV,0.0,0.469999998807907,0.0,0.0,0.0,0.0,0.0,4762722.0,305431252708.748
Ireland,IRL,Europe,EU,2016,2015-2019,Pre-Pandemic,Cars,PHEV,300.0,0.0,0.0,0.0,0.0,0.0,0.0,4762722.0,305431252708.748
Ireland,IRL,Europe,EU,2017,2015-2019,Pre-Pandemic,Cars,BEV,620.0,0.0,0.0,0.0,0.0,0.0,0.0,4827445.0,348355212568.515
Ireland,IRL,Europe,EU,2017,2015-2019,Pre-Pandemic,Cars,EV,0.0,0.72000002861023,0.0,0.0,0.0,0.0,0.0,4827445.0,348355212568.515
Ireland,IRL,Europe,EU,2017,2015-2019,Pre-Pandemic,Cars,PHEV,330.0,0.0,0.0,0.0,0.0,0.0,0.0,4827445.0,348355212568.515
Ireland,IRL,Europe,EU,2018,2015-2019,Pre-Pandemic,Cars,BEV,1200.0,0.0,0.0,0.0,0.0,0.0,0.0,4898022.0,395780319816.603
Ireland,IRL,Europe,EU,2018,2015-2019,Pre-Pandemic,Cars,EV,0.0,1.60000002384186,0.0,0.0,0.0,0.0,0.0,4898022.0,395780319816.603
Ireland,IRL,Europe,EU,2018,2015-2019,Pre-Pandemic,Cars,PHEV,740.0,0.0,0.0,0.0,0.0,0.0,0.0,4898022.0,395780319816.603
Ireland,IRL,Europe,EU,2019,2015-2019,Pre-Pandemic,Cars,BEV,3400.0,0.0,0.0,0.0,0.0,0.0,0.0,4976456.0,407211793800.713
Ireland,IRL,Europe,EU,2019,2015-2019,Pre-Pandemic,Cars,EV,0.0,4.09999990463257,0.0,0.0,0.0,0.0,0.0,4976456.0,407211793800.713
Ireland,IRL,Europe,EU,2019,2015-2019,Pre-Pandemic,Cars,PHEV,1300.0,0.0,0.0,0.0,0.0,0.0,0.0,4976456.0,407211793800.713
Ireland,IRL,Europe,EU,2020,2020-2023,Pandemic,Cars,BEV,4000.0,0.0,0.0,0.0,0.0,0.0,0.0,5039747.0,436009027818.948
Ireland,IRL,Europe,EU,2020,2020-2023,Pandemic,Cars,EV,0.0,7.40000009536743,0.0,0.0,0.0,0.0,0.0,5039747.0,436009027818.948
Ireland,IRL,Europe,EU,2020,2020-2023,Pandemic,Cars,PHEV,2500.0,0.0,0.0,0.0,0.0,0.0,0.0,5039747.0,436009027818.948
Ireland,IRL,Europe,EU,2021,2020-2023,Pandemic,Cars,BEV,8600.0,0.0,0.0,0.0,0.0,0.0,0.0,5110585.0,530394123829.763
Ireland,IRL,Europe,EU,2021,2020-2023,Pandemic,Cars,EV,0.0,16.0,0.0,0.0,0.0,0.0,0.0,5110585.0,530394123829.763
Ireland,IRL,Europe,EU,2021,2020-2023,Pandemic,Cars,PHEV,7900.0,0.0,0.0,0.0,0.0,0.0,0.0,5110585.0,530394123829.763
Ireland,IRL,Europe,EU,2022,2020-2023,Post-Pandemic,Cars,BEV,16000.0,0.0,0.0,0.0,0.0,0.0,0.0,5212836.0,548341794599.09
Ireland,IRL,Europe,EU,2022,2020-2023,Post-Pandemic,Cars,EV,0.0,22.0,0.0,0.0,0.0,0.0,0.0,5212836.0,548341794599.09
Ireland,IRL,Europe,EU,2022,2020-2023,Post-Pandemic,Cars,PHEV,7700.0,0.0,0.0,0.0,0.0,0.0,0.0,5212836.0,548341794599.09
Ireland,IRL,Europe,EU,2023,2020-2023,Post-Pandemic,Cars,BEV,23000.0,0.0,0.0,0.0,0.0,0.0,0.0,5311538.0,567372737459.116
Ireland,IRL,Europe,EU,2023,2020-2023,Post-Pandemic,Cars,EV,0.0,27.0,0.0,0.0,0.0,0.0,0.0,5311538.0,567372737459.116
Ireland,IRL,Europe,EU,2023,2020-2023,Post-Pandemic,Cars,PHEV,10000.0,0.0,0.0,0.0,0.0,0.0,0.0,5311538.0,567372737459.116
Israel,ISR,Asia,AS,2010,2010-2014,Pre-Pandemic,Buses,FCEV,0.0,0.0,3.0,0.0,0.0,0.0,0.0,7623600.0,239372857534.485
Israel,ISR,Asia,AS,2010,2010-2014,Pre-Pandemic,Cars,BEV,0.0,0.0,6.0,0.0,0.0,0.0,0.0,7623600.0,239372857534.485
Israel,ISR,Asia,AS,2010,2010-2014,Pre-Pandemic,Cars,EV,0.0,0.0,0.0,0.000319999991916,0.0,0.0,0.0,7623600.0,239372857534.485
Israel,ISR,Asia,AS,2011,2010-2014,Pre-Pandemic,Cars,BEV,3.0,0.0,85.0,0.0,0.0,0.0,0.0,7765800.0,267739352609.375
Israel,ISR,Asia,AS,2011,2010-2014,Pre-Pandemic,Cars,EV,0.0,0.001300000003539,0.0,0.004300000146031,0.0,0.0,0.0,7765800.0,267739352609.375
Israel,ISR,Asia,AS,2012,2010-2014,Pre-Pandemic,Cars,BEV,600.0,0.0,610.0,0.0,0.0,0.0,0.0,7910500.0,263172104090.976
Israel,ISR,Asia,AS,2012,2010-2014,Pre-Pandemic,Cars,EV,0.0,0.270000010728836,0.0,0.028999999165535,0.0,0.0,0.0,7910500.0,263172104090.976
Israel,ISR,Asia,AS,2012,2010-2014,Pre-Pandemic,Cars,PHEV,1.0,0.0,1.0,0.0,0.0,0.0,0.0,7910500.0,263172104090.976
Israel,ISR,Asia,AS,2013,2010-2014,Pre-Pandemic,Buses,BEV,0.001000000047497,0.0,0.0,0.0,0.0,0.0,0.0,8059500.0,298045324735.571
Israel,ISR,Asia,AS,2013,2010-2014,Pre-Pandemic,Buses,EV,0.0,3.19999999192078e-05,0.0,0.0,0.0,0.0,0.0,8059500.0,298045324735.571
Israel,ISR,Asia,AS,2013,2010-2014,Pre-Pandemic,Cars,BEV,460.0,0.0,1000.0,0.0,0.0,0.0,0.0,8059500.0,298045324735.571
Israel,ISR,Asia,AS,2013,2010-2014,Pre-Pandemic,Cars,EV,0.0,0.209999993443489,0.0,0.048000000417233,0.0,0.0,0.0,8059500.0,298045324735.571
Israel,ISR,Asia,AS,2013,2010-2014,Pre-Pandemic,Cars,PHEV,17.0,0.0,18.0,0.0,0.0,0.0,0.0,8059500.0,298045324735.571
Israel,ISR,Asia,AS,2014,2010-2014,Pre-Pandemic,Cars,BEV,6.0,0.0,1200.0,0.0,0.0,0.0,0.0,8215700.0,314376760832.047
Israel,ISR,Asia,AS,2014,2010-2014,Pre-Pandemic,Cars,EV,0.0,0.021999999880791,0.0,0.056000001728535,0.0,0.0,0.0,8215700.0,314376760832.047
Israel,ISR,Asia,AS,2014,2010-2014,Pre-Pandemic,Cars,PHEV,52.0,0.0,70.0,0.0,0.0,0.0,0.0,8215700.0,314376760832.047
Israel,ISR,Asia,AS,2015,2015-2019,Pre-Pandemic,Cars,BEV,3.0,0.0,1200.0,0.0,0.0,0.0,0.00014925373356733732,8380100.0,302841190257.708
Israel,ISR,Asia,AS,2015,2015-2019,Pre-Pandemic,Cars,EV,0.0,0.024000000208616,0.0,0.054999999701977,0.0,0.0,0.00014925373356733732,8380100.0,302841190257.708
Israel,ISR,Asia,AS,2015,2015-2019,Pre-Pandemic,Cars,PHEV,65.0,0.0,140.0,0.0,0.0,0.0,0.00014925373356733732,8380100.0,302841190257.708
Israel,ISR,Asia,AS,2015,2015-2019,Pre-Pandemic,EV,Publicly available fast,0.0,0.0,0.0,0.0,0.0,0.100000001490116,0.00014925373356733732,8380100.0,302841190257.708
Israel,ISR,Asia,AS,2015,2015-2019,Pre-Pandemic,EV,Publicly available slow,0.0,0.0,0.0,0.0,0.0,0.100000001490116,0.00014925373356733732,8380100.0,302841190257.708
Israel,ISR,Asia,AS,2016,2015-2019,Pre-Pandemic,Buses,BEV,5.0,0.0,5.0,0.0,0.0,0.0,0.00014234875656956013,8546000.0,321083954798.337
Israel,ISR,Asia,AS,2016,2015-2019,Pre-Pandemic,Buses,EV,0.0,0.109999999403954,0.0,0.016000000759959,0.0,0.0,0.00014234875656956013,8546000.0,321083954798.337
Israel,ISR,Asia,AS,2016,2015-2019,Pre-Pandemic,Cars,BEV,5.0,0.0,1200.0,0.0,0.0,0.0,0.00014234875656956013,8546000.0,321083954798.337
Israel,ISR,Asia,AS,2016,2015-2019,Pre-Pandemic,Cars,EV,0.0,0.021999999880791,0.0,0.054000001400709,0.0,0.0,0.00014234875656956013,8546000.0,321083954798.337
Israel,ISR,Asia,AS,2016,2015-2019,Pre-Pandemic,Cars,PHEV,63.0,0.0,200.0,0.0,0.0,0.0,0.00014234875656956013,8546000.0,321083954798.337
Israel,ISR,Asia,AS,2016,2015-2019,Pre-Pandemic,EV,Publicly available fast,0.0,0.0,0.0,0.0,0.0,0.100000001490116,0.00014234875656956013,8546000.0,321083954798.337
Israel,ISR,Asia,AS,2016,2015-2019,Pre-Pandemic,EV,Publicly available slow,0.0,0.0,0.0,0.0,0.0,0.100000001490116,0.00014234875656956013,8546000.0,321083954798.337
Israel,ISR,Asia,AS,2017,2015-2019,Pre-Pandemic,Buses,BEV,40.0,0.0,45.0,0.0,0.0,0.0,6.35930057170849e-05,8713300.0,357360816856.642
Israel,ISR,Asia,AS,2017,2015-2019,Pre-Pandemic,Buses,EV,0.0,0.949999988079071,0.0,0.140000000596046,0.0,0.0,6.35930057170849e-05,8713300.0,357360816856.642
Israel,ISR,Asia,AS,2017,2015-2019,Pre-Pandemic,Cars,BEV,130.0,0.0,1400.0,0.0,0.0,0.0,6.35930057170849e-05,8713300.0,357360816856.642
Israel,ISR,Asia,AS,2017,2015-2019,Pre-Pandemic,Cars,EV,0.0,0.519999980926514,0.0,0.109999999403954,0.0,0.0,6.35930057170849e-05,8713300.0,357360816856.642
Israel,ISR,Asia,AS,2017,2015-2019,Pre-Pandemic,Cars,PHEV,1500.0,0.0,1700.0,0.0,0.0,0.0,6.35930057170849e-05,8713300.0,357360816856.642
Israel,ISR,Asia,AS,2017,2015-2019,Pre-Pandemic,EV,Publicly available fast,0.0,0.0,0.0,0.0,0.0,0.100000001490116,6.35930057170849e-05,8713300.0,357360816856.642
Israel,ISR,Asia,AS,2017,2015-2019,Pre-Pandemic,EV,Publicly available slow,0.0,0.0,0.0,0.0,0.0,0.100000001490116,6.35930057170849e-05,8713300.0,357360816856.642
Israel,ISR,Asia,AS,2018,2015-2019,Pre-Pandemic,Buses,BEV,23.0,0.0,78.0,0.0,0.0,0.0,2.9078220846209943e-05,8882800.0,375470422244.408
Israel,ISR,Asia,AS,2018,2015-2019,Pre-Pandemic,Buses,EV,0.0,0.610000014305115,0.0,0.230000004172325,0.0,0.0,2.9078220846209943e-05,8882800.0,375470422244.408
Israel,ISR,Asia,AS,2018,2015-2019,Pre-Pandemic,Cars,BEV,130.0,0.0,1500.0,0.0,0.0,0.0,2.9078220846209943e-05,8882800.0,375470422244.408
Israel,ISR,Asia,AS,2018,2015-2019,Pre-Pandemic,Cars,EV,0.0,1.20000004768372,0.0,0.230000004172325,0.0,0.0,2.9078220846209943e-05,8882800.0,375470422244.408
Israel,ISR,Asia,AS,2018,2015-2019,Pre-Pandemic,Cars,PHEV,3600.0,0.0,5300.0,0.0,0.0,0.0,2.9078220846209943e-05,8882800.0,375470422244.408
Israel,ISR,Asia,AS,2018,2015-2019,Pre-Pandemic,EV,Publicly available fast,0.0,0.0,0.0,0.0,0.0,0.100000001490116,2.9078220846209943e-05,8882800.0,375470422244.408
Israel,ISR,Asia,AS,2018,2015-2019,Pre-Pandemic,EV,Publicly available slow,0.0,0.0,0.0,0.0,0.0,0.100000001490116,2.9078220846209943e-05,8882800.0,375470422244.408
Israel,ISR,Asia,AS,2019,2015-2019,Pre-Pandemic,Buses,BEV,16.0,0.0,94.0,0.0,0.0,0.0,1.7400383067707674e-05,9054000.0,399207771081.611
Israel,ISR,Asia,AS,2019,2015-2019,Pre-Pandemic,Buses,EV,0.0,0.370000004768372,0.0,0.259999990463257,0.0,0.0,1.7400383067707674e-05,9054000.0,399207771081.611
Israel,ISR,Asia,AS,2019,2015-2019,Pre-Pandemic,Cars,BEV,850.0,0.0,2200.0,0.0,0.0,0.0,1.7400383067707674e-05,9054000.0,399207771081.611
Israel,ISR,Asia,AS,2019,2015-2019,Pre-Pandemic,Cars,EV,0.0,1.60000002384186,0.0,0.370000004768372,0.0,0.0,1.7400383067707674e-05,9054000.0,399207771081.611
Israel,ISR,Asia,AS,2019,2015-2019,Pre-Pandemic,Cars,PHEV,3900.0,0.0,9200.0,0.0,0.0,0.0,1.7400383067707674e-05,9054000.0,399207771081.611
Israel,ISR,Asia,AS,2019,2015-2019,Pre-Pandemic,EV,Publicly available fast,0.0,0.0,0.0,0.0,0.0,0.100000001490116,1.7400383067707674e-05,9054000.0,399207771081.611
Israel,ISR,Asia,AS,2019,2015-2019,Pre-Pandemic,EV,Publicly available slow,0.0,0.0,0.0,0.0,0.0,0.100000001490116,1.7400383067707674e-05,9054000.0,399207771081.611
Israel,ISR,Asia,AS,2020,2020-2023,Pandemic,Buses,BEV,24.0,0.0,120.0,0.0,0.0,0.0,5.284853688305464e-06,9215100.0,410908899711.272
Israel,ISR,Asia,AS,2020,2020-2023,Pandemic,Buses,EV,0.0,0.870000004768372,0.0,0.319999992847443,0.0,0.0,5.284853688305464e-06,9215100.0,410908899711.272
Israel,ISR,Asia,AS,2020,2020-2023,Pandemic,Cars,BEV,1500.0,0.0,3800.0,0.0,0.0,0.0,5.284853688305464e-06,9215100.0,410908899711.272
Israel,ISR,Asia,AS,2020,2020-2023,Pandemic,Cars,EV,0.0,2.59999990463257,0.0,0.579999983310699,0.0,0.0,5.284853688305464e-06,9215100.0,410908899711.272
Israel,ISR,Asia,AS,2020,2020-2023,Pandemic,Cars,PHEV,5400.0,0.0,15000.0,0.0,0.0,0.0,5.284853688305464e-06,9215100.0,410908899711.272
Israel,ISR,Asia,AS,2020,2020-2023,Pandemic,EV,Publicly available fast,0.0,0.0,0.0,0.0,0.0,0.100000001490116,5.284853688305464e-06,9215100.0,410908899711.272
Israel,ISR,Asia,AS,2020,2020-2023,Pandemic,Vans,BEV,45.0,0.0,2.0,0.0,0.0,0.0,5.284853688305464e-06,9215100.0,410908899711.272
Israel,ISR,Asia,AS,2020,2020-2023,Pandemic,Vans,EV,0.0,0.360000014305115,0.0,0.00109999999404,0.0,0.0,5.284853688305464e-06,9215100.0,410908899711.272
Israel,ISR,Asia,AS,2021,2020-2023,Pandemic,Buses,BEV,33.0,0.0,150.0,0.0,0.0,0.0,2.3161015724040207e-06,9371400.0,489735019666.026
Israel,ISR,Asia,AS,2021,2020-2023,Pandemic,Buses,EV,0.0,0.779999971389771,0.0,0.400000005960465,0.0,0.0,2.3161015724040207e-06,9371400.0,489735019666.026
Israel,ISR,Asia,AS,2021,2020-2023,Pandemic,Cars,BEV,11000.0,0.0,15000.0,0.0,0.0,0.0,2.3161015724040207e-06,9371400.0,489735019666.026
Israel,ISR,Asia,AS,2021,2020-2023,Pandemic,Cars,EV,0.0,6.90000009536743,0.0,1.29999995231628,0.0,0.0,2.3161015724040207e-06,9371400.0,489735019666.026
Israel,ISR,Asia,AS,2021,2020-2023,Pandemic,Cars,PHEV,13000.0,0.0,28000.0,0.0,0.0,0.0,2.3161015724040207e-06,9371400.0,489735019666.026
Israel,ISR,Asia,AS,2021,2020-2023,Pandemic,EV,Publicly available fast,0.0,0.0,0.0,0.0,0.0,0.100000001490116,2.3161015724040207e-06,9371400.0,489735019666.026
Israel,ISR,Asia,AS,2021,2020-2023,Pandemic,Vans,BEV,76.0,0.0,26.0,0.0,0.0,0.0,2.3161015724040207e-06,9371400.0,489735019666.026
Israel,ISR,Asia,AS,2021,2020-2023,Pandemic,Vans,EV,0.0,0.490000009536743,0.0,0.014000000432134,0.0,0.0,2.3161015724040207e-06,9371400.0,489735019666.026
Israel,ISR,Asia,AS,2021,2020-2023,Pandemic,Vans,PHEV,2.0,0.0,0.0,0.0,0.0,0.0,2.3161015724040207e-06,9371400.0,489735019666.026
Israel,ISR,Asia,AS,2022,2020-2023,Post-Pandemic,Buses,BEV,480.0,0.0,620.0,0.0,0.0,0.0,0.031214784764480506,9557500.0,525157951212.871
Israel,ISR,Asia,AS,2022,2020-2023,Post-Pandemic,Buses,EV,0.0,10.0,0.0,1.60000002384186,0.0,0.0,0.031214784764480506,9557500.0,525157951212.871
Israel,ISR,Asia,AS,2022,2020-2023,Post-Pandemic,Cars,BEV,27000.0,0.0,44000.0,0.0,0.0,0.0,0.031214784764480506,9557500.0,525157951212.871
Israel,ISR,Asia,AS,2022,2020-2023,Post-Pandemic,Cars,EV,0.0,12.0,0.0,2.5,0.0,0.0,0.031214784764480506,9557500.0,525157951212.871
Israel,ISR,Asia,AS,2022,2020-2023,Post-Pandemic,Cars,PHEV,16000.0,0.0,44000.0,0.0,0.0,0.0,0.031214784764480506,9557500.0,525157951212.871
Israel,ISR,Asia,AS,2022,2020-2023,Post-Pandemic,EV,Publicly available fast,0.0,0.0,0.0,0.0,0.0,270.0,0.031214784764480506,9557500.0,525157951212.871
Israel,ISR,Asia,AS,2022,2020-2023,Post-Pandemic,EV,Publicly available slow,0.0,0.0,0.0,0.0,0.0,2500.0,0.031214784764480506,9557500.0,525157951212.871
Israel,ISR,Asia,AS,2022,2020-2023,Post-Pandemic,Vans,BEV,87.0,0.0,120.0,0.0,0.0,0.0,0.031214784764480506,9557500.0,525157951212.871
Israel,ISR,Asia,AS,2022,2020-2023,Post-Pandemic,Vans,EV,0.0,0.689999997615814,0.0,0.061999998986721,0.0,0.0,0.031214784764480506,9557500.0,525157951212.871
Israel,ISR,Asia,AS,2022,2020-2023,Post-Pandemic,Vans,PHEV,18.0,0.0,0.0,0.0,0.0,0.0,0.031214784764480506,9557500.0,525157951212.871
Israel,ISR,Asia,AS,2023,2020-2023,Post-Pandemic,Buses,BEV,450.0,0.0,1100.0,0.0,0.0,0.0,0.03221362025980842,9849000.0,513393395491.904
Israel,ISR,Asia,AS,2023,2020-2023,Post-Pandemic,Buses,EV,0.0,11.0,0.0,2.59999990463257,0.0,0.0,0.03221362025980842,9849000.0,513393395491.904
Israel,ISR,Asia,AS,2023,2020-2023,Post-Pandemic,Cars,BEV,49000.0,0.0,91000.0,0.0,0.0,0.0,0.03221362025980842,9849000.0,513393395491.904
Israel,ISR,Asia,AS,2023,2020-2023,Post-Pandemic,Cars,EV,0.0,19.0,0.0,4.19999980926514,0.0,0.0,0.03221362025980842,9849000.0,513393395491.904
Israel,ISR,Asia,AS,2023,2020-2023,Post-Pandemic,Cars,PHEV,16000.0,0.0,60000.0,0.0,0.0,0.0,0.03221362025980842,9849000.0,513393395491.904
Israel,ISR,Asia,AS,2023,2020-2023,Post-Pandemic,EV,Publicly available fast,0.0,0.0,0.0,0.0,0.0,710.0,0.03221362025980842,9849000.0,513393395491.904
Israel,ISR,Asia,AS,2023,2020-2023,Post-Pandemic,EV,Publicly available slow,0.0,0.0,0.0,0.0,0.0,4200.0,0.03221362025980842,9849000.0,513393395491.904
Israel,ISR,Asia,AS,2023,2020-2023,Post-Pandemic,Vans,BEV,90.0,0.0,300.0,0.0,0.0,0.0,0.03221362025980842,9849000.0,513393395491.904
Israel,ISR,Asia,AS,2023,2020-2023,Post-Pandemic,Vans,EV,0.0,0.600000023841858,0.0,0.170000001788139,0.0,0.0,0.03221362025980842,9849000.0,513393395491.904
Israel,ISR,Asia,AS,2023,2020-2023,Post-Pandemic,Vans,PHEV,0.0,0.0,20.0,0.0,0.0,0.0,0.03221362025980842,9849000.0,513393395491.904
Italy,ITA,Europe,EU,2010,2010-2014,Pre-Pandemic,Cars,BEV,40.0,0.0,650.0,0.0,0.0,0.0,0.0,59819407.0,2144936254535.0
Italy,ITA,Europe,EU,2010,2010-2014,Pre-Pandemic,Cars,EV,0.0,0.002000000094995,0.0,0.001700000022538,0.0,0.0,0.0,59819407.0,2144936254535.0
Italy,ITA,Europe,EU,2010,2010-2014,Pre-Pandemic,Vans,BEV,210.0,0.0,820.0,0.0,0.0,0.0,0.0,59819407.0,2144936254535.0
Italy,ITA,Europe,EU,2010,2010-2014,Pre-Pandemic,Vans,EV,0.0,0.119999997317791,0.0,0.021999999880791,0.0,0.0,0.0,59819407.0,2144936254535.0
Italy,ITA,Europe,EU,2011,2010-2014,Pre-Pandemic,Cars,BEV,110.0,0.0,760.0,0.0,0.0,0.0,0.0,60026841.0,2306974020278.21
Italy,ITA,Europe,EU,2011,2010-2014,Pre-Pandemic,Cars,EV,0.0,0.00650000013411,0.0,0.002000000094995,0.0,0.0,0.0,60026841.0,2306974020278.21
Italy,ITA,Europe,EU,2011,2010-2014,Pre-Pandemic,Vans,BEV,84.0,0.0,910.0,0.0,0.0,0.0,0.0,60026841.0,2306974020278.21
Italy,ITA,Europe,EU,2011,2010-2014,Pre-Pandemic,Vans,EV,0.0,0.0489999987185,0.0,0.023000000044704,0.0,0.0,0.0,60026841.0,2306974020278.21
Italy,ITA,Europe,EU,2012,2010-2014,Pre-Pandemic,Cars,BEV,460.0,0.0,1200.0,0.0,0.0,0.0,0.5604,60191247.0,2097929495121.68
Italy,ITA,Europe,EU,2012,2010-2014,Pre-Pandemic,Cars,EV,0.0,0.032999999821186,0.0,0.003199999919161,0.0,0.0,0.5604,60191247.0,2097929495121.68
Italy,ITA,Europe,EU,2012,2010-2014,Pre-Pandemic,EV,Publicly available fast,0.0,0.0,0.0,0.0,0.0,1.0,0.5604,60191247.0,2097929495121.68
Italy,ITA,Europe,EU,2012,2010-2014,Pre-Pandemic,EV,Publicly available slow,0.0,0.0,0.0,0.0,0.0,1400.0,0.5604,60191247.0,2097929495121.68
Italy,ITA,Europe,EU,2012,2010-2014,Pre-Pandemic,Vans,BEV,360.0,0.0,1300.0,0.0,0.0,0.0,0.5604,60191247.0,2097929495121.68
Italy,ITA,Europe,EU,2012,2010-2014,Pre-Pandemic,Vans,EV,0.0,0.310000002384186,0.0,0.034000001847744,0.0,0.0,0.5604,60191247.0,2097929495121.68
Italy,ITA,Europe,EU,2012,2010-2014,Pre-Pandemic,Vans,PHEV,3.0,0.0,0.0,0.0,0.0,0.0,0.5604,60191247.0,2097929495121.68
Italy,ITA,Europe,EU,2013,2010-2014,Pre-Pandemic,Cars,BEV,860.0,0.0,2000.0,0.0,0.0,0.0,0.39273743016759777,60311613.0,2153225581941.46
Italy,ITA,Europe,EU,2013,2010-2014,Pre-Pandemic,Cars,EV,0.0,0.079999998211861,0.0,0.005799999926239,0.0,0.0,0.39273743016759777,60311613.0,2153225581941.46
Italy,ITA,Europe,EU,2013,2010-2014,Pre-Pandemic,Cars,PHEV,180.0,0.0,180.0,0.0,0.0,0.0,0.39273743016759777,60311613.0,2153225581941.46
Italy,ITA,Europe,EU,2013,2010-2014,Pre-Pandemic,EV,Publicly available fast,0.0,0.0,0.0,0.0,0.0,6.0,0.39273743016759777,60311613.0,2153225581941.46
Italy,ITA,Europe,EU,2013,2010-2014,Pre-Pandemic,EV,Publicly available slow,0.0,0.0,0.0,0.0,0.0,1400.0,0.39273743016759777,60311613.0,2153225581941.46
Italy,ITA,Europe,EU,2013,2010-2014,Pre-Pandemic,Vans,BEV,180.0,0.0,1400.0,0.0,0.0,0.0,0.39273743016759777,60311613.0,2153225581941.46
Italy,ITA,Europe,EU,2013,2010-2014,Pre-Pandemic,Vans,EV,0.0,0.200000002980232,0.0,0.037000000476837,0.0,0.0,0.39273743016759777,60311613.0,2153225581941.46
Italy,ITA,Europe,EU,2013,2010-2014,Pre-Pandemic,Vans,PHEV,1.0,0.0,0.0,0.0,0.0,0.0,0.39273743016759777,60311613.0,2153225581941.46
Italy,ITA,Europe,EU,2014,2010-2014,Pre-Pandemic,Cars,BEV,1000.0,0.0,3100.0,0.0,0.0,0.0,0.26454033771106944,60320707.0,2173255507985.84
Italy,ITA,Europe,EU,2014,2010-2014,Pre-Pandemic,Cars,EV,0.0,0.100000001490116,0.0,0.009399999864399,0.0,0.0,0.26454033771106944,60320707.0,2173255507985.84
Italy,ITA,Europe,EU,2014,2010-2014,Pre-Pandemic,Cars,FCEV,10.0,0.0,10.0,0.0,0.0,0.0,0.26454033771106944,60320707.0,2173255507985.84
Italy,ITA,Europe,EU,2014,2010-2014,Pre-Pandemic,Cars,PHEV,340.0,0.0,520.0,0.0,0.0,0.0,0.26454033771106944,60320707.0,2173255507985.84
Italy,ITA,Europe,EU,2014,2010-2014,Pre-Pandemic,EV,Publicly available fast,0.0,0.0,0.0,0.0,0.0,10.0,0.26454033771106944,60320707.0,2173255507985.84
Italy,ITA,Europe,EU,2014,2010-2014,Pre-Pandemic,EV,Publicly available slow,0.0,0.0,0.0,0.0,0.0,1400.0,0.26454033771106944,60320707.0,2173255507985.84
Italy,ITA,Europe,EU,2014,2010-2014,Pre-Pandemic,Vans,BEV,270.0,0.0,1700.0,0.0,0.0,0.0,0.26454033771106944,60320707.0,2173255507985.84
Italy,ITA,Europe,EU,2014,2010-2014,Pre-Pandemic,Vans,EV,0.0,0.25,0.0,0.043000001460314,0.0,0.0,0.26454033771106944,60320707.0,2173255507985.84
Italy,ITA,Europe,EU,2015,2015-2019,Pre-Pandemic,Buses,FCEV,0.0,0.0,11.0,0.0,0.0,0.0,0.22628483763743287,60229605.0,1845428048839.1
Italy,ITA,Europe,EU,2015,2015-2019,Pre-Pandemic,Cars,BEV,1500.0,0.0,4400.0,0.0,0.0,0.0,0.22628483763743287,60229605.0,1845428048839.1
Italy,ITA,Europe,EU,2015,2015-2019,Pre-Pandemic,Cars,EV,0.0,0.140000000596046,0.0,0.014999999664724,0.0,0.0,0.22628483763743287,60229605.0,1845428048839.1
Italy,ITA,Europe,EU,2015,2015-2019,Pre-Pandemic,Cars,FCEV,1.0,0.0,11.0,0.0,0.0,0.0,0.22628483763743287,60229605.0,1845428048839.1
Italy,ITA,Europe,EU,2015,2015-2019,Pre-Pandemic,Cars,PHEV,740.0,0.0,1300.0,0.0,0.0,0.0,0.22628483763743287,60229605.0,1845428048839.1
Italy,ITA,Europe,EU,2015,2015-2019,Pre-Pandemic,EV,Publicly available fast,0.0,0.0,0.0,0.0,0.0,70.0,0.22628483763743287,60229605.0,1845428048839.1
Italy,ITA,Europe,EU,2015,2015-2019,Pre-Pandemic,EV,Publicly available slow,0.0,0.0,0.0,0.0,0.0,1700.0,0.22628483763743287,60229605.0,1845428048839.1
Italy,ITA,Europe,EU,2015,2015-2019,Pre-Pandemic,Vans,BEV,420.0,0.0,2100.0,0.0,0.0,0.0,0.22628483763743287,60229605.0,1845428048839.1
Italy,ITA,Europe,EU,2015,2015-2019,Pre-Pandemic,Vans,EV,0.0,0.349999994039536,0.0,0.052999999374151,0.0,0.0,0.22628483763743287,60229605.0,1845428048839.1
Italy,ITA,Europe,EU,2016,2015-2019,Pre-Pandemic,Buses,BEV,38.0,0.0,38.0,0.0,0.0,0.0,0.21549467806665504,60115223.0,1887111188176.93
Italy,ITA,Europe,EU,2016,2015-2019,Pre-Pandemic,Buses,EV,0.0,1.39999997615814,0.0,0.039000000804663,0.0,0.0,0.21549467806665504,60115223.0,1887111188176.93
Italy,ITA,Europe,EU,2016,2015-2019,Pre-Pandemic,Buses,FCEV,0.0,0.0,13.0,0.0,0.0,0.0,0.21549467806665504,60115223.0,1887111188176.93
Italy,ITA,Europe,EU,2016,2015-2019,Pre-Pandemic,Cars,BEV,1400.0,0.0,5800.0,0.0,0.0,0.0,0.21549467806665504,60115223.0,1887111188176.93
Italy,ITA,Europe,EU,2016,2015-2019,Pre-Pandemic,Cars,EV,0.0,0.150000005960464,0.0,0.021999999880791,0.0,0.0,0.21549467806665504,60115223.0,1887111188176.93
Italy,ITA,Europe,EU,2016,2015-2019,Pre-Pandemic,Cars,FCEV,0.0,0.0,11.0,0.0,0.0,0.0,0.21549467806665504,60115223.0,1887111188176.93
Italy,ITA,Europe,EU,2016,2015-2019,Pre-Pandemic,Cars,PHEV,1300.0,0.0,2700.0,0.0,0.0,0.0,0.21549467806665504,60115223.0,1887111188176.93
Italy,ITA,Europe,EU,2016,2015-2019,Pre-Pandemic,EV,Publicly available fast,0.0,0.0,0.0,0.0,0.0,170.0,0.21549467806665504,60115223.0,1887111188176.93
Italy,ITA,Europe,EU,2016,2015-2019,Pre-Pandemic,EV,Publicly available slow,0.0,0.0,0.0,0.0,0.0,2300.0,0.21549467806665504,60115223.0,1887111188176.93
Italy,ITA,Europe,EU,2016,2015-2019,Pre-Pandemic,Vans,BEV,780.0,0.0,2900.0,0.0,0.0,0.0,0.21549467806665504,60115223.0,1887111188176.93
Italy,ITA,Europe,EU,2016,2015-2019,Pre-Pandemic,Vans,EV,0.0,0.430000007152557,0.0,0.071000002324581,0.0,0.0,0.21549467806665504,60115223.0,1887111188176.93
Italy,ITA,Europe,EU,2017,2015-2019,Pre-Pandemic,Buses,BEV,29.0,0.0,46.0,0.0,0.0,0.0,0.16736652669466107,60002252.0,1970720904584.71
Italy,ITA,Europe,EU,2017,2015-2019,Pre-Pandemic,Buses,EV,0.0,0.910000026226044,0.0,0.048000000417233,0.0,0.0,0.16736652669466107,60002252.0,1970720904584.71
Italy,ITA,Europe,EU,2017,2015-2019,Pre-Pandemic,Buses,FCEV,0.0,0.0,13.0,0.0,0.0,0.0,0.16736652669466107,60002252.0,1970720904584.71
Italy,ITA,Europe,EU,2017,2015-2019,Pre-Pandemic,Cars,BEV,2000.0,0.0,7800.0,0.0,0.0,0.0,0.16736652669466107,60002252.0,1970720904584.71
Italy,ITA,Europe,EU,2017,2015-2019,Pre-Pandemic,Cars,EV,0.0,0.25,0.0,0.034000001847744,0.0,0.0,0.16736652669466107,60002252.0,1970720904584.71
Italy,ITA,Europe,EU,2017,2015-2019,Pre-Pandemic,Cars,FCEV,0.0,0.0,11.0,0.0,0.0,0.0,0.16736652669466107,60002252.0,1970720904584.71
Italy,ITA,Europe,EU,2017,2015-2019,Pre-Pandemic,Cars,PHEV,2900.0,0.0,5600.0,0.0,0.0,0.0,0.16736652669466107,60002252.0,1970720904584.71
Italy,ITA,Europe,EU,2017,2015-2019,Pre-Pandemic,EV,Publicly available fast,0.0,0.0,0.0,0.0,0.0,390.0,0.16736652669466107,60002252.0,1970720904584.71
Italy,ITA,Europe,EU,2017,2015-2019,Pre-Pandemic,EV,Publicly available slow,0.0,0.0,0.0,0.0,0.0,2400.0,0.16736652669466107,60002252.0,1970720904584.71
Italy,ITA,Europe,EU,2017,2015-2019,Pre-Pandemic,Vans,BEV,500.0,0.0,3200.0,0.0,0.0,0.0,0.16736652669466107,60002252.0,1970720904584.71
Italy,ITA,Europe,EU,2017,2015-2019,Pre-Pandemic,Vans,EV,0.0,0.280000001192093,0.0,0.07599999755621,0.0,0.0,0.16736652669466107,60002252.0,1970720904584.71
Italy,ITA,Europe,EU,2017,2015-2019,Pre-Pandemic,Vans,PHEV,2.0,0.0,0.0,0.0,0.0,0.0,0.16736652669466107,60002252.0,1970720904584.71
Italy,ITA,Europe,EU,2018,2015-2019,Pre-Pandemic,Buses,BEV,60.0,0.0,110.0,0.0,0.0,0.0,0.12835213611984464,59877221.0,2099435266458.67
Italy,ITA,Europe,EU,2018,2015-2019,Pre-Pandemic,Buses,EV,0.0,1.39999997615814,0.0,0.109999999403954,0.0,0.0,0.12835213611984464,59877221.0,2099435266458.67
Italy,ITA,Europe,EU,2018,2015-2019,Pre-Pandemic,Buses,FCEV,0.0,0.0,13.0,0.0,0.0,0.0,0.12835213611984464,59877221.0,2099435266458.67
Italy,ITA,Europe,EU,2018,2015-2019,Pre-Pandemic,Cars,BEV,5000.0,0.0,13000.0,0.0,0.0,0.0,0.12835213611984464,59877221.0,2099435266458.67
Italy,ITA,Europe,EU,2018,2015-2019,Pre-Pandemic,Cars,EV,0.0,0.509999990463257,0.0,0.05799999833107,0.0,0.0,0.12835213611984464,59877221.0,2099435266458.67
Italy,ITA,Europe,EU,2018,2015-2019,Pre-Pandemic,Cars,FCEV,1.0,0.0,12.0,0.0,0.0,0.0,0.12835213611984464,59877221.0,2099435266458.67
Italy,ITA,Europe,EU,2018,2015-2019,Pre-Pandemic,Cars,PHEV,4700.0,0.0,10000.0,0.0,0.0,0.0,0.12835213611984464,59877221.0,2099435266458.67
Italy,ITA,Europe,EU,2018,2015-2019,Pre-Pandemic,EV,Publicly available fast,0.0,0.0,0.0,0.0,0.0,570.0,0.12835213611984464,59877221.0,2099435266458.67
Italy,ITA,Europe,EU,2018,2015-2019,Pre-Pandemic,EV,Publicly available slow,0.0,0.0,0.0,0.0,0.0,2900.0,0.12835213611984464,59877221.0,2099435266458.67
Italy,ITA,Europe,EU,2018,2015-2019,Pre-Pandemic,Vans,BEV,640.0,0.0,3900.0,0.0,0.0,0.0,0.12835213611984464,59877221.0,2099435266458.67
Italy,ITA,Europe,EU,2018,2015-2019,Pre-Pandemic,Vans,EV,0.0,0.389999985694885,0.0,0.093999996781349,0.0,0.0,0.12835213611984464,59877221.0,2099435266458.67
Italy,ITA,Europe,EU,2019,2015-2019,Pre-Pandemic,Buses,BEV,65.0,0.0,540.0,0.0,0.0,0.0,0.20121254722783588,59729081.0,2019606796583.53
Italy,ITA,Europe,EU,2019,2015-2019,Pre-Pandemic,Buses,EV,0.0,1.60000002384186,0.0,0.550000011920929,0.0,0.0,0.20121254722783588,59729081.0,2019606796583.53
Italy,ITA,Europe,EU,2019,2015-2019,Pre-Pandemic,Buses,FCEV,0.0,0.0,13.0,0.0,0.0,0.0,0.20121254722783588,59729081.0,2019606796583.53
Italy,ITA,Europe,EU,2019,2015-2019,Pre-Pandemic,Cars,BEV,11000.0,0.0,23000.0,0.0,0.0,0.0,0.20121254722783588,59729081.0,2019606796583.53
Italy,ITA,Europe,EU,2019,2015-2019,Pre-Pandemic,Cars,EV,0.0,0.899999976158142,0.0,0.100000001490116,0.0,0.0,0.20121254722783588,59729081.0,2019606796583.53
Italy,ITA,Europe,EU,2019,2015-2019,Pre-Pandemic,Cars,FCEV,17.0,0.0,28.0,0.0,0.0,0.0,0.20121254722783588,59729081.0,2019606796583.53
Italy,ITA,Europe,EU,2019,2015-2019,Pre-Pandemic,Cars,PHEV,6500.0,0.0,17000.0,0.0,0.0,0.0,0.20121254722783588,59729081.0,2019606796583.53
Italy,ITA,Europe,EU,2019,2015-2019,Pre-Pandemic,EV,Publicly available fast,0.0,0.0,0.0,0.0,0.0,860.0,0.20121254722783588,59729081.0,2019606796583.53
Italy,ITA,Europe,EU,2019,2015-2019,Pre-Pandemic,EV,Publicly available slow,0.0,0.0,0.0,0.0,0.0,8300.0,0.20121254722783588,59729081.0,2019606796583.53
Italy,ITA,Europe,EU,2019,2015-2019,Pre-Pandemic,Vans,BEV,1000.0,0.0,4900.0,0.0,0.0,0.0,0.20121254722783588,59729081.0,2019606796583.53
Italy,ITA,Europe,EU,2019,2015-2019,Pre-Pandemic,Vans,EV,0.0,0.610000014305115,0.0,0.119999997317791,0.0,0.0,0.20121254722783588,59729081.0,2019606796583.53
Italy,ITA,Europe,EU,2019,2015-2019,Pre-Pandemic,Vans,PHEV,0.0,0.0,43.0,0.0,0.0,0.0,0.20121254722783588,59729081.0,2019606796583.53
Italy,ITA,Europe,EU,2020,2020-2023,Pandemic,Buses,BEV,97.0,0.0,590.0,0.0,0.0,0.0,0.12448602361462145,59438851.0,1907481094079.23
Italy,ITA,Europe,EU,2020,2020-2023,Pandemic,Buses,EV,0.0,3.09999990463257,0.0,0.600000023841858,0.0,0.0,0.12448602361462145,59438851.0,1907481094079.23
Italy,ITA,Europe,EU,2020,2020-2023,Pandemic,Buses,FCEV,0.0,0.0,13.0,0.0,0.0,0.0,0.12448602361462145,59438851.0,1907481094079.23
Italy,ITA,Europe,EU,2020,2020-2023,Pandemic,Cars,BEV,33000.0,0.0,55000.0,0.0,0.0,0.0,0.12448602361462145,59438851.0,1907481094079.23
Italy,ITA,Europe,EU,2020,2020-2023,Pandemic,Cars,EV,0.0,4.30000019073486,0.0,0.25,0.0,0.0,0.12448602361462145,59438851.0,1907481094079.23
Italy,ITA,Europe,EU,2020,2020-2023,Pandemic,Cars,FCEV,7.0,0.0,35.0,0.0,0.0,0.0,0.12448602361462145,59438851.0,1907481094079.23
Italy,ITA,Europe,EU,2020,2020-2023,Pandemic,Cars,PHEV,27000.0,0.0,44000.0,0.0,0.0,0.0,0.12448602361462145,59438851.0,1907481094079.23
Italy,ITA,Europe,EU,2020,2020-2023,Pandemic,EV,Publicly available fast,0.0,0.0,0.0,0.0,0.0,1200.0,0.12448602361462145,59438851.0,1907481094079.23
Italy,ITA,Europe,EU,2020,2020-2023,Pandemic,EV,Publicly available slow,0.0,0.0,0.0,0.0,0.0,12000.0,0.12448602361462145,59438851.0,1907481094079.23
Italy,ITA,Europe,EU,2020,2020-2023,Pandemic,Vans,BEV,1200.0,0.0,6300.0,0.0,0.0,0.0,0.12448602361462145,59438851.0,1907481094079.23
Italy,ITA,Europe,EU,2020,2020-2023,Pandemic,Vans,EV,0.0,0.879999995231628,0.0,0.150000005960464,0.0,0.0,0.12448602361462145,59438851.0,1907481094079.23
Italy,ITA,Europe,EU,2020,2020-2023,Pandemic,Vans,PHEV,53.0,0.0,98.0,0.0,0.0,0.0,0.12448602361462145,59438851.0,1907481094079.23
Italy,ITA,Europe,EU,2021,2020-2023,Pandemic,Buses,BEV,180.0,0.0,670.0,0.0,0.0,0.0,0.09226242425753685,59133173.0,2179207773596.09
Italy,ITA,Europe,EU,2021,2020-2023,Pandemic,Buses,EV,0.0,5.19999980926514,0.0,0.689999997615814,0.0,0.0,0.09226242425753685,59133173.0,2179207773596.09
Italy,ITA,Europe,EU,2021,2020-2023,Pandemic,Buses,FCEV,0.0,0.0,13.0,0.0,0.0,0.0,0.09226242425753685,59133173.0,2179207773596.09
Italy,ITA,Europe,EU,2021,2020-2023,Pandemic,Cars,BEV,67000.0,0.0,120000.0,0.0,0.0,0.0,0.09226242425753685,59133173.0,2179207773596.09
Italy,ITA,Europe,EU,2021,2020-2023,Pandemic,Cars,EV,0.0,9.5,0.0,0.589999973773956,0.0,0.0,0.09226242425753685,59133173.0,2179207773596.09
Italy,ITA,Europe,EU,2021,2020-2023,Pandemic,Cars,FCEV,10.0,0.0,45.0,0.0,0.0,0.0,0.09226242425753685,59133173.0,2179207773596.09
Italy,ITA,Europe,EU,2021,2020-2023,Pandemic,Cars,PHEV,71000.0,0.0,110000.0,0.0,0.0,0.0,0.09226242425753685,59133173.0,2179207773596.09
Italy,ITA,Europe,EU,2021,2020-2023,Pandemic,EV,Publicly available fast,0.0,0.0,0.0,0.0,0.0,2200.0,0.09226242425753685,59133173.0,2179207773596.09
Italy,ITA,Europe,EU,2021,2020-2023,Pandemic,EV,Publicly available slow,0.0,0.0,0.0,0.0,0.0,20000.0,0.09226242425753685,59133173.0,2179207773596.09
Italy,ITA,Europe,EU,2021,2020-2023,Pandemic,Vans,BEV,3100.0,0.0,9400.0,0.0,0.0,0.0,0.09226242425753685,59133173.0,2179207773596.09
Italy,ITA,Europe,EU,2021,2020-2023,Pandemic,Vans,EV,0.0,1.89999997615814,0.0,0.230000004172325,0.0,0.0,0.09226242425753685,59133173.0,2179207773596.09
Italy,ITA,Europe,EU,2021,2020-2023,Pandemic,Vans,PHEV,380.0,0.0,490.0,0.0,0.0,0.0,0.09226242425753685,59133173.0,2179207773596.09
Italy,ITA,Europe,EU,2022,2020-2023,Post-Pandemic,Buses,BEV,120.0,0.0,790.0,0.0,0.0,0.0,0.10275126795064651,59013667.0,2104067630319.46
Italy,ITA,Europe,EU,2022,2020-2023,Post-Pandemic,Buses,EV,0.0,4.09999990463257,0.0,0.829999983310699,0.0,0.0,0.10275126795064651,59013667.0,2104067630319.46
Italy,ITA,Europe,EU,2022,2020-2023,Post-Pandemic,Buses,FCEV,0.0,0.0,13.0,0.0,0.0,0.0,0.10275126795064651,59013667.0,2104067630319.46
Italy,ITA,Europe,EU,2022,2020-2023,Post-Pandemic,Cars,BEV,49000.0,0.0,170000.0,0.0,0.0,0.0,0.10275126795064651,59013667.0,2104067630319.46
Italy,ITA,Europe,EU,2022,2020-2023,Post-Pandemic,Cars,EV,0.0,8.60000038146973,0.0,0.910000026226044,0.0,0.0,0.10275126795064651,59013667.0,2104067630319.46
Italy,ITA,Europe,EU,2022,2020-2023,Post-Pandemic,Cars,FCEV,11.0,0.0,56.0,0.0,0.0,0.0,0.10275126795064651,59013667.0,2104067630319.46
Italy,ITA,Europe,EU,2022,2020-2023,Post-Pandemic,Cars,PHEV,65000.0,0.0,180000.0,0.0,0.0,0.0,0.10275126795064651,59013667.0,2104067630319.46
Italy,ITA,Europe,EU,2022,2020-2023,Post-Pandemic,EV,Publicly available fast,0.0,0.0,0.0,0.0,0.0,6500.0,0.10275126795064651,59013667.0,2104067630319.46
Italy,ITA,Europe,EU,2022,2020-2023,Post-Pandemic,EV,Publicly available slow,0.0,0.0,0.0,0.0,0.0,31000.0,0.10275126795064651,59013667.0,2104067630319.46
Italy,ITA,Europe,EU,2022,2020-2023,Post-Pandemic,Vans,BEV,4100.0,0.0,13000.0,0.0,0.0,0.0,0.10275126795064651,59013667.0,2104067630319.46
Italy,ITA,Europe,EU,2022,2020-2023,Post-Pandemic,Vans,EV,0.0,3.0,0.0,0.330000013113022,0.0,0.0,0.10275126795064651,59013667.0,2104067630319.46
Italy,ITA,Europe,EU,2022,2020-2023,Post-Pandemic,Vans,PHEV,610.0,0.0,1100.0,0.0,0.0,0.0,0.10275126795064651,59013667.0,2104067630319.46
Italy,ITA,Europe,EU,2023,2020-2023,Post-Pandemic,Buses,BEV,410.0,0.0,1000.0,0.0,0.0,0.0,0.09354828044257478,58984216.0,2316882296366.32
Italy,ITA,Europe,EU,2023,2020-2023,Post-Pandemic,Buses,EV,0.0,8.0,0.0,1.10000002384186,0.0,0.0,0.09354828044257478,58984216.0,2316882296366.32
Italy,ITA,Europe,EU,2023,2020-2023,Post-Pandemic,Buses,FCEV,14.0,0.0,14.0,0.0,0.0,0.0,0.09354828044257478,58984216.0,2316882296366.32
Italy,ITA,Europe,EU,2023,2020-2023,Post-Pandemic,Cars,BEV,66000.0,0.0,240000.0,0.0,0.0,0.0,0.09354828044257478,58984216.0,2316882296366.32
Italy,ITA,Europe,EU,2023,2020-2023,Post-Pandemic,Cars,EV,0.0,9.19999980926514,0.0,1.29999995231628,0.0,0.0,0.09354828044257478,58984216.0,2316882296366.32
Italy,ITA,Europe,EU,2023,2020-2023,Post-Pandemic,Cars,FCEV,2.0,0.0,59.0,0.0,0.0,0.0,0.09354828044257478,58984216.0,2316882296366.32
Italy,ITA,Europe,EU,2023,2020-2023,Post-Pandemic,Cars,PHEV,70000.0,0.0,250000.0,0.0,0.0,0.0,0.09354828044257478,58984216.0,2316882296366.32
Italy,ITA,Europe,EU,2023,2020-2023,Post-Pandemic,EV,Publicly available fast,0.0,0.0,0.0,0.0,0.0,8100.0,0.09354828044257478,58984216.0,2316882296366.32
Italy,ITA,Europe,EU,2023,2020-2023,Post-Pandemic,EV,Publicly available slow,0.0,0.0,0.0,0.0,0.0,40000.0,0.09354828044257478,58984216.0,2316882296366.32
Italy,ITA,Europe,EU,2023,2020-2023,Post-Pandemic,Vans,BEV,7200.0,0.0,21000.0,0.0,0.0,0.0,0.09354828044257478,58984216.0,2316882296366.32
Italy,ITA,Europe,EU,2023,2020-2023,Post-Pandemic,Vans,EV,0.0,4.19999980926514,0.0,0.550000011920929,0.0,0.0,0.09354828044257478,58984216.0,2316882296366.32
Italy,ITA,Europe,EU,2023,2020-2023,Post-Pandemic,Vans,PHEV,1000.0,0.0,2100.0,0.0,0.0,0.0,0.09354828044257478,58984216.0,2316882296366.32
Japan,JPN,Asia,AS,2010,2010-2014,Pre-Pandemic,Cars,BEV,2400.0,0.0,3500.0,0.0,0.0,0.0,0.08857142857142856,128070000.0,5811578109447.07
Japan,JPN,Asia,AS,2010,2010-2014,Pre-Pandemic,Cars,EV,0.0,0.052999999374151,0.0,0.006099999882281,0.0,0.0,0.08857142857142856,128070000.0,5811578109447.07
Japan,JPN,Asia,AS,2010,2010-2014,Pre-Pandemic,Cars,FCEV,2.0,0.0,0.0,0.0,0.0,0.0,0.08857142857142856,128070000.0,5811578109447.07
Japan,JPN,Asia,AS,2010,2010-2014,Pre-Pandemic,EV,Publicly available fast,0.0,0.0,0.0,0.0,0.0,310.0,0.08857142857142856,128070000.0,5811578109447.07
Japan,JPN,Asia,AS,2011,2010-2014,Pre-Pandemic,Buses,BEV,2.0,0.0,2.0,0.0,0.0,0.0,0.04742989268986779,127833000.0,6279422550218.7
Japan,JPN,Asia,AS,2011,2010-2014,Pre-Pandemic,Buses,EV,0.0,0.018999999389052,0.0,0.00089000002481,0.0,0.0,0.04742989268986779,127833000.0,6279422550218.7
Japan,JPN,Asia,AS,2011,2010-2014,Pre-Pandemic,Cars,BEV,13000.0,0.0,16000.0,0.0,0.0,0.0,0.04742989268986779,127833000.0,6279422550218.7
Japan,JPN,Asia,AS,2011,2010-2014,Pre-Pandemic,Cars,EV,0.0,0.28999999165535,0.0,0.028000000864267,0.0,0.0,0.04742989268986779,127833000.0,6279422550218.7
Japan,JPN,Asia,AS,2011,2010-2014,Pre-Pandemic,Cars,PHEV,15.0,0.0,15.0,0.0,0.0,0.0,0.04742989268986779,127833000.0,6279422550218.7
Japan,JPN,Asia,AS,2011,2010-2014,Pre-Pandemic,EV,Publicly available fast,0.0,0.0,0.0,0.0,0.0,800.0,0.04742989268986779,127833000.0,6279422550218.7
Japan,JPN,Asia,AS,2011,2010-2014,Pre-Pandemic,Vans,BEV,850.0,0.0,850.0,0.0,0.0,0.0,0.04742989268986779,127833000.0,6279422550218.7
Japan,JPN,Asia,AS,2011,2010-2014,Pre-Pandemic,Vans,EV,0.0,0.150000005960464,0.0,0.006099999882281,0.0,0.0,0.04742989268986779,127833000.0,6279422550218.7
Japan,JPN,Asia,AS,2012,2010-2014,Pre-Pandemic,Buses,BEV,4.0,0.0,6.0,0.0,0.0,0.0,0.03159842910666727,127629000.0,6333803928787.76
Japan,JPN,Asia,AS,2012,2010-2014,Pre-Pandemic,Buses,EV,0.0,0.032999999821186,0.0,0.002700000070035,0.0,0.0,0.03159842910666727,127629000.0,6333803928787.76
Japan,JPN,Asia,AS,2012,2010-2014,Pre-Pandemic,Cars,BEV,13000.0,0.0,30000.0,0.0,0.0,0.0,0.03159842910666727,127629000.0,6333803928787.76
Japan,JPN,Asia,AS,2012,2010-2014,Pre-Pandemic,Cars,EV,0.0,0.449999988079071,0.0,0.068999998271465,0.0,0.0,0.03159842910666727,127629000.0,6333803928787.76
Japan,JPN,Asia,AS,2012,2010-2014,Pre-Pandemic,Cars,FCEV,1.0,0.0,0.0,0.0,0.0,0.0,0.03159842910666727,127629000.0,6333803928787.76
Japan,JPN,Asia,AS,2012,2010-2014,Pre-Pandemic,Cars,PHEV,11000.0,0.0,11000.0,0.0,0.0,0.0,0.03159842910666727,127629000.0,6333803928787.76
Japan,JPN,Asia,AS,2012,2010-2014,Pre-Pandemic,EV,Publicly available fast,0.0,0.0,0.0,0.0,0.0,1400.0,0.03159842910666727,127629000.0,6333803928787.76
Japan,JPN,Asia,AS,2012,2010-2014,Pre-Pandemic,Vans,BEV,2500.0,0.0,3300.0,0.0,0.0,0.0,0.03159842910666727,127629000.0,6333803928787.76
Japan,JPN,Asia,AS,2012,2010-2014,Pre-Pandemic,Vans,EV,0.0,0.379999995231628,0.0,0.024000000208616,0.0,0.0,0.03159842910666727,127629000.0,6333803928787.76
Japan,JPN,Asia,AS,2013,2010-2014,Pre-Pandemic,Buses,BEV,7.0,0.0,13.0,0.0,0.0,0.0,0.024189321758294923,127445000.0,5272297037396.96
Japan,JPN,Asia,AS,2013,2010-2014,Pre-Pandemic,Buses,EV,0.0,0.061999998986721,0.0,0.005799999926239,0.0,0.0,0.024189321758294923,127445000.0,5272297037396.96
Japan,JPN,Asia,AS,2013,2010-2014,Pre-Pandemic,Cars,BEV,15000.0,0.0,44000.0,0.0,0.0,0.0,0.024189321758294923,127445000.0,5272297037396.96
Japan,JPN,Asia,AS,2013,2010-2014,Pre-Pandemic,Cars,EV,0.0,0.540000021457672,0.0,0.119999997317791,0.0,0.0,0.024189321758294923,127445000.0,5272297037396.96
Japan,JPN,Asia,AS,2013,2010-2014,Pre-Pandemic,Cars,FCEV,4.0,0.0,0.0,0.0,0.0,0.0,0.024189321758294923,127445000.0,5272297037396.96
Japan,JPN,Asia,AS,2013,2010-2014,Pre-Pandemic,Cars,PHEV,14000.0,0.0,25000.0,0.0,0.0,0.0,0.024189321758294923,127445000.0,5272297037396.96
Japan,JPN,Asia,AS,2013,2010-2014,Pre-Pandemic,EV,Publicly available fast,0.0,0.0,0.0,0.0,0.0,1800.0,0.024189321758294923,127445000.0,5272297037396.96
Japan,JPN,Asia,AS,2013,2010-2014,Pre-Pandemic,Vans,BEV,2100.0,0.0,5400.0,0.0,0.0,0.0,0.024189321758294923,127445000.0,5272297037396.96
Japan,JPN,Asia,AS,2013,2010-2014,Pre-Pandemic,Vans,EV,0.0,0.310000002384186,0.0,0.03999999910593,0.0,0.0,0.024189321758294923,127445000.0,5272297037396.96
Japan,JPN,Asia,AS,2014,2010-2014,Pre-Pandemic,Buses,BEV,6.0,0.0,19.0,0.0,0.0,0.0,0.097939856411654,127276000.0,4985763289560.81
Japan,JPN,Asia,AS,2014,2010-2014,Pre-Pandemic,Buses,EV,0.0,0.050000000745058,0.0,0.008399999700487,0.0,0.0,0.097939856411654,127276000.0,4985763289560.81
Japan,JPN,Asia,AS,2014,2010-2014,Pre-Pandemic,Cars,BEV,16000.0,0.0,70000.0,0.0,0.0,0.0,0.097939856411654,127276000.0,4985763289560.81
Japan,JPN,Asia,AS,2014,2010-2014,Pre-Pandemic,Cars,EV,0.0,0.610000014305115,0.0,0.189999997615814,0.0,0.0,0.097939856411654,127276000.0,4985763289560.81
Japan,JPN,Asia,AS,2014,2010-2014,Pre-Pandemic,Cars,FCEV,7.0,0.0,0.0,0.0,0.0,0.0,0.097939856411654,127276000.0,4985763289560.81
Japan,JPN,Asia,AS,2014,2010-2014,Pre-Pandemic,Cars,PHEV,16000.0,0.0,41000.0,0.0,0.0,0.0,0.097939856411654,127276000.0,4985763289560.81
Japan,JPN,Asia,AS,2014,2010-2014,Pre-Pandemic,EV,Publicly available fast,0.0,0.0,0.0,0.0,0.0,2900.0,0.097939856411654,127276000.0,4985763289560.81
Japan,JPN,Asia,AS,2014,2010-2014,Pre-Pandemic,EV,Publicly available slow,0.0,0.0,0.0,0.0,0.0,8600.0,0.097939856411654,127276000.0,4985763289560.81
Japan,JPN,Asia,AS,2014,2010-2014,Pre-Pandemic,Vans,BEV,1000.0,0.0,6400.0,0.0,0.0,0.0,0.097939856411654,127276000.0,4985763289560.81
Japan,JPN,Asia,AS,2014,2010-2014,Pre-Pandemic,Vans,EV,0.0,0.150000005960464,0.0,0.048000000417233,0.0,0.0,0.097939856411654,127276000.0,4985763289560.81
Japan,JPN,Asia,AS,2015,2015-2019,Pre-Pandemic,Buses,BEV,2.0,0.0,21.0,0.0,0.0,0.0,0.15523458061966822,127141000.0,4534438580494.94
Japan,JPN,Asia,AS,2015,2015-2019,Pre-Pandemic,Buses,EV,0.0,0.014999999664724,0.0,0.009200000204146,0.0,0.0,0.15523458061966822,127141000.0,4534438580494.94
Japan,JPN,Asia,AS,2015,2015-2019,Pre-Pandemic,Cars,BEV,10000.0,0.0,79000.0,0.0,0.0,0.0,0.15523458061966822,127141000.0,4534438580494.94
Japan,JPN,Asia,AS,2015,2015-2019,Pre-Pandemic,Cars,EV,0.0,0.519999980926514,0.0,0.219999998807907,0.0,0.0,0.15523458061966822,127141000.0,4534438580494.94
Japan,JPN,Asia,AS,2015,2015-2019,Pre-Pandemic,Cars,FCEV,390.0,0.0,400.0,0.0,0.0,0.0,0.15523458061966822,127141000.0,4534438580494.94
Japan,JPN,Asia,AS,2015,2015-2019,Pre-Pandemic,Cars,PHEV,14000.0,0.0,55000.0,0.0,0.0,0.0,0.15523458061966822,127141000.0,4534438580494.94
Japan,JPN,Asia,AS,2015,2015-2019,Pre-Pandemic,EV,Publicly available fast,0.0,0.0,0.0,0.0,0.0,6000.0,0.15523458061966822,127141000.0,4534438580494.94
Japan,JPN,Asia,AS,2015,2015-2019,Pre-Pandemic,EV,Publicly available slow,0.0,0.0,0.0,0.0,0.0,16000.0,0.15523458061966822,127141000.0,4534438580494.94
Japan,JPN,Asia,AS,2015,2015-2019,Pre-Pandemic,Vans,BEV,830.0,0.0,7300.0,0.0,0.0,0.0,0.15523458061966822,127141000.0,4534438580494.94
Japan,JPN,Asia,AS,2015,2015-2019,Pre-Pandemic,Vans,EV,0.0,0.129999995231628,0.0,0.054000001400709,0.0,0.0,0.15523458061966822,127141000.0,4534438580494.94
Japan,JPN,Asia,AS,2016,2015-2019,Pre-Pandemic,Buses,BEV,8.0,0.0,29.0,0.0,0.0,0.0,0.14873880601620698,127076000.0,5110357383254.44
Japan,JPN,Asia,AS,2016,2015-2019,Pre-Pandemic,Buses,EV,0.0,0.052000001072884,0.0,0.012000000104308,0.0,0.0,0.14873880601620698,127076000.0,5110357383254.44
Japan,JPN,Asia,AS,2016,2015-2019,Pre-Pandemic,Cars,BEV,15000.0,0.0,88000.0,0.0,0.0,0.0,0.14873880601620698,127076000.0,5110357383254.44
Japan,JPN,Asia,AS,2016,2015-2019,Pre-Pandemic,Cars,EV,0.0,0.509999990463257,0.0,0.25,0.0,0.0,0.14873880601620698,127076000.0,5110357383254.44
Japan,JPN,Asia,AS,2016,2015-2019,Pre-Pandemic,Cars,FCEV,1100.0,0.0,1400.0,0.0,0.0,0.0,0.14873880601620698,127076000.0,5110357383254.44
Japan,JPN,Asia,AS,2016,2015-2019,Pre-Pandemic,Cars,PHEV,9400.0,0.0,65000.0,0.0,0.0,0.0,0.14873880601620698,127076000.0,5110357383254.44
Japan,JPN,Asia,AS,2016,2015-2019,Pre-Pandemic,EV,Publicly available fast,0.0,0.0,0.0,0.0,0.0,7100.0,0.14873880601620698,127076000.0,5110357383254.44
Japan,JPN,Asia,AS,2016,2015-2019,Pre-Pandemic,EV,Publicly available slow,0.0,0.0,0.0,0.0,0.0,17000.0,0.14873880601620698,127076000.0,5110357383254.44
Japan,JPN,Asia,AS,2016,2015-2019,Pre-Pandemic,Vans,BEV,320.0,0.0,7600.0,0.0,0.0,0.0,0.14873880601620698,127076000.0,5110357383254.44
Japan,JPN,Asia,AS,2016,2015-2019,Pre-Pandemic,Vans,EV,0.0,0.050999999046326,0.0,0.057000000029802,0.0,0.0,0.14873880601620698,127076000.0,5110357383254.44
Japan,JPN,Asia,AS,2017,2015-2019,Pre-Pandemic,Buses,BEV,10.0,0.0,29.0,0.0,0.0,0.0,0.1393718278639008,126972000.0,5038231631660.71
Japan,JPN,Asia,AS,2017,2015-2019,Pre-Pandemic,Buses,EV,0.0,0.064000003039837,0.0,0.012000000104308,0.0,0.0,0.1393718278639008,126972000.0,5038231631660.71
Japan,JPN,Asia,AS,2017,2015-2019,Pre-Pandemic,Cars,BEV,18000.0,0.0,100000.0,0.0,0.0,0.0,0.1393718278639008,126972000.0,5038231631660.71
Japan,JPN,Asia,AS,2017,2015-2019,Pre-Pandemic,Cars,EV,0.0,1.20000004768372,0.0,0.310000002384186,0.0,0.0,0.1393718278639008,126972000.0,5038231631660.71
Japan,JPN,Asia,AS,2017,2015-2019,Pre-Pandemic,Cars,FCEV,850.0,0.0,2300.0,0.0,0.0,0.0,0.1393718278639008,126972000.0,5038231631660.71
Japan,JPN,Asia,AS,2017,2015-2019,Pre-Pandemic,Cars,PHEV,36000.0,0.0,100000.0,0.0,0.0,0.0,0.1393718278639008,126972000.0,5038231631660.71
Japan,JPN,Asia,AS,2017,2015-2019,Pre-Pandemic,EV,Publicly available fast,0.0,0.0,0.0,0.0,0.0,7300.0,0.1393718278639008,126972000.0,5038231631660.71
Japan,JPN,Asia,AS,2017,2015-2019,Pre-Pandemic,EV,Publicly available slow,0.0,0.0,0.0,0.0,0.0,22000.0,0.1393718278639008,126972000.0,5038231631660.71
Japan,JPN,Asia,AS,2017,2015-2019,Pre-Pandemic,Vans,BEV,320.0,0.0,7900.0,0.0,0.0,0.0,0.1393718278639008,126972000.0,5038231631660.71
Japan,JPN,Asia,AS,2017,2015-2019,Pre-Pandemic,Vans,EV,0.0,0.050000000745058,0.0,0.059999998658896,0.0,0.0,0.1393718278639008,126972000.0,5038231631660.71
Japan,JPN,Asia,AS,2018,2015-2019,Pre-Pandemic,Buses,BEV,10.0,0.0,39.0,0.0,0.0,0.0,0.12316292339846731,126811000.0,5154293721629.56
Japan,JPN,Asia,AS,2018,2015-2019,Pre-Pandemic,Buses,EV,0.0,0.072999998927116,0.0,0.017000000923872,0.0,0.0,0.12316292339846731,126811000.0,5154293721629.56
Japan,JPN,Asia,AS,2018,2015-2019,Pre-Pandemic,Cars,BEV,27000.0,0.0,110000.0,0.0,0.0,0.0,0.12316292339846731,126811000.0,5154293721629.56
Japan,JPN,Asia,AS,2018,2015-2019,Pre-Pandemic,Cars,EV,0.0,1.10000002384186,0.0,0.360000014305115,0.0,0.0,0.12316292339846731,126811000.0,5154293721629.56
Japan,JPN,Asia,AS,2018,2015-2019,Pre-Pandemic,Cars,FCEV,610.0,0.0,2900.0,0.0,0.0,0.0,0.12316292339846731,126811000.0,5154293721629.56
Japan,JPN,Asia,AS,2018,2015-2019,Pre-Pandemic,Cars,PHEV,23000.0,0.0,120000.0,0.0,0.0,0.0,0.12316292339846731,126811000.0,5154293721629.56
Japan,JPN,Asia,AS,2018,2015-2019,Pre-Pandemic,EV,Publicly available fast,0.0,0.0,0.0,0.0,0.0,7700.0,0.12316292339846731,126811000.0,5154293721629.56
Japan,JPN,Asia,AS,2018,2015-2019,Pre-Pandemic,EV,Publicly available slow,0.0,0.0,0.0,0.0,0.0,22000.0,0.12316292339846731,126811000.0,5154293721629.56
Japan,JPN,Asia,AS,2018,2015-2019,Pre-Pandemic,Trucks,BEV,5.0,0.0,5.0,0.0,0.0,0.0,0.12316292339846731,126811000.0,5154293721629.56
Japan,JPN,Asia,AS,2018,2015-2019,Pre-Pandemic,Trucks,EV,0.0,0.002799999900162,0.0,0.000440000003437,0.0,0.0,0.12316292339846731,126811000.0,5154293721629.56
Japan,JPN,Asia,AS,2018,2015-2019,Pre-Pandemic,Vans,BEV,280.0,0.0,8200.0,0.0,0.0,0.0,0.12316292339846731,126811000.0,5154293721629.56
Japan,JPN,Asia,AS,2018,2015-2019,Pre-Pandemic,Vans,EV,0.0,0.03999999910593,0.0,0.061999998986721,0.0,0.0,0.12316292339846731,126811000.0,5154293721629.56
Japan,JPN,Asia,AS,2019,2015-2019,Pre-Pandemic,Buses,BEV,8.0,0.0,47.0,0.0,0.0,0.0,0.11343529048979083,126633000.0,5245755000479.03
Japan,JPN,Asia,AS,2019,2015-2019,Pre-Pandemic,Buses,EV,0.0,0.059000000357628,0.0,0.019999999552965,0.0,0.0,0.11343529048979083,126633000.0,5245755000479.03
Japan,JPN,Asia,AS,2019,2015-2019,Pre-Pandemic,Cars,BEV,21000.0,0.0,120000.0,0.0,0.0,0.0,0.11343529048979083,126633000.0,5245755000479.03
Japan,JPN,Asia,AS,2019,2015-2019,Pre-Pandemic,Cars,EV,0.0,0.860000014305115,0.0,0.409999996423721,0.0,0.0,0.11343529048979083,126633000.0,5245755000479.03
Japan,JPN,Asia,AS,2019,2015-2019,Pre-Pandemic,Cars,FCEV,670.0,0.0,3600.0,0.0,0.0,0.0,0.11343529048979083,126633000.0,5245755000479.03
Japan,JPN,Asia,AS,2019,2015-2019,Pre-Pandemic,Cars,PHEV,18000.0,0.0,140000.0,0.0,0.0,0.0,0.11343529048979083,126633000.0,5245755000479.03
Japan,JPN,Asia,AS,2019,2015-2019,Pre-Pandemic,EV,Publicly available fast,0.0,0.0,0.0,0.0,0.0,7900.0,0.11343529048979083,126633000.0,5245755000479.03
Japan,JPN,Asia,AS,2019,2015-2019,Pre-Pandemic,EV,Publicly available slow,0.0,0.0,0.0,0.0,0.0,23000.0,0.11343529048979083,126633000.0,5245755000479.03
Japan,JPN,Asia,AS,2019,2015-2019,Pre-Pandemic,Trucks,BEV,50.0,0.0,55.0,0.0,0.0,0.0,0.11343529048979083,126633000.0,5245755000479.03
Japan,JPN,Asia,AS,2019,2015-2019,Pre-Pandemic,Trucks,EV,0.0,0.027000000700355,0.0,0.0046999999322,0.0,0.0,0.11343529048979083,126633000.0,5245755000479.03
Japan,JPN,Asia,AS,2019,2015-2019,Pre-Pandemic,Vans,BEV,520.0,0.0,8700.0,0.0,0.0,0.0,0.11343529048979083,126633000.0,5245755000479.03
Japan,JPN,Asia,AS,2019,2015-2019,Pre-Pandemic,Vans,EV,0.0,0.075000002980232,0.0,0.06700000166893,0.0,0.0,0.11343529048979083,126633000.0,5245755000479.03
Japan,JPN,Asia,AS,2020,2020-2023,Pandemic,Buses,BEV,10.0,0.0,57.0,0.0,0.0,0.0,0.09515565428264093,126261000.0,5189197543645.38
Japan,JPN,Asia,AS,2020,2020-2023,Pandemic,Buses,EV,0.0,0.109999999403954,0.0,0.025000000372529,0.0,0.0,0.09515565428264093,126261000.0,5189197543645.38
Japan,JPN,Asia,AS,2020,2020-2023,Pandemic,Buses,FCEV,100.0,0.0,10.0,0.0,0.0,0.0,0.09515565428264093,126261000.0,5189197543645.38
Japan,JPN,Asia,AS,2020,2020-2023,Pandemic,Cars,BEV,15000.0,0.0,140000.0,0.0,0.0,0.0,0.09515565428264093,126261000.0,5189197543645.38
Japan,JPN,Asia,AS,2020,2020-2023,Pandemic,Cars,EV,0.0,0.75,0.0,0.449999988079071,0.0,0.0,0.09515565428264093,126261000.0,5189197543645.38
Japan,JPN,Asia,AS,2020,2020-2023,Pandemic,Cars,FCEV,490.0,0.0,4100.0,0.0,0.0,0.0,0.09515565428264093,126261000.0,5189197543645.38
Japan,JPN,Asia,AS,2020,2020-2023,Pandemic,Cars,PHEV,15000.0,0.0,160000.0,0.0,0.0,0.0,0.09515565428264093,126261000.0,5189197543645.38
Japan,JPN,Asia,AS,2020,2020-2023,Pandemic,EV,Publicly available fast,0.0,0.0,0.0,0.0,0.0,7900.0,0.09515565428264093,126261000.0,5189197543645.38
Japan,JPN,Asia,AS,2020,2020-2023,Pandemic,EV,Publicly available slow,0.0,0.0,0.0,0.0,0.0,22000.0,0.09515565428264093,126261000.0,5189197543645.38
Japan,JPN,Asia,AS,2020,2020-2023,Pandemic,Trucks,BEV,35.0,0.0,55.0,0.0,0.0,0.0,0.09515565428264093,126261000.0,5189197543645.38
Japan,JPN,Asia,AS,2020,2020-2023,Pandemic,Trucks,EV,0.0,0.021999999880791,0.0,0.0046999999322,0.0,0.0,0.09515565428264093,126261000.0,5189197543645.38
Japan,JPN,Asia,AS,2020,2020-2023,Pandemic,Vans,BEV,1500.0,0.0,10000.0,0.0,0.0,0.0,0.09515565428264093,126261000.0,5189197543645.38
Japan,JPN,Asia,AS,2020,2020-2023,Pandemic,Vans,EV,0.0,0.239999994635582,0.0,0.078000001609325,0.0,0.0,0.09515565428264093,126261000.0,5189197543645.38
Japan,JPN,Asia,AS,2021,2020-2023,Pandemic,Buses,BEV,32.0,0.0,57.0,0.0,0.0,0.0,0.0810708055642528,125681593.0,5225933520753.1
Japan,JPN,Asia,AS,2021,2020-2023,Pandemic,Buses,EV,0.0,0.46000000834465,0.0,0.026000000536442,0.0,0.0,0.0810708055642528,125681593.0,5225933520753.1
Japan,JPN,Asia,AS,2021,2020-2023,Pandemic,Cars,BEV,22000.0,0.0,160000.0,0.0,0.0,0.0,0.0810708055642528,125681593.0,5225933520753.1
Japan,JPN,Asia,AS,2021,2020-2023,Pandemic,Cars,EV,0.0,1.20000004768372,0.0,0.509999990463257,0.0,0.0,0.0810708055642528,125681593.0,5225933520753.1
Japan,JPN,Asia,AS,2021,2020-2023,Pandemic,Cars,FCEV,2500.0,0.0,6600.0,0.0,0.0,0.0,0.0810708055642528,125681593.0,5225933520753.1
Japan,JPN,Asia,AS,2021,2020-2023,Pandemic,Cars,PHEV,23000.0,0.0,180000.0,0.0,0.0,0.0,0.0810708055642528,125681593.0,5225933520753.1
Japan,JPN,Asia,AS,2021,2020-2023,Pandemic,EV,Publicly available fast,0.0,0.0,0.0,0.0,0.0,8000.0,0.0810708055642528,125681593.0,5225933520753.1
Japan,JPN,Asia,AS,2021,2020-2023,Pandemic,EV,Publicly available slow,0.0,0.0,0.0,0.0,0.0,21000.0,0.0810708055642528,125681593.0,5225933520753.1
Japan,JPN,Asia,AS,2021,2020-2023,Pandemic,Trucks,BEV,3.0,0.0,55.0,0.0,0.0,0.0,0.0810708055642528,125681593.0,5225933520753.1
Japan,JPN,Asia,AS,2021,2020-2023,Pandemic,Trucks,EV,0.0,0.001900000032038,0.0,0.004600000102073,0.0,0.0,0.0810708055642528,125681593.0,5225933520753.1
Japan,JPN,Asia,AS,2021,2020-2023,Pandemic,Vans,BEV,920.0,0.0,11000.0,0.0,0.0,0.0,0.0810708055642528,125681593.0,5225933520753.1
Japan,JPN,Asia,AS,2021,2020-2023,Pandemic,Vans,EV,0.0,0.150000005960464,0.0,0.08500000089407,0.0,0.0,0.0810708055642528,125681593.0,5225933520753.1
Japan,JPN,Asia,AS,2022,2020-2023,Post-Pandemic,Buses,BEV,20.0,0.0,77.0,0.0,0.0,0.0,0.06436894351734677,125124989.0,4447976207314.78
Japan,JPN,Asia,AS,2022,2020-2023,Post-Pandemic,Buses,EV,0.0,0.360000014305115,0.0,0.037000000476837,0.0,0.0,0.06436894351734677,125124989.0,4447976207314.78
Japan,JPN,Asia,AS,2022,2020-2023,Post-Pandemic,Buses,FCEV,0.0,0.0,10.0,0.0,0.0,0.0,0.06436894351734677,125124989.0,4447976207314.78
Japan,JPN,Asia,AS,2022,2020-2023,Post-Pandemic,Cars,BEV,59000.0,0.0,210000.0,0.0,0.0,0.0,0.06436894351734677,125124989.0,4447976207314.78
Japan,JPN,Asia,AS,2022,2020-2023,Post-Pandemic,Cars,EV,0.0,2.79999995231628,0.0,0.639999985694885,0.0,0.0,0.06436894351734677,125124989.0,4447976207314.78
Japan,JPN,Asia,AS,2022,2020-2023,Post-Pandemic,Cars,FCEV,990.0,0.0,7600.0,0.0,0.0,0.0,0.06436894351734677,125124989.0,4447976207314.78
Japan,JPN,Asia,AS,2022,2020-2023,Post-Pandemic,Cars,PHEV,38000.0,0.0,200000.0,0.0,0.0,0.0,0.06436894351734677,125124989.0,4447976207314.78
Japan,JPN,Asia,AS,2022,2020-2023,Post-Pandemic,EV,Publicly available fast,0.0,0.0,0.0,0.0,0.0,8400.0,0.06436894351734677,125124989.0,4447976207314.78
Japan,JPN,Asia,AS,2022,2020-2023,Post-Pandemic,EV,Publicly available slow,0.0,0.0,0.0,0.0,0.0,21000.0,0.06436894351734677,125124989.0,4447976207314.78
Japan,JPN,Asia,AS,2022,2020-2023,Post-Pandemic,Trucks,BEV,10.0,0.0,55.0,0.0,0.0,0.0,0.06436894351734677,125124989.0,4447976207314.78
Japan,JPN,Asia,AS,2022,2020-2023,Post-Pandemic,Trucks,EV,0.0,0.008200000040233,0.0,0.004800000227988,0.0,0.0,0.06436894351734677,125124989.0,4447976207314.78
Japan,JPN,Asia,AS,2022,2020-2023,Post-Pandemic,Vans,BEV,1600.0,0.0,39000.0,0.0,0.0,0.0,0.06436894351734677,125124989.0,4447976207314.78
Japan,JPN,Asia,AS,2022,2020-2023,Post-Pandemic,Vans,EV,0.0,0.25,0.0,0.310000002384186,0.0,0.0,0.06436894351734677,125124989.0,4447976207314.78
Japan,JPN,Asia,AS,2023,2020-2023,Post-Pandemic,Buses,BEV,69.0,0.0,170.0,0.0,0.0,0.0,0.05609600227224313,124516650.0,4384854269961.93
Japan,JPN,Asia,AS,2023,2020-2023,Post-Pandemic,Buses,EV,0.0,1.10000002384186,0.0,0.087999999523163,0.0,0.0,0.05609600227224313,124516650.0,4384854269961.93
Japan,JPN,Asia,AS,2023,2020-2023,Post-Pandemic,Buses,FCEV,0.0,0.0,100.0,0.0,0.0,0.0,0.05609600227224313,124516650.0,4384854269961.93
Japan,JPN,Asia,AS,2023,2020-2023,Post-Pandemic,Cars,BEV,88000.0,0.0,290000.0,0.0,0.0,0.0,0.05609600227224313,124516650.0,4384854269961.93
Japan,JPN,Asia,AS,2023,2020-2023,Post-Pandemic,Cars,EV,0.0,3.59999990463257,0.0,0.839999973773956,0.0,0.0,0.05609600227224313,124516650.0,4384854269961.93
Japan,JPN,Asia,AS,2023,2020-2023,Post-Pandemic,Cars,FCEV,320.0,0.0,7900.0,0.0,0.0,0.0,0.05609600227224313,124516650.0,4384854269961.93
Japan,JPN,Asia,AS,2023,2020-2023,Post-Pandemic,Cars,PHEV,52000.0,0.0,250000.0,0.0,0.0,0.0,0.05609600227224313,124516650.0,4384854269961.93
Japan,JPN,Asia,AS,2023,2020-2023,Post-Pandemic,EV,Publicly available fast,0.0,0.0,0.0,0.0,0.0,9600.0,0.05609600227224313,124516650.0,4384854269961.93
Japan,JPN,Asia,AS,2023,2020-2023,Post-Pandemic,EV,Publicly available slow,0.0,0.0,0.0,0.0,0.0,22000.0,0.05609600227224313,124516650.0,4384854269961.93
Japan,JPN,Asia,AS,2023,2020-2023,Post-Pandemic,Trucks,BEV,50.0,0.0,150.0,0.0,0.0,0.0,0.05609600227224313,124516650.0,4384854269961.93
Japan,JPN,Asia,AS,2023,2020-2023,Post-Pandemic,Trucks,EV,0.0,0.035000000149012,0.0,0.013000000268221,0.0,0.0,0.05609600227224313,124516650.0,4384854269961.93
Japan,JPN,Asia,AS,2023,2020-2023,Post-Pandemic,Vans,BEV,2800.0,0.0,15000.0,0.0,0.0,0.0,0.05609600227224313,124516650.0,4384854269961.93
Japan,JPN,Asia,AS,2023,2020-2023,Post-Pandemic,Vans,EV,0.0,0.430000007152557,0.0,0.129999995231628,0.0,0.0,0.05609600227224313,124516650.0,4384854269961.93
Latvia,LVA,Europe,EU,2015,2015-2019,Pre-Pandemic,Cars,BEV,17.0,0.0,0.0,0.0,0.0,0.0,0.0,1977527.0,26344565876.8902
Latvia,LVA,Europe,EU,2015,2015-2019,Pre-Pandemic,Cars,EV,0.0,0.189999997615814,0.0,0.0,0.0,0.0,0.0,1977527.0,26344565876.8902
Latvia,LVA,Europe,EU,2015,2015-2019,Pre-Pandemic,Cars,PHEV,9.0,0.0,0.0,0.0,0.0,0.0,0.0,1977527.0,26344565876.8902
Latvia,LVA,Europe,EU,2016,2015-2019,Pre-Pandemic,Cars,BEV,22.0,0.0,0.0,0.0,0.0,0.0,0.0,1959537.0,27117105059.5075
Latvia,LVA,Europe,EU,2016,2015-2019,Pre-Pandemic,Cars,EV,0.0,0.239999994635582,0.0,0.0,0.0,0.0,0.0,1959537.0,27117105059.5075
Latvia,LVA,Europe,EU,2016,2015-2019,Pre-Pandemic,Cars,PHEV,18.0,0.0,0.0,0.0,0.0,0.0,0.0,1959537.0,27117105059.5075
Latvia,LVA,Europe,EU,2017,2015-2019,Pre-Pandemic,Cars,BEV,22.0,0.0,0.0,0.0,0.0,0.0,0.0,1942248.0,29391059767.4259
Latvia,LVA,Europe,EU,2017,2015-2019,Pre-Pandemic,Cars,EV,0.0,0.239999994635582,0.0,0.0,0.0,0.0,0.0,1942248.0,29391059767.4259
Latvia,LVA,Europe,EU,2017,2015-2019,Pre-Pandemic,Cars,PHEV,18.0,0.0,0.0,0.0,0.0,0.0,0.0,1942248.0,29391059767.4259
Latvia,LVA,Europe,EU,2018,2015-2019,Pre-Pandemic,Cars,BEV,73.0,0.0,0.0,0.0,0.0,0.0,0.0,1927174.0,33247935477.3576
Latvia,LVA,Europe,EU,2018,2015-2019,Pre-Pandemic,Cars,EV,0.0,0.529999971389771,0.0,0.0,0.0,0.0,0.0,1927174.0,33247935477.3576
Latvia,LVA,Europe,EU,2018,2015-2019,Pre-Pandemic,Cars,PHEV,17.0,0.0,0.0,0.0,0.0,0.0,0.0,1927174.0,33247935477.3576
Latvia,LVA,Europe,EU,2019,2015-2019,Pre-Pandemic,Cars,BEV,86.0,0.0,0.0,0.0,0.0,0.0,0.0,1913822.0,33099503950.847
Latvia,LVA,Europe,EU,2019,2015-2019,Pre-Pandemic,Cars,EV,0.0,0.540000021457672,0.0,0.0,0.0,0.0,0.0,1913822.0,33099503950.847
Latvia,LVA,Europe,EU,2019,2015-2019,Pre-Pandemic,Cars,PHEV,12.0,0.0,0.0,0.0,0.0,0.0,0.0,1913822.0,33099503950.847
Latvia,LVA,Europe,EU,2020,2020-2023,Pandemic,Cars,BEV,310.0,0.0,0.0,0.0,0.0,0.0,0.0,1900449.0,33379927434.6149
Latvia,LVA,Europe,EU,2020,2020-2023,Pandemic,Cars,EV,0.0,2.59999990463257,0.0,0.0,0.0,0.0,0.0,1900449.0,33379927434.6149
Latvia,LVA,Europe,EU,2020,2020-2023,Pandemic,Cars,PHEV,73.0,0.0,0.0,0.0,0.0,0.0,0.0,1900449.0,33379927434.6149
Latvia,LVA,Europe,EU,2021,2020-2023,Pandemic,Cars,BEV,410.0,0.0,0.0,0.0,0.0,0.0,0.0,1884490.0,38183326784.9335
Latvia,LVA,Europe,EU,2021,2020-2023,Pandemic,Cars,EV,0.0,3.90000009536743,0.0,0.0,0.0,0.0,0.0,1884490.0,38183326784.9335
Latvia,LVA,Europe,EU,2021,2020-2023,Pandemic,Cars,PHEV,140.0,0.0,0.0,0.0,0.0,0.0,0.0,1884490.0,38183326784.9335
Latvia,LVA,Europe,EU,2022,2020-2023,Post-Pandemic,Cars,BEV,1100.0,0.0,0.0,0.0,0.0,0.0,0.0,1879383.0,38003198508.9107
Latvia,LVA,Europe,EU,2022,2020-2023,Post-Pandemic,Cars,EV,0.0,8.10000038146973,0.0,0.0,0.0,0.0,0.0,1879383.0,38003198508.9107
Latvia,LVA,Europe,EU,2022,2020-2023,Post-Pandemic,Cars,PHEV,300.0,0.0,0.0,0.0,0.0,0.0,0.0,1879383.0,38003198508.9107
Latvia,LVA,Europe,EU,2023,2020-2023,Post-Pandemic,Cars,BEV,1700.0,0.0,0.0,0.0,0.0,0.0,0.0,1883710.0,42779550936.838
Latvia,LVA,Europe,EU,2023,2020-2023,Post-Pandemic,Cars,EV,0.0,11.0,0.0,0.0,0.0,0.0,0.0,1883710.0,42779550936.838
Latvia,LVA,Europe,EU,2023,2020-2023,Post-Pandemic,Cars,PHEV,360.0,0.0,0.0,0.0,0.0,0.0,0.0,1883710.0,42779550936.838
Lithuania,LTU,Europe,EU,2015,2015-2019,Pre-Pandemic,Cars,BEV,37.0,0.0,0.0,0.0,0.0,0.0,0.0,2911109.0,41540954817.2039
Lithuania,LTU,Europe,EU,2015,2015-2019,Pre-Pandemic,Cars,EV,0.0,0.219999998807907,0.0,0.0,0.0,0.0,0.0,2911109.0,41540954817.2039
Lithuania,LTU,Europe,EU,2016,2015-2019,Pre-Pandemic,Cars,BEV,64.0,0.0,0.0,0.0,0.0,0.0,0.0,2877325.0,42970749245.0336
Lithuania,LTU,Europe,EU,2016,2015-2019,Pre-Pandemic,Cars,EV,0.0,0.319999992847443,0.0,0.0,0.0,0.0,0.0,2877325.0,42970749245.0336
Lithuania,LTU,Europe,EU,2017,2015-2019,Pre-Pandemic,Cars,BEV,52.0,0.0,0.0,0.0,0.0,0.0,0.0,2842639.0,47756764508.446
Lithuania,LTU,Europe,EU,2017,2015-2019,Pre-Pandemic,Cars,EV,0.0,0.200000002980232,0.0,0.0,0.0,0.0,0.0,2842639.0,47756764508.446
Lithuania,LTU,Europe,EU,2018,2015-2019,Pre-Pandemic,Cars,BEV,140.0,0.0,0.0,0.0,0.0,0.0,0.0,2819200.0,54261795148.5372
Lithuania,LTU,Europe,EU,2019,2015-2019,Pre-Pandemic,Cars,BEV,160.0,0.0,0.0,0.0,0.0,0.0,0.0,2811089.0,55122066225.796
Lithuania,LTU,Europe,EU,2019,2015-2019,Pre-Pandemic,Cars,EV,0.0,0.349999994039536,0.0,0.0,0.0,0.0,0.0,2811089.0,55122066225.796
Lithuania,LTU,Europe,EU,2020,2020-2023,Pandemic,Cars,BEV,450.0,0.0,0.0,0.0,0.0,0.0,0.0,2810369.0,57412038533.2718
Lithuania,LTU,Europe,EU,2020,2020-2023,Pandemic,Cars,EV,0.0,1.10000002384186,0.0,0.0,0.0,0.0,0.0,2810369.0,57412038533.2718
Lithuania,LTU,Europe,EU,2021,2020-2023,Pandemic,Cars,BEV,1200.0,0.0,0.0,0.0,0.0,0.0,0.0,2808380.0,67072165721.2431
Lithuania,LTU,Europe,EU,2021,2020-2023,Pandemic,Cars,EV,0.0,5.0,0.0,0.0,0.0,0.0,0.0,2808380.0,67072165721.2431
Lithuania,LTU,Europe,EU,2021,2020-2023,Pandemic,Cars,PHEV,400.0,0.0,0.0,0.0,0.0,0.0,0.0,2808380.0,67072165721.2431
Lithuania,LTU,Europe,EU,2022,2020-2023,Post-Pandemic,Cars,BEV,1400.0,0.0,0.0,0.0,0.0,0.0,0.0,2831639.0,70639687325.6326
Lithuania,LTU,Europe,EU,2022,2020-2023,Post-Pandemic,Cars,EV,0.0,7.90000009536743,0.0,0.0,0.0,0.0,0.0,2831639.0,70639687325.6326
Lithuania,LTU,Europe,EU,2022,2020-2023,Post-Pandemic,Cars,PHEV,670.0,0.0,0.0,0.0,0.0,0.0,0.0,2831639.0,70639687325.6326
Lithuania,LTU,Europe,EU,2023,2020-2023,Post-Pandemic,Cars,BEV,2100.0,0.0,0.0,0.0,0.0,0.0,0.0,2871585.0,80356613554.5602
Lithuania,LTU,Europe,EU,2023,2020-2023,Post-Pandemic,Cars,EV,0.0,7.5,0.0,0.0,0.0,0.0,0.0,2871585.0,80356613554.5602
Luxembourg,LUX,Europe,EU,2019,2015-2019,Pre-Pandemic,Cars,BEV,990.0,0.0,0.0,0.0,0.0,0.0,0.0,620001.0,69872035113.6469
Luxembourg,LUX,Europe,EU,2019,2015-2019,Pre-Pandemic,Cars,EV,0.0,3.5,0.0,0.0,0.0,0.0,0.0,620001.0,69872035113.6469
Luxembourg,LUX,Europe,EU,2019,2015-2019,Pre-Pandemic,Cars,PHEV,910.0,0.0,0.0,0.0,0.0,0.0,0.0,620001.0,69872035113.6469
Luxembourg,LUX,Europe,EU,2020,2020-2023,Pandemic,Cars,BEV,2500.0,0.0,0.0,0.0,0.0,0.0,0.0,630419.0,73670782100.3909
Luxembourg,LUX,Europe,EU,2020,2020-2023,Pandemic,Cars,EV,0.0,11.0,0.0,0.0,0.0,0.0,0.0,630419.0,73670782100.3909
Luxembourg,LUX,Europe,EU,2020,2020-2023,Pandemic,Cars,PHEV,2700.0,0.0,0.0,0.0,0.0,0.0,0.0,630419.0,73670782100.3909
Luxembourg,LUX,Europe,EU,2021,2020-2023,Pandemic,Cars,BEV,4600.0,0.0,0.0,0.0,0.0,0.0,0.0,640064.0,86386759695.1653
Luxembourg,LUX,Europe,EU,2021,2020-2023,Pandemic,Cars,EV,0.0,20.0,0.0,0.0,0.0,0.0,0.0,640064.0,86386759695.1653
Luxembourg,LUX,Europe,EU,2021,2020-2023,Pandemic,Cars,PHEV,4400.0,0.0,0.0,0.0,0.0,0.0,0.0,640064.0,86386759695.1653
Luxembourg,LUX,Europe,EU,2022,2020-2023,Post-Pandemic,Cars,BEV,6400.0,0.0,0.0,0.0,0.0,0.0,0.0,653103.0,80801680397.0139
Luxembourg,LUX,Europe,EU,2022,2020-2023,Post-Pandemic,Cars,EV,0.0,24.0,0.0,0.0,0.0,0.0,0.0,653103.0,80801680397.0139
Luxembourg,LUX,Europe,EU,2022,2020-2023,Post-Pandemic,Cars,PHEV,3800.0,0.0,0.0,0.0,0.0,0.0,0.0,653103.0,80801680397.0139
Luxembourg,LUX,Europe,EU,2023,2020-2023,Post-Pandemic,Cars,BEV,11000.0,0.0,0.0,0.0,0.0,0.0,0.0,666430.0,88788881539.3937
Luxembourg,LUX,Europe,EU,2023,2020-2023,Post-Pandemic,Cars,EV,0.0,32.0,0.0,0.0,0.0,0.0,0.0,666430.0,88788881539.3937
Luxembourg,LUX,Europe,EU,2023,2020-2023,Post-Pandemic,Cars,PHEV,4800.0,0.0,0.0,0.0,0.0,0.0,0.0,666430.0,88788881539.3937
Mexico,MEX,North America,NA,2011,2010-2014,Pre-Pandemic,Cars,BEV,3.0,0.0,3.0,0.0,0.0,0.0,0.0,115243504.0,1229013703416.76
Mexico,MEX,North America,NA,2011,2010-2014,Pre-Pandemic,Cars,EV,0.0,0.000260000000708,0.0,1.49999996210681e-05,0.0,0.0,0.0,115243504.0,1229013703416.76
Mexico,MEX,North America,NA,2012,2010-2014,Pre-Pandemic,Cars,BEV,88.0,0.0,91.0,0.0,0.0,0.0,0.0,116818208.0,1255110424741.85
Mexico,MEX,North America,NA,2012,2010-2014,Pre-Pandemic,Cars,EV,0.0,0.007699999958277,0.0,0.000440000003437,0.0,0.0,0.0,116818208.0,1255110424741.85
Mexico,MEX,North America,NA,2013,2010-2014,Pre-Pandemic,Cars,BEV,12.0,0.0,100.0,0.0,0.0,0.0,0.0,118343573.0,1327436290439.27
Mexico,MEX,North America,NA,2013,2010-2014,Pre-Pandemic,Cars,EV,0.0,0.00089000002481,0.0,0.000479999987874,0.0,0.0,0.0,118343573.0,1327436290439.27
Mexico,MEX,North America,NA,2014,2010-2014,Pre-Pandemic,Cars,BEV,48.0,0.0,150.0,0.0,0.0,0.0,0.0,119784261.0,1364507717689.36
Mexico,MEX,North America,NA,2014,2010-2014,Pre-Pandemic,Cars,EV,0.0,0.003800000064075,0.0,0.000669999979436,0.0,0.0,0.0,119784261.0,1364507717689.36
Mexico,MEX,North America,NA,2015,2015-2019,Pre-Pandemic,Cars,BEV,92.0,0.0,240.0,0.0,0.0,0.0,0.3360323886639676,121072306.0,1213294467653.78
Mexico,MEX,North America,NA,2015,2015-2019,Pre-Pandemic,Cars,EV,0.0,0.00800000037998,0.0,0.00109999999404,0.0,0.0,0.3360323886639676,121072306.0,1213294467653.78
Mexico,MEX,North America,NA,2015,2015-2019,Pre-Pandemic,Cars,PHEV,7.0,0.0,7.0,0.0,0.0,0.0,0.3360323886639676,121072306.0,1213294467653.78
Mexico,MEX,North America,NA,2015,2015-2019,Pre-Pandemic,EV,Publicly available slow,0.0,0.0,0.0,0.0,0.0,83.0,0.3360323886639676,121072306.0,1213294467653.78
Mexico,MEX,North America,NA,2016,2015-2019,Pre-Pandemic,Cars,BEV,250.0,0.0,500.0,0.0,0.0,0.0,0.23883495145631067,122251351.0,1112233497452.7
Mexico,MEX,North America,NA,2016,2015-2019,Pre-Pandemic,Cars,EV,0.0,0.052999999374151,0.0,0.004199999850243,0.0,0.0,0.23883495145631067,122251351.0,1112233497452.7
Mexico,MEX,North America,NA,2016,2015-2019,Pre-Pandemic,Cars,PHEV,520.0,0.0,530.0,0.0,0.0,0.0,0.23883495145631067,122251351.0,1112233497452.7
Mexico,MEX,North America,NA,2016,2015-2019,Pre-Pandemic,EV,Publicly available fast,0.0,0.0,0.0,0.0,0.0,6.0,0.23883495145631067,122251351.0,1112233497452.7
Mexico,MEX,North America,NA,2016,2015-2019,Pre-Pandemic,EV,Publicly available slow,0.0,0.0,0.0,0.0,0.0,240.0,0.23883495145631067,122251351.0,1112233497452.7
Mexico,MEX,North America,NA,2017,2015-2019,Pre-Pandemic,Cars,BEV,230.0,0.0,730.0,0.0,0.0,0.0,0.336322869955157,123400057.0,1190721475853.16
Mexico,MEX,North America,NA,2017,2015-2019,Pre-Pandemic,Cars,EV,0.0,0.086000002920628,0.0,0.008899999782443,0.0,0.0,0.336322869955157,123400057.0,1190721475853.16
Mexico,MEX,North America,NA,2017,2015-2019,Pre-Pandemic,Cars,PHEV,970.0,0.0,1500.0,0.0,0.0,0.0,0.336322869955157,123400057.0,1190721475853.16
Mexico,MEX,North America,NA,2017,2015-2019,Pre-Pandemic,EV,Publicly available fast,0.0,0.0,0.0,0.0,0.0,50.0,0.336322869955157,123400057.0,1190721475853.16
Mexico,MEX,North America,NA,2017,2015-2019,Pre-Pandemic,EV,Publicly available slow,0.0,0.0,0.0,0.0,0.0,700.0,0.336322869955157,123400057.0,1190721475853.16
Mexico,MEX,North America,NA,2018,2015-2019,Pre-Pandemic,Cars,BEV,200.0,0.0,930.0,0.0,0.0,0.0,0.29181141439205954,124573711.0,1256300182983.65
Mexico,MEX,North America,NA,2018,2015-2019,Pre-Pandemic,Cars,EV,0.0,0.140000000596046,0.0,0.014999999664724,0.0,0.0,0.29181141439205954,124573711.0,1256300182983.65
Mexico,MEX,North America,NA,2018,2015-2019,Pre-Pandemic,Cars,PHEV,1600.0,0.0,3100.0,0.0,0.0,0.0,0.29181141439205954,124573711.0,1256300182983.65
Mexico,MEX,North America,NA,2018,2015-2019,Pre-Pandemic,EV,Publicly available fast,0.0,0.0,0.0,0.0,0.0,76.0,0.29181141439205954,124573711.0,1256300182983.65
Mexico,MEX,North America,NA,2018,2015-2019,Pre-Pandemic,EV,Publicly available slow,0.0,0.0,0.0,0.0,0.0,1100.0,0.29181141439205954,124573711.0,1256300182983.65
Mexico,MEX,North America,NA,2019,2015-2019,Pre-Pandemic,Cars,BEV,290.0,0.0,1200.0,0.0,0.0,0.0,0.21,125762982.0,1304106204006.27
Mexico,MEX,North America,NA,2019,2015-2019,Pre-Pandemic,Cars,EV,0.0,0.140000000596046,0.0,0.020999999716878,0.0,0.0,0.21,125762982.0,1304106204006.27
Mexico,MEX,North America,NA,2019,2015-2019,Pre-Pandemic,Cars,PHEV,1400.0,0.0,4400.0,0.0,0.0,0.0,0.21,125762982.0,1304106204006.27
Mexico,MEX,North America,NA,2019,2015-2019,Pre-Pandemic,EV,Publicly available fast,0.0,0.0,0.0,0.0,0.0,76.0,0.21,125762982.0,1304106204006.27
Mexico,MEX,North America,NA,2019,2015-2019,Pre-Pandemic,EV,Publicly available slow,0.0,0.0,0.0,0.0,0.0,1100.0,0.21,125762982.0,1304106204006.27
Mexico,MEX,North America,NA,2020,2020-2023,Pandemic,Cars,BEV,1800.0,0.0,3100.0,0.0,0.0,0.0,0.12378947368421053,126799054.0,1121064767168.8
Mexico,MEX,North America,NA,2020,2020-2023,Pandemic,Cars,EV,0.0,0.449999988079071,0.0,0.035000000149012,0.0,0.0,0.12378947368421053,126799054.0,1121064767168.8
Mexico,MEX,North America,NA,2020,2020-2023,Pandemic,Cars,PHEV,2000.0,0.0,6400.0,0.0,0.0,0.0,0.12378947368421053,126799054.0,1121064767168.8
Mexico,MEX,North America,NA,2020,2020-2023,Pandemic,EV,Publicly available fast,0.0,0.0,0.0,0.0,0.0,76.0,0.12378947368421053,126799054.0,1121064767168.8
Mexico,MEX,North America,NA,2020,2020-2023,Pandemic,EV,Publicly available slow,0.0,0.0,0.0,0.0,0.0,1100.0,0.12378947368421053,126799054.0,1121064767168.8
Mexico,MEX,North America,NA,2021,2020-2023,Pandemic,Cars,BEV,3000.0,0.0,6100.0,0.0,0.0,0.0,0.0735,127648148.0,1316569466833.94
Mexico,MEX,North America,NA,2021,2020-2023,Pandemic,Cars,EV,0.0,0.72000002861023,0.0,0.059000000357628,0.0,0.0,0.0735,127648148.0,1316569466833.94
Mexico,MEX,North America,NA,2021,2020-2023,Pandemic,Cars,PHEV,3500.0,0.0,9900.0,0.0,0.0,0.0,0.0735,127648148.0,1316569466833.94
Mexico,MEX,North America,NA,2021,2020-2023,Pandemic,EV,Publicly available fast,0.0,0.0,0.0,0.0,0.0,76.0,0.0735,127648148.0,1316569466833.94
Mexico,MEX,North America,NA,2021,2020-2023,Pandemic,EV,Publicly available slow,0.0,0.0,0.0,0.0,0.0,1100.0,0.0735,127648148.0,1316569466833.94
Mexico,MEX,North America,NA,2022,2020-2023,Post-Pandemic,Cars,BEV,4400.0,0.0,10000.0,0.0,0.0,0.0,0.0865,128613117.0,1466934724243.38
Mexico,MEX,North America,NA,2022,2020-2023,Post-Pandemic,Cars,EV,0.0,0.889999985694885,0.0,0.089000001549721,0.0,0.0,0.0865,128613117.0,1466934724243.38
Mexico,MEX,North America,NA,2022,2020-2023,Post-Pandemic,Cars,PHEV,4000.0,0.0,14000.0,0.0,0.0,0.0,0.0865,128613117.0,1466934724243.38
Mexico,MEX,North America,NA,2022,2020-2023,Post-Pandemic,EV,Publicly available fast,0.0,0.0,0.0,0.0,0.0,76.0,0.0865,128613117.0,1466934724243.38
Mexico,MEX,North America,NA,2022,2020-2023,Post-Pandemic,EV,Publicly available slow,0.0,0.0,0.0,0.0,0.0,2000.0,0.0865,128613117.0,1466934724243.38
Mexico,MEX,North America,NA,2023,2020-2023,Post-Pandemic,Cars,BEV,13000.0,0.0,24000.0,0.0,0.0,0.0,0.0519,129739759.0,1794410347718.25
Mexico,MEX,North America,NA,2023,2020-2023,Post-Pandemic,Cars,EV,0.0,1.29999995231628,0.0,0.140000000596046,0.0,0.0,0.0519,129739759.0,1794410347718.25
Mexico,MEX,North America,NA,2023,2020-2023,Post-Pandemic,Cars,PHEV,2200.0,0.0,16000.0,0.0,0.0,0.0,0.0519,129739759.0,1794410347718.25
Mexico,MEX,North America,NA,2023,2020-2023,Post-Pandemic,EV,Publicly available fast,0.0,0.0,0.0,0.0,0.0,76.0,0.0519,129739759.0,1794410347718.25
Mexico,MEX,North America,NA,2023,2020-2023,Post-Pandemic,EV,Publicly available slow,0.0,0.0,0.0,0.0,0.0,2000.0,0.0519,129739759.0,1794410347718.25
Netherlands,NLD,Europe,EU,2010,2010-2014,Pre-Pandemic,Buses,BEV,0.0,0.0,15.0,0.0,0.0,0.0,0.9876543209876543,16615394.0,852464982433.335
Netherlands,NLD,Europe,EU,2010,2010-2014,Pre-Pandemic,Buses,EV,0.0,0.0,0.0,0.150000005960464,0.0,0.0,0.9876543209876543,16615394.0,852464982433.335
Netherlands,NLD,Europe,EU,2010,2010-2014,Pre-Pandemic,Cars,BEV,120.0,0.0,270.0,0.0,0.0,0.0,0.9876543209876543,16615394.0,852464982433.335
Netherlands,NLD,Europe,EU,2010,2010-2014,Pre-Pandemic,Cars,EV,0.0,0.025000000372529,0.0,0.00359999993816,0.0,0.0,0.9876543209876543,16615394.0,852464982433.335
Netherlands,NLD,Europe,EU,2010,2010-2014,Pre-Pandemic,Cars,PHEV,0.0,0.0,11.0,0.0,0.0,0.0,0.9876543209876543,16615394.0,852464982433.335
Netherlands,NLD,Europe,EU,2010,2010-2014,Pre-Pandemic,EV,Publicly available slow,0.0,0.0,0.0,0.0,0.0,400.0,0.9876543209876543,16615394.0,852464982433.335
Netherlands,NLD,Europe,EU,2010,2010-2014,Pre-Pandemic,Trucks,BEV,0.0,0.0,23.0,0.0,0.0,0.0,0.9876543209876543,16615394.0,852464982433.335
Netherlands,NLD,Europe,EU,2010,2010-2014,Pre-Pandemic,Trucks,EV,0.0,0.0,0.0,0.016000000759959,0.0,0.0,0.9876543209876543,16615394.0,852464982433.335
Netherlands,NLD,Europe,EU,2010,2010-2014,Pre-Pandemic,Vans,BEV,39.0,0.0,86.0,0.0,0.0,0.0,0.9876543209876543,16615394.0,852464982433.335
Netherlands,NLD,Europe,EU,2010,2010-2014,Pre-Pandemic,Vans,EV,0.0,0.079000003635883,0.0,0.009999999776483,0.0,0.0,0.9876543209876543,16615394.0,852464982433.335
Netherlands,NLD,Europe,EU,2011,2010-2014,Pre-Pandemic,Buses,BEV,0.0,0.0,22.0,0.0,0.0,0.0,0.2991772625280479,16693074.0,913140741332.687
Netherlands,NLD,Europe,EU,2011,2010-2014,Pre-Pandemic,Buses,EV,0.0,0.0,0.0,0.219999998807907,0.0,0.0,0.2991772625280479,16693074.0,913140741332.687
Netherlands,NLD,Europe,EU,2011,2010-2014,Pre-Pandemic,Cars,BEV,860.0,0.0,1100.0,0.0,0.0,0.0,0.2991772625280479,16693074.0,913140741332.687
Netherlands,NLD,Europe,EU,2011,2010-2014,Pre-Pandemic,Cars,EV,0.0,0.159999996423721,0.0,0.014999999664724,0.0,0.0,0.2991772625280479,16693074.0,913140741332.687
Netherlands,NLD,Europe,EU,2011,2010-2014,Pre-Pandemic,Cars,PHEV,17.0,0.0,26.0,0.0,0.0,0.0,0.2991772625280479,16693074.0,913140741332.687
Netherlands,NLD,Europe,EU,2011,2010-2014,Pre-Pandemic,EV,Publicly available slow,0.0,0.0,0.0,0.0,0.0,400.0,0.2991772625280479,16693074.0,913140741332.687
Netherlands,NLD,Europe,EU,2011,2010-2014,Pre-Pandemic,Trucks,BEV,0.0,0.0,29.0,0.0,0.0,0.0,0.2991772625280479,16693074.0,913140741332.687
Netherlands,NLD,Europe,EU,2011,2010-2014,Pre-Pandemic,Trucks,EV,0.0,0.0,0.0,0.01799999922514,0.0,0.0,0.2991772625280479,16693074.0,913140741332.687
Netherlands,NLD,Europe,EU,2011,2010-2014,Pre-Pandemic,Vans,BEV,72.0,0.0,160.0,0.0,0.0,0.0,0.2991772625280479,16693074.0,913140741332.687
Netherlands,NLD,Europe,EU,2011,2010-2014,Pre-Pandemic,Vans,EV,0.0,0.119999997317791,0.0,0.017000000923872,0.0,0.0,0.2991772625280479,16693074.0,913140741332.687
Netherlands,NLD,Europe,EU,2012,2010-2014,Pre-Pandemic,Buses,BEV,0.0,0.0,23.0,0.0,0.0,0.0,0.4106259097525473,16754962.0,845689017065.625
Netherlands,NLD,Europe,EU,2012,2010-2014,Pre-Pandemic,Buses,EV,0.0,0.0,0.0,0.239999994635582,0.0,0.0,0.4106259097525473,16754962.0,845689017065.625
Netherlands,NLD,Europe,EU,2012,2010-2014,Pre-Pandemic,Cars,BEV,790.0,0.0,1900.0,0.0,0.0,0.0,0.4106259097525473,16754962.0,845689017065.625
Netherlands,NLD,Europe,EU,2012,2010-2014,Pre-Pandemic,Cars,EV,0.0,1.0,0.0,0.079000003635883,0.0,0.0,0.4106259097525473,16754962.0,845689017065.625
Netherlands,NLD,Europe,EU,2012,2010-2014,Pre-Pandemic,Cars,PHEV,4300.0,0.0,4400.0,0.0,0.0,0.0,0.4106259097525473,16754962.0,845689017065.625
Netherlands,NLD,Europe,EU,2012,2010-2014,Pre-Pandemic,EV,Publicly available fast,0.0,0.0,0.0,0.0,0.0,21.0,0.4106259097525473,16754962.0,845689017065.625
Netherlands,NLD,Europe,EU,2012,2010-2014,Pre-Pandemic,EV,Publicly available slow,0.0,0.0,0.0,0.0,0.0,2800.0,0.4106259097525473,16754962.0,845689017065.625
Netherlands,NLD,Europe,EU,2012,2010-2014,Pre-Pandemic,Trucks,BEV,0.0,0.0,57.0,0.0,0.0,0.0,0.4106259097525473,16754962.0,845689017065.625
Netherlands,NLD,Europe,EU,2012,2010-2014,Pre-Pandemic,Trucks,EV,0.0,0.0,0.0,0.037000000476837,0.0,0.0,0.4106259097525473,16754962.0,845689017065.625
Netherlands,NLD,Europe,EU,2012,2010-2014,Pre-Pandemic,Vans,BEV,340.0,0.0,490.0,0.0,0.0,0.0,0.4106259097525473,16754962.0,845689017065.625
Netherlands,NLD,Europe,EU,2012,2010-2014,Pre-Pandemic,Vans,EV,0.0,0.589999973773956,0.0,0.054999999701977,0.0,0.0,0.4106259097525473,16754962.0,845689017065.625
Netherlands,NLD,Europe,EU,2013,2010-2014,Pre-Pandemic,Buses,BEV,5.0,0.0,39.0,0.0,0.0,0.0,0.2008695952241278,16804432.0,883951539006.669
Netherlands,NLD,Europe,EU,2013,2010-2014,Pre-Pandemic,Buses,EV,0.0,0.839999973773956,0.0,0.430000007152557,0.0,0.0,0.2008695952241278,16804432.0,883951539006.669
Netherlands,NLD,Europe,EU,2013,2010-2014,Pre-Pandemic,Cars,BEV,2600.0,0.0,4200.0,0.0,0.0,0.0,0.2008695952241278,16804432.0,883951539006.669
Netherlands,NLD,Europe,EU,2013,2010-2014,Pre-Pandemic,Cars,EV,0.0,5.5,0.0,0.360000014305115,0.0,0.0,0.2008695952241278,16804432.0,883951539006.669
Netherlands,NLD,Europe,EU,2013,2010-2014,Pre-Pandemic,Cars,PHEV,20000.0,0.0,24000.0,0.0,0.0,0.0,0.2008695952241278,16804432.0,883951539006.669
Netherlands,NLD,Europe,EU,2013,2010-2014,Pre-Pandemic,EV,Publicly available fast,0.0,0.0,0.0,0.0,0.0,21.0,0.2008695952241278,16804432.0,883951539006.669
Netherlands,NLD,Europe,EU,2013,2010-2014,Pre-Pandemic,EV,Publicly available slow,0.0,0.0,0.0,0.0,0.0,5800.0,0.2008695952241278,16804432.0,883951539006.669
Netherlands,NLD,Europe,EU,2013,2010-2014,Pre-Pandemic,Trucks,BEV,0.0,0.0,70.0,0.0,0.0,0.0,0.2008695952241278,16804432.0,883951539006.669
Netherlands,NLD,Europe,EU,2013,2010-2014,Pre-Pandemic,Trucks,EV,0.0,0.0,0.0,0.046000000089407,0.0,0.0,0.2008695952241278,16804432.0,883951539006.669
Netherlands,NLD,Europe,EU,2013,2010-2014,Pre-Pandemic,Vans,BEV,180.0,0.0,670.0,0.0,0.0,0.0,0.2008695952241278,16804432.0,883951539006.669
Netherlands,NLD,Europe,EU,2013,2010-2014,Pre-Pandemic,Vans,EV,0.0,0.349999994039536,0.0,0.075000002980232,0.0,0.0,0.2008695952241278,16804432.0,883951539006.669
Netherlands,NLD,Europe,EU,2014,2010-2014,Pre-Pandemic,Buses,BEV,7.0,0.0,46.0,0.0,0.0,0.0,0.26799810720780515,16865008.0,901556501756.467
Netherlands,NLD,Europe,EU,2014,2010-2014,Pre-Pandemic,Buses,EV,0.0,1.0,0.0,0.519999980926514,0.0,0.0,0.26799810720780515,16865008.0,901556501756.467
Netherlands,NLD,Europe,EU,2014,2010-2014,Pre-Pandemic,Cars,BEV,2700.0,0.0,6800.0,0.0,0.0,0.0,0.26799810720780515,16865008.0,901556501756.467
Netherlands,NLD,Europe,EU,2014,2010-2014,Pre-Pandemic,Cars,EV,0.0,3.90000009536743,0.0,0.550000011920929,0.0,0.0,0.26799810720780515,16865008.0,901556501756.467
Netherlands,NLD,Europe,EU,2014,2010-2014,Pre-Pandemic,Cars,FCEV,2.20000004768372,0.0,2.20000004768372,0.0,0.0,0.0,0.26799810720780515,16865008.0,901556501756.467
Netherlands,NLD,Europe,EU,2014,2010-2014,Pre-Pandemic,Cars,PHEV,12000.0,0.0,37000.0,0.0,0.0,0.0,0.26799810720780515,16865008.0,901556501756.467
Netherlands,NLD,Europe,EU,2014,2010-2014,Pre-Pandemic,EV,Publicly available fast,0.0,0.0,0.0,0.0,0.0,120.0,0.26799810720780515,16865008.0,901556501756.467
Netherlands,NLD,Europe,EU,2014,2010-2014,Pre-Pandemic,EV,Publicly available slow,0.0,0.0,0.0,0.0,0.0,12000.0,0.26799810720780515,16865008.0,901556501756.467
Netherlands,NLD,Europe,EU,2014,2010-2014,Pre-Pandemic,Trucks,BEV,0.0,0.0,76.0,0.0,0.0,0.0,0.26799810720780515,16865008.0,901556501756.467
Netherlands,NLD,Europe,EU,2014,2010-2014,Pre-Pandemic,Trucks,EV,0.0,0.0,0.0,0.048000000417233,0.0,0.0,0.26799810720780515,16865008.0,901556501756.467
Netherlands,NLD,Europe,EU,2014,2010-2014,Pre-Pandemic,Vans,BEV,590.0,0.0,1300.0,0.0,0.0,0.0,0.26799810720780515,16865008.0,901556501756.467
Netherlands,NLD,Europe,EU,2014,2010-2014,Pre-Pandemic,Vans,EV,0.0,1.10000002384186,0.0,0.140000000596046,0.0,0.0,0.26799810720780515,16865008.0,901556501756.467
Netherlands,NLD,Europe,EU,2015,2015-2019,Pre-Pandemic,Buses,BEV,12.0,0.0,92.0,0.0,0.0,0.0,0.20209414792138072,16939923.0,775743675302.734
Netherlands,NLD,Europe,EU,2015,2015-2019,Pre-Pandemic,Buses,EV,0.0,3.70000004768372,0.0,1.10000002384186,0.0,0.0,0.20209414792138072,16939923.0,775743675302.734
Netherlands,NLD,Europe,EU,2015,2015-2019,Pre-Pandemic,Buses,FCEV,0.0,0.0,2.0,0.0,0.0,0.0,0.20209414792138072,16939923.0,775743675302.734
Netherlands,NLD,Europe,EU,2015,2015-2019,Pre-Pandemic,Buses,PHEV,0.0,0.0,12.0,0.0,0.0,0.0,0.20209414792138072,16939923.0,775743675302.734
Netherlands,NLD,Europe,EU,2015,2015-2019,Pre-Pandemic,Cars,BEV,3400.0,0.0,9400.0,0.0,0.0,0.0,0.20209414792138072,16939923.0,775743675302.734
Netherlands,NLD,Europe,EU,2015,2015-2019,Pre-Pandemic,Cars,EV,0.0,9.5,0.0,1.10000002384186,0.0,0.0,0.20209414792138072,16939923.0,775743675302.734
Netherlands,NLD,Europe,EU,2015,2015-2019,Pre-Pandemic,Cars,FCEV,19.0,0.0,26.0,0.0,0.0,0.0,0.20209414792138072,16939923.0,775743675302.734
Netherlands,NLD,Europe,EU,2015,2015-2019,Pre-Pandemic,Cars,PHEV,39000.0,0.0,79000.0,0.0,0.0,0.0,0.20209414792138072,16939923.0,775743675302.734
Netherlands,NLD,Europe,EU,2015,2015-2019,Pre-Pandemic,EV,Publicly available fast,0.0,0.0,0.0,0.0,0.0,220.0,0.20209414792138072,16939923.0,775743675302.734
Netherlands,NLD,Europe,EU,2015,2015-2019,Pre-Pandemic,EV,Publicly available slow,0.0,0.0,0.0,0.0,0.0,18000.0,0.20209414792138072,16939923.0,775743675302.734
Netherlands,NLD,Europe,EU,2015,2015-2019,Pre-Pandemic,Trucks,BEV,4.0,0.0,77.0,0.0,0.0,0.0,0.20209414792138072,16939923.0,775743675302.734
Netherlands,NLD,Europe,EU,2015,2015-2019,Pre-Pandemic,Trucks,EV,0.0,0.028000000864267,0.0,0.068000003695488,0.0,0.0,0.20209414792138072,16939923.0,775743675302.734
Netherlands,NLD,Europe,EU,2015,2015-2019,Pre-Pandemic,Trucks,FCEV,0.0,0.0,5.0,0.0,0.0,0.0,0.20209414792138072,16939923.0,775743675302.734
Netherlands,NLD,Europe,EU,2015,2015-2019,Pre-Pandemic,Trucks,PHEV,0.0,0.0,36.0,0.0,0.0,0.0,0.20209414792138072,16939923.0,775743675302.734
Netherlands,NLD,Europe,EU,2015,2015-2019,Pre-Pandemic,Vans,BEV,260.0,0.0,1500.0,0.0,0.0,0.0,0.20209414792138072,16939923.0,775743675302.734
Netherlands,NLD,Europe,EU,2015,2015-2019,Pre-Pandemic,Vans,EV,0.0,0.469999998807907,0.0,0.159999996423721,0.0,0.0,0.20209414792138072,16939923.0,775743675302.734
Netherlands,NLD,Europe,EU,2015,2015-2019,Pre-Pandemic,Vans,FCEV,0.0,0.0,4.0,0.0,0.0,0.0,0.20209414792138072,16939923.0,775743675302.734
Netherlands,NLD,Europe,EU,2015,2015-2019,Pre-Pandemic,Vans,PHEV,0.0,0.0,2.0,0.0,0.0,0.0,0.20209414792138072,16939923.0,775743675302.734
Netherlands,NLD,Europe,EU,2016,2015-2019,Pre-Pandemic,Buses,BEV,80.0,0.0,170.0,0.0,0.0,0.0,0.2843077895069366,17030314.0,797163949289.885
Netherlands,NLD,Europe,EU,2016,2015-2019,Pre-Pandemic,Buses,EV,0.0,9.80000019073486,0.0,1.79999995231628,0.0,0.0,0.2843077895069366,17030314.0,797163949289.885
Netherlands,NLD,Europe,EU,2016,2015-2019,Pre-Pandemic,Buses,FCEV,1.0,0.0,3.0,0.0,0.0,0.0,0.2843077895069366,17030314.0,797163949289.885
Netherlands,NLD,Europe,EU,2016,2015-2019,Pre-Pandemic,Buses,PHEV,0.0,0.0,13.0,0.0,0.0,0.0,0.2843077895069366,17030314.0,797163949289.885
Netherlands,NLD,Europe,EU,2016,2015-2019,Pre-Pandemic,Cars,BEV,4000.0,0.0,13000.0,0.0,0.0,0.0,0.2843077895069366,17030314.0,797163949289.885
Netherlands,NLD,Europe,EU,2016,2015-2019,Pre-Pandemic,Cars,EV,0.0,5.80000019073486,0.0,1.39999997615814,0.0,0.0,0.2843077895069366,17030314.0,797163949289.885
Netherlands,NLD,Europe,EU,2016,2015-2019,Pre-Pandemic,Cars,FCEV,7.0,0.0,33.0,0.0,0.0,0.0,0.2843077895069366,17030314.0,797163949289.885
Netherlands,NLD,Europe,EU,2016,2015-2019,Pre-Pandemic,Cars,PHEV,18000.0,0.0,99000.0,0.0,0.0,0.0,0.2843077895069366,17030314.0,797163949289.885
Netherlands,NLD,Europe,EU,2016,2015-2019,Pre-Pandemic,EV,Publicly available fast,0.0,0.0,0.0,0.0,0.0,400.0,0.2843077895069366,17030314.0,797163949289.885
Netherlands,NLD,Europe,EU,2016,2015-2019,Pre-Pandemic,EV,Publicly available slow,0.0,0.0,0.0,0.0,0.0,32000.0,0.2843077895069366,17030314.0,797163949289.885
Netherlands,NLD,Europe,EU,2016,2015-2019,Pre-Pandemic,Trucks,BEV,26.0,0.0,94.0,0.0,0.0,0.0,0.2843077895069366,17030314.0,797163949289.885
Netherlands,NLD,Europe,EU,2016,2015-2019,Pre-Pandemic,Trucks,EV,0.0,0.159999996423721,0.0,0.078000001609325,0.0,0.0,0.2843077895069366,17030314.0,797163949289.885
Netherlands,NLD,Europe,EU,2016,2015-2019,Pre-Pandemic,Trucks,FCEV,0.0,0.0,2.0,0.0,0.0,0.0,0.2843077895069366,17030314.0,797163949289.885
Netherlands,NLD,Europe,EU,2016,2015-2019,Pre-Pandemic,Trucks,PHEV,0.0,0.0,39.0,0.0,0.0,0.0,0.2843077895069366,17030314.0,797163949289.885
Netherlands,NLD,Europe,EU,2016,2015-2019,Pre-Pandemic,Vans,BEV,290.0,0.0,1600.0,0.0,0.0,0.0,0.2843077895069366,17030314.0,797163949289.885
Netherlands,NLD,Europe,EU,2016,2015-2019,Pre-Pandemic,Vans,EV,0.0,0.430000007152557,0.0,0.170000001788139,0.0,0.0,0.2843077895069366,17030314.0,797163949289.885
Netherlands,NLD,Europe,EU,2016,2015-2019,Pre-Pandemic,Vans,FCEV,0.0,0.0,5.0,0.0,0.0,0.0,0.2843077895069366,17030314.0,797163949289.885
Netherlands,NLD,Europe,EU,2016,2015-2019,Pre-Pandemic,Vans,PHEV,0.0,0.0,2.0,0.0,0.0,0.0,0.2843077895069366,17030314.0,797163949289.885
Netherlands,NLD,Europe,EU,2017,2015-2019,Pre-Pandemic,Buses,BEV,150.0,0.0,250.0,0.0,0.0,0.0,0.27690063568628426,17131296.0,848233537845.884
Netherlands,NLD,Europe,EU,2017,2015-2019,Pre-Pandemic,Buses,EV,0.0,14.0,0.0,2.70000004768372,0.0,0.0,0.27690063568628426,17131296.0,848233537845.884
Netherlands,NLD,Europe,EU,2017,2015-2019,Pre-Pandemic,Buses,FCEV,3.0,0.0,6.0,0.0,0.0,0.0,0.27690063568628426,17131296.0,848233537845.884
Netherlands,NLD,Europe,EU,2017,2015-2019,Pre-Pandemic,Buses,PHEV,0.0,0.0,13.0,0.0,0.0,0.0,0.27690063568628426,17131296.0,848233537845.884
Netherlands,NLD,Europe,EU,2017,2015-2019,Pre-Pandemic,Cars,BEV,8700.0,0.0,21000.0,0.0,0.0,0.0,0.27690063568628426,17131296.0,848233537845.884
Netherlands,NLD,Europe,EU,2017,2015-2019,Pre-Pandemic,Cars,EV,0.0,1.79999995231628,0.0,1.39999997615814,0.0,0.0,0.27690063568628426,17131296.0,848233537845.884
Netherlands,NLD,Europe,EU,2017,2015-2019,Pre-Pandemic,Cars,FCEV,7.0,0.0,39.0,0.0,0.0,0.0,0.27690063568628426,17131296.0,848233537845.884
Netherlands,NLD,Europe,EU,2017,2015-2019,Pre-Pandemic,Cars,PHEV,2500.0,0.0,97000.0,0.0,0.0,0.0,0.27690063568628426,17131296.0,848233537845.884
Netherlands,NLD,Europe,EU,2017,2015-2019,Pre-Pandemic,EV,Publicly available fast,0.0,0.0,0.0,0.0,0.0,410.0,0.27690063568628426,17131296.0,848233537845.884
Netherlands,NLD,Europe,EU,2017,2015-2019,Pre-Pandemic,EV,Publicly available slow,0.0,0.0,0.0,0.0,0.0,33000.0,0.27690063568628426,17131296.0,848233537845.884
Netherlands,NLD,Europe,EU,2017,2015-2019,Pre-Pandemic,Trucks,BEV,18.0,0.0,100.0,0.0,0.0,0.0,0.27690063568628426,17131296.0,848233537845.884
Netherlands,NLD,Europe,EU,2017,2015-2019,Pre-Pandemic,Trucks,EV,0.0,0.109999999403954,0.0,0.086999997496605,0.0,0.0,0.27690063568628426,17131296.0,848233537845.884
Netherlands,NLD,Europe,EU,2017,2015-2019,Pre-Pandemic,Trucks,FCEV,0.0,0.0,2.0,0.0,0.0,0.0,0.27690063568628426,17131296.0,848233537845.884
Netherlands,NLD,Europe,EU,2017,2015-2019,Pre-Pandemic,Trucks,PHEV,2.0,0.0,42.0,0.0,0.0,0.0,0.27690063568628426,17131296.0,848233537845.884
Netherlands,NLD,Europe,EU,2017,2015-2019,Pre-Pandemic,Vans,BEV,650.0,0.0,2200.0,0.0,0.0,0.0,0.27690063568628426,17131296.0,848233537845.884
Netherlands,NLD,Europe,EU,2017,2015-2019,Pre-Pandemic,Vans,EV,0.0,0.740000009536743,0.0,0.230000004172325,0.0,0.0,0.27690063568628426,17131296.0,848233537845.884
Netherlands,NLD,Europe,EU,2017,2015-2019,Pre-Pandemic,Vans,FCEV,1.0,0.0,3.0,0.0,0.0,0.0,0.27690063568628426,17131296.0,848233537845.884
Netherlands,NLD,Europe,EU,2017,2015-2019,Pre-Pandemic,Vans,PHEV,0.0,0.0,2.0,0.0,0.0,0.0,0.27690063568628426,17131296.0,848233537845.884
Netherlands,NLD,Europe,EU,2018,2015-2019,Pre-Pandemic,Buses,BEV,110.0,0.0,360.0,0.0,0.0,0.0,0.2580111697393961,17231624.0,929733599796.862
Netherlands,NLD,Europe,EU,2018,2015-2019,Pre-Pandemic,Buses,EV,0.0,17.0,0.0,3.79999995231628,0.0,0.0,0.2580111697393961,17231624.0,929733599796.862
Netherlands,NLD,Europe,EU,2018,2015-2019,Pre-Pandemic,Buses,FCEV,0.0,0.0,6.0,0.0,0.0,0.0,0.2580111697393961,17231624.0,929733599796.862
Netherlands,NLD,Europe,EU,2018,2015-2019,Pre-Pandemic,Buses,PHEV,0.0,0.0,13.0,0.0,0.0,0.0,0.2580111697393961,17231624.0,929733599796.862
Netherlands,NLD,Europe,EU,2018,2015-2019,Pre-Pandemic,Cars,BEV,25000.0,0.0,44000.0,0.0,0.0,0.0,0.2580111697393961,17231624.0,929733599796.862
Netherlands,NLD,Europe,EU,2018,2015-2019,Pre-Pandemic,Cars,EV,0.0,4.69999980926514,0.0,1.60000002384186,0.0,0.0,0.2580111697393961,17231624.0,929733599796.862
Netherlands,NLD,Europe,EU,2018,2015-2019,Pre-Pandemic,Cars,FCEV,13.0,0.0,52.0,0.0,0.0,0.0,0.2580111697393961,17231624.0,929733599796.862
Netherlands,NLD,Europe,EU,2018,2015-2019,Pre-Pandemic,Cars,PHEV,5100.0,0.0,95000.0,0.0,0.0,0.0,0.2580111697393961,17231624.0,929733599796.862
Netherlands,NLD,Europe,EU,2018,2015-2019,Pre-Pandemic,EV,Publicly available fast,0.0,0.0,0.0,0.0,0.0,820.0,0.2580111697393961,17231624.0,929733599796.862
Netherlands,NLD,Europe,EU,2018,2015-2019,Pre-Pandemic,EV,Publicly available slow,0.0,0.0,0.0,0.0,0.0,36000.0,0.2580111697393961,17231624.0,929733599796.862
Netherlands,NLD,Europe,EU,2018,2015-2019,Pre-Pandemic,Trucks,BEV,30.0,0.0,120.0,0.0,0.0,0.0,0.2580111697393961,17231624.0,929733599796.862
Netherlands,NLD,Europe,EU,2018,2015-2019,Pre-Pandemic,Trucks,EV,0.0,0.150000005960464,0.0,0.100000001490116,0.0,0.0,0.2580111697393961,17231624.0,929733599796.862
Netherlands,NLD,Europe,EU,2018,2015-2019,Pre-Pandemic,Trucks,FCEV,0.0,0.0,2.0,0.0,0.0,0.0,0.2580111697393961,17231624.0,929733599796.862
Netherlands,NLD,Europe,EU,2018,2015-2019,Pre-Pandemic,Trucks,PHEV,1.0,0.0,46.0,0.0,0.0,0.0,0.2580111697393961,17231624.0,929733599796.862
Netherlands,NLD,Europe,EU,2018,2015-2019,Pre-Pandemic,Vans,BEV,1000.0,0.0,3100.0,0.0,0.0,0.0,0.2580111697393961,17231624.0,929733599796.862
Netherlands,NLD,Europe,EU,2018,2015-2019,Pre-Pandemic,Vans,EV,0.0,1.10000002384186,0.0,0.319999992847443,0.0,0.0,0.2580111697393961,17231624.0,929733599796.862
Netherlands,NLD,Europe,EU,2018,2015-2019,Pre-Pandemic,Vans,FCEV,2.0,0.0,5.0,0.0,0.0,0.0,0.2580111697393961,17231624.0,929733599796.862
Netherlands,NLD,Europe,EU,2018,2015-2019,Pre-Pandemic,Vans,PHEV,0.0,0.0,3.0,0.0,0.0,0.0,0.2580111697393961,17231624.0,929733599796.862
Netherlands,NLD,Europe,EU,2019,2015-2019,Pre-Pandemic,Buses,BEV,380.0,0.0,730.0,0.0,0.0,0.0,0.22780250052977324,17344874.0,928903005576.469
Netherlands,NLD,Europe,EU,2019,2015-2019,Pre-Pandemic,Buses,EV,0.0,38.0,0.0,8.39999961853027,0.0,0.0,0.22780250052977324,17344874.0,928903005576.469
Netherlands,NLD,Europe,EU,2019,2015-2019,Pre-Pandemic,Buses,FCEV,1.0,0.0,7.0,0.0,0.0,0.0,0.22780250052977324,17344874.0,928903005576.469
Netherlands,NLD,Europe,EU,2019,2015-2019,Pre-Pandemic,Buses,PHEV,0.0,0.0,110.0,0.0,0.0,0.0,0.22780250052977324,17344874.0,928903005576.469
Netherlands,NLD,Europe,EU,2019,2015-2019,Pre-Pandemic,Cars,BEV,63000.0,0.0,110000.0,0.0,0.0,0.0,0.22780250052977324,17344874.0,928903005576.469
Netherlands,NLD,Europe,EU,2019,2015-2019,Pre-Pandemic,Cars,EV,0.0,11.0,0.0,2.29999995231628,0.0,0.0,0.22780250052977324,17344874.0,928903005576.469
Netherlands,NLD,Europe,EU,2019,2015-2019,Pre-Pandemic,Cars,FCEV,160.0,0.0,210.0,0.0,0.0,0.0,0.22780250052977324,17344874.0,928903005576.469
Netherlands,NLD,Europe,EU,2019,2015-2019,Pre-Pandemic,Cars,PHEV,6700.0,0.0,92000.0,0.0,0.0,0.0,0.22780250052977324,17344874.0,928903005576.469
Netherlands,NLD,Europe,EU,2019,2015-2019,Pre-Pandemic,EV,Publicly available fast,0.0,0.0,0.0,0.0,0.0,1300.0,0.22780250052977324,17344874.0,928903005576.469
Netherlands,NLD,Europe,EU,2019,2015-2019,Pre-Pandemic,EV,Publicly available slow,0.0,0.0,0.0,0.0,0.0,46000.0,0.22780250052977324,17344874.0,928903005576.469
Netherlands,NLD,Europe,EU,2019,2015-2019,Pre-Pandemic,Trucks,BEV,130.0,0.0,220.0,0.0,0.0,0.0,0.22780250052977324,17344874.0,928903005576.469
Netherlands,NLD,Europe,EU,2019,2015-2019,Pre-Pandemic,Trucks,EV,0.0,0.639999985694885,0.0,0.159999996423721,0.0,0.0,0.22780250052977324,17344874.0,928903005576.469
Netherlands,NLD,Europe,EU,2019,2015-2019,Pre-Pandemic,Trucks,FCEV,0.0,0.0,4.0,0.0,0.0,0.0,0.22780250052977324,17344874.0,928903005576.469
Netherlands,NLD,Europe,EU,2019,2015-2019,Pre-Pandemic,Trucks,PHEV,1.0,0.0,47.0,0.0,0.0,0.0,0.22780250052977324,17344874.0,928903005576.469
Netherlands,NLD,Europe,EU,2019,2015-2019,Pre-Pandemic,Vans,BEV,1400.0,0.0,4300.0,0.0,0.0,0.0,0.22780250052977324,17344874.0,928903005576.469
Netherlands,NLD,Europe,EU,2019,2015-2019,Pre-Pandemic,Vans,EV,0.0,1.5,0.0,0.439999997615814,0.0,0.0,0.22780250052977324,17344874.0,928903005576.469
Netherlands,NLD,Europe,EU,2019,2015-2019,Pre-Pandemic,Vans,FCEV,0.0,0.0,5.0,0.0,0.0,0.0,0.22780250052977324,17344874.0,928903005576.469
Netherlands,NLD,Europe,EU,2019,2015-2019,Pre-Pandemic,Vans,PHEV,0.0,0.0,3.0,0.0,0.0,0.0,0.22780250052977324,17344874.0,928903005576.469
Netherlands,NLD,Europe,EU,2020,2020-2023,Pandemic,Buses,BEV,450.0,0.0,1200.0,0.0,0.0,0.0,0.235984992659453,17441500.0,932560861701.17
Netherlands,NLD,Europe,EU,2020,2020-2023,Pandemic,Buses,EV,0.0,65.0,0.0,13.0,0.0,0.0,0.235984992659453,17441500.0,932560861701.17
Netherlands,NLD,Europe,EU,2020,2020-2023,Pandemic,Buses,FCEV,0.0,0.0,5.0,0.0,0.0,0.0,0.235984992659453,17441500.0,932560861701.17
Netherlands,NLD,Europe,EU,2020,2020-2023,Pandemic,Buses,PHEV,0.0,0.0,99.0,0.0,0.0,0.0,0.235984992659453,17441500.0,932560861701.17
Netherlands,NLD,Europe,EU,2020,2020-2023,Pandemic,Cars,BEV,76000.0,0.0,170000.0,0.0,0.0,0.0,0.235984992659453,17441500.0,932560861701.17
Netherlands,NLD,Europe,EU,2020,2020-2023,Pandemic,Cars,EV,0.0,16.0,0.0,3.09999990463257,0.0,0.0,0.235984992659453,17441500.0,932560861701.17
Netherlands,NLD,Europe,EU,2020,2020-2023,Pandemic,Cars,FCEV,170.0,0.0,360.0,0.0,0.0,0.0,0.235984992659453,17441500.0,932560861701.17
Netherlands,NLD,Europe,EU,2020,2020-2023,Pandemic,Cars,PHEV,18000.0,0.0,98000.0,0.0,0.0,0.0,0.235984992659453,17441500.0,932560861701.17
Netherlands,NLD,Europe,EU,2020,2020-2023,Pandemic,EV,Publicly available fast,0.0,0.0,0.0,0.0,0.0,2100.0,0.235984992659453,17441500.0,932560861701.17
Netherlands,NLD,Europe,EU,2020,2020-2023,Pandemic,EV,Publicly available slow,0.0,0.0,0.0,0.0,0.0,63000.0,0.235984992659453,17441500.0,932560861701.17
Netherlands,NLD,Europe,EU,2020,2020-2023,Pandemic,Trucks,BEV,50.0,0.0,210.0,0.0,0.0,0.0,0.235984992659453,17441500.0,932560861701.17
Netherlands,NLD,Europe,EU,2020,2020-2023,Pandemic,Trucks,EV,0.0,0.360000014305115,0.0,0.150000005960464,0.0,0.0,0.235984992659453,17441500.0,932560861701.17
Netherlands,NLD,Europe,EU,2020,2020-2023,Pandemic,Trucks,FCEV,2.0,0.0,8.0,0.0,0.0,0.0,0.235984992659453,17441500.0,932560861701.17
Netherlands,NLD,Europe,EU,2020,2020-2023,Pandemic,Trucks,PHEV,3.0,0.0,41.0,0.0,0.0,0.0,0.235984992659453,17441500.0,932560861701.17
Netherlands,NLD,Europe,EU,2020,2020-2023,Pandemic,Vans,BEV,1700.0,0.0,5900.0,0.0,0.0,0.0,0.235984992659453,17441500.0,932560861701.17
Netherlands,NLD,Europe,EU,2020,2020-2023,Pandemic,Vans,EV,0.0,2.40000009536743,0.0,0.589999973773956,0.0,0.0,0.235984992659453,17441500.0,932560861701.17
Netherlands,NLD,Europe,EU,2020,2020-2023,Pandemic,Vans,FCEV,0.0,0.0,12.0,0.0,0.0,0.0,0.235984992659453,17441500.0,932560861701.17
Netherlands,NLD,Europe,EU,2020,2020-2023,Pandemic,Vans,PHEV,33.0,0.0,30.0,0.0,0.0,0.0,0.235984992659453,17441500.0,932560861701.17
Netherlands,NLD,Europe,EU,2021,2020-2023,Pandemic,Buses,BEV,150.0,0.0,1300.0,0.0,0.0,0.0,0.21361788462078993,17533044.0,1054472123449.6
Netherlands,NLD,Europe,EU,2021,2020-2023,Pandemic,Buses,EV,0.0,37.0,0.0,15.0,0.0,0.0,0.21361788462078993,17533044.0,1054472123449.6
Netherlands,NLD,Europe,EU,2021,2020-2023,Pandemic,Buses,FCEV,37.0,0.0,41.0,0.0,0.0,0.0,0.21361788462078993,17533044.0,1054472123449.6
Netherlands,NLD,Europe,EU,2021,2020-2023,Pandemic,Buses,PHEV,0.0,0.0,99.0,0.0,0.0,0.0,0.21361788462078993,17533044.0,1054472123449.6
Netherlands,NLD,Europe,EU,2021,2020-2023,Pandemic,Cars,BEV,70000.0,0.0,240000.0,0.0,0.0,0.0,0.21361788462078993,17533044.0,1054472123449.6
Netherlands,NLD,Europe,EU,2021,2020-2023,Pandemic,Cars,EV,0.0,19.0,0.0,4.30000019073486,0.0,0.0,0.21361788462078993,17533044.0,1054472123449.6
Netherlands,NLD,Europe,EU,2021,2020-2023,Pandemic,Cars,FCEV,140.0,0.0,490.0,0.0,0.0,0.0,0.21361788462078993,17533044.0,1054472123449.6
Netherlands,NLD,Europe,EU,2021,2020-2023,Pandemic,Cars,PHEV,40000.0,0.0,140000.0,0.0,0.0,0.0,0.21361788462078993,17533044.0,1054472123449.6
Netherlands,NLD,Europe,EU,2021,2020-2023,Pandemic,EV,Publicly available fast,0.0,0.0,0.0,0.0,0.0,2600.0,0.21361788462078993,17533044.0,1054472123449.6
Netherlands,NLD,Europe,EU,2021,2020-2023,Pandemic,EV,Publicly available slow,0.0,0.0,0.0,0.0,0.0,81000.0,0.21361788462078993,17533044.0,1054472123449.6
Netherlands,NLD,Europe,EU,2021,2020-2023,Pandemic,Trucks,BEV,71.0,0.0,270.0,0.0,0.0,0.0,0.21361788462078993,17533044.0,1054472123449.6
Netherlands,NLD,Europe,EU,2021,2020-2023,Pandemic,Trucks,EV,0.0,0.509999990463257,0.0,0.189999997615814,0.0,0.0,0.21361788462078993,17533044.0,1054472123449.6
Netherlands,NLD,Europe,EU,2021,2020-2023,Pandemic,Trucks,FCEV,8.0,0.0,14.0,0.0,0.0,0.0,0.21361788462078993,17533044.0,1054472123449.6
Netherlands,NLD,Europe,EU,2021,2020-2023,Pandemic,Trucks,PHEV,16.0,0.0,48.0,0.0,0.0,0.0,0.21361788462078993,17533044.0,1054472123449.6
Netherlands,NLD,Europe,EU,2021,2020-2023,Pandemic,Vans,BEV,3300.0,0.0,9000.0,0.0,0.0,0.0,0.21361788462078993,17533044.0,1054472123449.6
Netherlands,NLD,Europe,EU,2021,2020-2023,Pandemic,Vans,EV,0.0,3.90000009536743,0.0,0.870000004768372,0.0,0.0,0.21361788462078993,17533044.0,1054472123449.6
Netherlands,NLD,Europe,EU,2021,2020-2023,Pandemic,Vans,FCEV,0.0,0.0,13.0,0.0,0.0,0.0,0.21361788462078993,17533044.0,1054472123449.6
Netherlands,NLD,Europe,EU,2021,2020-2023,Pandemic,Vans,PHEV,46.0,0.0,78.0,0.0,0.0,0.0,0.21361788462078993,17533044.0,1054472123449.6
Netherlands,NLD,Europe,EU,2022,2020-2023,Post-Pandemic,Buses,BEV,99.0,0.0,1400.0,0.0,0.0,0.0,0.23157894736842105,17700982.0,1046540797548.64
Netherlands,NLD,Europe,EU,2022,2020-2023,Post-Pandemic,Buses,EV,0.0,25.0,0.0,16.0,0.0,0.0,0.23157894736842105,17700982.0,1046540797548.64
Netherlands,NLD,Europe,EU,2022,2020-2023,Post-Pandemic,Buses,FCEV,14.0,0.0,55.0,0.0,0.0,0.0,0.23157894736842105,17700982.0,1046540797548.64
Netherlands,NLD,Europe,EU,2022,2020-2023,Post-Pandemic,Buses,PHEV,0.0,0.0,100.0,0.0,0.0,0.0,0.23157894736842105,17700982.0,1046540797548.64
Netherlands,NLD,Europe,EU,2022,2020-2023,Post-Pandemic,Cars,BEV,87000.0,0.0,330000.0,0.0,0.0,0.0,0.23157894736842105,17700982.0,1046540797548.64
Netherlands,NLD,Europe,EU,2022,2020-2023,Post-Pandemic,Cars,EV,0.0,26.0,0.0,6.0,0.0,0.0,0.23157894736842105,17700982.0,1046540797548.64
Netherlands,NLD,Europe,EU,2022,2020-2023,Post-Pandemic,Cars,FCEV,87.0,0.0,600.0,0.0,0.0,0.0,0.23157894736842105,17700982.0,1046540797548.64
Netherlands,NLD,Europe,EU,2022,2020-2023,Post-Pandemic,Cars,PHEV,50000.0,0.0,190000.0,0.0,0.0,0.0,0.23157894736842105,17700982.0,1046540797548.64
Netherlands,NLD,Europe,EU,2022,2020-2023,Post-Pandemic,EV,Publicly available fast,0.0,0.0,0.0,0.0,0.0,4300.0,0.23157894736842105,17700982.0,1046540797548.64
Netherlands,NLD,Europe,EU,2022,2020-2023,Post-Pandemic,EV,Publicly available slow,0.0,0.0,0.0,0.0,0.0,120000.0,0.23157894736842105,17700982.0,1046540797548.64
Netherlands,NLD,Europe,EU,2022,2020-2023,Post-Pandemic,Trucks,BEV,120.0,0.0,370.0,0.0,0.0,0.0,0.23157894736842105,17700982.0,1046540797548.64
Netherlands,NLD,Europe,EU,2022,2020-2023,Post-Pandemic,Trucks,EV,0.0,0.769999980926514,0.0,0.25,0.0,0.0,0.23157894736842105,17700982.0,1046540797548.64
Netherlands,NLD,Europe,EU,2022,2020-2023,Post-Pandemic,Trucks,FCEV,14.0,0.0,26.0,0.0,0.0,0.0,0.23157894736842105,17700982.0,1046540797548.64
Netherlands,NLD,Europe,EU,2022,2020-2023,Post-Pandemic,Trucks,PHEV,17.0,0.0,56.0,0.0,0.0,0.0,0.23157894736842105,17700982.0,1046540797548.64
Netherlands,NLD,Europe,EU,2022,2020-2023,Post-Pandemic,Vans,BEV,5000.0,0.0,14000.0,0.0,0.0,0.0,0.23157894736842105,17700982.0,1046540797548.64
Netherlands,NLD,Europe,EU,2022,2020-2023,Post-Pandemic,Vans,EV,0.0,6.59999990463257,0.0,1.29999995231628,0.0,0.0,0.23157894736842105,17700982.0,1046540797548.64
Netherlands,NLD,Europe,EU,2022,2020-2023,Post-Pandemic,Vans,FCEV,0.0,0.0,13.0,0.0,0.0,0.0,0.23157894736842105,17700982.0,1046540797548.64
Netherlands,NLD,Europe,EU,2022,2020-2023,Post-Pandemic,Vans,PHEV,35.0,0.0,130.0,0.0,0.0,0.0,0.23157894736842105,17700982.0,1046540797548.64
Netherlands,NLD,Europe,EU,2023,2020-2023,Post-Pandemic,Buses,BEV,180.0,0.0,1600.0,0.0,0.0,0.0,0.200499460934234,17877117.0,1135475867551.0
Netherlands,NLD,Europe,EU,2023,2020-2023,Post-Pandemic,Buses,EV,0.0,31.0,0.0,18.0,0.0,0.0,0.200499460934234,17877117.0,1135475867551.0
Netherlands,NLD,Europe,EU,2023,2020-2023,Post-Pandemic,Buses,FCEV,9.0,0.0,64.0,0.0,0.0,0.0,0.200499460934234,17877117.0,1135475867551.0
Netherlands,NLD,Europe,EU,2023,2020-2023,Post-Pandemic,Buses,PHEV,0.0,0.0,97.0,0.0,0.0,0.0,0.200499460934234,17877117.0,1135475867551.0
Netherlands,NLD,Europe,EU,2023,2020-2023,Post-Pandemic,Cars,BEV,130000.0,0.0,440000.0,0.0,0.0,0.0,0.200499460934234,17877117.0,1135475867551.0
Netherlands,NLD,Europe,EU,2023,2020-2023,Post-Pandemic,Cars,EV,0.0,35.0,0.0,8.30000019073486,0.0,0.0,0.200499460934234,17877117.0,1135475867551.0
Netherlands,NLD,Europe,EU,2023,2020-2023,Post-Pandemic,Cars,FCEV,65.0,0.0,620.0,0.0,0.0,0.0,0.200499460934234,17877117.0,1135475867551.0
Netherlands,NLD,Europe,EU,2023,2020-2023,Post-Pandemic,Cars,PHEV,80000.0,0.0,260000.0,0.0,0.0,0.0,0.200499460934234,17877117.0,1135475867551.0
Netherlands,NLD,Europe,EU,2023,2020-2023,Post-Pandemic,EV,Publicly available fast,0.0,0.0,0.0,0.0,0.0,5800.0,0.200499460934234,17877117.0,1135475867551.0
Netherlands,NLD,Europe,EU,2023,2020-2023,Post-Pandemic,EV,Publicly available slow,0.0,0.0,0.0,0.0,0.0,140000.0,0.200499460934234,17877117.0,1135475867551.0
Netherlands,NLD,Europe,EU,2023,2020-2023,Post-Pandemic,Trucks,BEV,1200.0,0.0,1500.0,0.0,0.0,0.0,0.200499460934234,17877117.0,1135475867551.0
Netherlands,NLD,Europe,EU,2023,2020-2023,Post-Pandemic,Trucks,EV,0.0,5.90000009536743,0.0,0.910000026226044,0.0,0.0,0.200499460934234,17877117.0,1135475867551.0
Netherlands,NLD,Europe,EU,2023,2020-2023,Post-Pandemic,Trucks,FCEV,8.0,0.0,57.0,0.0,0.0,0.0,0.200499460934234,17877117.0,1135475867551.0
Netherlands,NLD,Europe,EU,2023,2020-2023,Post-Pandemic,Trucks,PHEV,26.0,0.0,73.0,0.0,0.0,0.0,0.200499460934234,17877117.0,1135475867551.0
Netherlands,NLD,Europe,EU,2023,2020-2023,Post-Pandemic,Vans,BEV,10000.0,0.0,23000.0,0.0,0.0,0.0,0.200499460934234,17877117.0,1135475867551.0
Netherlands,NLD,Europe,EU,2023,2020-2023,Post-Pandemic,Vans,EV,0.0,12.0,0.0,2.20000004768372,0.0,0.0,0.200499460934234,17877117.0,1135475867551.0
Netherlands,NLD,Europe,EU,2023,2020-2023,Post-Pandemic,Vans,FCEV,0.0,0.0,13.0,0.0,0.0,0.0,0.200499460934234,17877117.0,1135475867551.0
Netherlands,NLD,Europe,EU,2023,2020-2023,Post-Pandemic,Vans,PHEV,90.0,0.0,160.0,0.0,0.0,0.0,0.200499460934234,17877117.0,1135475867551.0
New Zealand,NZL,Oceania,OC,2010,2010-2014,Pre-Pandemic,Buses,BEV,0.0,0.0,62.0,0.0,0.0,0.0,0.0,4350700.0,146887902524.052
New Zealand,NZL,Oceania,OC,2010,2010-2014,Pre-Pandemic,Buses,EV,0.0,0.0,0.0,0.28999999165535,0.0,0.0,0.0,4350700.0,146887902524.052
New Zealand,NZL,Oceania,OC,2010,2010-2014,Pre-Pandemic,Cars,BEV,10.0,0.0,14.0,0.0,0.0,0.0,0.0,4350700.0,146887902524.052
New Zealand,NZL,Oceania,OC,2010,2010-2014,Pre-Pandemic,Cars,EV,0.0,0.006300000008196,0.0,0.000479999987874,0.0,0.0,0.0,4350700.0,146887902524.052
New Zealand,NZL,Oceania,OC,2011,2010-2014,Pre-Pandemic,Buses,BEV,2.0,0.0,64.0,0.0,0.0,0.0,0.0,4384000.0,168458838711.118
New Zealand,NZL,Oceania,OC,2011,2010-2014,Pre-Pandemic,Buses,EV,0.0,0.239999994635582,0.0,0.300000011920929,0.0,0.0,0.0,4384000.0,168458838711.118
New Zealand,NZL,Oceania,OC,2011,2010-2014,Pre-Pandemic,Cars,BEV,13.0,0.0,27.0,0.0,0.0,0.0,0.0,4384000.0,168458838711.118
New Zealand,NZL,Oceania,OC,2011,2010-2014,Pre-Pandemic,Cars,EV,0.0,0.009899999946356,0.0,0.000989999971353,0.0,0.0,0.0,4384000.0,168458838711.118
New Zealand,NZL,Oceania,OC,2011,2010-2014,Pre-Pandemic,Cars,PHEV,2.0,0.0,2.0,0.0,0.0,0.0,0.0,4384000.0,168458838711.118
New Zealand,NZL,Oceania,OC,2012,2010-2014,Pre-Pandemic,Buses,BEV,1.0,0.0,65.0,0.0,0.0,0.0,0.0,4408100.0,176508049114.249
New Zealand,NZL,Oceania,OC,2012,2010-2014,Pre-Pandemic,Buses,EV,0.0,0.119999997317791,0.0,0.300000011920929,0.0,0.0,0.0,4408100.0,176508049114.249
New Zealand,NZL,Oceania,OC,2012,2010-2014,Pre-Pandemic,Cars,BEV,22.0,0.0,49.0,0.0,0.0,0.0,0.0,4408100.0,176508049114.249
New Zealand,NZL,Oceania,OC,2012,2010-2014,Pre-Pandemic,Cars,EV,0.0,0.017000000923872,0.0,0.001900000032038,0.0,0.0,0.0,4408100.0,176508049114.249
New Zealand,NZL,Oceania,OC,2012,2010-2014,Pre-Pandemic,Cars,PHEV,5.0,0.0,7.0,0.0,0.0,0.0,0.0,4408100.0,176508049114.249
New Zealand,NZL,Oceania,OC,2013,2010-2014,Pre-Pandemic,Buses,BEV,0.0,0.0,65.0,0.0,0.0,0.0,0.0,4442100.0,190943478289.796
New Zealand,NZL,Oceania,OC,2013,2010-2014,Pre-Pandemic,Buses,EV,0.0,0.0,0.0,0.300000011920929,0.0,0.0,0.0,4442100.0,190943478289.796
New Zealand,NZL,Oceania,OC,2013,2010-2014,Pre-Pandemic,Cars,BEV,30.0,0.0,79.0,0.0,0.0,0.0,0.0,4442100.0,190943478289.796
New Zealand,NZL,Oceania,OC,2013,2010-2014,Pre-Pandemic,Cars,EV,0.0,0.018999999389052,0.0,0.003100000089034,0.0,0.0,0.0,4442100.0,190943478289.796
New Zealand,NZL,Oceania,OC,2013,2010-2014,Pre-Pandemic,Cars,PHEV,6.0,0.0,13.0,0.0,0.0,0.0,0.0,4442100.0,190943478289.796
New Zealand,NZL,Oceania,OC,2014,2010-2014,Pre-Pandemic,Buses,BEV,0.0,0.0,65.0,0.0,0.0,0.0,0.0,4516500.0,201435445068.164
New Zealand,NZL,Oceania,OC,2014,2010-2014,Pre-Pandemic,Buses,EV,0.0,0.0,0.0,0.28999999165535,0.0,0.0,0.0,4516500.0,201435445068.164
New Zealand,NZL,Oceania,OC,2014,2010-2014,Pre-Pandemic,Cars,BEV,110.0,0.0,190.0,0.0,0.0,0.0,0.0,4516500.0,201435445068.164
New Zealand,NZL,Oceania,OC,2014,2010-2014,Pre-Pandemic,Cars,EV,0.0,0.140000000596046,0.0,0.014000000432134,0.0,0.0,0.0,4516500.0,201435445068.164
New Zealand,NZL,Oceania,OC,2014,2010-2014,Pre-Pandemic,Cars,PHEV,210.0,0.0,220.0,0.0,0.0,0.0,0.0,4516500.0,201435445068.164
New Zealand,NZL,Oceania,OC,2015,2015-2019,Pre-Pandemic,Buses,BEV,0.0,0.0,65.0,0.0,0.0,0.0,0.0,4609400.0,178147457242.978
New Zealand,NZL,Oceania,OC,2015,2015-2019,Pre-Pandemic,Buses,EV,0.0,0.0,0.0,0.280000001192093,0.0,0.0,0.0,4609400.0,178147457242.978
New Zealand,NZL,Oceania,OC,2015,2015-2019,Pre-Pandemic,Cars,BEV,300.0,0.0,490.0,0.0,0.0,0.0,0.0,4609400.0,178147457242.978
New Zealand,NZL,Oceania,OC,2015,2015-2019,Pre-Pandemic,Cars,EV,0.0,0.300000011920929,0.0,0.029999999329448,0.0,0.0,0.0,4609400.0,178147457242.978
New Zealand,NZL,Oceania,OC,2015,2015-2019,Pre-Pandemic,Cars,PHEV,200.0,0.0,420.0,0.0,0.0,0.0,0.0,4609400.0,178147457242.978
New Zealand,NZL,Oceania,OC,2016,2015-2019,Pre-Pandemic,Buses,BEV,0.0,0.0,65.0,0.0,0.0,0.0,0.0,4714100.0,188980351890.848
New Zealand,NZL,Oceania,OC,2016,2015-2019,Pre-Pandemic,Buses,EV,0.0,0.0,0.0,0.270000010728836,0.0,0.0,0.0,4714100.0,188980351890.848
New Zealand,NZL,Oceania,OC,2016,2015-2019,Pre-Pandemic,Cars,BEV,1200.0,0.0,1600.0,0.0,0.0,0.0,0.0,4714100.0,188980351890.848
New Zealand,NZL,Oceania,OC,2016,2015-2019,Pre-Pandemic,Cars,EV,0.0,0.779999971389771,0.0,0.079999998211861,0.0,0.0,0.0,4714100.0,188980351890.848
New Zealand,NZL,Oceania,OC,2016,2015-2019,Pre-Pandemic,Cars,PHEV,340.0,0.0,760.0,0.0,0.0,0.0,0.0,4714100.0,188980351890.848
New Zealand,NZL,Oceania,OC,2017,2015-2019,Pre-Pandemic,Buses,BEV,1.0,0.0,66.0,0.0,0.0,0.0,0.016761649346295676,4813600.0,206561943051.354
New Zealand,NZL,Oceania,OC,2017,2015-2019,Pre-Pandemic,Buses,EV,0.0,0.03999999910593,0.0,0.25,0.0,0.0,0.016761649346295676,4813600.0,206561943051.354
New Zealand,NZL,Oceania,OC,2017,2015-2019,Pre-Pandemic,Cars,BEV,2900.0,0.0,4600.0,0.0,0.0,0.0,0.016761649346295676,4813600.0,206561943051.354
New Zealand,NZL,Oceania,OC,2017,2015-2019,Pre-Pandemic,Cars,EV,0.0,1.39999997615814,0.0,0.189999997615814,0.0,0.0,0.016761649346295676,4813600.0,206561943051.354
New Zealand,NZL,Oceania,OC,2017,2015-2019,Pre-Pandemic,Cars,PHEV,540.0,0.0,1300.0,0.0,0.0,0.0,0.016761649346295676,4813600.0,206561943051.354
New Zealand,NZL,Oceania,OC,2017,2015-2019,Pre-Pandemic,EV,Publicly available fast,0.0,0.0,0.0,0.0,0.0,100.0,0.016761649346295676,4813600.0,206561943051.354
New Zealand,NZL,Oceania,OC,2018,2015-2019,Pre-Pandemic,Buses,BEV,11.0,0.0,77.0,0.0,0.0,0.0,0.025180796375359416,4900600.0,211726161989.495
New Zealand,NZL,Oceania,OC,2018,2015-2019,Pre-Pandemic,Buses,EV,0.0,0.430000007152557,0.0,0.280000001192093,0.0,0.0,0.025180796375359416,4900600.0,211726161989.495
New Zealand,NZL,Oceania,OC,2018,2015-2019,Pre-Pandemic,Cars,BEV,4400.0,0.0,8900.0,0.0,0.0,0.0,0.025180796375359416,4900600.0,211726161989.495
New Zealand,NZL,Oceania,OC,2018,2015-2019,Pre-Pandemic,Cars,EV,0.0,2.09999990463257,0.0,0.370000004768372,0.0,0.0,0.025180796375359416,4900600.0,211726161989.495
New Zealand,NZL,Oceania,OC,2018,2015-2019,Pre-Pandemic,Cars,PHEV,1200.0,0.0,2500.0,0.0,0.0,0.0,0.025180796375359416,4900600.0,211726161989.495
New Zealand,NZL,Oceania,OC,2018,2015-2019,Pre-Pandemic,EV,Publicly available fast,0.0,0.0,0.0,0.0,0.0,200.0,0.025180796375359416,4900600.0,211726161989.495
New Zealand,NZL,Oceania,OC,2018,2015-2019,Pre-Pandemic,EV,Publicly available slow,0.0,0.0,0.0,0.0,0.0,89.0,0.025180796375359416,4900600.0,211726161989.495
New Zealand,NZL,Oceania,OC,2019,2015-2019,Pre-Pandemic,Buses,BEV,13.0,0.0,100.0,0.0,0.0,0.0,0.02133245815556285,4970300.0,213088034258.42
New Zealand,NZL,Oceania,OC,2019,2015-2019,Pre-Pandemic,Buses,EV,0.0,0.529999971389771,0.0,0.349999994039536,0.0,0.0,0.02133245815556285,4970300.0,213088034258.42
New Zealand,NZL,Oceania,OC,2019,2015-2019,Pre-Pandemic,Cars,BEV,5300.0,0.0,13000.0,0.0,0.0,0.0,0.02133245815556285,4970300.0,213088034258.42
New Zealand,NZL,Oceania,OC,2019,2015-2019,Pre-Pandemic,Cars,EV,0.0,2.29999995231628,0.0,0.569999992847443,0.0,0.0,0.02133245815556285,4970300.0,213088034258.42
New Zealand,NZL,Oceania,OC,2019,2015-2019,Pre-Pandemic,Cars,FCEV,2.0,0.0,2.0,0.0,0.0,0.0,0.02133245815556285,4970300.0,213088034258.42
New Zealand,NZL,Oceania,OC,2019,2015-2019,Pre-Pandemic,Cars,PHEV,1600.0,0.0,4400.0,0.0,0.0,0.0,0.02133245815556285,4970300.0,213088034258.42
New Zealand,NZL,Oceania,OC,2019,2015-2019,Pre-Pandemic,EV,Publicly available fast,0.0,0.0,0.0,0.0,0.0,260.0,0.02133245815556285,4970300.0,213088034258.42
New Zealand,NZL,Oceania,OC,2019,2015-2019,Pre-Pandemic,EV,Publicly available slow,0.0,0.0,0.0,0.0,0.0,130.0,0.02133245815556285,4970300.0,213088034258.42
New Zealand,NZL,Oceania,OC,2019,2015-2019,Pre-Pandemic,Vans,BEV,70.0,0.0,780.0,0.0,0.0,0.0,0.02133245815556285,4970300.0,213088034258.42
New Zealand,NZL,Oceania,OC,2019,2015-2019,Pre-Pandemic,Vans,EV,0.0,0.119999997317791,0.0,0.129999995231628,0.0,0.0,0.02133245815556285,4970300.0,213088034258.42
New Zealand,NZL,Oceania,OC,2020,2020-2023,Pandemic,Buses,BEV,17.0,0.0,120.0,0.0,0.0,0.0,0.019266208745183446,5072400.0,213318129988.602
New Zealand,NZL,Oceania,OC,2020,2020-2023,Pandemic,Buses,EV,0.0,0.899999976158142,0.0,0.389999985694885,0.0,0.0,0.019266208745183446,5072400.0,213318129988.602
New Zealand,NZL,Oceania,OC,2020,2020-2023,Pandemic,Cars,BEV,3900.0,0.0,17000.0,0.0,0.0,0.0,0.019266208745183446,5072400.0,213318129988.602
New Zealand,NZL,Oceania,OC,2020,2020-2023,Pandemic,Cars,EV,0.0,1.60000002384186,0.0,0.72000002861023,0.0,0.0,0.019266208745183446,5072400.0,213318129988.602
New Zealand,NZL,Oceania,OC,2020,2020-2023,Pandemic,Cars,FCEV,3.0,0.0,5.0,0.0,0.0,0.0,0.019266208745183446,5072400.0,213318129988.602
New Zealand,NZL,Oceania,OC,2020,2020-2023,Pandemic,Cars,PHEV,1500.0,0.0,5900.0,0.0,0.0,0.0,0.019266208745183446,5072400.0,213318129988.602
New Zealand,NZL,Oceania,OC,2020,2020-2023,Pandemic,EV,Publicly available fast,0.0,0.0,0.0,0.0,0.0,310.0,0.019266208745183446,5072400.0,213318129988.602
New Zealand,NZL,Oceania,OC,2020,2020-2023,Pandemic,EV,Publicly available slow,0.0,0.0,0.0,0.0,0.0,150.0,0.019266208745183446,5072400.0,213318129988.602
New Zealand,NZL,Oceania,OC,2020,2020-2023,Pandemic,Vans,BEV,78.0,0.0,850.0,0.0,0.0,0.0,0.019266208745183446,5072400.0,213318129988.602
New Zealand,NZL,Oceania,OC,2020,2020-2023,Pandemic,Vans,EV,0.0,0.140000000596046,0.0,0.129999995231628,0.0,0.0,0.019266208745183446,5072400.0,213318129988.602
New Zealand,NZL,Oceania,OC,2020,2020-2023,Pandemic,Vans,PHEV,1.0,0.0,1.0,0.0,0.0,0.0,0.019266208745183446,5072400.0,213318129988.602
New Zealand,NZL,Oceania,OC,2021,2020-2023,Pandemic,Buses,BEV,75.0,0.0,170.0,0.0,0.0,0.0,0.016398819285011478,5084600.0,253732493987.834
New Zealand,NZL,Oceania,OC,2021,2020-2023,Pandemic,Buses,EV,0.0,2.90000009536743,0.0,0.540000021457672,0.0,0.0,0.016398819285011478,5084600.0,253732493987.834
New Zealand,NZL,Oceania,OC,2021,2020-2023,Pandemic,Buses,PHEV,1.0,0.0,1.0,0.0,0.0,0.0,0.016398819285011478,5084600.0,253732493987.834
New Zealand,NZL,Oceania,OC,2021,2020-2023,Pandemic,Cars,BEV,6800.0,0.0,26000.0,0.0,0.0,0.0,0.016398819285011478,5084600.0,253732493987.834
New Zealand,NZL,Oceania,OC,2021,2020-2023,Pandemic,Cars,EV,0.0,3.40000009536743,0.0,1.10000002384186,0.0,0.0,0.016398819285011478,5084600.0,253732493987.834
New Zealand,NZL,Oceania,OC,2021,2020-2023,Pandemic,Cars,FCEV,1.0,0.0,6.0,0.0,0.0,0.0,0.016398819285011478,5084600.0,253732493987.834
New Zealand,NZL,Oceania,OC,2021,2020-2023,Pandemic,Cars,PHEV,3500.0,0.0,9400.0,0.0,0.0,0.0,0.016398819285011478,5084600.0,253732493987.834
New Zealand,NZL,Oceania,OC,2021,2020-2023,Pandemic,EV,Publicly available fast,0.0,0.0,0.0,0.0,0.0,430.0,0.016398819285011478,5084600.0,253732493987.834
New Zealand,NZL,Oceania,OC,2021,2020-2023,Pandemic,EV,Publicly available slow,0.0,0.0,0.0,0.0,0.0,170.0,0.016398819285011478,5084600.0,253732493987.834
New Zealand,NZL,Oceania,OC,2021,2020-2023,Pandemic,Vans,BEV,140.0,0.0,980.0,0.0,0.0,0.0,0.016398819285011478,5084600.0,253732493987.834
New Zealand,NZL,Oceania,OC,2021,2020-2023,Pandemic,Vans,EV,0.0,0.300000011920929,0.0,0.150000005960464,0.0,0.0,0.016398819285011478,5084600.0,253732493987.834
New Zealand,NZL,Oceania,OC,2021,2020-2023,Pandemic,Vans,FCEV,0.0,0.0,6.0,0.0,0.0,0.0,0.016398819285011478,5084600.0,253732493987.834
New Zealand,NZL,Oceania,OC,2021,2020-2023,Pandemic,Vans,PHEV,22.0,0.0,25.0,0.0,0.0,0.0,0.016398819285011478,5084600.0,253732493987.834
New Zealand,NZL,Oceania,OC,2022,2020-2023,Post-Pandemic,Buses,BEV,110.0,0.0,260.0,0.0,0.0,0.0,0.010186197702113636,5081700.0,249723029451.237
New Zealand,NZL,Oceania,OC,2022,2020-2023,Post-Pandemic,Buses,EV,0.0,6.0,0.0,0.800000011920929,0.0,0.0,0.010186197702113636,5081700.0,249723029451.237
New Zealand,NZL,Oceania,OC,2022,2020-2023,Post-Pandemic,Buses,PHEV,0.0,0.0,1.0,0.0,0.0,0.0,0.010186197702113636,5081700.0,249723029451.237
New Zealand,NZL,Oceania,OC,2022,2020-2023,Post-Pandemic,Cars,BEV,19000.0,0.0,46000.0,0.0,0.0,0.0,0.010186197702113636,5081700.0,249723029451.237
New Zealand,NZL,Oceania,OC,2022,2020-2023,Post-Pandemic,Cars,EV,0.0,11.0,0.0,1.89999997615814,0.0,0.0,0.010186197702113636,5081700.0,249723029451.237
New Zealand,NZL,Oceania,OC,2022,2020-2023,Post-Pandemic,Cars,FCEV,10.0,0.0,16.0,0.0,0.0,0.0,0.010186197702113636,5081700.0,249723029451.237
New Zealand,NZL,Oceania,OC,2022,2020-2023,Post-Pandemic,Cars,PHEV,9200.0,0.0,19000.0,0.0,0.0,0.0,0.010186197702113636,5081700.0,249723029451.237
New Zealand,NZL,Oceania,OC,2022,2020-2023,Post-Pandemic,EV,Publicly available fast,0.0,0.0,0.0,0.0,0.0,480.0,0.010186197702113636,5081700.0,249723029451.237
New Zealand,NZL,Oceania,OC,2022,2020-2023,Post-Pandemic,EV,Publicly available slow,0.0,0.0,0.0,0.0,0.0,200.0,0.010186197702113636,5081700.0,249723029451.237
New Zealand,NZL,Oceania,OC,2022,2020-2023,Post-Pandemic,Vans,BEV,420.0,0.0,1400.0,0.0,0.0,0.0,0.010186197702113636,5081700.0,249723029451.237
New Zealand,NZL,Oceania,OC,2022,2020-2023,Post-Pandemic,Vans,EV,0.0,1.10000002384186,0.0,0.209999993443489,0.0,0.0,0.010186197702113636,5081700.0,249723029451.237
New Zealand,NZL,Oceania,OC,2022,2020-2023,Post-Pandemic,Vans,FCEV,0.0,0.0,6.0,0.0,0.0,0.0,0.010186197702113636,5081700.0,249723029451.237
New Zealand,NZL,Oceania,OC,2022,2020-2023,Post-Pandemic,Vans,PHEV,50.0,0.0,74.0,0.0,0.0,0.0,0.010186197702113636,5081700.0,249723029451.237
New Zealand,NZL,Oceania,OC,2023,2020-2023,Post-Pandemic,Buses,BEV,100.0,0.0,350.0,0.0,0.0,0.0,0.011148162997877938,5200000.0,256372177757.764
New Zealand,NZL,Oceania,OC,2023,2020-2023,Post-Pandemic,Buses,EV,0.0,5.19999980926514,0.0,1.0,0.0,0.0,0.011148162997877938,5200000.0,256372177757.764
New Zealand,NZL,Oceania,OC,2023,2020-2023,Post-Pandemic,Buses,PHEV,0.0,0.0,1.0,0.0,0.0,0.0,0.011148162997877938,5200000.0,256372177757.764
New Zealand,NZL,Oceania,OC,2023,2020-2023,Post-Pandemic,Cars,BEV,26000.0,0.0,70000.0,0.0,0.0,0.0,0.011148162997877938,5200000.0,256372177757.764
New Zealand,NZL,Oceania,OC,2023,2020-2023,Post-Pandemic,Cars,EV,0.0,14.0,0.0,2.79999995231628,0.0,0.0,0.011148162997877938,5200000.0,256372177757.764
New Zealand,NZL,Oceania,OC,2023,2020-2023,Post-Pandemic,Cars,FCEV,4.0,0.0,20.0,0.0,0.0,0.0,0.011148162997877938,5200000.0,256372177757.764
New Zealand,NZL,Oceania,OC,2023,2020-2023,Post-Pandemic,Cars,PHEV,12000.0,0.0,30000.0,0.0,0.0,0.0,0.011148162997877938,5200000.0,256372177757.764
New Zealand,NZL,Oceania,OC,2023,2020-2023,Post-Pandemic,EV,Publicly available fast,0.0,0.0,0.0,0.0,0.0,860.0,0.011148162997877938,5200000.0,256372177757.764
New Zealand,NZL,Oceania,OC,2023,2020-2023,Post-Pandemic,EV,Publicly available slow,0.0,0.0,0.0,0.0,0.0,280.0,0.011148162997877938,5200000.0,256372177757.764
New Zealand,NZL,Oceania,OC,2023,2020-2023,Post-Pandemic,Vans,BEV,500.0,0.0,1800.0,0.0,0.0,0.0,0.011148162997877938,5200000.0,256372177757.764
New Zealand,NZL,Oceania,OC,2023,2020-2023,Post-Pandemic,Vans,EV,0.0,1.5,0.0,0.259999990463257,0.0,0.0,0.011148162997877938,5200000.0,256372177757.764
New Zealand,NZL,Oceania,OC,2023,2020-2023,Post-Pandemic,Vans,PHEV,15.0,0.0,88.0,0.0,0.0,0.0,0.011148162997877938,5200000.0,256372177757.764
Norway,NOR,Europe,EU,2010,2010-2014,Pre-Pandemic,Cars,BEV,360.0,0.0,2700.0,0.0,0.0,0.0,1.0362694300518134,4889252.0,440132138425.479
Norway,NOR,Europe,EU,2010,2010-2014,Pre-Pandemic,Cars,EV,0.0,0.280000001192093,0.0,0.119999997317791,0.0,0.0,1.0362694300518134,4889252.0,440132138425.479
Norway,NOR,Europe,EU,2010,2010-2014,Pre-Pandemic,Cars,PHEV,0.0,0.0,2.0,0.0,0.0,0.0,1.0362694300518134,4889252.0,440132138425.479
Norway,NOR,Europe,EU,2010,2010-2014,Pre-Pandemic,EV,Publicly available slow,0.0,0.0,0.0,0.0,0.0,2800.0,1.0362694300518134,4889252.0,440132138425.479
Norway,NOR,Europe,EU,2010,2010-2014,Pre-Pandemic,Vans,BEV,1.0,0.0,0.0,0.0,0.0,0.0,1.0362694300518134,4889252.0,440132138425.479
Norway,NOR,Europe,EU,2010,2010-2014,Pre-Pandemic,Vans,EV,0.0,0.003400000045076,0.0,0.0,0.0,0.0,1.0362694300518134,4889252.0,440132138425.479
Norway,NOR,Europe,EU,2011,2010-2014,Pre-Pandemic,Cars,BEV,2000.0,0.0,3900.0,0.0,0.0,0.0,0.7986680327868853,4953088.0,512868581627.712
Norway,NOR,Europe,EU,2011,2010-2014,Pre-Pandemic,Cars,EV,0.0,1.39999997615814,0.0,0.170000001788139,0.0,0.0,0.7986680327868853,4953088.0,512868581627.712
Norway,NOR,Europe,EU,2011,2010-2014,Pre-Pandemic,Cars,PHEV,0.0,0.0,3.0,0.0,0.0,0.0,0.7986680327868853,4953088.0,512868581627.712
Norway,NOR,Europe,EU,2011,2010-2014,Pre-Pandemic,EV,Publicly available fast,0.0,0.0,0.0,0.0,0.0,18.0,0.7986680327868853,4953088.0,512868581627.712
Norway,NOR,Europe,EU,2011,2010-2014,Pre-Pandemic,EV,Publicly available slow,0.0,0.0,0.0,0.0,0.0,3100.0,0.7986680327868853,4953088.0,512868581627.712
Norway,NOR,Europe,EU,2011,2010-2014,Pre-Pandemic,Vans,BEV,42.0,0.0,1.0,0.0,0.0,0.0,0.7986680327868853,4953088.0,512868581627.712
Norway,NOR,Europe,EU,2011,2010-2014,Pre-Pandemic,Vans,EV,0.0,0.119999997317791,0.0,0.000220000001718,0.0,0.0,0.7986680327868853,4953088.0,512868581627.712
Norway,NOR,Europe,EU,2012,2010-2014,Pre-Pandemic,Cars,BEV,3900.0,0.0,8000.0,0.0,0.0,0.0,0.45032953864589575,5018573.0,525082939406.962
Norway,NOR,Europe,EU,2012,2010-2014,Pre-Pandemic,Cars,EV,0.0,3.09999990463257,0.0,0.360000014305115,0.0,0.0,0.45032953864589575,5018573.0,525082939406.962
Norway,NOR,Europe,EU,2012,2010-2014,Pre-Pandemic,Cars,PHEV,320.0,0.0,340.0,0.0,0.0,0.0,0.45032953864589575,5018573.0,525082939406.962
Norway,NOR,Europe,EU,2012,2010-2014,Pre-Pandemic,EV,Publicly available fast,0.0,0.0,0.0,0.0,0.0,58.0,0.45032953864589575,5018573.0,525082939406.962
Norway,NOR,Europe,EU,2012,2010-2014,Pre-Pandemic,EV,Publicly available slow,0.0,0.0,0.0,0.0,0.0,3700.0,0.45032953864589575,5018573.0,525082939406.962
Norway,NOR,Europe,EU,2012,2010-2014,Pre-Pandemic,Vans,BEV,61.0,0.0,5.0,0.0,0.0,0.0,0.45032953864589575,5018573.0,525082939406.962
Norway,NOR,Europe,EU,2012,2010-2014,Pre-Pandemic,Vans,EV,0.0,0.189999997615814,0.0,0.00109999999404,0.0,0.0,0.45032953864589575,5018573.0,525082939406.962
Norway,NOR,Europe,EU,2013,2010-2014,Pre-Pandemic,Cars,BEV,7900.0,0.0,15000.0,0.0,0.0,0.0,0.2933929141398021,5079623.0,540132255319.149
Norway,NOR,Europe,EU,2013,2010-2014,Pre-Pandemic,Cars,EV,0.0,5.80000019073486,0.0,0.639999985694885,0.0,0.0,0.2933929141398021,5079623.0,540132255319.149
Norway,NOR,Europe,EU,2013,2010-2014,Pre-Pandemic,Cars,PHEV,340.0,0.0,660.0,0.0,0.0,0.0,0.2933929141398021,5079623.0,540132255319.149
Norway,NOR,Europe,EU,2013,2010-2014,Pre-Pandemic,EV,Publicly available fast,0.0,0.0,0.0,0.0,0.0,96.0,0.2933929141398021,5079623.0,540132255319.149
Norway,NOR,Europe,EU,2013,2010-2014,Pre-Pandemic,EV,Publicly available slow,0.0,0.0,0.0,0.0,0.0,4500.0,0.2933929141398021,5079623.0,540132255319.149
Norway,NOR,Europe,EU,2013,2010-2014,Pre-Pandemic,Vans,BEV,340.0,0.0,5.0,0.0,0.0,0.0,0.2933929141398021,5079623.0,540132255319.149
Norway,NOR,Europe,EU,2013,2010-2014,Pre-Pandemic,Vans,EV,0.0,1.20000004768372,0.0,0.001000000047497,0.0,0.0,0.2933929141398021,5079623.0,540132255319.149
Norway,NOR,Europe,EU,2014,2010-2014,Pre-Pandemic,Cars,BEV,20000.0,0.0,33000.0,0.0,0.0,0.0,0.14805933526656256,5137232.0,515829568897.117
Norway,NOR,Europe,EU,2014,2010-2014,Pre-Pandemic,Cars,EV,0.0,15.0,0.0,1.39999997615814,0.0,0.0,0.14805933526656256,5137232.0,515829568897.117
Norway,NOR,Europe,EU,2014,2010-2014,Pre-Pandemic,Cars,FCEV,4.0,0.0,4.0,0.0,0.0,0.0,0.14805933526656256,5137232.0,515829568897.117
Norway,NOR,Europe,EU,2014,2010-2014,Pre-Pandemic,Cars,PHEV,1700.0,0.0,2300.0,0.0,0.0,0.0,0.14805933526656256,5137232.0,515829568897.117
Norway,NOR,Europe,EU,2014,2010-2014,Pre-Pandemic,EV,Publicly available fast,0.0,0.0,0.0,0.0,0.0,110.0,0.14805933526656256,5137232.0,515829568897.117
Norway,NOR,Europe,EU,2014,2010-2014,Pre-Pandemic,EV,Publicly available slow,0.0,0.0,0.0,0.0,0.0,5200.0,0.14805933526656256,5137232.0,515829568897.117
Norway,NOR,Europe,EU,2014,2010-2014,Pre-Pandemic,Vans,BEV,560.0,0.0,560.0,0.0,0.0,0.0,0.14805933526656256,5137232.0,515829568897.117
Norway,NOR,Europe,EU,2014,2010-2014,Pre-Pandemic,Vans,EV,0.0,2.0,0.0,0.119999997317791,0.0,0.0,0.14805933526656256,5137232.0,515829568897.117
Norway,NOR,Europe,EU,2015,2015-2019,Pre-Pandemic,Cars,BEV,26000.0,0.0,59000.0,0.0,0.0,0.0,0.07864832961187831,5188607.0,400669174330.888
Norway,NOR,Europe,EU,2015,2015-2019,Pre-Pandemic,Cars,EV,0.0,22.0,0.0,2.70000004768372,0.0,0.0,0.07864832961187831,5188607.0,400669174330.888
Norway,NOR,Europe,EU,2015,2015-2019,Pre-Pandemic,Cars,FCEV,9.0,0.0,13.0,0.0,0.0,0.0,0.07864832961187831,5188607.0,400669174330.888
Norway,NOR,Europe,EU,2015,2015-2019,Pre-Pandemic,Cars,PHEV,7900.0,0.0,10000.0,0.0,0.0,0.0,0.07864832961187831,5188607.0,400669174330.888
Norway,NOR,Europe,EU,2015,2015-2019,Pre-Pandemic,EV,Publicly available fast,0.0,0.0,0.0,0.0,0.0,330.0,0.07864832961187831,5188607.0,400669174330.888
Norway,NOR,Europe,EU,2015,2015-2019,Pre-Pandemic,EV,Publicly available slow,0.0,0.0,0.0,0.0,0.0,5200.0,0.07864832961187831,5188607.0,400669174330.888
Norway,NOR,Europe,EU,2015,2015-2019,Pre-Pandemic,Vans,BEV,710.0,0.0,1300.0,0.0,0.0,0.0,0.07864832961187831,5188607.0,400669174330.888
Norway,NOR,Europe,EU,2015,2015-2019,Pre-Pandemic,Vans,EV,0.0,2.29999995231628,0.0,0.259999990463257,0.0,0.0,0.07864832961187831,5188607.0,400669174330.888
Norway,NOR,Europe,EU,2016,2015-2019,Pre-Pandemic,Buses,BEV,13.0,0.0,13.0,0.0,0.0,0.0,0.0646256451793577,5234519.0,383284047619.048
Norway,NOR,Europe,EU,2016,2015-2019,Pre-Pandemic,Buses,EV,0.0,0.930000007152557,0.0,0.100000001490116,0.0,0.0,0.0646256451793577,5234519.0,383284047619.048
Norway,NOR,Europe,EU,2016,2015-2019,Pre-Pandemic,Cars,BEV,24000.0,0.0,83000.0,0.0,0.0,0.0,0.0646256451793577,5234519.0,383284047619.048
Norway,NOR,Europe,EU,2016,2015-2019,Pre-Pandemic,Cars,EV,0.0,29.0,0.0,4.30000019073486,0.0,0.0,0.0646256451793577,5234519.0,383284047619.048
Norway,NOR,Europe,EU,2016,2015-2019,Pre-Pandemic,Cars,FCEV,20.0,0.0,40.0,0.0,0.0,0.0,0.0646256451793577,5234519.0,383284047619.048
Norway,NOR,Europe,EU,2016,2015-2019,Pre-Pandemic,Cars,PHEV,21000.0,0.0,31000.0,0.0,0.0,0.0,0.0646256451793577,5234519.0,383284047619.048
Norway,NOR,Europe,EU,2016,2015-2019,Pre-Pandemic,EV,Publicly available fast,0.0,0.0,0.0,0.0,0.0,500.0,0.0646256451793577,5234519.0,383284047619.048
Norway,NOR,Europe,EU,2016,2015-2019,Pre-Pandemic,EV,Publicly available slow,0.0,0.0,0.0,0.0,0.0,7000.0,0.0646256451793577,5234519.0,383284047619.048
Norway,NOR,Europe,EU,2016,2015-2019,Pre-Pandemic,Vans,BEV,640.0,0.0,2000.0,0.0,0.0,0.0,0.0646256451793577,5234519.0,383284047619.048
Norway,NOR,Europe,EU,2016,2015-2019,Pre-Pandemic,Vans,EV,0.0,1.89999997615814,0.0,0.389999985694885,0.0,0.0,0.0646256451793577,5234519.0,383284047619.048
Norway,NOR,Europe,EU,2017,2015-2019,Pre-Pandemic,Buses,BEV,18.0,0.0,31.0,0.0,0.0,0.0,0.050378934829766193,5276968.0,415673181543.421
Norway,NOR,Europe,EU,2017,2015-2019,Pre-Pandemic,Buses,EV,0.0,1.5,0.0,0.239999994635582,0.0,0.0,0.050378934829766193,5276968.0,415673181543.421
Norway,NOR,Europe,EU,2017,2015-2019,Pre-Pandemic,Cars,BEV,33000.0,0.0,120000.0,0.0,0.0,0.0,0.050378934829766193,5276968.0,415673181543.421
Norway,NOR,Europe,EU,2017,2015-2019,Pre-Pandemic,Cars,EV,0.0,39.0,0.0,6.40000009536743,0.0,0.0,0.050378934829766193,5276968.0,415673181543.421
Norway,NOR,Europe,EU,2017,2015-2019,Pre-Pandemic,Cars,FCEV,30.0,0.0,70.0,0.0,0.0,0.0,0.050378934829766193,5276968.0,415673181543.421
Norway,NOR,Europe,EU,2017,2015-2019,Pre-Pandemic,Cars,PHEV,29000.0,0.0,60000.0,0.0,0.0,0.0,0.050378934829766193,5276968.0,415673181543.421
Norway,NOR,Europe,EU,2017,2015-2019,Pre-Pandemic,EV,Publicly available fast,0.0,0.0,0.0,0.0,0.0,920.0,0.050378934829766193,5276968.0,415673181543.421
Norway,NOR,Europe,EU,2017,2015-2019,Pre-Pandemic,EV,Publicly available slow,0.0,0.0,0.0,0.0,0.0,8300.0,0.050378934829766193,5276968.0,415673181543.421
Norway,NOR,Europe,EU,2017,2015-2019,Pre-Pandemic,Trucks,BEV,2.0,0.0,2.0,0.0,0.0,0.0,0.050378934829766193,5276968.0,415673181543.421
Norway,NOR,Europe,EU,2017,2015-2019,Pre-Pandemic,Trucks,EV,0.0,0.032000001519919,0.0,0.002400000113994,0.0,0.0,0.050378934829766193,5276968.0,415673181543.421
Norway,NOR,Europe,EU,2017,2015-2019,Pre-Pandemic,Vans,BEV,770.0,0.0,2900.0,0.0,0.0,0.0,0.050378934829766193,5276968.0,415673181543.421
Norway,NOR,Europe,EU,2017,2015-2019,Pre-Pandemic,Vans,EV,0.0,2.20000004768372,0.0,0.569999992847443,0.0,0.0,0.050378934829766193,5276968.0,415673181543.421
Norway,NOR,Europe,EU,2017,2015-2019,Pre-Pandemic,Vans,PHEV,0.0,0.0,10.0,0.0,0.0,0.0,0.050378934829766193,5276968.0,415673181543.421
Norway,NOR,Europe,EU,2018,2015-2019,Pre-Pandemic,Buses,BEV,12.0,0.0,43.0,0.0,0.0,0.0,0.04168734491315137,5311916.0,454588871810.636
Norway,NOR,Europe,EU,2018,2015-2019,Pre-Pandemic,Buses,EV,0.0,1.20000004768372,0.0,0.330000013113022,0.0,0.0,0.04168734491315137,5311916.0,454588871810.636
Norway,NOR,Europe,EU,2018,2015-2019,Pre-Pandemic,Cars,BEV,46000.0,0.0,160000.0,0.0,0.0,0.0,0.04168734491315137,5311916.0,454588871810.636
Norway,NOR,Europe,EU,2018,2015-2019,Pre-Pandemic,Cars,EV,0.0,49.0,0.0,8.89999961853027,0.0,0.0,0.04168734491315137,5311916.0,454588871810.636
Norway,NOR,Europe,EU,2018,2015-2019,Pre-Pandemic,Cars,FCEV,45.0,0.0,120.0,0.0,0.0,0.0,0.04168734491315137,5311916.0,454588871810.636
Norway,NOR,Europe,EU,2018,2015-2019,Pre-Pandemic,Cars,PHEV,27000.0,0.0,87000.0,0.0,0.0,0.0,0.04168734491315137,5311916.0,454588871810.636
Norway,NOR,Europe,EU,2018,2015-2019,Pre-Pandemic,EV,Publicly available fast,0.0,0.0,0.0,0.0,0.0,1200.0,0.04168734491315137,5311916.0,454588871810.636
Norway,NOR,Europe,EU,2018,2015-2019,Pre-Pandemic,EV,Publicly available slow,0.0,0.0,0.0,0.0,0.0,9300.0,0.04168734491315137,5311916.0,454588871810.636
Norway,NOR,Europe,EU,2018,2015-2019,Pre-Pandemic,Trucks,BEV,0.0,0.0,2.0,0.0,0.0,0.0,0.04168734491315137,5311916.0,454588871810.636
Norway,NOR,Europe,EU,2018,2015-2019,Pre-Pandemic,Trucks,EV,0.0,0.0,0.0,0.002400000113994,0.0,0.0,0.04168734491315137,5311916.0,454588871810.636
Norway,NOR,Europe,EU,2018,2015-2019,Pre-Pandemic,Vans,BEV,1800.0,0.0,4700.0,0.0,0.0,0.0,0.04168734491315137,5311916.0,454588871810.636
Norway,NOR,Europe,EU,2018,2015-2019,Pre-Pandemic,Vans,EV,0.0,5.09999990463257,0.0,0.899999976158142,0.0,0.0,0.04168734491315137,5311916.0,454588871810.636
Norway,NOR,Europe,EU,2018,2015-2019,Pre-Pandemic,Vans,PHEV,0.0,0.0,10.0,0.0,0.0,0.0,0.04168734491315137,5311916.0,454588871810.636
Norway,NOR,Europe,EU,2019,2015-2019,Pre-Pandemic,Buses,BEV,160.0,0.0,200.0,0.0,0.0,0.0,0.041531688678461666,5347896.0,424244886363.636
Norway,NOR,Europe,EU,2019,2015-2019,Pre-Pandemic,Buses,EV,0.0,7.0,0.0,1.5,0.0,0.0,0.041531688678461666,5347896.0,424244886363.636
Norway,NOR,Europe,EU,2019,2015-2019,Pre-Pandemic,Cars,BEV,60000.0,0.0,220000.0,0.0,0.0,0.0,0.041531688678461666,5347896.0,424244886363.636
Norway,NOR,Europe,EU,2019,2015-2019,Pre-Pandemic,Cars,EV,0.0,56.0,0.0,12.0,0.0,0.0,0.041531688678461666,5347896.0,424244886363.636
Norway,NOR,Europe,EU,2019,2015-2019,Pre-Pandemic,Cars,FCEV,29.0,0.0,180.0,0.0,0.0,0.0,0.041531688678461666,5347896.0,424244886363.636
Norway,NOR,Europe,EU,2019,2015-2019,Pre-Pandemic,Cars,PHEV,19000.0,0.0,110000.0,0.0,0.0,0.0,0.041531688678461666,5347896.0,424244886363.636
Norway,NOR,Europe,EU,2019,2015-2019,Pre-Pandemic,EV,Publicly available fast,0.0,0.0,0.0,0.0,0.0,4000.0,0.041531688678461666,5347896.0,424244886363.636
Norway,NOR,Europe,EU,2019,2015-2019,Pre-Pandemic,EV,Publicly available slow,0.0,0.0,0.0,0.0,0.0,10000.0,0.041531688678461666,5347896.0,424244886363.636
Norway,NOR,Europe,EU,2019,2015-2019,Pre-Pandemic,Trucks,BEV,3.0,0.0,2.0,0.0,0.0,0.0,0.041531688678461666,5347896.0,424244886363.636
Norway,NOR,Europe,EU,2019,2015-2019,Pre-Pandemic,Trucks,EV,0.0,0.041000001132488,0.0,0.002300000051036,0.0,0.0,0.041531688678461666,5347896.0,424244886363.636
Norway,NOR,Europe,EU,2019,2015-2019,Pre-Pandemic,Vans,BEV,2000.0,0.0,6700.0,0.0,0.0,0.0,0.041531688678461666,5347896.0,424244886363.636
Norway,NOR,Europe,EU,2019,2015-2019,Pre-Pandemic,Vans,EV,0.0,5.59999990463257,0.0,1.29999995231628,0.0,0.0,0.041531688678461666,5347896.0,424244886363.636
Norway,NOR,Europe,EU,2019,2015-2019,Pre-Pandemic,Vans,PHEV,0.0,0.0,10.0,0.0,0.0,0.0,0.041531688678461666,5347896.0,424244886363.636
Norway,NOR,Europe,EU,2020,2020-2023,Pandemic,Buses,BEV,230.0,0.0,420.0,0.0,0.0,0.0,0.034568818925329356,5379475.0,382252517921.94
Norway,NOR,Europe,EU,2020,2020-2023,Pandemic,Buses,EV,0.0,21.0,0.0,3.40000009536743,0.0,0.0,0.034568818925329356,5379475.0,382252517921.94
Norway,NOR,Europe,EU,2020,2020-2023,Pandemic,Buses,FCEV,0.0,0.0,5.0,0.0,0.0,0.0,0.034568818925329356,5379475.0,382252517921.94
Norway,NOR,Europe,EU,2020,2020-2023,Pandemic,Buses,PHEV,63.0,0.0,63.0,0.0,0.0,0.0,0.034568818925329356,5379475.0,382252517921.94
Norway,NOR,Europe,EU,2020,2020-2023,Pandemic,Cars,BEV,77000.0,0.0,340000.0,0.0,0.0,0.0,0.034568818925329356,5379475.0,382252517921.94
Norway,NOR,Europe,EU,2020,2020-2023,Pandemic,Cars,EV,0.0,75.0,0.0,17.0,0.0,0.0,0.034568818925329356,5379475.0,382252517921.94
Norway,NOR,Europe,EU,2020,2020-2023,Pandemic,Cars,FCEV,16.0,0.0,200.0,0.0,0.0,0.0,0.034568818925329356,5379475.0,382252517921.94
Norway,NOR,Europe,EU,2020,2020-2023,Pandemic,Cars,PHEV,29000.0,0.0,150000.0,0.0,0.0,0.0,0.034568818925329356,5379475.0,382252517921.94
Norway,NOR,Europe,EU,2020,2020-2023,Pandemic,EV,Publicly available fast,0.0,0.0,0.0,0.0,0.0,5300.0,0.034568818925329356,5379475.0,382252517921.94
Norway,NOR,Europe,EU,2020,2020-2023,Pandemic,EV,Publicly available slow,0.0,0.0,0.0,0.0,0.0,12000.0,0.034568818925329356,5379475.0,382252517921.94
Norway,NOR,Europe,EU,2020,2020-2023,Pandemic,Trucks,BEV,26.0,0.0,18.0,0.0,0.0,0.0,0.034568818925329356,5379475.0,382252517921.94
Norway,NOR,Europe,EU,2020,2020-2023,Pandemic,Trucks,EV,0.0,0.449999988079071,0.0,0.021999999880791,0.0,0.0,0.034568818925329356,5379475.0,382252517921.94
Norway,NOR,Europe,EU,2020,2020-2023,Pandemic,Trucks,FCEV,3.0,0.0,0.0,0.0,0.0,0.0,0.034568818925329356,5379475.0,382252517921.94
Norway,NOR,Europe,EU,2020,2020-2023,Pandemic,Trucks,PHEV,1.0,0.0,1.0,0.0,0.0,0.0,0.034568818925329356,5379475.0,382252517921.94
Norway,NOR,Europe,EU,2020,2020-2023,Pandemic,Vans,BEV,2600.0,0.0,9700.0,0.0,0.0,0.0,0.034568818925329356,5379475.0,382252517921.94
Norway,NOR,Europe,EU,2020,2020-2023,Pandemic,Vans,EV,0.0,8.5,0.0,1.79999995231628,0.0,0.0,0.034568818925329356,5379475.0,382252517921.94
Norway,NOR,Europe,EU,2020,2020-2023,Pandemic,Vans,FCEV,0.0,0.0,1.0,0.0,0.0,0.0,0.034568818925329356,5379475.0,382252517921.94
Norway,NOR,Europe,EU,2020,2020-2023,Pandemic,Vans,PHEV,11.0,0.0,43.0,0.0,0.0,0.0,0.034568818925329356,5379475.0,382252517921.94
Norway,NOR,Europe,EU,2021,2020-2023,Pandemic,Buses,BEV,99.0,0.0,520.0,0.0,0.0,0.0,0.030674416757885428,5408320.0,521592200232.829
Norway,NOR,Europe,EU,2021,2020-2023,Pandemic,Buses,EV,0.0,9.0,0.0,4.19999980926514,0.0,0.0,0.030674416757885428,5408320.0,521592200232.829
Norway,NOR,Europe,EU,2021,2020-2023,Pandemic,Buses,PHEV,5.0,0.0,70.0,0.0,0.0,0.0,0.030674416757885428,5408320.0,521592200232.829
Norway,NOR,Europe,EU,2021,2020-2023,Pandemic,Cars,BEV,110000.0,0.0,450000.0,0.0,0.0,0.0,0.030674416757885428,5408320.0,521592200232.829
Norway,NOR,Europe,EU,2021,2020-2023,Pandemic,Cars,EV,0.0,86.0,0.0,21.0,0.0,0.0,0.030674416757885428,5408320.0,521592200232.829
Norway,NOR,Europe,EU,2021,2020-2023,Pandemic,Cars,FCEV,39.0,0.0,230.0,0.0,0.0,0.0,0.030674416757885428,5408320.0,521592200232.829
Norway,NOR,Europe,EU,2021,2020-2023,Pandemic,Cars,PHEV,38000.0,0.0,180000.0,0.0,0.0,0.0,0.030674416757885428,5408320.0,521592200232.829
Norway,NOR,Europe,EU,2021,2020-2023,Pandemic,EV,Publicly available fast,0.0,0.0,0.0,0.0,0.0,6700.0,0.030674416757885428,5408320.0,521592200232.829
Norway,NOR,Europe,EU,2021,2020-2023,Pandemic,EV,Publicly available slow,0.0,0.0,0.0,0.0,0.0,13000.0,0.030674416757885428,5408320.0,521592200232.829
Norway,NOR,Europe,EU,2021,2020-2023,Pandemic,Trucks,BEV,110.0,0.0,96.0,0.0,0.0,0.0,0.030674416757885428,5408320.0,521592200232.829
Norway,NOR,Europe,EU,2021,2020-2023,Pandemic,Trucks,EV,0.0,1.79999995231628,0.0,0.109999999403954,0.0,0.0,0.030674416757885428,5408320.0,521592200232.829
Norway,NOR,Europe,EU,2021,2020-2023,Pandemic,Trucks,PHEV,0.0,0.0,2.0,0.0,0.0,0.0,0.030674416757885428,5408320.0,521592200232.829
Norway,NOR,Europe,EU,2021,2020-2023,Pandemic,Vans,BEV,1600.0,0.0,11000.0,0.0,0.0,0.0,0.030674416757885428,5408320.0,521592200232.829
Norway,NOR,Europe,EU,2021,2020-2023,Pandemic,Vans,EV,0.0,5.59999990463257,0.0,2.20000004768372,0.0,0.0,0.030674416757885428,5408320.0,521592200232.829
Norway,NOR,Europe,EU,2021,2020-2023,Pandemic,Vans,FCEV,0.0,0.0,1.0,0.0,0.0,0.0,0.030674416757885428,5408320.0,521592200232.829
Norway,NOR,Europe,EU,2021,2020-2023,Pandemic,Vans,PHEV,58.0,0.0,310.0,0.0,0.0,0.0,0.030674416757885428,5408320.0,521592200232.829
Norway,NOR,Europe,EU,2022,2020-2023,Post-Pandemic,Buses,BEV,310.0,0.0,830.0,0.0,0.0,0.0,0.02964712539749906,5457127.0,617321834098.986
Norway,NOR,Europe,EU,2022,2020-2023,Post-Pandemic,Buses,EV,0.0,48.0,0.0,6.59999990463257,0.0,0.0,0.02964712539749906,5457127.0,617321834098.986
Norway,NOR,Europe,EU,2022,2020-2023,Post-Pandemic,Buses,FCEV,0.0,0.0,10.0,0.0,0.0,0.0,0.02964712539749906,5457127.0,617321834098.986
Norway,NOR,Europe,EU,2022,2020-2023,Post-Pandemic,Buses,PHEV,0.0,0.0,69.0,0.0,0.0,0.0,0.02964712539749906,5457127.0,617321834098.986
Norway,NOR,Europe,EU,2022,2020-2023,Post-Pandemic,Cars,BEV,140000.0,0.0,590000.0,0.0,0.0,0.0,0.02964712539749906,5457127.0,617321834098.986
Norway,NOR,Europe,EU,2022,2020-2023,Post-Pandemic,Cars,EV,0.0,89.0,0.0,26.0,0.0,0.0,0.02964712539749906,5457127.0,617321834098.986
Norway,NOR,Europe,EU,2022,2020-2023,Post-Pandemic,Cars,FCEV,27.0,0.0,260.0,0.0,0.0,0.0,0.02964712539749906,5457127.0,617321834098.986
Norway,NOR,Europe,EU,2022,2020-2023,Post-Pandemic,Cars,PHEV,16000.0,0.0,200000.0,0.0,0.0,0.0,0.02964712539749906,5457127.0,617321834098.986
Norway,NOR,Europe,EU,2022,2020-2023,Post-Pandemic,EV,Publicly available fast,0.0,0.0,0.0,0.0,0.0,9100.0,0.02964712539749906,5457127.0,617321834098.986
Norway,NOR,Europe,EU,2022,2020-2023,Post-Pandemic,EV,Publicly available slow,0.0,0.0,0.0,0.0,0.0,15000.0,0.02964712539749906,5457127.0,617321834098.986
Norway,NOR,Europe,EU,2022,2020-2023,Post-Pandemic,Trucks,BEV,530.0,0.0,220.0,0.0,0.0,0.0,0.02964712539749906,5457127.0,617321834098.986
Norway,NOR,Europe,EU,2022,2020-2023,Post-Pandemic,Trucks,EV,0.0,9.19999980926514,0.0,0.259999990463257,0.0,0.0,0.02964712539749906,5457127.0,617321834098.986
Norway,NOR,Europe,EU,2022,2020-2023,Post-Pandemic,Trucks,PHEV,0.0,0.0,5.0,0.0,0.0,0.0,0.02964712539749906,5457127.0,617321834098.986
Norway,NOR,Europe,EU,2022,2020-2023,Post-Pandemic,Vans,BEV,7000.0,0.0,21000.0,0.0,0.0,0.0,0.02964712539749906,5457127.0,617321834098.986
Norway,NOR,Europe,EU,2022,2020-2023,Post-Pandemic,Vans,EV,0.0,24.0,0.0,4.09999990463257,0.0,0.0,0.02964712539749906,5457127.0,617321834098.986
Norway,NOR,Europe,EU,2022,2020-2023,Post-Pandemic,Vans,FCEV,0.0,0.0,1.0,0.0,0.0,0.0,0.02964712539749906,5457127.0,617321834098.986
Norway,NOR,Europe,EU,2022,2020-2023,Post-Pandemic,Vans,PHEV,220.0,0.0,500.0,0.0,0.0,0.0,0.02964712539749906,5457127.0,617321834098.986
Norway,NOR,Europe,EU,2023,2020-2023,Post-Pandemic,Buses,BEV,540.0,0.0,1200.0,0.0,0.0,0.0,0.028925885453493606,5519601.0,502197633322.816
Norway,NOR,Europe,EU,2023,2020-2023,Post-Pandemic,Buses,EV,0.0,53.0,0.0,9.89999961853027,0.0,0.0,0.028925885453493606,5519601.0,502197633322.816
Norway,NOR,Europe,EU,2023,2020-2023,Post-Pandemic,Buses,PHEV,0.0,0.0,68.0,0.0,0.0,0.0,0.028925885453493606,5519601.0,502197633322.816
Norway,NOR,Europe,EU,2023,2020-2023,Post-Pandemic,Cars,BEV,100000.0,0.0,690000.0,0.0,0.0,0.0,0.028925885453493606,5519601.0,502197633322.816
Norway,NOR,Europe,EU,2023,2020-2023,Post-Pandemic,Cars,EV,0.0,93.0,0.0,29.0,0.0,0.0,0.028925885453493606,5519601.0,502197633322.816
Norway,NOR,Europe,EU,2023,2020-2023,Post-Pandemic,Cars,FCEV,6.0,0.0,290.0,0.0,0.0,0.0,0.028925885453493606,5519601.0,502197633322.816
Norway,NOR,Europe,EU,2023,2020-2023,Post-Pandemic,Cars,PHEV,10000.0,0.0,210000.0,0.0,0.0,0.0,0.028925885453493606,5519601.0,502197633322.816
Norway,NOR,Europe,EU,2023,2020-2023,Post-Pandemic,EV,Publicly available fast,0.0,0.0,0.0,0.0,0.0,11000.0,0.028925885453493606,5519601.0,502197633322.816
Norway,NOR,Europe,EU,2023,2020-2023,Post-Pandemic,EV,Publicly available slow,0.0,0.0,0.0,0.0,0.0,16000.0,0.028925885453493606,5519601.0,502197633322.816
Norway,NOR,Europe,EU,2023,2020-2023,Post-Pandemic,Trucks,BEV,700.0,0.0,1200.0,0.0,0.0,0.0,0.028925885453493606,5519601.0,502197633322.816
Norway,NOR,Europe,EU,2023,2020-2023,Post-Pandemic,Trucks,EV,0.0,11.0,0.0,1.39999997615814,0.0,0.0,0.028925885453493606,5519601.0,502197633322.816
Norway,NOR,Europe,EU,2023,2020-2023,Post-Pandemic,Trucks,PHEV,0.0,0.0,1.0,0.0,0.0,0.0,0.028925885453493606,5519601.0,502197633322.816
Norway,NOR,Europe,EU,2023,2020-2023,Post-Pandemic,Vans,BEV,8800.0,0.0,30000.0,0.0,0.0,0.0,0.028925885453493606,5519601.0,502197633322.816
Norway,NOR,Europe,EU,2023,2020-2023,Post-Pandemic,Vans,EV,0.0,29.0,0.0,5.80000019073486,0.0,0.0,0.028925885453493606,5519601.0,502197633322.816
Norway,NOR,Europe,EU,2023,2020-2023,Post-Pandemic,Vans,FCEV,0.0,0.0,1.0,0.0,0.0,0.0,0.028925885453493606,5519601.0,502197633322.816
Norway,NOR,Europe,EU,2023,2020-2023,Post-Pandemic,Vans,PHEV,130.0,0.0,660.0,0.0,0.0,0.0,0.028925885453493606,5519601.0,502197633322.816
Poland,POL,Europe,EU,2010,2010-2014,Pre-Pandemic,Cars,BEV,15.0,0.0,0.0,0.0,0.0,0.0,0.0,38042794.0,478111630683.514
Poland,POL,Europe,EU,2010,2010-2014,Pre-Pandemic,Cars,EV,0.0,0.004800000227988,0.0,0.0,0.0,0.0,0.0,38042794.0,478111630683.514
Poland,POL,Europe,EU,2010,2010-2014,Pre-Pandemic,Cars,PHEV,1.0,0.0,0.0,0.0,0.0,0.0,0.0,38042794.0,478111630683.514
Poland,POL,Europe,EU,2010,2010-2014,Pre-Pandemic,Vans,BEV,3.0,0.0,0.0,0.0,0.0,0.0,0.0,38042794.0,478111630683.514
Poland,POL,Europe,EU,2010,2010-2014,Pre-Pandemic,Vans,EV,0.0,0.007799999788404,0.0,0.0,0.0,0.0,0.0,38042794.0,478111630683.514
Poland,POL,Europe,EU,2011,2010-2014,Pre-Pandemic,Cars,BEV,43.0,0.0,0.0,0.0,0.0,0.0,0.0,38063255.0,527848543023.469
Poland,POL,Europe,EU,2011,2010-2014,Pre-Pandemic,Cars,EV,0.0,0.014000000432134,0.0,0.0,0.0,0.0,0.0,38063255.0,527848543023.469
Poland,POL,Europe,EU,2011,2010-2014,Pre-Pandemic,Vans,BEV,3.0,0.0,0.0,0.0,0.0,0.0,0.0,38063255.0,527848543023.469
Poland,POL,Europe,EU,2011,2010-2014,Pre-Pandemic,Vans,EV,0.0,0.006599999964237,0.0,0.0,0.0,0.0,0.0,38063255.0,527848543023.469
Poland,POL,Europe,EU,2012,2010-2014,Pre-Pandemic,Cars,BEV,44.0,0.0,0.0,0.0,0.0,0.0,0.0,38063164.0,498148649702.66
Poland,POL,Europe,EU,2012,2010-2014,Pre-Pandemic,Cars,EV,0.0,0.017000000923872,0.0,0.0,0.0,0.0,0.0,38063164.0,498148649702.66
Poland,POL,Europe,EU,2012,2010-2014,Pre-Pandemic,Cars,PHEV,4.0,0.0,0.0,0.0,0.0,0.0,0.0,38063164.0,498148649702.66
Poland,POL,Europe,EU,2012,2010-2014,Pre-Pandemic,Vans,BEV,16.0,0.0,0.0,0.0,0.0,0.0,0.0,38063164.0,498148649702.66
Poland,POL,Europe,EU,2012,2010-2014,Pre-Pandemic,Vans,EV,0.0,0.041999999433756,0.0,0.0,0.0,0.0,0.0,38063164.0,498148649702.66
Poland,POL,Europe,EU,2013,2010-2014,Pre-Pandemic,Cars,BEV,31.0,0.0,0.0,0.0,0.0,0.0,0.0,38040196.0,518179836405.36
Poland,POL,Europe,EU,2013,2010-2014,Pre-Pandemic,Cars,EV,0.0,0.013000000268221,0.0,0.0,0.0,0.0,0.0,38040196.0,518179836405.36
Poland,POL,Europe,EU,2013,2010-2014,Pre-Pandemic,Cars,PHEV,6.0,0.0,0.0,0.0,0.0,0.0,0.0,38040196.0,518179836405.36
Poland,POL,Europe,EU,2013,2010-2014,Pre-Pandemic,Vans,BEV,10.0,0.0,0.0,0.0,0.0,0.0,0.0,38040196.0,518179836405.36
Poland,POL,Europe,EU,2013,2010-2014,Pre-Pandemic,Vans,EV,0.0,0.025000000372529,0.0,0.0,0.0,0.0,0.0,38040196.0,518179836405.36
Poland,POL,Europe,EU,2014,2010-2014,Pre-Pandemic,Cars,BEV,140.0,0.0,0.0,0.0,0.0,0.0,0.0,38011735.0,542134167178.627
Poland,POL,Europe,EU,2014,2010-2014,Pre-Pandemic,Cars,EV,0.0,0.061999998986721,0.0,0.0,0.0,0.0,0.0,38011735.0,542134167178.627
Poland,POL,Europe,EU,2014,2010-2014,Pre-Pandemic,Cars,PHEV,61.0,0.0,0.0,0.0,0.0,0.0,0.0,38011735.0,542134167178.627
Poland,POL,Europe,EU,2014,2010-2014,Pre-Pandemic,EV,Publicly available fast,0.0,0.0,0.0,0.0,0.0,4.0,0.0,38011735.0,542134167178.627
Poland,POL,Europe,EU,2014,2010-2014,Pre-Pandemic,EV,Publicly available slow,0.0,0.0,0.0,0.0,0.0,120.0,0.0,38011735.0,542134167178.627
Poland,POL,Europe,EU,2014,2010-2014,Pre-Pandemic,Vans,BEV,8.0,0.0,0.0,0.0,0.0,0.0,0.0,38011735.0,542134167178.627
Poland,POL,Europe,EU,2014,2010-2014,Pre-Pandemic,Vans,EV,0.0,0.01799999922514,0.0,0.0,0.0,0.0,0.0,38011735.0,542134167178.627
Poland,POL,Europe,EU,2015,2015-2019,Pre-Pandemic,Buses,EV,0.0,0.0,0.0,0.023000000044704,0.0,0.0,0.11769352290679305,37986412.0,480054118583.367
Poland,POL,Europe,EU,2015,2015-2019,Pre-Pandemic,Buses,PHEV,0.0,0.0,14.0,0.0,0.0,0.0,0.11769352290679305,37986412.0,480054118583.367
Poland,POL,Europe,EU,2015,2015-2019,Pre-Pandemic,Cars,BEV,70.0,0.0,2500.0,0.0,0.0,0.0,0.11769352290679305,37986412.0,480054118583.367
Poland,POL,Europe,EU,2015,2015-2019,Pre-Pandemic,Cars,EV,0.0,0.061000000685454,0.0,0.012000000104308,0.0,0.0,0.11769352290679305,37986412.0,480054118583.367
Poland,POL,Europe,EU,2015,2015-2019,Pre-Pandemic,Cars,PHEV,150.0,0.0,0.0,0.0,0.0,0.0,0.11769352290679305,37986412.0,480054118583.367
Poland,POL,Europe,EU,2015,2015-2019,Pre-Pandemic,EV,Publicly available fast,0.0,0.0,0.0,0.0,0.0,8.0,0.11769352290679305,37986412.0,480054118583.367
Poland,POL,Europe,EU,2015,2015-2019,Pre-Pandemic,EV,Publicly available slow,0.0,0.0,0.0,0.0,0.0,290.0,0.11769352290679305,37986412.0,480054118583.367
Poland,POL,Europe,EU,2015,2015-2019,Pre-Pandemic,Vans,BEV,13.0,0.0,18.0,0.0,0.0,0.0,0.11769352290679305,37986412.0,480054118583.367
Poland,POL,Europe,EU,2015,2015-2019,Pre-Pandemic,Vans,EV,0.0,0.028000000864267,0.0,0.000739999988582,0.0,0.0,0.11769352290679305,37986412.0,480054118583.367
Poland,POL,Europe,EU,2015,2015-2019,Pre-Pandemic,Vans,PHEV,2.0,0.0,0.0,0.0,0.0,0.0,0.11769352290679305,37986412.0,480054118583.367
Poland,POL,Europe,EU,2016,2015-2019,Pre-Pandemic,Buses,EV,0.0,0.0,0.0,0.054999999701977,0.0,0.0,0.12100714017286734,37970087.0,473259623976.262
Poland,POL,Europe,EU,2016,2015-2019,Pre-Pandemic,Buses,PHEV,0.0,0.0,34.0,0.0,0.0,0.0,0.12100714017286734,37970087.0,473259623976.262
Poland,POL,Europe,EU,2016,2015-2019,Pre-Pandemic,Cars,BEV,110.0,0.0,2600.0,0.0,0.0,0.0,0.12100714017286734,37970087.0,473259623976.262
Poland,POL,Europe,EU,2016,2015-2019,Pre-Pandemic,Cars,EV,0.0,0.119999997317791,0.0,0.017000000923872,0.0,0.0,0.12100714017286734,37970087.0,473259623976.262
Poland,POL,Europe,EU,2016,2015-2019,Pre-Pandemic,Cars,PHEV,400.0,0.0,0.0,0.0,0.0,0.0,0.12100714017286734,37970087.0,473259623976.262
Poland,POL,Europe,EU,2016,2015-2019,Pre-Pandemic,EV,Publicly available fast,0.0,0.0,0.0,0.0,0.0,32.0,0.12100714017286734,37970087.0,473259623976.262
Poland,POL,Europe,EU,2016,2015-2019,Pre-Pandemic,EV,Publicly available slow,0.0,0.0,0.0,0.0,0.0,290.0,0.12100714017286734,37970087.0,473259623976.262
Poland,POL,Europe,EU,2016,2015-2019,Pre-Pandemic,Vans,BEV,16.0,0.0,27.0,0.0,0.0,0.0,0.12100714017286734,37970087.0,473259623976.262
Poland,POL,Europe,EU,2016,2015-2019,Pre-Pandemic,Vans,EV,0.0,0.027000000700355,0.0,0.00109999999404,0.0,0.0,0.12100714017286734,37970087.0,473259623976.262
Poland,POL,Europe,EU,2017,2015-2019,Pre-Pandemic,Buses,BEV,0.0,0.0,1.0,0.0,0.0,0.0,0.1633678919258561,37974826.0,528356723263.073
Poland,POL,Europe,EU,2017,2015-2019,Pre-Pandemic,Buses,EV,0.0,0.0,0.0,0.054999999701977,0.0,0.0,0.1633678919258561,37974826.0,528356723263.073
Poland,POL,Europe,EU,2017,2015-2019,Pre-Pandemic,Buses,PHEV,0.0,0.0,34.0,0.0,0.0,0.0,0.1633678919258561,37974826.0,528356723263.073
Poland,POL,Europe,EU,2017,2015-2019,Pre-Pandemic,Cars,BEV,440.0,0.0,3100.0,0.0,0.0,0.0,0.1633678919258561,37974826.0,528356723263.073
Poland,POL,Europe,EU,2017,2015-2019,Pre-Pandemic,Cars,EV,0.0,0.219999998807907,0.0,0.014000000432134,0.0,0.0,0.1633678919258561,37974826.0,528356723263.073
Poland,POL,Europe,EU,2017,2015-2019,Pre-Pandemic,Cars,FCEV,0.0,0.0,14.0,0.0,0.0,0.0,0.1633678919258561,37974826.0,528356723263.073
Poland,POL,Europe,EU,2017,2015-2019,Pre-Pandemic,Cars,PHEV,640.0,0.0,0.0,0.0,0.0,0.0,0.1633678919258561,37974826.0,528356723263.073
Poland,POL,Europe,EU,2017,2015-2019,Pre-Pandemic,EV,Publicly available fast,0.0,0.0,0.0,0.0,0.0,110.0,0.1633678919258561,37974826.0,528356723263.073
Poland,POL,Europe,EU,2017,2015-2019,Pre-Pandemic,EV,Publicly available slow,0.0,0.0,0.0,0.0,0.0,410.0,0.1633678919258561,37974826.0,528356723263.073
Poland,POL,Europe,EU,2017,2015-2019,Pre-Pandemic,Vans,BEV,28.0,0.0,34.0,0.0,0.0,0.0,0.1633678919258561,37974826.0,528356723263.073
Poland,POL,Europe,EU,2017,2015-2019,Pre-Pandemic,Vans,EV,0.0,0.046999998390675,0.0,0.001300000003539,0.0,0.0,0.1633678919258561,37974826.0,528356723263.073
Poland,POL,Europe,EU,2018,2015-2019,Pre-Pandemic,Buses,BEV,63.0,0.0,63.0,0.0,0.0,0.0,0.19498607242339833,37974750.0,594616632477.019
Poland,POL,Europe,EU,2018,2015-2019,Pre-Pandemic,Buses,EV,0.0,1.70000004768372,0.0,0.150000005960464,0.0,0.0,0.19498607242339833,37974750.0,594616632477.019
Poland,POL,Europe,EU,2018,2015-2019,Pre-Pandemic,Buses,PHEV,38.0,0.0,38.0,0.0,0.0,0.0,0.19498607242339833,37974750.0,594616632477.019
Poland,POL,Europe,EU,2018,2015-2019,Pre-Pandemic,Cars,BEV,620.0,0.0,3700.0,0.0,0.0,0.0,0.19498607242339833,37974750.0,594616632477.019
Poland,POL,Europe,EU,2018,2015-2019,Pre-Pandemic,Cars,EV,0.0,0.259999990463257,0.0,0.020999999716878,0.0,0.0,0.19498607242339833,37974750.0,594616632477.019
Poland,POL,Europe,EU,2018,2015-2019,Pre-Pandemic,Cars,FCEV,1.0,0.0,28.0,0.0,0.0,0.0,0.19498607242339833,37974750.0,594616632477.019
Poland,POL,Europe,EU,2018,2015-2019,Pre-Pandemic,Cars,PHEV,760.0,0.0,0.0,0.0,0.0,0.0,0.19498607242339833,37974750.0,594616632477.019
Poland,POL,Europe,EU,2018,2015-2019,Pre-Pandemic,EV,Publicly available fast,0.0,0.0,0.0,0.0,0.0,280.0,0.19498607242339833,37974750.0,594616632477.019
Poland,POL,Europe,EU,2018,2015-2019,Pre-Pandemic,EV,Publicly available slow,0.0,0.0,0.0,0.0,0.0,490.0,0.19498607242339833,37974750.0,594616632477.019
Poland,POL,Europe,EU,2018,2015-2019,Pre-Pandemic,Vans,BEV,42.0,0.0,120.0,0.0,0.0,0.0,0.19498607242339833,37974750.0,594616632477.019
Poland,POL,Europe,EU,2018,2015-2019,Pre-Pandemic,Vans,EV,0.0,0.061000000685454,0.0,0.005799999926239,0.0,0.0,0.19498607242339833,37974750.0,594616632477.019
Poland,POL,Europe,EU,2019,2015-2019,Pre-Pandemic,Buses,BEV,54.0,0.0,230.0,0.0,0.0,0.0,0.08940926024481106,37965475.0,602683770144.88
Poland,POL,Europe,EU,2019,2015-2019,Pre-Pandemic,Buses,EV,0.0,1.20000004768372,0.0,0.389999985694885,0.0,0.0,0.08940926024481106,37965475.0,602683770144.88
Poland,POL,Europe,EU,2019,2015-2019,Pre-Pandemic,Buses,PHEV,1.0,0.0,38.0,0.0,0.0,0.0,0.08940926024481106,37965475.0,602683770144.88
Poland,POL,Europe,EU,2019,2015-2019,Pre-Pandemic,Cars,BEV,1500.0,0.0,4800.0,0.0,0.0,0.0,0.08940926024481106,37965475.0,602683770144.88
Poland,POL,Europe,EU,2019,2015-2019,Pre-Pandemic,Cars,EV,0.0,0.490000009536743,0.0,0.046999998390675,0.0,0.0,0.08940926024481106,37965475.0,602683770144.88
Poland,POL,Europe,EU,2019,2015-2019,Pre-Pandemic,Cars,FCEV,0.0,0.0,34.0,0.0,0.0,0.0,0.08940926024481106,37965475.0,602683770144.88
Poland,POL,Europe,EU,2019,2015-2019,Pre-Pandemic,Cars,PHEV,1200.0,0.0,3800.0,0.0,0.0,0.0,0.08940926024481106,37965475.0,602683770144.88
Poland,POL,Europe,EU,2019,2015-2019,Pre-Pandemic,EV,Publicly available fast,0.0,0.0,0.0,0.0,0.0,310.0,0.08940926024481106,37965475.0,602683770144.88
Poland,POL,Europe,EU,2019,2015-2019,Pre-Pandemic,EV,Publicly available slow,0.0,0.0,0.0,0.0,0.0,530.0,0.08940926024481106,37965475.0,602683770144.88
Poland,POL,Europe,EU,2019,2015-2019,Pre-Pandemic,Vans,BEV,130.0,0.0,490.0,0.0,0.0,0.0,0.08940926024481106,37965475.0,602683770144.88
Poland,POL,Europe,EU,2019,2015-2019,Pre-Pandemic,Vans,EV,0.0,0.189999997615814,0.0,0.021999999880791,0.0,0.0,0.08940926024481106,37965475.0,602683770144.88
Poland,POL,Europe,EU,2019,2015-2019,Pre-Pandemic,Vans,PHEV,0.0,0.0,3.0,0.0,0.0,0.0,0.08940926024481106,37965475.0,602683770144.88
Poland,POL,Europe,EU,2020,2020-2023,Pandemic,Buses,BEV,200.0,0.0,430.0,0.0,0.0,0.0,0.08835594824865889,37515748.0,605914237903.742
Poland,POL,Europe,EU,2020,2020-2023,Pandemic,Buses,EV,0.0,40.0,0.0,0.709999978542328,0.0,0.0,0.08835594824865889,37515748.0,605914237903.742
Poland,POL,Europe,EU,2020,2020-2023,Pandemic,Buses,PHEV,0.0,0.0,38.0,0.0,0.0,0.0,0.08835594824865889,37515748.0,605914237903.742
Poland,POL,Europe,EU,2020,2020-2023,Pandemic,Cars,BEV,3700.0,0.0,9400.0,0.0,0.0,0.0,0.08835594824865889,37515748.0,605914237903.742
Poland,POL,Europe,EU,2020,2020-2023,Pandemic,Cars,EV,0.0,1.89999997615814,0.0,0.094999998807907,0.0,0.0,0.08835594824865889,37515748.0,605914237903.742
Poland,POL,Europe,EU,2020,2020-2023,Pandemic,Cars,FCEV,0.0,0.0,28.0,0.0,0.0,0.0,0.08835594824865889,37515748.0,605914237903.742
Poland,POL,Europe,EU,2020,2020-2023,Pandemic,Cars,PHEV,4500.0,0.0,8300.0,0.0,0.0,0.0,0.08835594824865889,37515748.0,605914237903.742
Poland,POL,Europe,EU,2020,2020-2023,Pandemic,EV,Publicly available fast,0.0,0.0,0.0,0.0,0.0,680.0,0.08835594824865889,37515748.0,605914237903.742
Poland,POL,Europe,EU,2020,2020-2023,Pandemic,EV,Publicly available slow,0.0,0.0,0.0,0.0,0.0,1000.0,0.08835594824865889,37515748.0,605914237903.742
Poland,POL,Europe,EU,2020,2020-2023,Pandemic,Vans,BEV,220.0,0.0,810.0,0.0,0.0,0.0,0.08835594824865889,37515748.0,605914237903.742
Poland,POL,Europe,EU,2020,2020-2023,Pandemic,Vans,EV,0.0,0.370000004768372,0.0,0.035999998450279,0.0,0.0,0.08835594824865889,37515748.0,605914237903.742
Poland,POL,Europe,EU,2020,2020-2023,Pandemic,Vans,PHEV,2.0,0.0,8.0,0.0,0.0,0.0,0.08835594824865889,37515748.0,605914237903.742
Poland,POL,Europe,EU,2021,2020-2023,Pandemic,Buses,BEV,220.0,0.0,600.0,0.0,0.0,0.0,0.09430836285779828,36981559.0,689170230665.35
Poland,POL,Europe,EU,2021,2020-2023,Pandemic,Buses,EV,0.0,16.0,0.0,0.959999978542328,0.0,0.0,0.09430836285779828,36981559.0,689170230665.35
Poland,POL,Europe,EU,2021,2020-2023,Pandemic,Buses,PHEV,1.0,0.0,38.0,0.0,0.0,0.0,0.09430836285779828,36981559.0,689170230665.35
Poland,POL,Europe,EU,2021,2020-2023,Pandemic,Cars,BEV,7200.0,0.0,18000.0,0.0,0.0,0.0,0.09430836285779828,36981559.0,689170230665.35
Poland,POL,Europe,EU,2021,2020-2023,Pandemic,Cars,EV,0.0,3.59999990463257,0.0,0.189999997615814,0.0,0.0,0.09430836285779828,36981559.0,689170230665.35
Poland,POL,Europe,EU,2021,2020-2023,Pandemic,Cars,FCEV,78.0,0.0,91.0,0.0,0.0,0.0,0.09430836285779828,36981559.0,689170230665.35
Poland,POL,Europe,EU,2021,2020-2023,Pandemic,Cars,PHEV,9100.0,0.0,19000.0,0.0,0.0,0.0,0.09430836285779828,36981559.0,689170230665.35
Poland,POL,Europe,EU,2021,2020-2023,Pandemic,EV,Publicly available fast,0.0,0.0,0.0,0.0,0.0,1400.0,0.09430836285779828,36981559.0,689170230665.35
Poland,POL,Europe,EU,2021,2020-2023,Pandemic,EV,Publicly available slow,0.0,0.0,0.0,0.0,0.0,2300.0,0.09430836285779828,36981559.0,689170230665.35
Poland,POL,Europe,EU,2021,2020-2023,Pandemic,Vans,BEV,840.0,0.0,1500.0,0.0,0.0,0.0,0.09430836285779828,36981559.0,689170230665.35
Poland,POL,Europe,EU,2021,2020-2023,Pandemic,Vans,EV,0.0,1.10000002384186,0.0,0.063000001013279,0.0,0.0,0.09430836285779828,36981559.0,689170230665.35
Poland,POL,Europe,EU,2021,2020-2023,Pandemic,Vans,PHEV,1.0,0.0,4.0,0.0,0.0,0.0,0.09430836285779828,36981559.0,689170230665.35
Poland,POL,Europe,EU,2022,2020-2023,Post-Pandemic,Buses,BEV,180.0,0.0,820.0,0.0,0.0,0.0,0.07834943849569079,36821749.0,695607470875.276
Poland,POL,Europe,EU,2022,2020-2023,Post-Pandemic,Buses,EV,0.0,16.0,0.0,1.29999995231628,0.0,0.0,0.07834943849569079,36821749.0,695607470875.276
Poland,POL,Europe,EU,2022,2020-2023,Post-Pandemic,Buses,PHEV,1.0,0.0,38.0,0.0,0.0,0.0,0.07834943849569079,36821749.0,695607470875.276
Poland,POL,Europe,EU,2022,2020-2023,Post-Pandemic,Cars,BEV,14000.0,0.0,31000.0,0.0,0.0,0.0,0.07834943849569079,36821749.0,695607470875.276
Poland,POL,Europe,EU,2022,2020-2023,Post-Pandemic,Cars,EV,0.0,6.0,0.0,0.310000002384186,0.0,0.0,0.07834943849569079,36821749.0,695607470875.276
Poland,POL,Europe,EU,2022,2020-2023,Post-Pandemic,Cars,FCEV,46.0,0.0,130.0,0.0,0.0,0.0,0.07834943849569079,36821749.0,695607470875.276
Poland,POL,Europe,EU,2022,2020-2023,Post-Pandemic,Cars,PHEV,11000.0,0.0,30000.0,0.0,0.0,0.0,0.07834943849569079,36821749.0,695607470875.276
Poland,POL,Europe,EU,2022,2020-2023,Post-Pandemic,EV,Publicly available fast,0.0,0.0,0.0,0.0,0.0,1100.0,0.07834943849569079,36821749.0,695607470875.276
Poland,POL,Europe,EU,2022,2020-2023,Post-Pandemic,EV,Publicly available slow,0.0,0.0,0.0,0.0,0.0,4000.0,0.07834943849569079,36821749.0,695607470875.276
Poland,POL,Europe,EU,2022,2020-2023,Post-Pandemic,Vans,BEV,1100.0,0.0,3100.0,0.0,0.0,0.0,0.07834943849569079,36821749.0,695607470875.276
Poland,POL,Europe,EU,2022,2020-2023,Post-Pandemic,Vans,EV,0.0,1.79999995231628,0.0,0.129999995231628,0.0,0.0,0.07834943849569079,36821749.0,695607470875.276
Poland,POL,Europe,EU,2022,2020-2023,Post-Pandemic,Vans,PHEV,1.0,0.0,5.0,0.0,0.0,0.0,0.07834943849569079,36821749.0,695607470875.276
Poland,POL,Europe,EU,2023,2020-2023,Post-Pandemic,Buses,BEV,360.0,0.0,1200.0,0.0,0.0,0.0,0.055506425574350385,36687353.0,812451193396.143
Poland,POL,Europe,EU,2023,2020-2023,Post-Pandemic,Buses,EV,0.0,20.0,0.0,1.79999995231628,0.0,0.0,0.055506425574350385,36687353.0,812451193396.143
Poland,POL,Europe,EU,2023,2020-2023,Post-Pandemic,Buses,FCEV,34.0,0.0,34.0,0.0,0.0,0.0,0.055506425574350385,36687353.0,812451193396.143
Poland,POL,Europe,EU,2023,2020-2023,Post-Pandemic,Buses,PHEV,3.0,0.0,44.0,0.0,0.0,0.0,0.055506425574350385,36687353.0,812451193396.143
Poland,POL,Europe,EU,2023,2020-2023,Post-Pandemic,Cars,BEV,17000.0,0.0,52000.0,0.0,0.0,0.0,0.055506425574350385,36687353.0,812451193396.143
Poland,POL,Europe,EU,2023,2020-2023,Post-Pandemic,Cars,EV,0.0,6.59999990463257,0.0,0.490000009536743,0.0,0.0,0.055506425574350385,36687353.0,812451193396.143
Poland,POL,Europe,EU,2023,2020-2023,Post-Pandemic,Cars,FCEV,83.0,0.0,210.0,0.0,0.0,0.0,0.055506425574350385,36687353.0,812451193396.143
Poland,POL,Europe,EU,2023,2020-2023,Post-Pandemic,Cars,PHEV,13000.0,0.0,47000.0,0.0,0.0,0.0,0.055506425574350385,36687353.0,812451193396.143
Poland,POL,Europe,EU,2023,2020-2023,Post-Pandemic,EV,Publicly available fast,0.0,0.0,0.0,0.0,0.0,1500.0,0.055506425574350385,36687353.0,812451193396.143
Poland,POL,Europe,EU,2023,2020-2023,Post-Pandemic,EV,Publicly available slow,0.0,0.0,0.0,0.0,0.0,4400.0,0.055506425574350385,36687353.0,812451193396.143
Poland,POL,Europe,EU,2023,2020-2023,Post-Pandemic,Vans,BEV,2400.0,0.0,5800.0,0.0,0.0,0.0,0.055506425574350385,36687353.0,812451193396.143
Poland,POL,Europe,EU,2023,2020-2023,Post-Pandemic,Vans,EV,0.0,3.79999995231628,0.0,0.239999994635582,0.0,0.0,0.055506425574350385,36687353.0,812451193396.143
Poland,POL,Europe,EU,2023,2020-2023,Post-Pandemic,Vans,PHEV,0.0,0.0,6.0,0.0,0.0,0.0,0.055506425574350385,36687353.0,812451193396.143
Portugal,PRT,Europe,EU,2010,2010-2014,Pre-Pandemic,Cars,BEV,13.0,0.0,720.0,0.0,0.0,0.0,0.0,10573100.0,238443864993.217
Portugal,PRT,Europe,EU,2010,2010-2014,Pre-Pandemic,Cars,EV,0.0,0.005799999926239,0.0,0.014999999664724,0.0,0.0,0.0,10573100.0,238443864993.217
Portugal,PRT,Europe,EU,2011,2010-2014,Pre-Pandemic,Cars,BEV,170.0,0.0,910.0,0.0,0.0,0.0,1.2153846153846153,10557560.0,245426767676.002
Portugal,PRT,Europe,EU,2011,2010-2014,Pre-Pandemic,Cars,EV,0.0,0.109999999403954,0.0,0.018999999389052,0.0,0.0,1.2153846153846153,10557560.0,245426767676.002
Portugal,PRT,Europe,EU,2011,2010-2014,Pre-Pandemic,Cars,PHEV,2.0,0.0,0.0,0.0,0.0,0.0,1.2153846153846153,10557560.0,245426767676.002
Portugal,PRT,Europe,EU,2011,2010-2014,Pre-Pandemic,EV,Publicly available fast,0.0,0.0,0.0,0.0,0.0,6.0,1.2153846153846153,10557560.0,245426767676.002
Portugal,PRT,Europe,EU,2011,2010-2014,Pre-Pandemic,EV,Publicly available slow,0.0,0.0,0.0,0.0,0.0,1100.0,1.2153846153846153,10557560.0,245426767676.002
Portugal,PRT,Europe,EU,2012,2010-2014,Pre-Pandemic,Cars,BEV,54.0,0.0,960.0,0.0,0.0,0.0,1.153125,10514844.0,216536676771.973
Portugal,PRT,Europe,EU,2012,2010-2014,Pre-Pandemic,Cars,EV,0.0,0.087999999523163,0.0,0.023000000044704,0.0,0.0,1.153125,10514844.0,216536676771.973
Portugal,PRT,Europe,EU,2012,2010-2014,Pre-Pandemic,Cars,PHEV,30.0,0.0,0.0,0.0,0.0,0.0,1.153125,10514844.0,216536676771.973
Portugal,PRT,Europe,EU,2012,2010-2014,Pre-Pandemic,EV,Publicly available fast,0.0,0.0,0.0,0.0,0.0,7.0,1.153125,10514844.0,216536676771.973
Portugal,PRT,Europe,EU,2012,2010-2014,Pre-Pandemic,EV,Publicly available slow,0.0,0.0,0.0,0.0,0.0,1100.0,1.153125,10514844.0,216536676771.973
Portugal,PRT,Europe,EU,2013,2010-2014,Pre-Pandemic,Cars,BEV,150.0,0.0,1100.0,0.0,0.0,0.0,1.0703605980650837,10457295.0,226677408291.745
Portugal,PRT,Europe,EU,2013,2010-2014,Pre-Pandemic,Cars,EV,0.0,0.170000001788139,0.0,0.027000000700355,0.0,0.0,1.0703605980650837,10457295.0,226677408291.745
Portugal,PRT,Europe,EU,2013,2010-2014,Pre-Pandemic,Cars,PHEV,35.0,0.0,37.0,0.0,0.0,0.0,1.0703605980650837,10457295.0,226677408291.745
Portugal,PRT,Europe,EU,2013,2010-2014,Pre-Pandemic,EV,Publicly available fast,0.0,0.0,0.0,0.0,0.0,17.0,1.0703605980650837,10457295.0,226677408291.745
Portugal,PRT,Europe,EU,2013,2010-2014,Pre-Pandemic,EV,Publicly available slow,0.0,0.0,0.0,0.0,0.0,1200.0,1.0703605980650837,10457295.0,226677408291.745
Portugal,PRT,Europe,EU,2013,2010-2014,Pre-Pandemic,Vans,BEV,27.0,0.0,0.0,0.0,0.0,0.0,1.0703605980650837,10457295.0,226677408291.745
Portugal,PRT,Europe,EU,2013,2010-2014,Pre-Pandemic,Vans,EV,0.0,0.150000005960464,0.0,0.0,0.0,0.0,1.0703605980650837,10457295.0,226677408291.745
Portugal,PRT,Europe,EU,2014,2010-2014,Pre-Pandemic,Buses,EV,0.0,0.839999973773956,0.0,0.0,0.0,0.0,0.9041604754829123,10401062.0,230078616299.675
Portugal,PRT,Europe,EU,2014,2010-2014,Pre-Pandemic,Buses,PHEV,2.0,0.0,0.0,0.0,0.0,0.0,0.9041604754829123,10401062.0,230078616299.675
Portugal,PRT,Europe,EU,2014,2010-2014,Pre-Pandemic,Cars,BEV,190.0,0.0,1300.0,0.0,0.0,0.0,0.9041604754829123,10401062.0,230078616299.675
Portugal,PRT,Europe,EU,2014,2010-2014,Pre-Pandemic,Cars,EV,0.0,0.200000002980232,0.0,0.028999999165535,0.0,0.0,0.9041604754829123,10401062.0,230078616299.675
Portugal,PRT,Europe,EU,2014,2010-2014,Pre-Pandemic,Cars,PHEV,98.0,0.0,46.0,0.0,0.0,0.0,0.9041604754829123,10401062.0,230078616299.675
Portugal,PRT,Europe,EU,2014,2010-2014,Pre-Pandemic,EV,Publicly available fast,0.0,0.0,0.0,0.0,0.0,17.0,0.9041604754829123,10401062.0,230078616299.675
Portugal,PRT,Europe,EU,2014,2010-2014,Pre-Pandemic,EV,Publicly available slow,0.0,0.0,0.0,0.0,0.0,1200.0,0.9041604754829123,10401062.0,230078616299.675
Portugal,PRT,Europe,EU,2014,2010-2014,Pre-Pandemic,Vans,BEV,26.0,0.0,0.0,0.0,0.0,0.0,0.9041604754829123,10401062.0,230078616299.675
Portugal,PRT,Europe,EU,2014,2010-2014,Pre-Pandemic,Vans,EV,0.0,0.100000001490116,0.0,0.0,0.0,0.0,0.9041604754829123,10401062.0,230078616299.675
Portugal,PRT,Europe,EU,2015,2015-2019,Pre-Pandemic,Cars,BEV,670.0,0.0,2000.0,0.0,0.0,0.0,0.48300395256916995,10358076.0,199038523119.639
Portugal,PRT,Europe,EU,2015,2015-2019,Pre-Pandemic,Cars,EV,0.0,0.620000004768372,0.0,0.052999999374151,0.0,0.0,0.48300395256916995,10358076.0,199038523119.639
Portugal,PRT,Europe,EU,2015,2015-2019,Pre-Pandemic,Cars,PHEV,430.0,0.0,530.0,0.0,0.0,0.0,0.48300395256916995,10358076.0,199038523119.639
Portugal,PRT,Europe,EU,2015,2015-2019,Pre-Pandemic,EV,Publicly available fast,0.0,0.0,0.0,0.0,0.0,22.0,0.48300395256916995,10358076.0,199038523119.639
Portugal,PRT,Europe,EU,2015,2015-2019,Pre-Pandemic,EV,Publicly available slow,0.0,0.0,0.0,0.0,0.0,1200.0,0.48300395256916995,10358076.0,199038523119.639
Portugal,PRT,Europe,EU,2016,2015-2019,Pre-Pandemic,Cars,BEV,800.0,0.0,2800.0,0.0,0.0,0.0,0.30477272727272725,10325452.0,206305431241.638
Portugal,PRT,Europe,EU,2016,2015-2019,Pre-Pandemic,Cars,EV,0.0,0.870000004768372,0.0,0.093000002205372,0.0,0.0,0.30477272727272725,10325452.0,206305431241.638
Portugal,PRT,Europe,EU,2016,2015-2019,Pre-Pandemic,Cars,PHEV,1000.0,0.0,1600.0,0.0,0.0,0.0,0.30477272727272725,10325452.0,206305431241.638
Portugal,PRT,Europe,EU,2016,2015-2019,Pre-Pandemic,EV,Publicly available fast,0.0,0.0,0.0,0.0,0.0,41.0,0.30477272727272725,10325452.0,206305431241.638
Portugal,PRT,Europe,EU,2016,2015-2019,Pre-Pandemic,EV,Publicly available slow,0.0,0.0,0.0,0.0,0.0,1300.0,0.30477272727272725,10325452.0,206305431241.638
Portugal,PRT,Europe,EU,2017,2015-2019,Pre-Pandemic,Buses,BEV,0.0,0.0,23.0,0.0,0.0,0.0,0.18541409147095178,10300300.0,220862990767.229
Portugal,PRT,Europe,EU,2017,2015-2019,Pre-Pandemic,Buses,EV,0.0,0.519999980926514,0.0,0.159999996423721,0.0,0.0,0.18541409147095178,10300300.0,220862990767.229
Portugal,PRT,Europe,EU,2017,2015-2019,Pre-Pandemic,Buses,PHEV,2.0,0.0,0.0,0.0,0.0,0.0,0.18541409147095178,10300300.0,220862990767.229
Portugal,PRT,Europe,EU,2017,2015-2019,Pre-Pandemic,Cars,BEV,1900.0,0.0,4700.0,0.0,0.0,0.0,0.18541409147095178,10300300.0,220862990767.229
Portugal,PRT,Europe,EU,2017,2015-2019,Pre-Pandemic,Cars,EV,0.0,2.0,0.0,0.189999997615814,0.0,0.0,0.18541409147095178,10300300.0,220862990767.229
Portugal,PRT,Europe,EU,2017,2015-2019,Pre-Pandemic,Cars,PHEV,2500.0,0.0,4100.0,0.0,0.0,0.0,0.18541409147095178,10300300.0,220862990767.229
Portugal,PRT,Europe,EU,2017,2015-2019,Pre-Pandemic,EV,Publicly available fast,0.0,0.0,0.0,0.0,0.0,150.0,0.18541409147095178,10300300.0,220862990767.229
Portugal,PRT,Europe,EU,2017,2015-2019,Pre-Pandemic,EV,Publicly available slow,0.0,0.0,0.0,0.0,0.0,1500.0,0.18541409147095178,10300300.0,220862990767.229
Portugal,PRT,Europe,EU,2017,2015-2019,Pre-Pandemic,Vans,BEV,200.0,0.0,76.0,0.0,0.0,0.0,0.18541409147095178,10300300.0,220862990767.229
Portugal,PRT,Europe,EU,2017,2015-2019,Pre-Pandemic,Vans,EV,0.0,0.560000002384186,0.0,0.006899999920279,0.0,0.0,0.18541409147095178,10300300.0,220862990767.229
Portugal,PRT,Europe,EU,2018,2015-2019,Pre-Pandemic,Buses,BEV,10.0,0.0,33.0,0.0,0.0,0.0,0.10431928734689093,10283822.0,242092894542.888
Portugal,PRT,Europe,EU,2018,2015-2019,Pre-Pandemic,Buses,EV,0.0,1.89999997615814,0.0,0.230000004172325,0.0,0.0,0.10431928734689093,10283822.0,242092894542.888
Portugal,PRT,Europe,EU,2018,2015-2019,Pre-Pandemic,Cars,BEV,4300.0,0.0,8700.0,0.0,0.0,0.0,0.10431928734689093,10283822.0,242092894542.888
Portugal,PRT,Europe,EU,2018,2015-2019,Pre-Pandemic,Cars,EV,0.0,3.59999990463257,0.0,0.360000014305115,0.0,0.0,0.10431928734689093,10283822.0,242092894542.888
Portugal,PRT,Europe,EU,2018,2015-2019,Pre-Pandemic,Cars,PHEV,3900.0,0.0,8000.0,0.0,0.0,0.0,0.10431928734689093,10283822.0,242092894542.888
Portugal,PRT,Europe,EU,2018,2015-2019,Pre-Pandemic,EV,Publicly available fast,0.0,0.0,0.0,0.0,0.0,180.0,0.10431928734689093,10283822.0,242092894542.888
Portugal,PRT,Europe,EU,2018,2015-2019,Pre-Pandemic,EV,Publicly available slow,0.0,0.0,0.0,0.0,0.0,1600.0,0.10431928734689093,10283822.0,242092894542.888
Portugal,PRT,Europe,EU,2018,2015-2019,Pre-Pandemic,Vans,BEV,260.0,0.0,330.0,0.0,0.0,0.0,0.10431928734689093,10283822.0,242092894542.888
Portugal,PRT,Europe,EU,2018,2015-2019,Pre-Pandemic,Vans,EV,0.0,0.670000016689301,0.0,0.028999999165535,0.0,0.0,0.10431928734689093,10283822.0,242092894542.888
Portugal,PRT,Europe,EU,2019,2015-2019,Pre-Pandemic,Buses,BEV,17.0,0.0,50.0,0.0,0.0,0.0,0.06405228758169934,10286263.0,240115970063.019
Portugal,PRT,Europe,EU,2019,2015-2019,Pre-Pandemic,Buses,EV,0.0,4.90000009536743,0.0,0.409999996423721,0.0,0.0,0.06405228758169934,10286263.0,240115970063.019
Portugal,PRT,Europe,EU,2019,2015-2019,Pre-Pandemic,Buses,PHEV,10.0,0.0,10.0,0.0,0.0,0.0,0.06405228758169934,10286263.0,240115970063.019
Portugal,PRT,Europe,EU,2019,2015-2019,Pre-Pandemic,Cars,BEV,6800.0,0.0,16000.0,0.0,0.0,0.0,0.06405228758169934,10286263.0,240115970063.019
Portugal,PRT,Europe,EU,2019,2015-2019,Pre-Pandemic,Cars,EV,0.0,5.59999990463257,0.0,0.620000004768372,0.0,0.0,0.06405228758169934,10286263.0,240115970063.019
Portugal,PRT,Europe,EU,2019,2015-2019,Pre-Pandemic,Cars,PHEV,5800.0,0.0,14000.0,0.0,0.0,0.0,0.06405228758169934,10286263.0,240115970063.019
Portugal,PRT,Europe,EU,2019,2015-2019,Pre-Pandemic,EV,Publicly available fast,0.0,0.0,0.0,0.0,0.0,360.0,0.06405228758169934,10286263.0,240115970063.019
Portugal,PRT,Europe,EU,2019,2015-2019,Pre-Pandemic,EV,Publicly available slow,0.0,0.0,0.0,0.0,0.0,1600.0,0.06405228758169934,10286263.0,240115970063.019
Portugal,PRT,Europe,EU,2019,2015-2019,Pre-Pandemic,Vans,BEV,230.0,0.0,540.0,0.0,0.0,0.0,0.06405228758169934,10286263.0,240115970063.019
Portugal,PRT,Europe,EU,2019,2015-2019,Pre-Pandemic,Vans,EV,0.0,0.620000004768372,0.0,0.048000000417233,0.0,0.0,0.06405228758169934,10286263.0,240115970063.019
Portugal,PRT,Europe,EU,2020,2020-2023,Pandemic,Buses,BEV,10.0,0.0,60.0,0.0,0.0,0.0,0.055915244261330196,10297081.0,229618773422.577
Portugal,PRT,Europe,EU,2020,2020-2023,Pandemic,Buses,EV,0.0,2.20000004768372,0.0,0.490000009536743,0.0,0.0,0.055915244261330196,10297081.0,229618773422.577
Portugal,PRT,Europe,EU,2020,2020-2023,Pandemic,Buses,PHEV,0.0,0.0,10.0,0.0,0.0,0.0,0.055915244261330196,10297081.0,229618773422.577
Portugal,PRT,Europe,EU,2020,2020-2023,Pandemic,Cars,BEV,7800.0,0.0,23000.0,0.0,0.0,0.0,0.055915244261330196,10297081.0,229618773422.577
Portugal,PRT,Europe,EU,2020,2020-2023,Pandemic,Cars,EV,0.0,13.0,0.0,1.10000002384186,0.0,0.0,0.055915244261330196,10297081.0,229618773422.577
Portugal,PRT,Europe,EU,2020,2020-2023,Pandemic,Cars,PHEV,12000.0,0.0,26000.0,0.0,0.0,0.0,0.055915244261330196,10297081.0,229618773422.577
Portugal,PRT,Europe,EU,2020,2020-2023,Pandemic,EV,Publicly available fast,0.0,0.0,0.0,0.0,0.0,650.0,0.055915244261330196,10297081.0,229618773422.577
Portugal,PRT,Europe,EU,2020,2020-2023,Pandemic,EV,Publicly available slow,0.0,0.0,0.0,0.0,0.0,2200.0,0.055915244261330196,10297081.0,229618773422.577
Portugal,PRT,Europe,EU,2020,2020-2023,Pandemic,Vans,BEV,270.0,0.0,1900.0,0.0,0.0,0.0,0.055915244261330196,10297081.0,229618773422.577
Portugal,PRT,Europe,EU,2020,2020-2023,Pandemic,Vans,EV,0.0,0.990000009536743,0.0,0.170000001788139,0.0,0.0,0.055915244261330196,10297081.0,229618773422.577
Portugal,PRT,Europe,EU,2021,2020-2023,Pandemic,Buses,BEV,44.0,0.0,100.0,0.0,0.0,0.0,0.05222321695016413,10361831.0,256055879091.139
Portugal,PRT,Europe,EU,2021,2020-2023,Pandemic,Buses,EV,0.0,7.40000009536743,0.0,0.810000002384186,0.0,0.0,0.05222321695016413,10361831.0,256055879091.139
Portugal,PRT,Europe,EU,2021,2020-2023,Pandemic,Buses,FCEV,0.0,0.0,2.0,0.0,0.0,0.0,0.05222321695016413,10361831.0,256055879091.139
Portugal,PRT,Europe,EU,2021,2020-2023,Pandemic,Buses,PHEV,2.0,0.0,12.0,0.0,0.0,0.0,0.05222321695016413,10361831.0,256055879091.139
Portugal,PRT,Europe,EU,2021,2020-2023,Pandemic,Cars,BEV,13000.0,0.0,37000.0,0.0,0.0,0.0,0.05222321695016413,10361831.0,256055879091.139
Portugal,PRT,Europe,EU,2021,2020-2023,Pandemic,Cars,EV,0.0,20.0,0.0,1.70000004768372,0.0,0.0,0.05222321695016413,10361831.0,256055879091.139
Portugal,PRT,Europe,EU,2021,2020-2023,Pandemic,Cars,FCEV,1.0,0.0,3.0,0.0,0.0,0.0,0.05222321695016413,10361831.0,256055879091.139
Portugal,PRT,Europe,EU,2021,2020-2023,Pandemic,Cars,PHEV,16000.0,0.0,41000.0,0.0,0.0,0.0,0.05222321695016413,10361831.0,256055879091.139
Portugal,PRT,Europe,EU,2021,2020-2023,Pandemic,EV,Publicly available fast,0.0,0.0,0.0,0.0,0.0,1400.0,0.05222321695016413,10361831.0,256055879091.139
Portugal,PRT,Europe,EU,2021,2020-2023,Pandemic,EV,Publicly available slow,0.0,0.0,0.0,0.0,0.0,2800.0,0.05222321695016413,10361831.0,256055879091.139
Portugal,PRT,Europe,EU,2021,2020-2023,Pandemic,Vans,BEV,360.0,0.0,2300.0,0.0,0.0,0.0,0.05222321695016413,10361831.0,256055879091.139
Portugal,PRT,Europe,EU,2021,2020-2023,Pandemic,Vans,EV,0.0,1.29999995231628,0.0,0.200000002980232,0.0,0.0,0.05222321695016413,10361831.0,256055879091.139
Portugal,PRT,Europe,EU,2021,2020-2023,Pandemic,Vans,PHEV,7.0,0.0,7.0,0.0,0.0,0.0,0.05222321695016413,10361831.0,256055879091.139
Portugal,PRT,Europe,EU,2022,2020-2023,Post-Pandemic,Buses,BEV,76.0,0.0,250.0,0.0,0.0,0.0,0.048875428750970965,10434332.0,256898677175.024
Portugal,PRT,Europe,EU,2022,2020-2023,Post-Pandemic,Buses,EV,0.0,5.30000019073486,0.0,1.70000004768372,0.0,0.0,0.048875428750970965,10434332.0,256898677175.024
Portugal,PRT,Europe,EU,2022,2020-2023,Post-Pandemic,Buses,FCEV,0.0,0.0,3.0,0.0,0.0,0.0,0.048875428750970965,10434332.0,256898677175.024
Portugal,PRT,Europe,EU,2022,2020-2023,Post-Pandemic,Buses,PHEV,0.0,0.0,12.0,0.0,0.0,0.0,0.048875428750970965,10434332.0,256898677175.024
Portugal,PRT,Europe,EU,2022,2020-2023,Post-Pandemic,Cars,BEV,18000.0,0.0,54000.0,0.0,0.0,0.0,0.048875428750970965,10434332.0,256898677175.024
Portugal,PRT,Europe,EU,2022,2020-2023,Post-Pandemic,Cars,EV,0.0,22.0,0.0,2.5,0.0,0.0,0.048875428750970965,10434332.0,256898677175.024
Portugal,PRT,Europe,EU,2022,2020-2023,Post-Pandemic,Cars,FCEV,0.0,0.0,3.0,0.0,0.0,0.0,0.048875428750970965,10434332.0,256898677175.024
Portugal,PRT,Europe,EU,2022,2020-2023,Post-Pandemic,Cars,PHEV,16000.0,0.0,57000.0,0.0,0.0,0.0,0.048875428750970965,10434332.0,256898677175.024
Portugal,PRT,Europe,EU,2022,2020-2023,Post-Pandemic,EV,Publicly available fast,0.0,0.0,0.0,0.0,0.0,1600.0,0.048875428750970965,10434332.0,256898677175.024
Portugal,PRT,Europe,EU,2022,2020-2023,Post-Pandemic,EV,Publicly available slow,0.0,0.0,0.0,0.0,0.0,4000.0,0.048875428750970965,10434332.0,256898677175.024
Portugal,PRT,Europe,EU,2022,2020-2023,Post-Pandemic,Vans,BEV,1000.0,0.0,3300.0,0.0,0.0,0.0,0.048875428750970965,10434332.0,256898677175.024
Portugal,PRT,Europe,EU,2022,2020-2023,Post-Pandemic,Vans,EV,0.0,4.30000019073486,0.0,0.300000011920929,0.0,0.0,0.048875428750970965,10434332.0,256898677175.024
Portugal,PRT,Europe,EU,2022,2020-2023,Post-Pandemic,Vans,PHEV,2.0,0.0,9.0,0.0,0.0,0.0,0.048875428750970965,10434332.0,256898677175.024
Portugal,PRT,Europe,EU,2023,2020-2023,Post-Pandemic,Buses,BEV,360.0,0.0,570.0,0.0,0.0,0.0,0.05210671899511638,10578174.0,292323800948.839
Portugal,PRT,Europe,EU,2023,2020-2023,Post-Pandemic,Buses,EV,0.0,36.0,0.0,3.59999990463257,0.0,0.0,0.05210671899511638,10578174.0,292323800948.839
Portugal,PRT,Europe,EU,2023,2020-2023,Post-Pandemic,Buses,FCEV,1.0,0.0,1.0,0.0,0.0,0.0,0.05210671899511638,10578174.0,292323800948.839
Portugal,PRT,Europe,EU,2023,2020-2023,Post-Pandemic,Buses,PHEV,0.0,0.0,16.0,0.0,0.0,0.0,0.05210671899511638,10578174.0,292323800948.839
Portugal,PRT,Europe,EU,2023,2020-2023,Post-Pandemic,Cars,BEV,36000.0,0.0,91000.0,0.0,0.0,0.0,0.05210671899511638,10578174.0,292323800948.839
Portugal,PRT,Europe,EU,2023,2020-2023,Post-Pandemic,Cars,EV,0.0,32.0,0.0,3.90000009536743,0.0,0.0,0.05210671899511638,10578174.0,292323800948.839
Portugal,PRT,Europe,EU,2023,2020-2023,Post-Pandemic,Cars,FCEV,2.0,0.0,3.0,0.0,0.0,0.0,0.05210671899511638,10578174.0,292323800948.839
Portugal,PRT,Europe,EU,2023,2020-2023,Post-Pandemic,Cars,PHEV,27000.0,0.0,84000.0,0.0,0.0,0.0,0.05210671899511638,10578174.0,292323800948.839
Portugal,PRT,Europe,EU,2023,2020-2023,Post-Pandemic,EV,Publicly available fast,0.0,0.0,0.0,0.0,0.0,3800.0,0.05210671899511638,10578174.0,292323800948.839
Portugal,PRT,Europe,EU,2023,2020-2023,Post-Pandemic,EV,Publicly available slow,0.0,0.0,0.0,0.0,0.0,5600.0,0.05210671899511638,10578174.0,292323800948.839
Portugal,PRT,Europe,EU,2023,2020-2023,Post-Pandemic,Vans,BEV,2500.0,0.0,4800.0,0.0,0.0,0.0,0.05210671899511638,10578174.0,292323800948.839
Portugal,PRT,Europe,EU,2023,2020-2023,Post-Pandemic,Vans,EV,0.0,8.60000038146973,0.0,0.469999998807907,0.0,0.0,0.05210671899511638,10578174.0,292323800948.839
Portugal,PRT,Europe,EU,2023,2020-2023,Post-Pandemic,Vans,PHEV,0.0,0.0,9.0,0.0,0.0,0.0,0.05210671899511638,10578174.0,292323800948.839
Romania,ROU,Europe,EU,2015,2015-2019,Pre-Pandemic,Cars,BEV,24.0,0.0,0.0,0.0,0.0,0.0,0.0,19815616.0,177885131240.315
Romania,ROU,Europe,EU,2015,2015-2019,Pre-Pandemic,Cars,EV,0.0,0.029999999329448,0.0,0.0,0.0,0.0,0.0,19815616.0,177885131240.315
Romania,ROU,Europe,EU,2016,2015-2019,Pre-Pandemic,Cars,BEV,74.0,0.0,0.0,0.0,0.0,0.0,0.0,19702267.0,185290759248.844
Romania,ROU,Europe,EU,2016,2015-2019,Pre-Pandemic,Cars,EV,0.0,0.079999998211861,0.0,0.0,0.0,0.0,0.0,19702267.0,185290759248.844
Romania,ROU,Europe,EU,2017,2015-2019,Pre-Pandemic,Cars,BEV,190.0,0.0,0.0,0.0,0.0,0.0,0.0,19588715.0,210147385855.419
Romania,ROU,Europe,EU,2017,2015-2019,Pre-Pandemic,Cars,EV,0.0,0.180000007152557,0.0,0.0,0.0,0.0,0.0,19588715.0,210147385855.419
Romania,ROU,Europe,EU,2018,2015-2019,Pre-Pandemic,Cars,BEV,600.0,0.0,0.0,0.0,0.0,0.0,0.0,19473970.0,241791427223.903
Romania,ROU,Europe,EU,2018,2015-2019,Pre-Pandemic,Cars,EV,0.0,0.46000000834465,0.0,0.0,0.0,0.0,0.0,19473970.0,241791427223.903
Romania,ROU,Europe,EU,2019,2015-2019,Pre-Pandemic,Cars,BEV,1500.0,0.0,0.0,0.0,0.0,0.0,0.0,19371648.0,250080428511.595
Romania,ROU,Europe,EU,2019,2015-2019,Pre-Pandemic,Cars,EV,0.0,0.930000007152557,0.0,0.0,0.0,0.0,0.0,19371648.0,250080428511.595
Romania,ROU,Europe,EU,2020,2020-2023,Pandemic,Cars,BEV,2800.0,0.0,0.0,0.0,0.0,0.0,0.0,19265250.0,250624575871.819
Romania,ROU,Europe,EU,2020,2020-2023,Pandemic,Cars,EV,0.0,3.09999990463257,0.0,0.0,0.0,0.0,0.0,19265250.0,250624575871.819
Romania,ROU,Europe,EU,2020,2020-2023,Pandemic,Cars,PHEV,1000.0,0.0,0.0,0.0,0.0,0.0,0.0,19265250.0,250624575871.819
Romania,ROU,Europe,EU,2021,2020-2023,Pandemic,Cars,BEV,6300.0,0.0,0.0,0.0,0.0,0.0,0.0,19122059.0,285072444957.216
Romania,ROU,Europe,EU,2021,2020-2023,Pandemic,Cars,EV,0.0,5.19999980926514,0.0,0.0,0.0,0.0,0.0,19122059.0,285072444957.216
Romania,ROU,Europe,EU,2022,2020-2023,Post-Pandemic,Cars,BEV,12000.0,0.0,0.0,0.0,0.0,0.0,0.0,19048502.0,295317862855.924
Romania,ROU,Europe,EU,2022,2020-2023,Post-Pandemic,Cars,EV,0.0,9.0,0.0,0.0,0.0,0.0,0.0,19048502.0,295317862855.924
Romania,ROU,Europe,EU,2023,2020-2023,Post-Pandemic,Cars,BEV,15000.0,0.0,0.0,0.0,0.0,0.0,0.0,19061062.0,347757995758.914
Romania,ROU,Europe,EU,2023,2020-2023,Post-Pandemic,Cars,EV,0.0,11.0,0.0,0.0,0.0,0.0,0.0,19061062.0,347757995758.914
Seychelles,SYC,Africa,AF,2015,2015-2019,Pre-Pandemic,Cars,BEV,3.0,0.0,0.0,0.0,0.0,0.0,0.0,93419.0,1432403352.12944
Seychelles,SYC,Africa,AF,2015,2015-2019,Pre-Pandemic,Cars,EV,0.0,0.150000005960464,0.0,0.0,0.0,0.0,0.0,93419.0,1432403352.12944
Seychelles,SYC,Africa,AF,2016,2015-2019,Pre-Pandemic,Cars,BEV,12.0,0.0,0.0,0.0,0.0,0.0,0.0,94677.0,1568513348.14463
Seychelles,SYC,Africa,AF,2016,2015-2019,Pre-Pandemic,Cars,EV,0.0,0.629999995231628,0.0,0.0,0.0,0.0,0.0,94677.0,1568513348.14463
Seychelles,SYC,Africa,AF,2017,2015-2019,Pre-Pandemic,Cars,BEV,30.0,0.0,0.0,0.0,0.0,0.0,0.0,95843.0,1675370641.01416
Seychelles,SYC,Africa,AF,2017,2015-2019,Pre-Pandemic,Cars,EV,0.0,2.0,0.0,0.0,0.0,0.0,0.0,95843.0,1675370641.01416
Seychelles,SYC,Africa,AF,2018,2015-2019,Pre-Pandemic,Cars,BEV,32.0,0.0,0.0,0.0,0.0,0.0,0.0,96762.0,1784313926.76807
Seychelles,SYC,Africa,AF,2018,2015-2019,Pre-Pandemic,Cars,EV,0.0,2.29999995231628,0.0,0.0,0.0,0.0,0.0,96762.0,1784313926.76807
Seychelles,SYC,Africa,AF,2019,2015-2019,Pre-Pandemic,Cars,BEV,37.0,0.0,0.0,0.0,0.0,0.0,0.0,97625.0,1868690096.73454
Seychelles,SYC,Africa,AF,2019,2015-2019,Pre-Pandemic,Cars,EV,0.0,2.59999990463257,0.0,0.0,0.0,0.0,0.0,97625.0,1868690096.73454
Seychelles,SYC,Africa,AF,2020,2020-2023,Pandemic,Cars,BEV,26.0,0.0,0.0,0.0,0.0,0.0,0.0,98462.0,1382551751.56908
Seychelles,SYC,Africa,AF,2020,2020-2023,Pandemic,Cars,EV,0.0,3.29999995231628,0.0,0.0,0.0,0.0,0.0,98462.0,1382551751.56908
Seychelles,SYC,Africa,AF,2021,2020-2023,Pandemic,Cars,BEV,61.0,0.0,0.0,0.0,0.0,0.0,0.0,99258.0,1487173794.80528
Seychelles,SYC,Africa,AF,2021,2020-2023,Pandemic,Cars,EV,0.0,4.19999980926514,0.0,0.0,0.0,0.0,0.0,99258.0,1487173794.80528
Seychelles,SYC,Africa,AF,2022,2020-2023,Post-Pandemic,Cars,BEV,37.0,0.0,0.0,0.0,0.0,0.0,0.0,119878.0,1999888599.25474
Seychelles,SYC,Africa,AF,2022,2020-2023,Post-Pandemic,Cars,EV,0.0,1.70000004768372,0.0,0.0,0.0,0.0,0.0,119878.0,1999888599.25474
Seychelles,SYC,Africa,AF,2023,2020-2023,Post-Pandemic,Cars,BEV,100.0,0.0,0.0,0.0,0.0,0.0,0.0,119773.0,2171547935.38159
Seychelles,SYC,Africa,AF,2023,2020-2023,Post-Pandemic,Cars,EV,0.0,5.0,0.0,0.0,0.0,0.0,0.0,119773.0,2171547935.38159
Slovakia,SVK,Europe,EU,2015,2015-2019,Pre-Pandemic,Cars,BEV,52.0,0.0,0.0,0.0,0.0,0.0,0.0,5423801.0,89178548717.3324
Slovakia,SVK,Europe,EU,2015,2015-2019,Pre-Pandemic,Cars,EV,0.0,0.070000000298023,0.0,0.0,0.0,0.0,0.0,5423801.0,89178548717.3324
Slovakia,SVK,Europe,EU,2016,2015-2019,Pre-Pandemic,Cars,BEV,59.0,0.0,0.0,0.0,0.0,0.0,0.0,5430798.0,90347173228.6356
Slovakia,SVK,Europe,EU,2016,2015-2019,Pre-Pandemic,Cars,EV,0.0,0.070000000298023,0.0,0.0,0.0,0.0,0.0,5430798.0,90347173228.6356
Slovakia,SVK,Europe,EU,2017,2015-2019,Pre-Pandemic,Cars,BEV,210.0,0.0,0.0,0.0,0.0,0.0,0.0,5439232.0,95978130734.9766
Slovakia,SVK,Europe,EU,2017,2015-2019,Pre-Pandemic,Cars,EV,0.0,0.219999998807907,0.0,0.0,0.0,0.0,0.0,5439232.0,95978130734.9766
Slovakia,SVK,Europe,EU,2018,2015-2019,Pre-Pandemic,Cars,BEV,290.0,0.0,0.0,0.0,0.0,0.0,0.0,5446771.0,106611673364.837
Slovakia,SVK,Europe,EU,2018,2015-2019,Pre-Pandemic,Cars,EV,0.0,0.300000011920929,0.0,0.0,0.0,0.0,0.0,5446771.0,106611673364.837
Slovakia,SVK,Europe,EU,2019,2015-2019,Pre-Pandemic,Cars,BEV,160.0,0.0,0.0,0.0,0.0,0.0,0.0,5454147.0,105843498304.094
Slovakia,SVK,Europe,EU,2019,2015-2019,Pre-Pandemic,Cars,EV,0.0,0.360000014305115,0.0,0.0,0.0,0.0,0.0,5454147.0,105843498304.094
Slovakia,SVK,Europe,EU,2019,2015-2019,Pre-Pandemic,Cars,PHEV,200.0,0.0,0.0,0.0,0.0,0.0,0.0,5454147.0,105843498304.094
Slovakia,SVK,Europe,EU,2020,2020-2023,Pandemic,Cars,BEV,920.0,0.0,0.0,0.0,0.0,0.0,0.0,5458827.0,107732602896.441
Slovakia,SVK,Europe,EU,2020,2020-2023,Pandemic,Cars,EV,0.0,2.29999995231628,0.0,0.0,0.0,0.0,0.0,5458827.0,107732602896.441
Slovakia,SVK,Europe,EU,2020,2020-2023,Pandemic,Cars,PHEV,860.0,0.0,0.0,0.0,0.0,0.0,0.0,5458827.0,107732602896.441
Slovakia,SVK,Europe,EU,2021,2020-2023,Pandemic,Cars,BEV,1100.0,0.0,0.0,0.0,0.0,0.0,0.0,5447247.0,120511265913.343
Slovakia,SVK,Europe,EU,2021,2020-2023,Pandemic,Cars,EV,0.0,3.0,0.0,0.0,0.0,0.0,0.0,5447247.0,120511265913.343
Slovakia,SVK,Europe,EU,2021,2020-2023,Pandemic,Cars,PHEV,1200.0,0.0,0.0,0.0,0.0,0.0,0.0,5447247.0,120511265913.343
Slovakia,SVK,Europe,EU,2022,2020-2023,Post-Pandemic,Cars,BEV,1400.0,0.0,0.0,0.0,0.0,0.0,0.0,5431752.0,115792972358.209
Slovakia,SVK,Europe,EU,2022,2020-2023,Post-Pandemic,Cars,EV,0.0,3.70000004768372,0.0,0.0,0.0,0.0,0.0,5431752.0,115792972358.209
Slovakia,SVK,Europe,EU,2022,2020-2023,Post-Pandemic,Cars,PHEV,1600.0,0.0,0.0,0.0,0.0,0.0,0.0,5431752.0,115792972358.209
Slovakia,SVK,Europe,EU,2023,2020-2023,Post-Pandemic,Cars,BEV,2300.0,0.0,0.0,0.0,0.0,0.0,0.0,5426740.0,133578518423.544
Slovakia,SVK,Europe,EU,2023,2020-2023,Post-Pandemic,Cars,EV,0.0,6.09999990463257,0.0,0.0,0.0,0.0,0.0,5426740.0,133578518423.544
Slovakia,SVK,Europe,EU,2023,2020-2023,Post-Pandemic,Cars,PHEV,3000.0,0.0,0.0,0.0,0.0,0.0,0.0,5426740.0,133578518423.544
Slovenia,SVN,Europe,EU,2016,2015-2019,Pre-Pandemic,Cars,BEV,140.0,0.0,0.0,0.0,0.0,0.0,0.0,2065042.0,44290685824.0682
Slovenia,SVN,Europe,EU,2016,2015-2019,Pre-Pandemic,Cars,EV,0.0,0.319999992847443,0.0,0.0,0.0,0.0,0.0,2065042.0,44290685824.0682
Slovenia,SVN,Europe,EU,2016,2015-2019,Pre-Pandemic,Cars,PHEV,46.0,0.0,0.0,0.0,0.0,0.0,0.0,2065042.0,44290685824.0682
Slovenia,SVN,Europe,EU,2017,2015-2019,Pre-Pandemic,Cars,BEV,290.0,0.0,0.0,0.0,0.0,0.0,0.0,2066388.0,48153200134.6613
Slovenia,SVN,Europe,EU,2017,2015-2019,Pre-Pandemic,Cars,EV,0.0,0.639999985694885,0.0,0.0,0.0,0.0,0.0,2066388.0,48153200134.6613
Slovenia,SVN,Europe,EU,2017,2015-2019,Pre-Pandemic,Cars,PHEV,170.0,0.0,0.0,0.0,0.0,0.0,0.0,2066388.0,48153200134.6613
Slovenia,SVN,Europe,EU,2018,2015-2019,Pre-Pandemic,Cars,BEV,470.0,0.0,0.0,0.0,0.0,0.0,0.0,2073894.0,53689067639.9176
Slovenia,SVN,Europe,EU,2018,2015-2019,Pre-Pandemic,Cars,EV,0.0,0.910000026226044,0.0,0.0,0.0,0.0,0.0,2073894.0,53689067639.9176
Slovenia,SVN,Europe,EU,2018,2015-2019,Pre-Pandemic,Cars,PHEV,190.0,0.0,0.0,0.0,0.0,0.0,0.0,2073894.0,53689067639.9176
Slovenia,SVN,Europe,EU,2019,2015-2019,Pre-Pandemic,Cars,BEV,190.0,0.0,0.0,0.0,0.0,0.0,0.0,2088385.0,53909922735.545
Slovenia,SVN,Europe,EU,2019,2015-2019,Pre-Pandemic,Cars,EV,0.0,0.28999999165535,0.0,0.0,0.0,0.0,0.0,2088385.0,53909922735.545
Slovenia,SVN,Europe,EU,2019,2015-2019,Pre-Pandemic,Cars,PHEV,28.0,0.0,0.0,0.0,0.0,0.0,0.0,2088385.0,53909922735.545
Slovenia,SVN,Europe,EU,2020,2020-2023,Pandemic,Cars,BEV,1600.0,0.0,0.0,0.0,0.0,0.0,0.0,2102419.0,53384760135.1581
Slovenia,SVN,Europe,EU,2020,2020-2023,Pandemic,Cars,EV,0.0,3.09999990463257,0.0,0.0,0.0,0.0,0.0,2102419.0,53384760135.1581
Slovenia,SVN,Europe,EU,2020,2020-2023,Pandemic,Cars,PHEV,39.0,0.0,0.0,0.0,0.0,0.0,0.0,2102419.0,53384760135.1581
Slovenia,SVN,Europe,EU,2021,2020-2023,Pandemic,Cars,BEV,1700.0,0.0,0.0,0.0,0.0,0.0,0.0,2108079.0,61540813361.8556
Slovenia,SVN,Europe,EU,2021,2020-2023,Pandemic,Cars,EV,0.0,3.79999995231628,0.0,0.0,0.0,0.0,0.0,2108079.0,61540813361.8556
Slovenia,SVN,Europe,EU,2021,2020-2023,Pandemic,Cars,PHEV,310.0,0.0,0.0,0.0,0.0,0.0,0.0,2108079.0,61540813361.8556
Slovenia,SVN,Europe,EU,2022,2020-2023,Post-Pandemic,Cars,BEV,2300.0,0.0,0.0,0.0,0.0,0.0,0.0,2112076.0,59899117741.0022
Slovenia,SVN,Europe,EU,2022,2020-2023,Post-Pandemic,Cars,EV,0.0,6.19999980926514,0.0,0.0,0.0,0.0,0.0,2112076.0,59899117741.0022
Slovenia,SVN,Europe,EU,2022,2020-2023,Post-Pandemic,Cars,PHEV,590.0,0.0,0.0,0.0,0.0,0.0,0.0,2112076.0,59899117741.0022
Slovenia,SVN,Europe,EU,2023,2020-2023,Post-Pandemic,Cars,BEV,4300.0,0.0,0.0,0.0,0.0,0.0,0.0,2120461.0,69255264238.3855
Slovenia,SVN,Europe,EU,2023,2020-2023,Post-Pandemic,Cars,EV,0.0,11.0,0.0,0.0,0.0,0.0,0.0,2120461.0,69255264238.3855
Slovenia,SVN,Europe,EU,2023,2020-2023,Post-Pandemic,Cars,PHEV,1000.0,0.0,0.0,0.0,0.0,0.0,0.0,2120461.0,69255264238.3855
South Africa,ZAF,Africa,AF,2013,2010-2014,Pre-Pandemic,Cars,BEV,34.0,0.0,34.0,0.0,0.0,0.0,0.0,54678791.0,400886013595.573
South Africa,ZAF,Africa,AF,2013,2010-2014,Pre-Pandemic,Cars,EV,0.0,0.007499999832362,0.0,0.000520000001416,0.0,0.0,0.0,54678791.0,400886013595.573
South Africa,ZAF,Africa,AF,2014,2010-2014,Pre-Pandemic,Cars,BEV,14.0,0.0,48.0,0.0,0.0,0.0,0.0,55594838.0,381198869776.106
South Africa,ZAF,Africa,AF,2014,2010-2014,Pre-Pandemic,Cars,EV,0.0,0.003400000045076,0.0,0.000720000010915,0.0,0.0,0.0,55594838.0,381198869776.106
South Africa,ZAF,Africa,AF,2014,2010-2014,Pre-Pandemic,Cars,PHEV,1.0,0.0,1.0,0.0,0.0,0.0,0.0,55594838.0,381198869776.106
South Africa,ZAF,Africa,AF,2015,2015-2019,Pre-Pandemic,Cars,BEV,120.0,0.0,160.0,0.0,0.0,0.0,0.0,56723537.0,346709790458.563
South Africa,ZAF,Africa,AF,2015,2015-2019,Pre-Pandemic,Cars,EV,0.0,0.05799999833107,0.0,0.004100000020117,0.0,0.0,0.0,56723537.0,346709790458.563
South Africa,ZAF,Africa,AF,2015,2015-2019,Pre-Pandemic,Cars,PHEV,120.0,0.0,120.0,0.0,0.0,0.0,0.0,56723537.0,346709790458.563
South Africa,ZAF,Africa,AF,2016,2015-2019,Pre-Pandemic,Cars,BEV,100.0,0.0,260.0,0.0,0.0,0.0,0.0,57259551.0,323585509674.481
South Africa,ZAF,Africa,AF,2016,2015-2019,Pre-Pandemic,Cars,EV,0.0,0.100000001490116,0.0,0.009300000034273,0.0,0.0,0.0,57259551.0,323585509674.481
South Africa,ZAF,Africa,AF,2016,2015-2019,Pre-Pandemic,Cars,PHEV,280.0,0.0,400.0,0.0,0.0,0.0,0.0,57259551.0,323585509674.481
South Africa,ZAF,Africa,AF,2017,2015-2019,Pre-Pandemic,Cars,BEV,68.0,0.0,330.0,0.0,0.0,0.0,0.14418604651162792,57635162.0,381448814653.456
South Africa,ZAF,Africa,AF,2017,2015-2019,Pre-Pandemic,Cars,EV,0.0,0.052999999374151,0.0,0.012000000104308,0.0,0.0,0.14418604651162792,57635162.0,381448814653.456
South Africa,ZAF,Africa,AF,2017,2015-2019,Pre-Pandemic,Cars,PHEV,130.0,0.0,530.0,0.0,0.0,0.0,0.14418604651162792,57635162.0,381448814653.456
South Africa,ZAF,Africa,AF,2017,2015-2019,Pre-Pandemic,EV,Publicly available fast,0.0,0.0,0.0,0.0,0.0,37.0,0.14418604651162792,57635162.0,381448814653.456
South Africa,ZAF,Africa,AF,2017,2015-2019,Pre-Pandemic,EV,Publicly available slow,0.0,0.0,0.0,0.0,0.0,87.0,0.14418604651162792,57635162.0,381448814653.456
South Africa,ZAF,Africa,AF,2018,2015-2019,Pre-Pandemic,Cars,BEV,66.0,0.0,400.0,0.0,0.0,0.0,0.2386138613861386,58613001.0,405260723892.517
South Africa,ZAF,Africa,AF,2018,2015-2019,Pre-Pandemic,Cars,EV,0.0,0.041000001132488,0.0,0.014000000432134,0.0,0.0,0.2386138613861386,58613001.0,405260723892.517
South Africa,ZAF,Africa,AF,2018,2015-2019,Pre-Pandemic,Cars,PHEV,82.0,0.0,610.0,0.0,0.0,0.0,0.2386138613861386,58613001.0,405260723892.517
South Africa,ZAF,Africa,AF,2018,2015-2019,Pre-Pandemic,EV,Publicly available fast,0.0,0.0,0.0,0.0,0.0,81.0,0.2386138613861386,58613001.0,405260723892.517
South Africa,ZAF,Africa,AF,2018,2015-2019,Pre-Pandemic,EV,Publicly available slow,0.0,0.0,0.0,0.0,0.0,160.0,0.2386138613861386,58613001.0,405260723892.517
South Africa,ZAF,Africa,AF,2019,2015-2019,Pre-Pandemic,Cars,BEV,160.0,0.0,560.0,0.0,0.0,0.0,0.1935483870967742,59587885.0,389330032224.269
South Africa,ZAF,Africa,AF,2019,2015-2019,Pre-Pandemic,Cars,EV,0.0,0.064000003039837,0.0,0.016000000759959,0.0,0.0,0.1935483870967742,59587885.0,389330032224.269
South Africa,ZAF,Africa,AF,2019,2015-2019,Pre-Pandemic,Cars,PHEV,72.0,0.0,680.0,0.0,0.0,0.0,0.1935483870967742,59587885.0,389330032224.269
South Africa,ZAF,Africa,AF,2019,2015-2019,Pre-Pandemic,EV,Publicly available fast,0.0,0.0,0.0,0.0,0.0,130.0,0.1935483870967742,59587885.0,389330032224.269
South Africa,ZAF,Africa,AF,2019,2015-2019,Pre-Pandemic,EV,Publicly available slow,0.0,0.0,0.0,0.0,0.0,110.0,0.1935483870967742,59587885.0,389330032224.269
South Africa,ZAF,Africa,AF,2020,2020-2023,Pandemic,Cars,BEV,92.0,0.0,640.0,0.0,0.0,0.0,0.20408163265306123,60562381.0,337974655408.055
South Africa,ZAF,Africa,AF,2020,2020-2023,Pandemic,Cars,EV,0.0,0.097999997437,0.0,0.018999999389052,0.0,0.0,0.20408163265306123,60562381.0,337974655408.055
South Africa,ZAF,Africa,AF,2020,2020-2023,Pandemic,Cars,PHEV,150.0,0.0,830.0,0.0,0.0,0.0,0.20408163265306123,60562381.0,337974655408.055
South Africa,ZAF,Africa,AF,2020,2020-2023,Pandemic,EV,Publicly available fast,0.0,0.0,0.0,0.0,0.0,160.0,0.20408163265306123,60562381.0,337974655408.055
South Africa,ZAF,Africa,AF,2020,2020-2023,Pandemic,EV,Publicly available slow,0.0,0.0,0.0,0.0,0.0,140.0,0.20408163265306123,60562381.0,337974655408.055
South Africa,ZAF,Africa,AF,2021,2020-2023,Pandemic,Cars,BEV,220.0,0.0,860.0,0.0,0.0,0.0,0.1723147616312464,61502603.0,419986284375.368
South Africa,ZAF,Africa,AF,2021,2020-2023,Pandemic,Cars,EV,0.0,0.087999999523163,0.0,0.023000000044704,0.0,0.0,0.1723147616312464,61502603.0,419986284375.368
South Africa,ZAF,Africa,AF,2021,2020-2023,Pandemic,Cars,FCEV,1.0,0.0,1.0,0.0,0.0,0.0,0.1723147616312464,61502603.0,419986284375.368
South Africa,ZAF,Africa,AF,2021,2020-2023,Pandemic,Cars,PHEV,51.0,0.0,880.0,0.0,0.0,0.0,0.1723147616312464,61502603.0,419986284375.368
South Africa,ZAF,Africa,AF,2021,2020-2023,Pandemic,EV,Publicly available fast,0.0,0.0,0.0,0.0,0.0,160.0,0.1723147616312464,61502603.0,419986284375.368
South Africa,ZAF,Africa,AF,2021,2020-2023,Pandemic,EV,Publicly available slow,0.0,0.0,0.0,0.0,0.0,140.0,0.1723147616312464,61502603.0,419986284375.368
South Africa,ZAF,Africa,AF,2022,2020-2023,Post-Pandemic,Cars,BEV,500.0,0.0,1400.0,0.0,0.0,0.0,0.1349527665317139,62378410.0,407596043067.885
South Africa,ZAF,Africa,AF,2022,2020-2023,Post-Pandemic,Cars,EV,0.0,0.170000001788139,0.0,0.028000000864267,0.0,0.0,0.1349527665317139,62378410.0,407596043067.885
South Africa,ZAF,Africa,AF,2022,2020-2023,Post-Pandemic,Cars,FCEV,2.0,0.0,3.0,0.0,0.0,0.0,0.1349527665317139,62378410.0,407596043067.885
South Africa,ZAF,Africa,AF,2022,2020-2023,Post-Pandemic,Cars,PHEV,120.0,0.0,820.0,0.0,0.0,0.0,0.1349527665317139,62378410.0,407596043067.885
South Africa,ZAF,Africa,AF,2022,2020-2023,Post-Pandemic,EV,Publicly available fast,0.0,0.0,0.0,0.0,0.0,160.0,0.1349527665317139,62378410.0,407596043067.885
South Africa,ZAF,Africa,AF,2022,2020-2023,Post-Pandemic,EV,Publicly available slow,0.0,0.0,0.0,0.0,0.0,140.0,0.1349527665317139,62378410.0,407596043067.885
South Africa,ZAF,Africa,AF,2023,2020-2023,Post-Pandemic,Cars,BEV,810.0,0.0,2200.0,0.0,0.0,0.0,0.08564087924636027,63212384.0,381440724491.232
South Africa,ZAF,Africa,AF,2023,2020-2023,Post-Pandemic,Cars,EV,0.0,0.28999999165535,0.0,0.043999999761582,0.0,0.0,0.08564087924636027,63212384.0,381440724491.232
South Africa,ZAF,Africa,AF,2023,2020-2023,Post-Pandemic,Cars,FCEV,0.0,0.0,3.0,0.0,0.0,0.0,0.08564087924636027,63212384.0,381440724491.232
South Africa,ZAF,Africa,AF,2023,2020-2023,Post-Pandemic,Cars,PHEV,270.0,0.0,1300.0,0.0,0.0,0.0,0.08564087924636027,63212384.0,381440724491.232
South Africa,ZAF,Africa,AF,2023,2020-2023,Post-Pandemic,EV,Publicly available fast,0.0,0.0,0.0,0.0,0.0,160.0,0.08564087924636027,63212384.0,381440724491.232
South Africa,ZAF,Africa,AF,2023,2020-2023,Post-Pandemic,EV,Publicly available slow,0.0,0.0,0.0,0.0,0.0,140.0,0.08564087924636027,63212384.0,381440724491.232
South Korea,KOR,Asia,AS,2010,2010-2014,Pre-Pandemic,Buses,BEV,5.0,0.0,5.0,0.0,0.0,0.0,0.0,49554112.0,1192830015737.68
South Korea,KOR,Asia,AS,2010,2010-2014,Pre-Pandemic,Buses,EV,0.0,0.007000000216067,0.0,0.000869999988936,0.0,0.0,0.0,49554112.0,1192830015737.68
South Korea,KOR,Asia,AS,2010,2010-2014,Pre-Pandemic,Cars,BEV,61.0,0.0,61.0,0.0,0.0,0.0,0.0,49554112.0,1192830015737.68
South Korea,KOR,Asia,AS,2010,2010-2014,Pre-Pandemic,Cars,EV,0.0,0.004999999888241,0.0,0.000399999989895,0.0,0.0,0.0,49554112.0,1192830015737.68
South Korea,KOR,Asia,AS,2011,2010-2014,Pre-Pandemic,Buses,BEV,4.0,0.0,9.0,0.0,0.0,0.0,0.0,49936638.0,1307103477219.1
South Korea,KOR,Asia,AS,2011,2010-2014,Pre-Pandemic,Buses,EV,0.0,0.005400000140071,0.0,0.001700000022538,0.0,0.0,0.0,49936638.0,1307103477219.1
South Korea,KOR,Asia,AS,2011,2010-2014,Pre-Pandemic,Cars,BEV,270.0,0.0,340.0,0.0,0.0,0.0,0.0,49936638.0,1307103477219.1
South Korea,KOR,Asia,AS,2011,2010-2014,Pre-Pandemic,Cars,EV,0.0,0.023000000044704,0.0,0.002199999988079,0.0,0.0,0.0,49936638.0,1307103477219.1
South Korea,KOR,Asia,AS,2012,2010-2014,Pre-Pandemic,Buses,BEV,2.0,0.0,11.0,0.0,0.0,0.0,0.0,50199853.0,1335343586437.67
South Korea,KOR,Asia,AS,2012,2010-2014,Pre-Pandemic,Buses,EV,0.0,0.00289999996312,0.0,0.002099999925122,0.0,0.0,0.0,50199853.0,1335343586437.67
South Korea,KOR,Asia,AS,2012,2010-2014,Pre-Pandemic,Cars,BEV,510.0,0.0,850.0,0.0,0.0,0.0,0.0,50199853.0,1335343586437.67
South Korea,KOR,Asia,AS,2012,2010-2014,Pre-Pandemic,Cars,EV,0.0,0.041000001132488,0.0,0.005400000140071,0.0,0.0,0.0,50199853.0,1335343586437.67
South Korea,KOR,Asia,AS,2013,2010-2014,Pre-Pandemic,Buses,BEV,6.0,0.0,17.0,0.0,0.0,0.0,0.0,50428893.0,1434669686501.84
South Korea,KOR,Asia,AS,2013,2010-2014,Pre-Pandemic,Buses,EV,0.0,0.008100000210106,0.0,0.003400000045076,0.0,0.0,0.0,50428893.0,1434669686501.84
South Korea,KOR,Asia,AS,2013,2010-2014,Pre-Pandemic,Cars,BEV,600.0,0.0,1400.0,0.0,0.0,0.0,0.0,50428893.0,1434669686501.84
South Korea,KOR,Asia,AS,2013,2010-2014,Pre-Pandemic,Cars,EV,0.0,0.0489999987185,0.0,0.009100000374019,0.0,0.0,0.0,50428893.0,1434669686501.84
South Korea,KOR,Asia,AS,2014,2010-2014,Pre-Pandemic,Buses,BEV,3.0,0.0,20.0,0.0,0.0,0.0,0.0,50746659.0,1556252422020.44
South Korea,KOR,Asia,AS,2014,2010-2014,Pre-Pandemic,Buses,EV,0.0,0.003899999894202,0.0,0.004100000020117,0.0,0.0,0.0,50746659.0,1556252422020.44
South Korea,KOR,Asia,AS,2014,2010-2014,Pre-Pandemic,Cars,BEV,1300.0,0.0,2700.0,0.0,0.0,0.0,0.0,50746659.0,1556252422020.44
South Korea,KOR,Asia,AS,2014,2010-2014,Pre-Pandemic,Cars,EV,0.0,0.093000002205372,0.0,0.017000000923872,0.0,0.0,0.0,50746659.0,1556252422020.44
South Korea,KOR,Asia,AS,2015,2015-2019,Pre-Pandemic,Buses,BEV,2.0,0.0,22.0,0.0,0.0,0.0,0.0,51014947.0,1539212301135.55
South Korea,KOR,Asia,AS,2015,2015-2019,Pre-Pandemic,Buses,EV,0.0,0.002700000070035,0.0,0.004499999806285,0.0,0.0,0.0,51014947.0,1539212301135.55
South Korea,KOR,Asia,AS,2015,2015-2019,Pre-Pandemic,Cars,BEV,3100.0,0.0,5800.0,0.0,0.0,0.0,0.0,51014947.0,1539212301135.55
South Korea,KOR,Asia,AS,2015,2015-2019,Pre-Pandemic,Cars,EV,0.0,0.219999998807907,0.0,0.035999998450279,0.0,0.0,0.0,51014947.0,1539212301135.55
South Korea,KOR,Asia,AS,2015,2015-2019,Pre-Pandemic,Cars,FCEV,29.0,0.0,12.0,0.0,0.0,0.0,0.0,51014947.0,1539212301135.55
South Korea,KOR,Asia,AS,2015,2015-2019,Pre-Pandemic,Cars,PHEV,250.0,0.0,250.0,0.0,0.0,0.0,0.0,51014947.0,1539212301135.55
South Korea,KOR,Asia,AS,2015,2015-2019,Pre-Pandemic,Vans,BEV,18.0,0.0,18.0,0.0,0.0,0.0,0.0,51014947.0,1539212301135.55
South Korea,KOR,Asia,AS,2015,2015-2019,Pre-Pandemic,Vans,EV,0.0,0.010999999940395,0.0,0.000750000006519,0.0,0.0,0.0,51014947.0,1539212301135.55
South Korea,KOR,Asia,AS,2016,2015-2019,Pre-Pandemic,Buses,BEV,30.0,0.0,52.0,0.0,0.0,0.0,0.18860877684407096,51217803.0,1579150518945.44
South Korea,KOR,Asia,AS,2016,2015-2019,Pre-Pandemic,Buses,EV,0.0,0.041999999433756,0.0,0.010999999940395,0.0,0.0,0.18860877684407096,51217803.0,1579150518945.44
South Korea,KOR,Asia,AS,2016,2015-2019,Pre-Pandemic,Cars,BEV,4700.0,0.0,10000.0,0.0,0.0,0.0,0.18860877684407096,51217803.0,1579150518945.44
South Korea,KOR,Asia,AS,2016,2015-2019,Pre-Pandemic,Cars,EV,0.0,0.330000013113022,0.0,0.064000003039837,0.0,0.0,0.18860877684407096,51217803.0,1579150518945.44
South Korea,KOR,Asia,AS,2016,2015-2019,Pre-Pandemic,Cars,FCEV,58.0,0.0,46.0,0.0,0.0,0.0,0.18860877684407096,51217803.0,1579150518945.44
South Korea,KOR,Asia,AS,2016,2015-2019,Pre-Pandemic,Cars,PHEV,330.0,0.0,580.0,0.0,0.0,0.0,0.18860877684407096,51217803.0,1579150518945.44
South Korea,KOR,Asia,AS,2016,2015-2019,Pre-Pandemic,EV,Publicly available fast,0.0,0.0,0.0,0.0,0.0,920.0,0.18860877684407096,51217803.0,1579150518945.44
South Korea,KOR,Asia,AS,2016,2015-2019,Pre-Pandemic,EV,Publicly available slow,0.0,0.0,0.0,0.0,0.0,1100.0,0.18860877684407096,51217803.0,1579150518945.44
South Korea,KOR,Asia,AS,2016,2015-2019,Pre-Pandemic,Vans,BEV,14.0,0.0,32.0,0.0,0.0,0.0,0.18860877684407096,51217803.0,1579150518945.44
South Korea,KOR,Asia,AS,2016,2015-2019,Pre-Pandemic,Vans,EV,0.0,0.009399999864399,0.0,0.001300000003539,0.0,0.0,0.18860877684407096,51217803.0,1579150518945.44
South Korea,KOR,Asia,AS,2017,2015-2019,Pre-Pandemic,Buses,BEV,0.0,0.0,52.0,0.0,0.0,0.0,0.5218960916653587,51361911.0,1710196756713.17
South Korea,KOR,Asia,AS,2017,2015-2019,Pre-Pandemic,Buses,EV,0.0,0.0,0.0,0.009499999694526,0.0,0.0,0.5218960916653587,51361911.0,1710196756713.17
South Korea,KOR,Asia,AS,2017,2015-2019,Pre-Pandemic,Cars,BEV,14000.0,0.0,24000.0,0.0,0.0,0.0,0.5218960916653587,51361911.0,1710196756713.17
South Korea,KOR,Asia,AS,2017,2015-2019,Pre-Pandemic,Cars,EV,0.0,0.949999988079071,0.0,0.140000000596046,0.0,0.0,0.5218960916653587,51361911.0,1710196756713.17
South Korea,KOR,Asia,AS,2017,2015-2019,Pre-Pandemic,Cars,FCEV,75.0,0.0,100.0,0.0,0.0,0.0,0.5218960916653587,51361911.0,1710196756713.17
South Korea,KOR,Asia,AS,2017,2015-2019,Pre-Pandemic,Cars,PHEV,670.0,0.0,1300.0,0.0,0.0,0.0,0.5218960916653587,51361911.0,1710196756713.17
South Korea,KOR,Asia,AS,2017,2015-2019,Pre-Pandemic,EV,Publicly available fast,0.0,0.0,0.0,0.0,0.0,3300.0,0.5218960916653587,51361911.0,1710196756713.17
South Korea,KOR,Asia,AS,2017,2015-2019,Pre-Pandemic,EV,Publicly available slow,0.0,0.0,0.0,0.0,0.0,10000.0,0.5218960916653587,51361911.0,1710196756713.17
South Korea,KOR,Asia,AS,2017,2015-2019,Pre-Pandemic,Vans,BEV,0.0,0.0,32.0,0.0,0.0,0.0,0.5218960916653587,51361911.0,1710196756713.17
South Korea,KOR,Asia,AS,2017,2015-2019,Pre-Pandemic,Vans,EV,0.0,0.0,0.0,0.001300000003539,0.0,0.0,0.5218960916653587,51361911.0,1710196756713.17
South Korea,KOR,Asia,AS,2018,2015-2019,Pre-Pandemic,Buses,BEV,50.0,0.0,100.0,0.0,0.0,0.0,0.4392055546584854,51585058.0,1824251454306.83
South Korea,KOR,Asia,AS,2018,2015-2019,Pre-Pandemic,Buses,EV,0.0,0.035000000149012,0.0,0.017000000923872,0.0,0.0,0.4392055546584854,51585058.0,1824251454306.83
South Korea,KOR,Asia,AS,2018,2015-2019,Pre-Pandemic,Cars,BEV,55000.0,0.0,55000.0,0.0,0.0,0.0,0.4392055546584854,51585058.0,1824251454306.83
South Korea,KOR,Asia,AS,2018,2015-2019,Pre-Pandemic,Cars,EV,0.0,3.79999995231628,0.0,0.330000013113022,0.0,0.0,0.4392055546584854,51585058.0,1824251454306.83
South Korea,KOR,Asia,AS,2018,2015-2019,Pre-Pandemic,Cars,FCEV,910.0,0.0,900.0,0.0,0.0,0.0,0.4392055546584854,51585058.0,1824251454306.83
South Korea,KOR,Asia,AS,2018,2015-2019,Pre-Pandemic,Cars,PHEV,4400.0,0.0,5600.0,0.0,0.0,0.0,0.4392055546584854,51585058.0,1824251454306.83
South Korea,KOR,Asia,AS,2018,2015-2019,Pre-Pandemic,EV,Publicly available fast,0.0,0.0,0.0,0.0,0.0,5200.0,0.4392055546584854,51585058.0,1824251454306.83
South Korea,KOR,Asia,AS,2018,2015-2019,Pre-Pandemic,EV,Publicly available slow,0.0,0.0,0.0,0.0,0.0,22000.0,0.4392055546584854,51585058.0,1824251454306.83
South Korea,KOR,Asia,AS,2018,2015-2019,Pre-Pandemic,Vans,BEV,300.0,0.0,330.0,0.0,0.0,0.0,0.4392055546584854,51585058.0,1824251454306.83
South Korea,KOR,Asia,AS,2018,2015-2019,Pre-Pandemic,Vans,EV,0.0,0.140000000596046,0.0,0.013000000268221,0.0,0.0,0.4392055546584854,51585058.0,1824251454306.83
South Korea,KOR,Asia,AS,2018,2015-2019,Pre-Pandemic,Vans,FCEV,2.0,0.0,0.0,0.0,0.0,0.0,0.4392055546584854,51585058.0,1824251454306.83
South Korea,KOR,Asia,AS,2019,2015-2019,Pre-Pandemic,Buses,BEV,110.0,0.0,220.0,0.0,0.0,0.0,0.41404392222688485,51764822.0,1751045752054.63
South Korea,KOR,Asia,AS,2019,2015-2019,Pre-Pandemic,Buses,EV,0.0,0.086000002920628,0.0,0.032999999821186,0.0,0.0,0.41404392222688485,51764822.0,1751045752054.63
South Korea,KOR,Asia,AS,2019,2015-2019,Pre-Pandemic,Buses,FCEV,0.0,0.0,15.0,0.0,0.0,0.0,0.41404392222688485,51764822.0,1751045752054.63
South Korea,KOR,Asia,AS,2019,2015-2019,Pre-Pandemic,Cars,BEV,33000.0,0.0,89000.0,0.0,0.0,0.0,0.41404392222688485,51764822.0,1751045752054.63
South Korea,KOR,Asia,AS,2019,2015-2019,Pre-Pandemic,Cars,EV,0.0,2.29999995231628,0.0,0.529999971389771,0.0,0.0,0.41404392222688485,51764822.0,1751045752054.63
South Korea,KOR,Asia,AS,2019,2015-2019,Pre-Pandemic,Cars,FCEV,4200.0,0.0,5100.0,0.0,0.0,0.0,0.41404392222688485,51764822.0,1751045752054.63
South Korea,KOR,Asia,AS,2019,2015-2019,Pre-Pandemic,Cars,PHEV,2700.0,0.0,11000.0,0.0,0.0,0.0,0.41404392222688485,51764822.0,1751045752054.63
South Korea,KOR,Asia,AS,2019,2015-2019,Pre-Pandemic,EV,Publicly available fast,0.0,0.0,0.0,0.0,0.0,7400.0,0.41404392222688485,51764822.0,1751045752054.63
South Korea,KOR,Asia,AS,2019,2015-2019,Pre-Pandemic,EV,Publicly available slow,0.0,0.0,0.0,0.0,0.0,37000.0,0.41404392222688485,51764822.0,1751045752054.63
South Korea,KOR,Asia,AS,2019,2015-2019,Pre-Pandemic,Vans,BEV,1500.0,0.0,1900.0,0.0,0.0,0.0,0.41404392222688485,51764822.0,1751045752054.63
South Korea,KOR,Asia,AS,2019,2015-2019,Pre-Pandemic,Vans,EV,0.0,0.730000019073486,0.0,0.072999998927116,0.0,0.0,0.41404392222688485,51764822.0,1751045752054.63
South Korea,KOR,Asia,AS,2019,2015-2019,Pre-Pandemic,Vans,FCEV,15.0,0.0,0.0,0.0,0.0,0.0,0.41404392222688485,51764822.0,1751045752054.63
South Korea,KOR,Asia,AS,2020,2020-2023,Pandemic,Buses,BEV,700.0,0.0,1800.0,0.0,0.0,0.0,0.2723273514419384,51836239.0,1744070276373.34
South Korea,KOR,Asia,AS,2020,2020-2023,Pandemic,Buses,EV,0.0,0.479999989271164,0.0,0.259999990463257,0.0,0.0,0.2723273514419384,51836239.0,1744070276373.34
South Korea,KOR,Asia,AS,2020,2020-2023,Pandemic,Buses,FCEV,37.0,0.0,52.0,0.0,0.0,0.0,0.2723273514419384,51836239.0,1744070276373.34
South Korea,KOR,Asia,AS,2020,2020-2023,Pandemic,Cars,BEV,31000.0,0.0,120000.0,0.0,0.0,0.0,0.2723273514419384,51836239.0,1744070276373.34
South Korea,KOR,Asia,AS,2020,2020-2023,Pandemic,Cars,EV,0.0,2.40000009536743,0.0,0.740000009536743,0.0,0.0,0.2723273514419384,51836239.0,1744070276373.34
South Korea,KOR,Asia,AS,2020,2020-2023,Pandemic,Cars,FCEV,5000.0,0.0,10000.0,0.0,0.0,0.0,0.2723273514419384,51836239.0,1744070276373.34
South Korea,KOR,Asia,AS,2020,2020-2023,Pandemic,Cars,PHEV,8700.0,0.0,24000.0,0.0,0.0,0.0,0.2723273514419384,51836239.0,1744070276373.34
South Korea,KOR,Asia,AS,2020,2020-2023,Pandemic,EV,Publicly available fast,0.0,0.0,0.0,0.0,0.0,9800.0,0.2723273514419384,51836239.0,1744070276373.34
South Korea,KOR,Asia,AS,2020,2020-2023,Pandemic,EV,Publicly available slow,0.0,0.0,0.0,0.0,0.0,37000.0,0.2723273514419384,51836239.0,1744070276373.34
South Korea,KOR,Asia,AS,2020,2020-2023,Pandemic,Vans,BEV,15000.0,0.0,16000.0,0.0,0.0,0.0,0.2723273514419384,51836239.0,1744070276373.34
South Korea,KOR,Asia,AS,2020,2020-2023,Pandemic,Vans,EV,0.0,6.0,0.0,0.629999995231628,0.0,0.0,0.2723273514419384,51836239.0,1744070276373.34
South Korea,KOR,Asia,AS,2020,2020-2023,Pandemic,Vans,FCEV,60.0,0.0,0.0,0.0,0.0,0.0,0.2723273514419384,51836239.0,1744070276373.34
South Korea,KOR,Asia,AS,2021,2020-2023,Pandemic,Buses,BEV,340.0,0.0,3100.0,0.0,0.0,0.0,0.3552103044185506,51769539.0,1942313560965.9
South Korea,KOR,Asia,AS,2021,2020-2023,Pandemic,Buses,EV,0.0,0.209999993443489,0.0,0.400000005960465,0.0,0.0,0.3552103044185506,51769539.0,1942313560965.9
South Korea,KOR,Asia,AS,2021,2020-2023,Pandemic,Buses,FCEV,77.0,0.0,130.0,0.0,0.0,0.0,0.3552103044185506,51769539.0,1942313560965.9
South Korea,KOR,Asia,AS,2021,2020-2023,Pandemic,Cars,BEV,72000.0,0.0,190000.0,0.0,0.0,0.0,0.3552103044185506,51769539.0,1942313560965.9
South Korea,KOR,Asia,AS,2021,2020-2023,Pandemic,Cars,EV,0.0,5.80000019073486,0.0,1.20000004768372,0.0,0.0,0.3552103044185506,51769539.0,1942313560965.9
South Korea,KOR,Asia,AS,2021,2020-2023,Pandemic,Cars,FCEV,9200.0,0.0,19000.0,0.0,0.0,0.0,0.3552103044185506,51769539.0,1942313560965.9
South Korea,KOR,Asia,AS,2021,2020-2023,Pandemic,Cars,PHEV,19000.0,0.0,44000.0,0.0,0.0,0.0,0.3552103044185506,51769539.0,1942313560965.9
South Korea,KOR,Asia,AS,2021,2020-2023,Pandemic,EV,Publicly available fast,0.0,0.0,0.0,0.0,0.0,15000.0,0.3552103044185506,51769539.0,1942313560965.9
South Korea,KOR,Asia,AS,2021,2020-2023,Pandemic,EV,Publicly available slow,0.0,0.0,0.0,0.0,0.0,92000.0,0.3552103044185506,51769539.0,1942313560965.9
South Korea,KOR,Asia,AS,2021,2020-2023,Pandemic,Vans,BEV,29000.0,0.0,45000.0,0.0,0.0,0.0,0.3552103044185506,51769539.0,1942313560965.9
South Korea,KOR,Asia,AS,2021,2020-2023,Pandemic,Vans,EV,0.0,12.0,0.0,1.70000004768372,0.0,0.0,0.3552103044185506,51769539.0,1942313560965.9
South Korea,KOR,Asia,AS,2021,2020-2023,Pandemic,Vans,FCEV,54.0,0.0,0.0,0.0,0.0,0.0,0.3552103044185506,51769539.0,1942313560965.9
South Korea,KOR,Asia,AS,2022,2020-2023,Post-Pandemic,Buses,BEV,640.0,0.0,5200.0,0.0,0.0,0.0,0.4254148323738571,51672569.0,1799363116866.52
South Korea,KOR,Asia,AS,2022,2020-2023,Post-Pandemic,Buses,EV,0.0,0.25,0.0,0.560000002384186,0.0,0.0,0.4254148323738571,51672569.0,1799363116866.52
South Korea,KOR,Asia,AS,2022,2020-2023,Post-Pandemic,Buses,FCEV,150.0,0.0,280.0,0.0,0.0,0.0,0.4254148323738571,51672569.0,1799363116866.52
South Korea,KOR,Asia,AS,2022,2020-2023,Post-Pandemic,Cars,BEV,120000.0,0.0,300000.0,0.0,0.0,0.0,0.4254148323738571,51672569.0,1799363116866.52
South Korea,KOR,Asia,AS,2022,2020-2023,Post-Pandemic,Cars,EV,0.0,8.5,0.0,1.70000004768372,0.0,0.0,0.4254148323738571,51672569.0,1799363116866.52
South Korea,KOR,Asia,AS,2022,2020-2023,Post-Pandemic,Cars,FCEV,10000.0,0.0,29000.0,0.0,0.0,0.0,0.4254148323738571,51672569.0,1799363116866.52
South Korea,KOR,Asia,AS,2022,2020-2023,Post-Pandemic,Cars,PHEV,11000.0,0.0,57000.0,0.0,0.0,0.0,0.4254148323738571,51672569.0,1799363116866.52
South Korea,KOR,Asia,AS,2022,2020-2023,Post-Pandemic,EV,Publicly available fast,0.0,0.0,0.0,0.0,0.0,21000.0,0.4254148323738571,51672569.0,1799363116866.52
South Korea,KOR,Asia,AS,2022,2020-2023,Post-Pandemic,EV,Publicly available slow,0.0,0.0,0.0,0.0,0.0,180000.0,0.4254148323738571,51672569.0,1799363116866.52
South Korea,KOR,Asia,AS,2022,2020-2023,Post-Pandemic,Vans,BEV,36000.0,0.0,81000.0,0.0,0.0,0.0,0.4254148323738571,51672569.0,1799363116866.52
South Korea,KOR,Asia,AS,2022,2020-2023,Post-Pandemic,Vans,EV,0.0,15.0,0.0,2.90000009536743,0.0,0.0,0.4254148323738571,51672569.0,1799363116866.52
South Korea,KOR,Asia,AS,2023,2020-2023,Post-Pandemic,Buses,BEV,2500.0,0.0,4400.0,0.0,0.0,0.0,0.2964383157584249,51712619.0,1844800934391.54
South Korea,KOR,Asia,AS,2023,2020-2023,Post-Pandemic,Buses,EV,0.0,0.97000002861023,0.0,0.409999996423721,0.0,0.0,0.2964383157584249,51712619.0,1844800934391.54
South Korea,KOR,Asia,AS,2023,2020-2023,Post-Pandemic,Buses,FCEV,370.0,0.0,650.0,0.0,0.0,0.0,0.2964383157584249,51712619.0,1844800934391.54
South Korea,KOR,Asia,AS,2023,2020-2023,Post-Pandemic,Cars,BEV,120000.0,0.0,460000.0,0.0,0.0,0.0,0.2964383157584249,51712619.0,1844800934391.54
South Korea,KOR,Asia,AS,2023,2020-2023,Post-Pandemic,Cars,EV,0.0,7.90000009536743,0.0,2.40000009536743,0.0,0.0,0.2964383157584249,51712619.0,1844800934391.54
South Korea,KOR,Asia,AS,2023,2020-2023,Post-Pandemic,Cars,FCEV,4300.0,0.0,34000.0,0.0,0.0,0.0,0.2964383157584249,51712619.0,1844800934391.54
South Korea,KOR,Asia,AS,2023,2020-2023,Post-Pandemic,Cars,PHEV,12000.0,0.0,59000.0,0.0,0.0,0.0,0.2964383157584249,51712619.0,1844800934391.54
South Korea,KOR,Asia,AS,2023,2020-2023,Post-Pandemic,EV,Publicly available fast,0.0,0.0,0.0,0.0,0.0,21000.0,0.2964383157584249,51712619.0,1844800934391.54
South Korea,KOR,Asia,AS,2023,2020-2023,Post-Pandemic,EV,Publicly available slow,0.0,0.0,0.0,0.0,0.0,180000.0,0.2964383157584249,51712619.0,1844800934391.54
South Korea,KOR,Asia,AS,2023,2020-2023,Post-Pandemic,Vans,BEV,41000.0,0.0,120000.0,0.0,0.0,0.0,0.2964383157584249,51712619.0,1844800934391.54
South Korea,KOR,Asia,AS,2023,2020-2023,Post-Pandemic,Vans,EV,0.0,18.0,0.0,4.19999980926514,0.0,0.0,0.2964383157584249,51712619.0,1844800934391.54
Spain,ESP,Europe,EU,2010,2010-2014,Pre-Pandemic,Cars,BEV,76.0,0.0,76.0,0.0,0.0,0.0,0.0,46576897.0,1427989078916.67
Spain,ESP,Europe,EU,2010,2010-2014,Pre-Pandemic,Cars,EV,0.0,0.007699999958277,0.0,0.000339999998687,0.0,0.0,0.0,46576897.0,1427989078916.67
Spain,ESP,Europe,EU,2011,2010-2014,Pre-Pandemic,Cars,BEV,390.0,0.0,460.0,0.0,0.0,0.0,0.0,46742697.0,1487568659241.25
Spain,ESP,Europe,EU,2011,2010-2014,Pre-Pandemic,Cars,EV,0.0,0.0489999987185,0.0,0.002099999925122,0.0,0.0,0.0,46742697.0,1487568659241.25
Spain,ESP,Europe,EU,2011,2010-2014,Pre-Pandemic,Cars,PHEV,8.0,0.0,8.0,0.0,0.0,0.0,0.0,46742697.0,1487568659241.25
Spain,ESP,Europe,EU,2011,2010-2014,Pre-Pandemic,Vans,BEV,24.0,0.0,0.0,0.0,0.0,0.0,0.0,46742697.0,1487568659241.25
Spain,ESP,Europe,EU,2011,2010-2014,Pre-Pandemic,Vans,EV,0.0,0.023000000044704,0.0,0.0,0.0,0.0,0.0,46742697.0,1487568659241.25
Spain,ESP,Europe,EU,2012,2010-2014,Pre-Pandemic,Cars,BEV,430.0,0.0,890.0,0.0,0.0,0.0,0.39603960396039606,46773055.0,1330994811670.31
Spain,ESP,Europe,EU,2012,2010-2014,Pre-Pandemic,Cars,EV,0.0,0.07599999755621,0.0,0.004499999806285,0.0,0.0,0.39603960396039606,46773055.0,1330994811670.31
Spain,ESP,Europe,EU,2012,2010-2014,Pre-Pandemic,Cars,PHEV,110.0,0.0,120.0,0.0,0.0,0.0,0.39603960396039606,46773055.0,1330994811670.31
Spain,ESP,Europe,EU,2012,2010-2014,Pre-Pandemic,EV,Publicly available slow,0.0,0.0,0.0,0.0,0.0,400.0,0.39603960396039606,46773055.0,1330994811670.31
Spain,ESP,Europe,EU,2012,2010-2014,Pre-Pandemic,Vans,BEV,200.0,0.0,0.0,0.0,0.0,0.0,0.39603960396039606,46773055.0,1330994811670.31
Spain,ESP,Europe,EU,2012,2010-2014,Pre-Pandemic,Vans,EV,0.0,0.270000010728836,0.0,0.0,0.0,0.0,0.39603960396039606,46773055.0,1330994811670.31
Spain,ESP,Europe,EU,2013,2010-2014,Pre-Pandemic,Cars,BEV,810.0,0.0,1700.0,0.0,0.0,0.0,0.4714285714285714,46604197.0,1362186923157.65
Spain,ESP,Europe,EU,2013,2010-2014,Pre-Pandemic,Cars,EV,0.0,0.119999997317791,0.0,0.008600000292063,0.0,0.0,0.4714285714285714,46604197.0,1362186923157.65
Spain,ESP,Europe,EU,2013,2010-2014,Pre-Pandemic,Cars,PHEV,72.0,0.0,190.0,0.0,0.0,0.0,0.4714285714285714,46604197.0,1362186923157.65
Spain,ESP,Europe,EU,2013,2010-2014,Pre-Pandemic,EV,Publicly available fast,0.0,0.0,0.0,0.0,0.0,91.0,0.4714285714285714,46604197.0,1362186923157.65
Spain,ESP,Europe,EU,2013,2010-2014,Pre-Pandemic,EV,Publicly available slow,0.0,0.0,0.0,0.0,0.0,800.0,0.4714285714285714,46604197.0,1362186923157.65
Spain,ESP,Europe,EU,2013,2010-2014,Pre-Pandemic,Vans,BEV,72.0,0.0,0.0,0.0,0.0,0.0,0.4714285714285714,46604197.0,1362186923157.65
Spain,ESP,Europe,EU,2013,2010-2014,Pre-Pandemic,Vans,EV,0.0,0.083999998867512,0.0,0.0,0.0,0.0,0.4714285714285714,46604197.0,1362186923157.65
Spain,ESP,Europe,EU,2014,2010-2014,Pre-Pandemic,Buses,BEV,11.0,0.0,0.0,0.0,0.0,0.0,0.2513812154696133,46460733.0,1380244561361.96
Spain,ESP,Europe,EU,2014,2010-2014,Pre-Pandemic,Buses,EV,0.0,0.409999996423721,0.0,0.0,0.0,0.0,0.2513812154696133,46460733.0,1380244561361.96
Spain,ESP,Europe,EU,2014,2010-2014,Pre-Pandemic,Cars,BEV,1400.0,0.0,3100.0,0.0,0.0,0.0,0.2513812154696133,46460733.0,1380244561361.96
Spain,ESP,Europe,EU,2014,2010-2014,Pre-Pandemic,Cars,EV,0.0,0.200000002980232,0.0,0.016000000759959,0.0,0.0,0.2513812154696133,46460733.0,1380244561361.96
Spain,ESP,Europe,EU,2014,2010-2014,Pre-Pandemic,Cars,PHEV,330.0,0.0,520.0,0.0,0.0,0.0,0.2513812154696133,46460733.0,1380244561361.96
Spain,ESP,Europe,EU,2014,2010-2014,Pre-Pandemic,EV,Publicly available fast,0.0,0.0,0.0,0.0,0.0,110.0,0.2513812154696133,46460733.0,1380244561361.96
Spain,ESP,Europe,EU,2014,2010-2014,Pre-Pandemic,EV,Publicly available slow,0.0,0.0,0.0,0.0,0.0,800.0,0.2513812154696133,46460733.0,1380244561361.96
Spain,ESP,Europe,EU,2014,2010-2014,Pre-Pandemic,Vans,BEV,360.0,0.0,0.0,0.0,0.0,0.0,0.2513812154696133,46460733.0,1380244561361.96
Spain,ESP,Europe,EU,2014,2010-2014,Pre-Pandemic,Vans,EV,0.0,0.310000002384186,0.0,0.0,0.0,0.0,0.2513812154696133,46460733.0,1380244561361.96
Spain,ESP,Europe,EU,2015,2015-2019,Pre-Pandemic,Buses,BEV,2.0,0.0,0.0,0.0,0.0,0.0,0.2411764705882353,46422303.0,1206164777553.12
Spain,ESP,Europe,EU,2015,2015-2019,Pre-Pandemic,Buses,EV,0.0,0.059000000357628,0.0,0.0,0.0,0.0,0.2411764705882353,46422303.0,1206164777553.12
Spain,ESP,Europe,EU,2015,2015-2019,Pre-Pandemic,Cars,BEV,1300.0,0.0,4400.0,0.0,0.0,0.0,0.2411764705882353,46422303.0,1206164777553.12
Spain,ESP,Europe,EU,2015,2015-2019,Pre-Pandemic,Cars,EV,0.0,0.200000002980232,0.0,0.026000000536442,0.0,0.0,0.2411764705882353,46422303.0,1206164777553.12
Spain,ESP,Europe,EU,2015,2015-2019,Pre-Pandemic,Cars,PHEV,780.0,0.0,1300.0,0.0,0.0,0.0,0.2411764705882353,46422303.0,1206164777553.12
Spain,ESP,Europe,EU,2015,2015-2019,Pre-Pandemic,EV,Publicly available fast,0.0,0.0,0.0,0.0,0.0,240.0,0.2411764705882353,46422303.0,1206164777553.12
Spain,ESP,Europe,EU,2015,2015-2019,Pre-Pandemic,EV,Publicly available slow,0.0,0.0,0.0,0.0,0.0,1400.0,0.2411764705882353,46422303.0,1206164777553.12
Spain,ESP,Europe,EU,2015,2015-2019,Pre-Pandemic,Vans,BEV,540.0,0.0,1100.0,0.0,0.0,0.0,0.2411764705882353,46422303.0,1206164777553.12
Spain,ESP,Europe,EU,2015,2015-2019,Pre-Pandemic,Vans,EV,0.0,0.370000004768372,0.0,0.024000000208616,0.0,0.0,0.2411764705882353,46422303.0,1206164777553.12
Spain,ESP,Europe,EU,2016,2015-2019,Pre-Pandemic,Buses,BEV,27.0,0.0,0.0,0.0,0.0,0.0,0.30964912280701756,46458139.0,1243015667917.12
Spain,ESP,Europe,EU,2016,2015-2019,Pre-Pandemic,Buses,EV,0.0,0.649999976158142,0.0,0.0,0.0,0.0,0.30964912280701756,46458139.0,1243015667917.12
Spain,ESP,Europe,EU,2016,2015-2019,Pre-Pandemic,Cars,BEV,2000.0,0.0,6500.0,0.0,0.0,0.0,0.30964912280701756,46458139.0,1243015667917.12
Spain,ESP,Europe,EU,2016,2015-2019,Pre-Pandemic,Cars,EV,0.0,0.310000002384186,0.0,0.03999999910593,0.0,0.0,0.30964912280701756,46458139.0,1243015667917.12
Spain,ESP,Europe,EU,2016,2015-2019,Pre-Pandemic,Cars,PHEV,1500.0,0.0,2800.0,0.0,0.0,0.0,0.30964912280701756,46458139.0,1243015667917.12
Spain,ESP,Europe,EU,2016,2015-2019,Pre-Pandemic,EV,Publicly available fast,0.0,0.0,0.0,0.0,0.0,230.0,0.30964912280701756,46458139.0,1243015667917.12
Spain,ESP,Europe,EU,2016,2015-2019,Pre-Pandemic,EV,Publicly available slow,0.0,0.0,0.0,0.0,0.0,3300.0,0.30964912280701756,46458139.0,1243015667917.12
Spain,ESP,Europe,EU,2016,2015-2019,Pre-Pandemic,Trucks,BEV,13.0,0.0,0.0,0.0,0.0,0.0,0.30964912280701756,46458139.0,1243015667917.12
Spain,ESP,Europe,EU,2016,2015-2019,Pre-Pandemic,Trucks,EV,0.0,0.052000001072884,0.0,0.0,0.0,0.0,0.30964912280701756,46458139.0,1243015667917.12
Spain,ESP,Europe,EU,2016,2015-2019,Pre-Pandemic,Vans,BEV,720.0,0.0,2100.0,0.0,0.0,0.0,0.30964912280701756,46458139.0,1243015667917.12
Spain,ESP,Europe,EU,2016,2015-2019,Pre-Pandemic,Vans,EV,0.0,0.469999998807907,0.0,0.061000000685454,0.0,0.0,0.30964912280701756,46458139.0,1243015667917.12
Spain,ESP,Europe,EU,2017,2015-2019,Pre-Pandemic,Buses,BEV,8.0,0.0,100.0,0.0,0.0,0.0,0.2520316839831293,46571232.0,1321754088818.83
Spain,ESP,Europe,EU,2017,2015-2019,Pre-Pandemic,Buses,EV,0.0,0.300000011920929,0.0,0.230000004172325,0.0,0.0,0.2520316839831293,46571232.0,1321754088818.83
Spain,ESP,Europe,EU,2017,2015-2019,Pre-Pandemic,Buses,PHEV,5.0,0.0,42.0,0.0,0.0,0.0,0.2520316839831293,46571232.0,1321754088818.83
Spain,ESP,Europe,EU,2017,2015-2019,Pre-Pandemic,Cars,BEV,3900.0,0.0,10000.0,0.0,0.0,0.0,0.2520316839831293,46571232.0,1321754088818.83
Spain,ESP,Europe,EU,2017,2015-2019,Pre-Pandemic,Cars,EV,0.0,0.600000023841858,0.0,0.071000002324581,0.0,0.0,0.2520316839831293,46571232.0,1321754088818.83
Spain,ESP,Europe,EU,2017,2015-2019,Pre-Pandemic,Cars,PHEV,3500.0,0.0,6300.0,0.0,0.0,0.0,0.2520316839831293,46571232.0,1321754088818.83
Spain,ESP,Europe,EU,2017,2015-2019,Pre-Pandemic,EV,Publicly available fast,0.0,0.0,0.0,0.0,0.0,600.0,0.2520316839831293,46571232.0,1321754088818.83
Spain,ESP,Europe,EU,2017,2015-2019,Pre-Pandemic,EV,Publicly available slow,0.0,0.0,0.0,0.0,0.0,4300.0,0.2520316839831293,46571232.0,1321754088818.83
Spain,ESP,Europe,EU,2017,2015-2019,Pre-Pandemic,Trucks,BEV,2.0,0.0,0.0,0.0,0.0,0.0,0.2520316839831293,46571232.0,1321754088818.83
Spain,ESP,Europe,EU,2017,2015-2019,Pre-Pandemic,Trucks,EV,0.0,0.008100000210106,0.0,0.0,0.0,0.0,0.2520316839831293,46571232.0,1321754088818.83
Spain,ESP,Europe,EU,2017,2015-2019,Pre-Pandemic,Vans,BEV,840.0,0.0,3000.0,0.0,0.0,0.0,0.2520316839831293,46571232.0,1321754088818.83
Spain,ESP,Europe,EU,2017,2015-2019,Pre-Pandemic,Vans,EV,0.0,0.509999990463257,0.0,0.083999998867512,0.0,0.0,0.2520316839831293,46571232.0,1321754088818.83
Spain,ESP,Europe,EU,2018,2015-2019,Pre-Pandemic,Buses,BEV,30.0,0.0,130.0,0.0,0.0,0.0,0.1522088475182681,46782011.0,1431642809327.06
Spain,ESP,Europe,EU,2018,2015-2019,Pre-Pandemic,Buses,EV,0.0,0.910000026226044,0.0,0.28999999165535,0.0,0.0,0.1522088475182681,46782011.0,1431642809327.06
Spain,ESP,Europe,EU,2018,2015-2019,Pre-Pandemic,Buses,PHEV,8.0,0.0,50.0,0.0,0.0,0.0,0.1522088475182681,46782011.0,1431642809327.06
Spain,ESP,Europe,EU,2018,2015-2019,Pre-Pandemic,Cars,BEV,6000.0,0.0,16000.0,0.0,0.0,0.0,0.1522088475182681,46782011.0,1431642809327.06
Spain,ESP,Europe,EU,2018,2015-2019,Pre-Pandemic,Cars,EV,0.0,0.879999995231628,0.0,0.119999997317791,0.0,0.0,0.1522088475182681,46782011.0,1431642809327.06
Spain,ESP,Europe,EU,2018,2015-2019,Pre-Pandemic,Cars,FCEV,1.0,0.0,1.0,0.0,0.0,0.0,0.1522088475182681,46782011.0,1431642809327.06
Spain,ESP,Europe,EU,2018,2015-2019,Pre-Pandemic,Cars,PHEV,5600.0,0.0,12000.0,0.0,0.0,0.0,0.1522088475182681,46782011.0,1431642809327.06
Spain,ESP,Europe,EU,2018,2015-2019,Pre-Pandemic,EV,Publicly available fast,0.0,0.0,0.0,0.0,0.0,620.0,0.1522088475182681,46782011.0,1431642809327.06
Spain,ESP,Europe,EU,2018,2015-2019,Pre-Pandemic,EV,Publicly available slow,0.0,0.0,0.0,0.0,0.0,4400.0,0.1522088475182681,46782011.0,1431642809327.06
Spain,ESP,Europe,EU,2018,2015-2019,Pre-Pandemic,Vans,BEV,1800.0,0.0,4800.0,0.0,0.0,0.0,0.1522088475182681,46782011.0,1431642809327.06
Spain,ESP,Europe,EU,2018,2015-2019,Pre-Pandemic,Vans,EV,0.0,0.959999978542328,0.0,0.129999995231628,0.0,0.0,0.1522088475182681,46782011.0,1431642809327.06
Spain,ESP,Europe,EU,2019,2015-2019,Pre-Pandemic,Buses,BEV,100.0,0.0,240.0,0.0,0.0,0.0,0.10656642963709287,47118501.0,1403496387686.27
Spain,ESP,Europe,EU,2019,2015-2019,Pre-Pandemic,Buses,EV,0.0,2.70000004768372,0.0,0.46000000834465,0.0,0.0,0.10656642963709287,47118501.0,1403496387686.27
Spain,ESP,Europe,EU,2019,2015-2019,Pre-Pandemic,Buses,PHEV,6.0,0.0,56.0,0.0,0.0,0.0,0.10656642963709287,47118501.0,1403496387686.27
Spain,ESP,Europe,EU,2019,2015-2019,Pre-Pandemic,Cars,BEV,10000.0,0.0,26000.0,0.0,0.0,0.0,0.10656642963709287,47118501.0,1403496387686.27
Spain,ESP,Europe,EU,2019,2015-2019,Pre-Pandemic,Cars,EV,0.0,1.39999997615814,0.0,0.189999997615814,0.0,0.0,0.10656642963709287,47118501.0,1403496387686.27
Spain,ESP,Europe,EU,2019,2015-2019,Pre-Pandemic,Cars,FCEV,1.0,0.0,2.0,0.0,0.0,0.0,0.10656642963709287,47118501.0,1403496387686.27
Spain,ESP,Europe,EU,2019,2015-2019,Pre-Pandemic,Cars,PHEV,7400.0,0.0,19000.0,0.0,0.0,0.0,0.10656642963709287,47118501.0,1403496387686.27
Spain,ESP,Europe,EU,2019,2015-2019,Pre-Pandemic,EV,Publicly available fast,0.0,0.0,0.0,0.0,0.0,1000.0,0.10656642963709287,47118501.0,1403496387686.27
Spain,ESP,Europe,EU,2019,2015-2019,Pre-Pandemic,EV,Publicly available slow,0.0,0.0,0.0,0.0,0.0,4500.0,0.10656642963709287,47118501.0,1403496387686.27
Spain,ESP,Europe,EU,2019,2015-2019,Pre-Pandemic,Trucks,BEV,7.0,0.0,5.0,0.0,0.0,0.0,0.10656642963709287,47118501.0,1403496387686.27
Spain,ESP,Europe,EU,2019,2015-2019,Pre-Pandemic,Trucks,EV,0.0,0.028000000864267,0.0,0.000850000011269,0.0,0.0,0.10656642963709287,47118501.0,1403496387686.27
Spain,ESP,Europe,EU,2019,2015-2019,Pre-Pandemic,Vans,BEV,1900.0,0.0,6300.0,0.0,0.0,0.0,0.10656642963709287,47118501.0,1403496387686.27
Spain,ESP,Europe,EU,2019,2015-2019,Pre-Pandemic,Vans,EV,0.0,1.10000002384186,0.0,0.170000001788139,0.0,0.0,0.10656642963709287,47118501.0,1403496387686.27
Spain,ESP,Europe,EU,2019,2015-2019,Pre-Pandemic,Vans,PHEV,0.0,0.0,8.0,0.0,0.0,0.0,0.10656642963709287,47118501.0,1403496387686.27
Spain,ESP,Europe,EU,2020,2020-2023,Pandemic,Buses,BEV,51.0,0.0,240.0,0.0,0.0,0.0,0.08417071067097566,47359424.0,1289783836971.21
Spain,ESP,Europe,EU,2020,2020-2023,Pandemic,Buses,EV,0.0,2.0,0.0,0.490000009536743,0.0,0.0,0.08417071067097566,47359424.0,1289783836971.21
Spain,ESP,Europe,EU,2020,2020-2023,Pandemic,Buses,PHEV,7.0,0.0,63.0,0.0,0.0,0.0,0.08417071067097566,47359424.0,1289783836971.21
Spain,ESP,Europe,EU,2020,2020-2023,Pandemic,Cars,BEV,18000.0,0.0,45000.0,0.0,0.0,0.0,0.08417071067097566,47359424.0,1289783836971.21
Spain,ESP,Europe,EU,2020,2020-2023,Pandemic,Cars,EV,0.0,4.90000009536743,0.0,0.360000014305115,0.0,0.0,0.08417071067097566,47359424.0,1289783836971.21
Spain,ESP,Europe,EU,2020,2020-2023,Pandemic,Cars,FCEV,7.0,0.0,9.0,0.0,0.0,0.0,0.08417071067097566,47359424.0,1289783836971.21
Spain,ESP,Europe,EU,2020,2020-2023,Pandemic,Cars,PHEV,24000.0,0.0,43000.0,0.0,0.0,0.0,0.08417071067097566,47359424.0,1289783836971.21
Spain,ESP,Europe,EU,2020,2020-2023,Pandemic,EV,Publicly available fast,0.0,0.0,0.0,0.0,0.0,2100.0,0.08417071067097566,47359424.0,1289783836971.21
Spain,ESP,Europe,EU,2020,2020-2023,Pandemic,EV,Publicly available slow,0.0,0.0,0.0,0.0,0.0,6000.0,0.08417071067097566,47359424.0,1289783836971.21
Spain,ESP,Europe,EU,2020,2020-2023,Pandemic,Trucks,BEV,8.0,0.0,13.0,0.0,0.0,0.0,0.08417071067097566,47359424.0,1289783836971.21
Spain,ESP,Europe,EU,2020,2020-2023,Pandemic,Trucks,EV,0.0,0.041000001132488,0.0,0.002199999988079,0.0,0.0,0.08417071067097566,47359424.0,1289783836971.21
Spain,ESP,Europe,EU,2020,2020-2023,Pandemic,Vans,BEV,2000.0,0.0,7900.0,0.0,0.0,0.0,0.08417071067097566,47359424.0,1289783836971.21
Spain,ESP,Europe,EU,2020,2020-2023,Pandemic,Vans,EV,0.0,1.5,0.0,0.209999993443489,0.0,0.0,0.08417071067097566,47359424.0,1289783836971.21
Spain,ESP,Europe,EU,2020,2020-2023,Pandemic,Vans,PHEV,0.0,0.0,8.0,0.0,0.0,0.0,0.08417071067097566,47359424.0,1289783836971.21
Spain,ESP,Europe,EU,2021,2020-2023,Pandemic,Buses,BEV,150.0,0.0,350.0,0.0,0.0,0.0,0.04953365872517276,47443821.0,1461244901852.69
Spain,ESP,Europe,EU,2021,2020-2023,Pandemic,Buses,EV,0.0,6.09999990463257,0.0,0.730000019073486,0.0,0.0,0.04953365872517276,47443821.0,1461244901852.69
Spain,ESP,Europe,EU,2021,2020-2023,Pandemic,Buses,PHEV,16.0,0.0,100.0,0.0,0.0,0.0,0.04953365872517276,47443821.0,1461244901852.69
Spain,ESP,Europe,EU,2021,2020-2023,Pandemic,Cars,BEV,24000.0,0.0,69000.0,0.0,0.0,0.0,0.04953365872517276,47443821.0,1461244901852.69
Spain,ESP,Europe,EU,2021,2020-2023,Pandemic,Cars,EV,0.0,7.80000019073486,0.0,0.620000004768372,0.0,0.0,0.04953365872517276,47443821.0,1461244901852.69
Spain,ESP,Europe,EU,2021,2020-2023,Pandemic,Cars,FCEV,10.0,0.0,19.0,0.0,0.0,0.0,0.04953365872517276,47443821.0,1461244901852.69
Spain,ESP,Europe,EU,2021,2020-2023,Pandemic,Cars,PHEV,43000.0,0.0,86000.0,0.0,0.0,0.0,0.04953365872517276,47443821.0,1461244901852.69
Spain,ESP,Europe,EU,2021,2020-2023,Pandemic,EV,Publicly available fast,0.0,0.0,0.0,0.0,0.0,2600.0,0.04953365872517276,47443821.0,1461244901852.69
Spain,ESP,Europe,EU,2021,2020-2023,Pandemic,EV,Publicly available slow,0.0,0.0,0.0,0.0,0.0,5600.0,0.04953365872517276,47443821.0,1461244901852.69
Spain,ESP,Europe,EU,2021,2020-2023,Pandemic,Trucks,BEV,23.0,0.0,29.0,0.0,0.0,0.0,0.04953365872517276,47443821.0,1461244901852.69
Spain,ESP,Europe,EU,2021,2020-2023,Pandemic,Trucks,EV,0.0,0.109999999403954,0.0,0.005100000184029,0.0,0.0,0.04953365872517276,47443821.0,1461244901852.69
Spain,ESP,Europe,EU,2021,2020-2023,Pandemic,Vans,BEV,2300.0,0.0,10000.0,0.0,0.0,0.0,0.04953365872517276,47443821.0,1461244901852.69
Spain,ESP,Europe,EU,2021,2020-2023,Pandemic,Vans,EV,0.0,1.60000002384186,0.0,0.270000010728836,0.0,0.0,0.04953365872517276,47443821.0,1461244901852.69
Spain,ESP,Europe,EU,2021,2020-2023,Pandemic,Vans,PHEV,46.0,0.0,46.0,0.0,0.0,0.0,0.04953365872517276,47443821.0,1461244901852.69
Spain,ESP,Europe,EU,2022,2020-2023,Post-Pandemic,Buses,BEV,250.0,0.0,610.0,0.0,0.0,0.0,0.050593226313454066,47786102.0,1448850658406.62
Spain,ESP,Europe,EU,2022,2020-2023,Post-Pandemic,Buses,EV,0.0,9.19999980926514,0.0,1.10000002384186,0.0,0.0,0.050593226313454066,47786102.0,1448850658406.62
Spain,ESP,Europe,EU,2022,2020-2023,Post-Pandemic,Buses,FCEV,6.0,0.0,6.0,0.0,0.0,0.0,0.050593226313454066,47786102.0,1448850658406.62
Spain,ESP,Europe,EU,2022,2020-2023,Post-Pandemic,Buses,PHEV,1.0,0.0,100.0,0.0,0.0,0.0,0.050593226313454066,47786102.0,1448850658406.62
Spain,ESP,Europe,EU,2022,2020-2023,Post-Pandemic,Cars,BEV,33000.0,0.0,96000.0,0.0,0.0,0.0,0.050593226313454066,47786102.0,1448850658406.62
Spain,ESP,Europe,EU,2022,2020-2023,Post-Pandemic,Cars,EV,0.0,8.89999961853027,0.0,0.939999997615814,0.0,0.0,0.050593226313454066,47786102.0,1448850658406.62
Spain,ESP,Europe,EU,2022,2020-2023,Post-Pandemic,Cars,FCEV,4.0,0.0,23.0,0.0,0.0,0.0,0.050593226313454066,47786102.0,1448850658406.62
Spain,ESP,Europe,EU,2022,2020-2023,Post-Pandemic,Cars,PHEV,49000.0,0.0,130000.0,0.0,0.0,0.0,0.050593226313454066,47786102.0,1448850658406.62
Spain,ESP,Europe,EU,2022,2020-2023,Post-Pandemic,EV,Publicly available fast,0.0,0.0,0.0,0.0,0.0,2200.0,0.050593226313454066,47786102.0,1448850658406.62
Spain,ESP,Europe,EU,2022,2020-2023,Post-Pandemic,EV,Publicly available slow,0.0,0.0,0.0,0.0,0.0,10000.0,0.050593226313454066,47786102.0,1448850658406.62
Spain,ESP,Europe,EU,2022,2020-2023,Post-Pandemic,Trucks,BEV,210.0,0.0,200.0,0.0,0.0,0.0,0.050593226313454066,47786102.0,1448850658406.62
Spain,ESP,Europe,EU,2022,2020-2023,Post-Pandemic,Trucks,EV,0.0,0.889999985694885,0.0,0.035999998450279,0.0,0.0,0.050593226313454066,47786102.0,1448850658406.62
Spain,ESP,Europe,EU,2022,2020-2023,Post-Pandemic,Vans,BEV,3500.0,0.0,14000.0,0.0,0.0,0.0,0.050593226313454066,47786102.0,1448850658406.62
Spain,ESP,Europe,EU,2022,2020-2023,Post-Pandemic,Vans,EV,0.0,3.09999990463257,0.0,0.370000004768372,0.0,0.0,0.050593226313454066,47786102.0,1448850658406.62
Spain,ESP,Europe,EU,2022,2020-2023,Post-Pandemic,Vans,PHEV,94.0,0.0,200.0,0.0,0.0,0.0,0.050593226313454066,47786102.0,1448850658406.62
Spain,ESP,Europe,EU,2023,2020-2023,Post-Pandemic,Buses,BEV,520.0,0.0,1200.0,0.0,0.0,0.0,0.0662820924428058,48352528.0,1619481980719.64
Spain,ESP,Europe,EU,2023,2020-2023,Post-Pandemic,Buses,EV,0.0,13.0,0.0,1.79999995231628,0.0,0.0,0.0662820924428058,48352528.0,1619481980719.64
Spain,ESP,Europe,EU,2023,2020-2023,Post-Pandemic,Buses,FCEV,13.0,0.0,19.0,0.0,0.0,0.0,0.0662820924428058,48352528.0,1619481980719.64
Spain,ESP,Europe,EU,2023,2020-2023,Post-Pandemic,Buses,PHEV,29.0,0.0,72.0,0.0,0.0,0.0,0.0662820924428058,48352528.0,1619481980719.64
Spain,ESP,Europe,EU,2023,2020-2023,Post-Pandemic,Cars,BEV,57000.0,0.0,160000.0,0.0,0.0,0.0,0.0662820924428058,48352528.0,1619481980719.64
Spain,ESP,Europe,EU,2023,2020-2023,Post-Pandemic,Cars,EV,0.0,12.0,0.0,1.5,0.0,0.0,0.0662820924428058,48352528.0,1619481980719.64
Spain,ESP,Europe,EU,2023,2020-2023,Post-Pandemic,Cars,FCEV,4.0,0.0,27.0,0.0,0.0,0.0,0.0662820924428058,48352528.0,1619481980719.64
Spain,ESP,Europe,EU,2023,2020-2023,Post-Pandemic,Cars,PHEV,65000.0,0.0,200000.0,0.0,0.0,0.0,0.0662820924428058,48352528.0,1619481980719.64
Spain,ESP,Europe,EU,2023,2020-2023,Post-Pandemic,EV,Publicly available fast,0.0,0.0,0.0,0.0,0.0,6600.0,0.0662820924428058,48352528.0,1619481980719.64
Spain,ESP,Europe,EU,2023,2020-2023,Post-Pandemic,EV,Publicly available slow,0.0,0.0,0.0,0.0,0.0,19000.0,0.0662820924428058,48352528.0,1619481980719.64
Spain,ESP,Europe,EU,2023,2020-2023,Post-Pandemic,Trucks,BEV,440.0,0.0,700.0,0.0,0.0,0.0,0.0662820924428058,48352528.0,1619481980719.64
Spain,ESP,Europe,EU,2023,2020-2023,Post-Pandemic,Trucks,EV,0.0,1.5,0.0,0.129999995231628,0.0,0.0,0.0662820924428058,48352528.0,1619481980719.64
Spain,ESP,Europe,EU,2023,2020-2023,Post-Pandemic,Vans,BEV,10000.0,0.0,24000.0,0.0,0.0,0.0,0.0662820924428058,48352528.0,1619481980719.64
Spain,ESP,Europe,EU,2023,2020-2023,Post-Pandemic,Vans,EV,0.0,7.19999980926514,0.0,0.680000007152557,0.0,0.0,0.0662820924428058,48352528.0,1619481980719.64
Spain,ESP,Europe,EU,2023,2020-2023,Post-Pandemic,Vans,PHEV,5.0,0.0,210.0,0.0,0.0,0.0,0.0662820924428058,48352528.0,1619481980719.64
Sweden,SWE,Europe,EU,2010,2010-2014,Pre-Pandemic,Cars,BEV,4.0,0.0,4.0,0.0,0.0,0.0,0.0,9378126.0,492750897239.447
Sweden,SWE,Europe,EU,2010,2010-2014,Pre-Pandemic,Cars,EV,0.0,0.001300000003539,0.0,9.20000020414591e-05,0.0,0.0,0.0,9378126.0,492750897239.447
Sweden,SWE,Europe,EU,2011,2010-2014,Pre-Pandemic,Cars,BEV,180.0,0.0,180.0,0.0,0.0,0.0,0.0,9449213.0,570538581144.45
Sweden,SWE,Europe,EU,2011,2010-2014,Pre-Pandemic,Cars,EV,0.0,0.054000001400709,0.0,0.004100000020117,0.0,0.0,0.0,9449213.0,570538581144.45
Sweden,SWE,Europe,EU,2011,2010-2014,Pre-Pandemic,Vans,BEV,9.0,0.0,9.0,0.0,0.0,0.0,0.0,9449213.0,570538581144.45
Sweden,SWE,Europe,EU,2011,2010-2014,Pre-Pandemic,Vans,EV,0.0,0.018999999389052,0.0,0.001900000032038,0.0,0.0,0.0,9449213.0,570538581144.45
Sweden,SWE,Europe,EU,2012,2010-2014,Pre-Pandemic,Buses,BEV,0.0,0.0,6.0,0.0,0.0,0.0,0.0,9519374.0,549739674655.127
Sweden,SWE,Europe,EU,2012,2010-2014,Pre-Pandemic,Buses,EV,0.0,0.0,0.0,0.048000000417233,0.0,0.0,0.0,9519374.0,549739674655.127
Sweden,SWE,Europe,EU,2012,2010-2014,Pre-Pandemic,Cars,BEV,270.0,0.0,600.0,0.0,0.0,0.0,0.0,9519374.0,549739674655.127
Sweden,SWE,Europe,EU,2012,2010-2014,Pre-Pandemic,Cars,EV,0.0,0.310000002384186,0.0,0.028000000864267,0.0,0.0,0.0,9519374.0,549739674655.127
Sweden,SWE,Europe,EU,2012,2010-2014,Pre-Pandemic,Cars,PHEV,660.0,0.0,650.0,0.0,0.0,0.0,0.0,9519374.0,549739674655.127
Sweden,SWE,Europe,EU,2012,2010-2014,Pre-Pandemic,Vans,BEV,280.0,0.0,370.0,0.0,0.0,0.0,0.0,9519374.0,549739674655.127
Sweden,SWE,Europe,EU,2012,2010-2014,Pre-Pandemic,Vans,EV,0.0,0.699999988079071,0.0,0.07599999755621,0.0,0.0,0.0,9519374.0,549739674655.127
Sweden,SWE,Europe,EU,2013,2010-2014,Pre-Pandemic,Buses,BEV,0.0,0.0,8.0,0.0,0.0,0.0,0.0015817779183802593,9600379.0,584125353119.18
Sweden,SWE,Europe,EU,2013,2010-2014,Pre-Pandemic,Buses,EV,0.0,0.0,0.0,0.061000000685454,0.0,0.0,0.0015817779183802593,9600379.0,584125353119.18
Sweden,SWE,Europe,EU,2013,2010-2014,Pre-Pandemic,Cars,BEV,430.0,0.0,1000.0,0.0,0.0,0.0,0.0015817779183802593,9600379.0,584125353119.18
Sweden,SWE,Europe,EU,2013,2010-2014,Pre-Pandemic,Cars,EV,0.0,0.529999971389771,0.0,0.05799999833107,0.0,0.0,0.0015817779183802593,9600379.0,584125353119.18
Sweden,SWE,Europe,EU,2013,2010-2014,Pre-Pandemic,Cars,FCEV,3.0,0.0,3.0,0.0,0.0,0.0,0.0015817779183802593,9600379.0,584125353119.18
Sweden,SWE,Europe,EU,2013,2010-2014,Pre-Pandemic,Cars,PHEV,1100.0,0.0,1600.0,0.0,0.0,0.0,0.0015817779183802593,9600379.0,584125353119.18
Sweden,SWE,Europe,EU,2013,2010-2014,Pre-Pandemic,EV,Publicly available slow,0.0,0.0,0.0,0.0,0.0,5.0,0.0015817779183802593,9600379.0,584125353119.18
Sweden,SWE,Europe,EU,2013,2010-2014,Pre-Pandemic,Vans,BEV,210.0,0.0,550.0,0.0,0.0,0.0,0.0015817779183802593,9600379.0,584125353119.18
Sweden,SWE,Europe,EU,2013,2010-2014,Pre-Pandemic,Vans,EV,0.0,0.550000011920929,0.0,0.109999999403954,0.0,0.0,0.0015817779183802593,9600379.0,584125353119.18
Sweden,SWE,Europe,EU,2014,2010-2014,Pre-Pandemic,Buses,BEV,0.0,0.0,11.0,0.0,0.0,0.0,0.12588116817724068,9696110.0,577727767303.596
Sweden,SWE,Europe,EU,2014,2010-2014,Pre-Pandemic,Buses,EV,0.0,0.0,0.0,0.083999998867512,0.0,0.0,0.12588116817724068,9696110.0,577727767303.596
Sweden,SWE,Europe,EU,2014,2010-2014,Pre-Pandemic,Cars,BEV,1200.0,0.0,2200.0,0.0,0.0,0.0,0.12588116817724068,9696110.0,577727767303.596
Sweden,SWE,Europe,EU,2014,2010-2014,Pre-Pandemic,Cars,EV,0.0,1.39999997615814,0.0,0.150000005960464,0.0,0.0,0.12588116817724068,9696110.0,577727767303.596
Sweden,SWE,Europe,EU,2014,2010-2014,Pre-Pandemic,Cars,FCEV,0.0,0.0,3.0,0.0,0.0,0.0,0.12588116817724068,9696110.0,577727767303.596
Sweden,SWE,Europe,EU,2014,2010-2014,Pre-Pandemic,Cars,PHEV,3400.0,0.0,4900.0,0.0,0.0,0.0,0.12588116817724068,9696110.0,577727767303.596
Sweden,SWE,Europe,EU,2014,2010-2014,Pre-Pandemic,EV,Publicly available slow,0.0,0.0,0.0,0.0,0.0,1000.0,0.12588116817724068,9696110.0,577727767303.596
Sweden,SWE,Europe,EU,2014,2010-2014,Pre-Pandemic,Vans,BEV,280.0,0.0,830.0,0.0,0.0,0.0,0.12588116817724068,9696110.0,577727767303.596
Sweden,SWE,Europe,EU,2014,2010-2014,Pre-Pandemic,Vans,EV,0.0,0.660000026226044,0.0,0.159999996423721,0.0,0.0,0.12588116817724068,9696110.0,577727767303.596
Sweden,SWE,Europe,EU,2015,2015-2019,Pre-Pandemic,Buses,BEV,9.0,0.0,20.0,0.0,0.0,0.0,0.06946198534983582,9799186.0,501602351911.6
Sweden,SWE,Europe,EU,2015,2015-2019,Pre-Pandemic,Buses,EV,0.0,1.10000002384186,0.0,0.189999997615814,0.0,0.0,0.06946198534983582,9799186.0,501602351911.6
Sweden,SWE,Europe,EU,2015,2015-2019,Pre-Pandemic,Buses,PHEV,5.0,0.0,5.0,0.0,0.0,0.0,0.06946198534983582,9799186.0,501602351911.6
Sweden,SWE,Europe,EU,2015,2015-2019,Pre-Pandemic,Cars,BEV,3000.0,0.0,4800.0,0.0,0.0,0.0,0.06946198534983582,9799186.0,501602351911.6
Sweden,SWE,Europe,EU,2015,2015-2019,Pre-Pandemic,Cars,EV,0.0,2.40000009536743,0.0,0.310000002384186,0.0,0.0,0.06946198534983582,9799186.0,501602351911.6
Sweden,SWE,Europe,EU,2015,2015-2019,Pre-Pandemic,Cars,FCEV,1.0,0.0,4.0,0.0,0.0,0.0,0.06946198534983582,9799186.0,501602351911.6
Sweden,SWE,Europe,EU,2015,2015-2019,Pre-Pandemic,Cars,PHEV,5700.0,0.0,9800.0,0.0,0.0,0.0,0.06946198534983582,9799186.0,501602351911.6
Sweden,SWE,Europe,EU,2015,2015-2019,Pre-Pandemic,EV,Publicly available slow,0.0,0.0,0.0,0.0,0.0,1100.0,0.06946198534983582,9799186.0,501602351911.6
Sweden,SWE,Europe,EU,2015,2015-2019,Pre-Pandemic,Vans,BEV,320.0,0.0,1200.0,0.0,0.0,0.0,0.06946198534983582,9799186.0,501602351911.6
Sweden,SWE,Europe,EU,2015,2015-2019,Pre-Pandemic,Vans,EV,0.0,0.72000002861023,0.0,0.239999994635582,0.0,0.0,0.06946198534983582,9799186.0,501602351911.6
Sweden,SWE,Europe,EU,2015,2015-2019,Pre-Pandemic,Vans,PHEV,7.0,0.0,7.0,0.0,0.0,0.0,0.06946198534983582,9799186.0,501602351911.6
Sweden,SWE,Europe,EU,2016,2015-2019,Pre-Pandemic,Buses,BEV,33.0,0.0,42.0,0.0,0.0,0.0,0.060330754489317906,9923085.0,513058312950.939
Sweden,SWE,Europe,EU,2016,2015-2019,Pre-Pandemic,Buses,EV,0.0,3.79999995231628,0.0,0.5,0.0,0.0,0.060330754489317906,9923085.0,513058312950.939
Sweden,SWE,Europe,EU,2016,2015-2019,Pre-Pandemic,Buses,PHEV,17.0,0.0,22.0,0.0,0.0,0.0,0.060330754489317906,9923085.0,513058312950.939
Sweden,SWE,Europe,EU,2016,2015-2019,Pre-Pandemic,Cars,BEV,2900.0,0.0,7500.0,0.0,0.0,0.0,0.060330754489317906,9923085.0,513058312950.939
Sweden,SWE,Europe,EU,2016,2015-2019,Pre-Pandemic,Cars,EV,0.0,3.40000009536743,0.0,0.550000011920929,0.0,0.0,0.060330754489317906,9923085.0,513058312950.939
Sweden,SWE,Europe,EU,2016,2015-2019,Pre-Pandemic,Cars,FCEV,3.0,0.0,7.0,0.0,0.0,0.0,0.060330754489317906,9923085.0,513058312950.939
Sweden,SWE,Europe,EU,2016,2015-2019,Pre-Pandemic,Cars,PHEV,10000.0,0.0,19000.0,0.0,0.0,0.0,0.060330754489317906,9923085.0,513058312950.939
Sweden,SWE,Europe,EU,2016,2015-2019,Pre-Pandemic,EV,Publicly available slow,0.0,0.0,0.0,0.0,0.0,1700.0,0.060330754489317906,9923085.0,513058312950.939
Sweden,SWE,Europe,EU,2016,2015-2019,Pre-Pandemic,Vans,BEV,45.0,0.0,1600.0,0.0,0.0,0.0,0.060330754489317906,9923085.0,513058312950.939
Sweden,SWE,Europe,EU,2016,2015-2019,Pre-Pandemic,Vans,EV,0.0,0.083999998867512,0.0,0.28999999165535,0.0,0.0,0.060330754489317906,9923085.0,513058312950.939
Sweden,SWE,Europe,EU,2016,2015-2019,Pre-Pandemic,Vans,PHEV,0.0,0.0,7.0,0.0,0.0,0.0,0.060330754489317906,9923085.0,513058312950.939
Sweden,SWE,Europe,EU,2017,2015-2019,Pre-Pandemic,Buses,BEV,12.0,0.0,54.0,0.0,0.0,0.0,0.09308008441630568,10057698.0,535172356784.769
Sweden,SWE,Europe,EU,2017,2015-2019,Pre-Pandemic,Buses,EV,0.0,0.910000026226044,0.0,0.649999976158142,0.0,0.0,0.09308008441630568,10057698.0,535172356784.769
Sweden,SWE,Europe,EU,2017,2015-2019,Pre-Pandemic,Buses,PHEV,0.0,0.0,32.0,0.0,0.0,0.0,0.09308008441630568,10057698.0,535172356784.769
Sweden,SWE,Europe,EU,2017,2015-2019,Pre-Pandemic,Cars,BEV,4400.0,0.0,11000.0,0.0,0.0,0.0,0.09308008441630568,10057698.0,535172356784.769
Sweden,SWE,Europe,EU,2017,2015-2019,Pre-Pandemic,Cars,EV,0.0,5.09999990463257,0.0,0.889999985694885,0.0,0.0,0.09308008441630568,10057698.0,535172356784.769
Sweden,SWE,Europe,EU,2017,2015-2019,Pre-Pandemic,Cars,FCEV,14.0,0.0,21.0,0.0,0.0,0.0,0.09308008441630568,10057698.0,535172356784.769
Sweden,SWE,Europe,EU,2017,2015-2019,Pre-Pandemic,Cars,PHEV,16000.0,0.0,32000.0,0.0,0.0,0.0,0.09308008441630568,10057698.0,535172356784.769
Sweden,SWE,Europe,EU,2017,2015-2019,Pre-Pandemic,EV,Publicly available fast,0.0,0.0,0.0,0.0,0.0,790.0,0.09308008441630568,10057698.0,535172356784.769
Sweden,SWE,Europe,EU,2017,2015-2019,Pre-Pandemic,EV,Publicly available slow,0.0,0.0,0.0,0.0,0.0,3400.0,0.09308008441630568,10057698.0,535172356784.769
Sweden,SWE,Europe,EU,2017,2015-2019,Pre-Pandemic,Trucks,BEV,0.0,0.0,1.0,0.0,0.0,0.0,0.09308008441630568,10057698.0,535172356784.769
Sweden,SWE,Europe,EU,2017,2015-2019,Pre-Pandemic,Trucks,EV,0.0,0.0,0.0,0.001200000056997,0.0,0.0,0.09308008441630568,10057698.0,535172356784.769
Sweden,SWE,Europe,EU,2017,2015-2019,Pre-Pandemic,Vans,BEV,200.0,0.0,1900.0,0.0,0.0,0.0,0.09308008441630568,10057698.0,535172356784.769
Sweden,SWE,Europe,EU,2017,2015-2019,Pre-Pandemic,Vans,EV,0.0,0.340000003576279,0.0,0.349999994039536,0.0,0.0,0.09308008441630568,10057698.0,535172356784.769
Sweden,SWE,Europe,EU,2017,2015-2019,Pre-Pandemic,Vans,PHEV,0.0,0.0,7.0,0.0,0.0,0.0,0.09308008441630568,10057698.0,535172356784.769
Sweden,SWE,Europe,EU,2018,2015-2019,Pre-Pandemic,Buses,BEV,36.0,0.0,90.0,0.0,0.0,0.0,0.09430677267715165,10175214.0,549649344043.182
Sweden,SWE,Europe,EU,2018,2015-2019,Pre-Pandemic,Buses,EV,0.0,4.09999990463257,0.0,1.39999997615814,0.0,0.0,0.09430677267715165,10175214.0,549649344043.182
Sweden,SWE,Europe,EU,2018,2015-2019,Pre-Pandemic,Buses,PHEV,0.0,0.0,93.0,0.0,0.0,0.0,0.09430677267715165,10175214.0,549649344043.182
Sweden,SWE,Europe,EU,2018,2015-2019,Pre-Pandemic,Cars,BEV,7100.0,0.0,17000.0,0.0,0.0,0.0,0.09430677267715165,10175214.0,549649344043.182
Sweden,SWE,Europe,EU,2018,2015-2019,Pre-Pandemic,Cars,EV,0.0,7.59999990463257,0.0,1.29999995231628,0.0,0.0,0.09430677267715165,10175214.0,549649344043.182
Sweden,SWE,Europe,EU,2018,2015-2019,Pre-Pandemic,Cars,FCEV,0.0,0.0,21.0,0.0,0.0,0.0,0.09430677267715165,10175214.0,549649344043.182
Sweden,SWE,Europe,EU,2018,2015-2019,Pre-Pandemic,Cars,PHEV,22000.0,0.0,49000.0,0.0,0.0,0.0,0.09430677267715165,10175214.0,549649344043.182
Sweden,SWE,Europe,EU,2018,2015-2019,Pre-Pandemic,EV,Publicly available fast,0.0,0.0,0.0,0.0,0.0,1000.0,0.09430677267715165,10175214.0,549649344043.182
Sweden,SWE,Europe,EU,2018,2015-2019,Pre-Pandemic,EV,Publicly available slow,0.0,0.0,0.0,0.0,0.0,5500.0,0.09430677267715165,10175214.0,549649344043.182
Sweden,SWE,Europe,EU,2018,2015-2019,Pre-Pandemic,Trucks,BEV,4.0,0.0,4.0,0.0,0.0,0.0,0.09430677267715165,10175214.0,549649344043.182
Sweden,SWE,Europe,EU,2018,2015-2019,Pre-Pandemic,Trucks,EV,0.0,0.046000000089407,0.0,0.004900000058115,0.0,0.0,0.09430677267715165,10175214.0,549649344043.182
Sweden,SWE,Europe,EU,2018,2015-2019,Pre-Pandemic,Vans,BEV,760.0,0.0,2700.0,0.0,0.0,0.0,0.09430677267715165,10175214.0,549649344043.182
Sweden,SWE,Europe,EU,2018,2015-2019,Pre-Pandemic,Vans,EV,0.0,1.29999995231628,0.0,0.469999998807907,0.0,0.0,0.09430677267715165,10175214.0,549649344043.182
Sweden,SWE,Europe,EU,2018,2015-2019,Pre-Pandemic,Vans,PHEV,9.0,0.0,16.0,0.0,0.0,0.0,0.09430677267715165,10175214.0,549649344043.182
Sweden,SWE,Europe,EU,2019,2015-2019,Pre-Pandemic,Buses,BEV,98.0,0.0,190.0,0.0,0.0,0.0,0.08889766890557092,10278887.0,530894124494.418
Sweden,SWE,Europe,EU,2019,2015-2019,Pre-Pandemic,Buses,EV,0.0,7.40000009536743,0.0,2.09999990463257,0.0,0.0,0.08889766890557092,10278887.0,530894124494.418
Sweden,SWE,Europe,EU,2019,2015-2019,Pre-Pandemic,Buses,PHEV,0.0,0.0,93.0,0.0,0.0,0.0,0.08889766890557092,10278887.0,530894124494.418
Sweden,SWE,Europe,EU,2019,2015-2019,Pre-Pandemic,Cars,BEV,16000.0,0.0,30000.0,0.0,0.0,0.0,0.08889766890557092,10278887.0,530894124494.418
Sweden,SWE,Europe,EU,2019,2015-2019,Pre-Pandemic,Cars,EV,0.0,11.0,0.0,2.0,0.0,0.0,0.08889766890557092,10278887.0,530894124494.418
Sweden,SWE,Europe,EU,2019,2015-2019,Pre-Pandemic,Cars,FCEV,2.0,0.0,42.0,0.0,0.0,0.0,0.08889766890557092,10278887.0,530894124494.418
Sweden,SWE,Europe,EU,2019,2015-2019,Pre-Pandemic,Cars,PHEV,25000.0,0.0,67000.0,0.0,0.0,0.0,0.08889766890557092,10278887.0,530894124494.418
Sweden,SWE,Europe,EU,2019,2015-2019,Pre-Pandemic,EV,Publicly available fast,0.0,0.0,0.0,0.0,0.0,1200.0,0.08889766890557092,10278887.0,530894124494.418
Sweden,SWE,Europe,EU,2019,2015-2019,Pre-Pandemic,EV,Publicly available slow,0.0,0.0,0.0,0.0,0.0,7800.0,0.08889766890557092,10278887.0,530894124494.418
Sweden,SWE,Europe,EU,2019,2015-2019,Pre-Pandemic,Trucks,BEV,4.0,0.0,11.0,0.0,0.0,0.0,0.08889766890557092,10278887.0,530894124494.418
Sweden,SWE,Europe,EU,2019,2015-2019,Pre-Pandemic,Trucks,EV,0.0,0.043000001460314,0.0,0.013000000268221,0.0,0.0,0.08889766890557092,10278887.0,530894124494.418
Sweden,SWE,Europe,EU,2019,2015-2019,Pre-Pandemic,Vans,BEV,1400.0,0.0,3900.0,0.0,0.0,0.0,0.08889766890557092,10278887.0,530894124494.418
Sweden,SWE,Europe,EU,2019,2015-2019,Pre-Pandemic,Vans,EV,0.0,2.5,0.0,0.680000007152557,0.0,0.0,0.08889766890557092,10278887.0,530894124494.418
Sweden,SWE,Europe,EU,2019,2015-2019,Pre-Pandemic,Vans,PHEV,0.0,0.0,4.0,0.0,0.0,0.0,0.08889766890557092,10278887.0,530894124494.418
Sweden,SWE,Europe,EU,2020,2020-2023,Pandemic,Buses,BEV,160.0,0.0,350.0,0.0,0.0,0.0,0.06109268633269332,10353442.0,544265668451.678
Sweden,SWE,Europe,EU,2020,2020-2023,Pandemic,Buses,EV,0.0,9.89999961853027,0.0,3.70000004768372,0.0,0.0,0.06109268633269332,10353442.0,544265668451.678
Sweden,SWE,Europe,EU,2020,2020-2023,Pandemic,Buses,PHEV,0.0,0.0,93.0,0.0,0.0,0.0,0.06109268633269332,10353442.0,544265668451.678
Sweden,SWE,Europe,EU,2020,2020-2023,Pandemic,Cars,BEV,28000.0,0.0,56000.0,0.0,0.0,0.0,0.06109268633269332,10353442.0,544265668451.678
Sweden,SWE,Europe,EU,2020,2020-2023,Pandemic,Cars,EV,0.0,32.0,0.0,3.59999990463257,0.0,0.0,0.06109268633269332,10353442.0,544265668451.678
Sweden,SWE,Europe,EU,2020,2020-2023,Pandemic,Cars,FCEV,5.0,0.0,47.0,0.0,0.0,0.0,0.06109268633269332,10353442.0,544265668451.678
Sweden,SWE,Europe,EU,2020,2020-2023,Pandemic,Cars,PHEV,66000.0,0.0,120000.0,0.0,0.0,0.0,0.06109268633269332,10353442.0,544265668451.678
Sweden,SWE,Europe,EU,2020,2020-2023,Pandemic,EV,Publicly available fast,0.0,0.0,0.0,0.0,0.0,1400.0,0.06109268633269332,10353442.0,544265668451.678
Sweden,SWE,Europe,EU,2020,2020-2023,Pandemic,EV,Publicly available slow,0.0,0.0,0.0,0.0,0.0,9800.0,0.06109268633269332,10353442.0,544265668451.678
Sweden,SWE,Europe,EU,2020,2020-2023,Pandemic,Trucks,BEV,24.0,0.0,58.0,0.0,0.0,0.0,0.06109268633269332,10353442.0,544265668451.678
Sweden,SWE,Europe,EU,2020,2020-2023,Pandemic,Trucks,EV,0.0,0.349999994039536,0.0,0.071000002324581,0.0,0.0,0.06109268633269332,10353442.0,544265668451.678
Sweden,SWE,Europe,EU,2020,2020-2023,Pandemic,Vans,BEV,2100.0,0.0,5900.0,0.0,0.0,0.0,0.06109268633269332,10353442.0,544265668451.678
Sweden,SWE,Europe,EU,2020,2020-2023,Pandemic,Vans,EV,0.0,6.09999990463257,0.0,1.10000002384186,0.0,0.0,0.06109268633269332,10353442.0,544265668451.678
Sweden,SWE,Europe,EU,2020,2020-2023,Pandemic,Vans,PHEV,0.0,0.0,880.0,0.0,0.0,0.0,0.06109268633269332,10353442.0,544265668451.678
Sweden,SWE,Europe,EU,2021,2020-2023,Pandemic,Buses,BEV,180.0,0.0,530.0,0.0,0.0,0.0,0.0442809675876246,10415811.0,631693331300.776
Sweden,SWE,Europe,EU,2021,2020-2023,Pandemic,Buses,EV,0.0,25.0,0.0,5.19999980926514,0.0,0.0,0.0442809675876246,10415811.0,631693331300.776
Sweden,SWE,Europe,EU,2021,2020-2023,Pandemic,Buses,FCEV,2.0,0.0,2.0,0.0,0.0,0.0,0.0442809675876246,10415811.0,631693331300.776
Sweden,SWE,Europe,EU,2021,2020-2023,Pandemic,Buses,PHEV,0.0,0.0,93.0,0.0,0.0,0.0,0.0442809675876246,10415811.0,631693331300.776
Sweden,SWE,Europe,EU,2021,2020-2023,Pandemic,Cars,BEV,57000.0,0.0,110000.0,0.0,0.0,0.0,0.0442809675876246,10415811.0,631693331300.776
Sweden,SWE,Europe,EU,2021,2020-2023,Pandemic,Cars,EV,0.0,43.0,0.0,6.0,0.0,0.0,0.0442809675876246,10415811.0,631693331300.776
Sweden,SWE,Europe,EU,2021,2020-2023,Pandemic,Cars,FCEV,16.0,0.0,63.0,0.0,0.0,0.0,0.0442809675876246,10415811.0,631693331300.776
Sweden,SWE,Europe,EU,2021,2020-2023,Pandemic,Cars,PHEV,78000.0,0.0,190000.0,0.0,0.0,0.0,0.0442809675876246,10415811.0,631693331300.776
Sweden,SWE,Europe,EU,2021,2020-2023,Pandemic,EV,Publicly available fast,0.0,0.0,0.0,0.0,0.0,1700.0,0.0442809675876246,10415811.0,631693331300.776
Sweden,SWE,Europe,EU,2021,2020-2023,Pandemic,EV,Publicly available slow,0.0,0.0,0.0,0.0,0.0,12000.0,0.0442809675876246,10415811.0,631693331300.776
Sweden,SWE,Europe,EU,2021,2020-2023,Pandemic,Trucks,BEV,100.0,0.0,140.0,0.0,0.0,0.0,0.0442809675876246,10415811.0,631693331300.776
Sweden,SWE,Europe,EU,2021,2020-2023,Pandemic,Trucks,EV,0.0,1.29999995231628,0.0,0.170000001788139,0.0,0.0,0.0442809675876246,10415811.0,631693331300.776
Sweden,SWE,Europe,EU,2021,2020-2023,Pandemic,Vans,BEV,2600.0,0.0,8400.0,0.0,0.0,0.0,0.0442809675876246,10415811.0,631693331300.776
Sweden,SWE,Europe,EU,2021,2020-2023,Pandemic,Vans,EV,0.0,6.80000019073486,0.0,1.39999997615814,0.0,0.0,0.0442809675876246,10415811.0,631693331300.776
Sweden,SWE,Europe,EU,2021,2020-2023,Pandemic,Vans,PHEV,0.0,0.0,160.0,0.0,0.0,0.0,0.0442809675876246,10415811.0,631693331300.776
Sweden,SWE,Europe,EU,2022,2020-2023,Post-Pandemic,Buses,BEV,210.0,0.0,920.0,0.0,0.0,0.0,0.03869849911389232,10486941.0,575071237640.921
Sweden,SWE,Europe,EU,2022,2020-2023,Post-Pandemic,Buses,EV,0.0,17.0,0.0,8.5,0.0,0.0,0.03869849911389232,10486941.0,575071237640.921
Sweden,SWE,Europe,EU,2022,2020-2023,Post-Pandemic,Buses,FCEV,0.0,0.0,2.0,0.0,0.0,0.0,0.03869849911389232,10486941.0,575071237640.921
Sweden,SWE,Europe,EU,2022,2020-2023,Post-Pandemic,Buses,PHEV,0.0,0.0,93.0,0.0,0.0,0.0,0.03869849911389232,10486941.0,575071237640.921
Sweden,SWE,Europe,EU,2022,2020-2023,Post-Pandemic,Cars,BEV,96000.0,0.0,200000.0,0.0,0.0,0.0,0.03869849911389232,10486941.0,575071237640.921
Sweden,SWE,Europe,EU,2022,2020-2023,Post-Pandemic,Cars,EV,0.0,54.0,0.0,8.69999980926514,0.0,0.0,0.03869849911389232,10486941.0,575071237640.921
Sweden,SWE,Europe,EU,2022,2020-2023,Post-Pandemic,Cars,FCEV,2.0,0.0,65.0,0.0,0.0,0.0,0.03869849911389232,10486941.0,575071237640.921
Sweden,SWE,Europe,EU,2022,2020-2023,Post-Pandemic,Cars,PHEV,67000.0,0.0,240000.0,0.0,0.0,0.0,0.03869849911389232,10486941.0,575071237640.921
Sweden,SWE,Europe,EU,2022,2020-2023,Post-Pandemic,EV,Publicly available fast,0.0,0.0,0.0,0.0,0.0,2600.0,0.03869849911389232,10486941.0,575071237640.921
Sweden,SWE,Europe,EU,2022,2020-2023,Post-Pandemic,EV,Publicly available slow,0.0,0.0,0.0,0.0,0.0,15000.0,0.03869849911389232,10486941.0,575071237640.921
Sweden,SWE,Europe,EU,2022,2020-2023,Post-Pandemic,Trucks,BEV,340.0,0.0,290.0,0.0,0.0,0.0,0.03869849911389232,10486941.0,575071237640.921
Sweden,SWE,Europe,EU,2022,2020-2023,Post-Pandemic,Trucks,EV,0.0,4.30000019073486,0.0,0.360000014305115,0.0,0.0,0.03869849911389232,10486941.0,575071237640.921
Sweden,SWE,Europe,EU,2022,2020-2023,Post-Pandemic,Trucks,PHEV,7.0,0.0,8.0,0.0,0.0,0.0,0.03869849911389232,10486941.0,575071237640.921
Sweden,SWE,Europe,EU,2022,2020-2023,Post-Pandemic,Vans,BEV,5000.0,0.0,13000.0,0.0,0.0,0.0,0.03869849911389232,10486941.0,575071237640.921
Sweden,SWE,Europe,EU,2022,2020-2023,Post-Pandemic,Vans,EV,0.0,13.0,0.0,2.29999995231628,0.0,0.0,0.03869849911389232,10486941.0,575071237640.921
Sweden,SWE,Europe,EU,2022,2020-2023,Post-Pandemic,Vans,PHEV,0.0,0.0,420.0,0.0,0.0,0.0,0.03869849911389232,10486941.0,575071237640.921
Sweden,SWE,Europe,EU,2023,2020-2023,Post-Pandemic,Buses,BEV,310.0,0.0,1200.0,0.0,0.0,0.0,0.05913437558384483,10536632.0,578990915246.07
Sweden,SWE,Europe,EU,2023,2020-2023,Post-Pandemic,Buses,EV,0.0,25.0,0.0,10.0,0.0,0.0,0.05913437558384483,10536632.0,578990915246.07
Sweden,SWE,Europe,EU,2023,2020-2023,Post-Pandemic,Buses,FCEV,8.0,0.0,10.0,0.0,0.0,0.0,0.05913437558384483,10536632.0,578990915246.07
Sweden,SWE,Europe,EU,2023,2020-2023,Post-Pandemic,Buses,PHEV,0.0,0.0,22.0,0.0,0.0,0.0,0.05913437558384483,10536632.0,578990915246.07
Sweden,SWE,Europe,EU,2023,2020-2023,Post-Pandemic,Cars,BEV,110000.0,0.0,290000.0,0.0,0.0,0.0,0.05913437558384483,10536632.0,578990915246.07
Sweden,SWE,Europe,EU,2023,2020-2023,Post-Pandemic,Cars,EV,0.0,60.0,0.0,11.0,0.0,0.0,0.05913437558384483,10536632.0,578990915246.07
Sweden,SWE,Europe,EU,2023,2020-2023,Post-Pandemic,Cars,FCEV,2.0,0.0,48.0,0.0,0.0,0.0,0.05913437558384483,10536632.0,578990915246.07
Sweden,SWE,Europe,EU,2023,2020-2023,Post-Pandemic,Cars,PHEV,61000.0,0.0,270000.0,0.0,0.0,0.0,0.05913437558384483,10536632.0,578990915246.07
Sweden,SWE,Europe,EU,2023,2020-2023,Post-Pandemic,EV,Publicly available fast,0.0,0.0,0.0,0.0,0.0,4500.0,0.05913437558384483,10536632.0,578990915246.07
Sweden,SWE,Europe,EU,2023,2020-2023,Post-Pandemic,EV,Publicly available slow,0.0,0.0,0.0,0.0,0.0,30000.0,0.05913437558384483,10536632.0,578990915246.07
Sweden,SWE,Europe,EU,2023,2020-2023,Post-Pandemic,Trucks,BEV,290.0,0.0,700.0,0.0,0.0,0.0,0.05913437558384483,10536632.0,578990915246.07
Sweden,SWE,Europe,EU,2023,2020-2023,Post-Pandemic,Trucks,EV,0.0,3.40000009536743,0.0,0.839999973773956,0.0,0.0,0.05913437558384483,10536632.0,578990915246.07
Sweden,SWE,Europe,EU,2023,2020-2023,Post-Pandemic,Trucks,PHEV,0.0,0.0,7.0,0.0,0.0,0.0,0.05913437558384483,10536632.0,578990915246.07
Sweden,SWE,Europe,EU,2023,2020-2023,Post-Pandemic,Vans,BEV,8700.0,0.0,21000.0,0.0,0.0,0.0,0.05913437558384483,10536632.0,578990915246.07
Sweden,SWE,Europe,EU,2023,2020-2023,Post-Pandemic,Vans,EV,0.0,19.0,0.0,3.5,0.0,0.0,0.05913437558384483,10536632.0,578990915246.07
Sweden,SWE,Europe,EU,2023,2020-2023,Post-Pandemic,Vans,PHEV,5.0,0.0,430.0,0.0,0.0,0.0,0.05913437558384483,10536632.0,578990915246.07
Switzerland,CHE,Europe,EU,2011,2010-2014,Pre-Pandemic,Cars,BEV,400.0,0.0,400.0,0.0,0.0,0.0,0.0,7912398.0,727231637101.778
Switzerland,CHE,Europe,EU,2011,2010-2014,Pre-Pandemic,Cars,EV,0.0,0.140000000596046,0.0,0.009999999776483,0.0,0.0,0.0,7912398.0,727231637101.778
Switzerland,CHE,Europe,EU,2011,2010-2014,Pre-Pandemic,Cars,PHEV,41.0,0.0,41.0,0.0,0.0,0.0,0.0,7912398.0,727231637101.778
Switzerland,CHE,Europe,EU,2012,2010-2014,Pre-Pandemic,Cars,BEV,340.0,0.0,740.0,0.0,0.0,0.0,0.31076923076923074,7996861.0,697882536676.898
Switzerland,CHE,Europe,EU,2012,2010-2014,Pre-Pandemic,Cars,EV,0.0,0.230000004172325,0.0,0.028000000864267,0.0,0.0,0.31076923076923074,7996861.0,697882536676.898
Switzerland,CHE,Europe,EU,2012,2010-2014,Pre-Pandemic,Cars,PHEV,400.0,0.0,440.0,0.0,0.0,0.0,0.31076923076923074,7996861.0,697882536676.898
Switzerland,CHE,Europe,EU,2012,2010-2014,Pre-Pandemic,EV,Publicly available fast,0.0,0.0,0.0,0.0,0.0,4.0,0.31076923076923074,7996861.0,697882536676.898
Switzerland,CHE,Europe,EU,2012,2010-2014,Pre-Pandemic,EV,Publicly available slow,0.0,0.0,0.0,0.0,0.0,400.0,0.31076923076923074,7996861.0,697882536676.898
Switzerland,CHE,Europe,EU,2012,2010-2014,Pre-Pandemic,Vans,BEV,120.0,0.0,120.0,0.0,0.0,0.0,0.31076923076923074,7996861.0,697882536676.898
Switzerland,CHE,Europe,EU,2012,2010-2014,Pre-Pandemic,Vans,EV,0.0,0.379999995231628,0.0,0.03999999910593,0.0,0.0,0.31076923076923074,7996861.0,697882536676.898
Switzerland,CHE,Europe,EU,2013,2010-2014,Pre-Pandemic,Cars,BEV,1200.0,0.0,1900.0,0.0,0.0,0.0,0.22967032967032966,8089346.0,718748402259.576
Switzerland,CHE,Europe,EU,2013,2010-2014,Pre-Pandemic,Cars,EV,0.0,0.430000007152557,0.0,0.05799999833107,0.0,0.0,0.22967032967032966,8089346.0,718748402259.576
Switzerland,CHE,Europe,EU,2013,2010-2014,Pre-Pandemic,Cars,PHEV,170.0,0.0,600.0,0.0,0.0,0.0,0.22967032967032966,8089346.0,718748402259.576
Switzerland,CHE,Europe,EU,2013,2010-2014,Pre-Pandemic,EV,Publicly available fast,0.0,0.0,0.0,0.0,0.0,27.0,0.22967032967032966,8089346.0,718748402259.576
Switzerland,CHE,Europe,EU,2013,2010-2014,Pre-Pandemic,EV,Publicly available slow,0.0,0.0,0.0,0.0,0.0,600.0,0.22967032967032966,8089346.0,718748402259.576
Switzerland,CHE,Europe,EU,2013,2010-2014,Pre-Pandemic,Vans,BEV,110.0,0.0,230.0,0.0,0.0,0.0,0.22967032967032966,8089346.0,718748402259.576
Switzerland,CHE,Europe,EU,2013,2010-2014,Pre-Pandemic,Vans,EV,0.0,0.379999995231628,0.0,0.071999996900559,0.0,0.0,0.22967032967032966,8089346.0,718748402259.576
Switzerland,CHE,Europe,EU,2014,2010-2014,Pre-Pandemic,Cars,BEV,2700.0,0.0,4600.0,0.0,0.0,0.0,0.24543859649122807,8188649.0,741168119616.628
Switzerland,CHE,Europe,EU,2014,2010-2014,Pre-Pandemic,Cars,EV,0.0,0.959999978542328,0.0,0.119999997317791,0.0,0.0,0.24543859649122807,8188649.0,741168119616.628
Switzerland,CHE,Europe,EU,2014,2010-2014,Pre-Pandemic,Cars,PHEV,200.0,0.0,810.0,0.0,0.0,0.0,0.24543859649122807,8188649.0,741168119616.628
Switzerland,CHE,Europe,EU,2014,2010-2014,Pre-Pandemic,EV,Publicly available fast,0.0,0.0,0.0,0.0,0.0,99.0,0.24543859649122807,8188649.0,741168119616.628
Switzerland,CHE,Europe,EU,2014,2010-2014,Pre-Pandemic,EV,Publicly available slow,0.0,0.0,0.0,0.0,0.0,1300.0,0.24543859649122807,8188649.0,741168119616.628
Switzerland,CHE,Europe,EU,2014,2010-2014,Pre-Pandemic,Vans,BEV,52.0,0.0,290.0,0.0,0.0,0.0,0.24543859649122807,8188649.0,741168119616.628
Switzerland,CHE,Europe,EU,2014,2010-2014,Pre-Pandemic,Vans,EV,0.0,0.180000007152557,0.0,0.08500000089407,0.0,0.0,0.24543859649122807,8188649.0,741168119616.628
Switzerland,CHE,Europe,EU,2015,2015-2019,Pre-Pandemic,Buses,EV,0.0,0.0,0.0,0.129999995231628,0.0,0.0,0.31934386179216473,8282396.0,706199008878.656
Switzerland,CHE,Europe,EU,2015,2015-2019,Pre-Pandemic,Buses,PHEV,0.0,0.0,11.0,0.0,0.0,0.0,0.31934386179216473,8282396.0,706199008878.656
Switzerland,CHE,Europe,EU,2015,2015-2019,Pre-Pandemic,Cars,BEV,3300.0,0.0,7800.0,0.0,0.0,0.0,0.31934386179216473,8282396.0,706199008878.656
Switzerland,CHE,Europe,EU,2015,2015-2019,Pre-Pandemic,Cars,EV,0.0,1.70000004768372,0.0,0.25,0.0,0.0,0.31934386179216473,8282396.0,706199008878.656
Switzerland,CHE,Europe,EU,2015,2015-2019,Pre-Pandemic,Cars,FCEV,10.0,0.0,10.0,0.0,0.0,0.0,0.31934386179216473,8282396.0,706199008878.656
Switzerland,CHE,Europe,EU,2015,2015-2019,Pre-Pandemic,Cars,PHEV,2400.0,0.0,3200.0,0.0,0.0,0.0,0.31934386179216473,8282396.0,706199008878.656
Switzerland,CHE,Europe,EU,2015,2015-2019,Pre-Pandemic,EV,Publicly available fast,0.0,0.0,0.0,0.0,0.0,260.0,0.31934386179216473,8282396.0,706199008878.656
Switzerland,CHE,Europe,EU,2015,2015-2019,Pre-Pandemic,EV,Publicly available slow,0.0,0.0,0.0,0.0,0.0,3400.0,0.31934386179216473,8282396.0,706199008878.656
Switzerland,CHE,Europe,EU,2015,2015-2019,Pre-Pandemic,Vans,BEV,160.0,0.0,440.0,0.0,0.0,0.0,0.31934386179216473,8282396.0,706199008878.656
Switzerland,CHE,Europe,EU,2015,2015-2019,Pre-Pandemic,Vans,EV,0.0,0.509999990463257,0.0,0.129999995231628,0.0,0.0,0.31934386179216473,8282396.0,706199008878.656
Switzerland,CHE,Europe,EU,2016,2015-2019,Pre-Pandemic,Buses,BEV,5.0,0.0,5.0,0.0,0.0,0.0,0.23194168323392975,8373338.0,698607778794.566
Switzerland,CHE,Europe,EU,2016,2015-2019,Pre-Pandemic,Buses,EV,0.0,0.610000014305115,0.0,0.219999998807907,0.0,0.0,0.23194168323392975,8373338.0,698607778794.566
Switzerland,CHE,Europe,EU,2016,2015-2019,Pre-Pandemic,Buses,FCEV,5.0,0.0,4.0,0.0,0.0,0.0,0.23194168323392975,8373338.0,698607778794.566
Switzerland,CHE,Europe,EU,2016,2015-2019,Pre-Pandemic,Buses,PHEV,0.0,0.0,14.0,0.0,0.0,0.0,0.23194168323392975,8373338.0,698607778794.566
Switzerland,CHE,Europe,EU,2016,2015-2019,Pre-Pandemic,Cars,BEV,3300.0,0.0,11000.0,0.0,0.0,0.0,0.23194168323392975,8373338.0,698607778794.566
Switzerland,CHE,Europe,EU,2016,2015-2019,Pre-Pandemic,Cars,EV,0.0,1.89999997615814,0.0,0.360000014305115,0.0,0.0,0.23194168323392975,8373338.0,698607778794.566
Switzerland,CHE,Europe,EU,2016,2015-2019,Pre-Pandemic,Cars,FCEV,26.0,0.0,36.0,0.0,0.0,0.0,0.23194168323392975,8373338.0,698607778794.566
Switzerland,CHE,Europe,EU,2016,2015-2019,Pre-Pandemic,Cars,PHEV,2800.0,0.0,5000.0,0.0,0.0,0.0,0.23194168323392975,8373338.0,698607778794.566
Switzerland,CHE,Europe,EU,2016,2015-2019,Pre-Pandemic,EV,Publicly available fast,0.0,0.0,0.0,0.0,0.0,350.0,0.23194168323392975,8373338.0,698607778794.566
Switzerland,CHE,Europe,EU,2016,2015-2019,Pre-Pandemic,EV,Publicly available slow,0.0,0.0,0.0,0.0,0.0,3500.0,0.23194168323392975,8373338.0,698607778794.566
Switzerland,CHE,Europe,EU,2016,2015-2019,Pre-Pandemic,Vans,BEV,85.0,0.0,540.0,0.0,0.0,0.0,0.23194168323392975,8373338.0,698607778794.566
Switzerland,CHE,Europe,EU,2016,2015-2019,Pre-Pandemic,Vans,EV,0.0,0.280000001192093,0.0,0.150000005960464,0.0,0.0,0.23194168323392975,8373338.0,698607778794.566
Switzerland,CHE,Europe,EU,2017,2015-2019,Pre-Pandemic,Buses,BEV,2.0,0.0,7.0,0.0,0.0,0.0,0.15869928818701623,8451840.0,706660443624.485
Switzerland,CHE,Europe,EU,2017,2015-2019,Pre-Pandemic,Buses,EV,0.0,0.25,0.0,0.490000009536743,0.0,0.0,0.15869928818701623,8451840.0,706660443624.485
Switzerland,CHE,Europe,EU,2017,2015-2019,Pre-Pandemic,Buses,FCEV,0.0,0.0,10.0,0.0,0.0,0.0,0.15869928818701623,8451840.0,706660443624.485
Switzerland,CHE,Europe,EU,2017,2015-2019,Pre-Pandemic,Buses,PHEV,0.0,0.0,35.0,0.0,0.0,0.0,0.15869928818701623,8451840.0,706660443624.485
Switzerland,CHE,Europe,EU,2017,2015-2019,Pre-Pandemic,Cars,BEV,4800.0,0.0,16000.0,0.0,0.0,0.0,0.15869928818701623,8451840.0,706660443624.485
Switzerland,CHE,Europe,EU,2017,2015-2019,Pre-Pandemic,Cars,EV,0.0,2.70000004768372,0.0,0.540000021457672,0.0,0.0,0.15869928818701623,8451840.0,706660443624.485
Switzerland,CHE,Europe,EU,2017,2015-2019,Pre-Pandemic,Cars,FCEV,1.0,0.0,37.0,0.0,0.0,0.0,0.15869928818701623,8451840.0,706660443624.485
Switzerland,CHE,Europe,EU,2017,2015-2019,Pre-Pandemic,Cars,PHEV,3600.0,0.0,9000.0,0.0,0.0,0.0,0.15869928818701623,8451840.0,706660443624.485
Switzerland,CHE,Europe,EU,2017,2015-2019,Pre-Pandemic,EV,Publicly available fast,0.0,0.0,0.0,0.0,0.0,580.0,0.15869928818701623,8451840.0,706660443624.485
Switzerland,CHE,Europe,EU,2017,2015-2019,Pre-Pandemic,EV,Publicly available slow,0.0,0.0,0.0,0.0,0.0,3500.0,0.15869928818701623,8451840.0,706660443624.485
Switzerland,CHE,Europe,EU,2017,2015-2019,Pre-Pandemic,Vans,BEV,220.0,0.0,620.0,0.0,0.0,0.0,0.15869928818701623,8451840.0,706660443624.485
Switzerland,CHE,Europe,EU,2017,2015-2019,Pre-Pandemic,Vans,EV,0.0,0.670000016689301,0.0,0.170000001788139,0.0,0.0,0.15869928818701623,8451840.0,706660443624.485
Switzerland,CHE,Europe,EU,2018,2015-2019,Pre-Pandemic,Buses,BEV,18.0,0.0,17.0,0.0,0.0,0.0,0.14226010904763223,8514329.0,740766531453.991
Switzerland,CHE,Europe,EU,2018,2015-2019,Pre-Pandemic,Buses,EV,0.0,2.29999995231628,0.0,0.589999973773956,0.0,0.0,0.14226010904763223,8514329.0,740766531453.991
Switzerland,CHE,Europe,EU,2018,2015-2019,Pre-Pandemic,Buses,FCEV,10.0,0.0,20.0,0.0,0.0,0.0,0.14226010904763223,8514329.0,740766531453.991
Switzerland,CHE,Europe,EU,2018,2015-2019,Pre-Pandemic,Buses,PHEV,0.0,0.0,35.0,0.0,0.0,0.0,0.14226010904763223,8514329.0,740766531453.991
Switzerland,CHE,Europe,EU,2018,2015-2019,Pre-Pandemic,Cars,BEV,5100.0,0.0,21000.0,0.0,0.0,0.0,0.14226010904763223,8514329.0,740766531453.991
Switzerland,CHE,Europe,EU,2018,2015-2019,Pre-Pandemic,Cars,EV,0.0,3.20000004768372,0.0,0.769999980926514,0.0,0.0,0.14226010904763223,8514329.0,740766531453.991
Switzerland,CHE,Europe,EU,2018,2015-2019,Pre-Pandemic,Cars,FCEV,22.0,0.0,59.0,0.0,0.0,0.0,0.14226010904763223,8514329.0,740766531453.991
Switzerland,CHE,Europe,EU,2018,2015-2019,Pre-Pandemic,Cars,PHEV,4400.0,0.0,14000.0,0.0,0.0,0.0,0.14226010904763223,8514329.0,740766531453.991
Switzerland,CHE,Europe,EU,2018,2015-2019,Pre-Pandemic,EV,Publicly available fast,0.0,0.0,0.0,0.0,0.0,740.0,0.14226010904763223,8514329.0,740766531453.991
Switzerland,CHE,Europe,EU,2018,2015-2019,Pre-Pandemic,EV,Publicly available slow,0.0,0.0,0.0,0.0,0.0,4400.0,0.14226010904763223,8514329.0,740766531453.991
Switzerland,CHE,Europe,EU,2018,2015-2019,Pre-Pandemic,Vans,BEV,300.0,0.0,1000.0,0.0,0.0,0.0,0.14226010904763223,8514329.0,740766531453.991
Switzerland,CHE,Europe,EU,2018,2015-2019,Pre-Pandemic,Vans,EV,0.0,0.899999976158142,0.0,0.259999990463257,0.0,0.0,0.14226010904763223,8514329.0,740766531453.991
Switzerland,CHE,Europe,EU,2019,2015-2019,Pre-Pandemic,Buses,BEV,10.0,0.0,26.0,0.0,0.0,0.0,0.12209021539650343,8575280.0,736384764156.877
Switzerland,CHE,Europe,EU,2019,2015-2019,Pre-Pandemic,Buses,EV,0.0,1.29999995231628,0.0,0.680000007152557,0.0,0.0,0.12209021539650343,8575280.0,736384764156.877
Switzerland,CHE,Europe,EU,2019,2015-2019,Pre-Pandemic,Buses,FCEV,0.0,0.0,20.0,0.0,0.0,0.0,0.12209021539650343,8575280.0,736384764156.877
Switzerland,CHE,Europe,EU,2019,2015-2019,Pre-Pandemic,Buses,PHEV,0.0,0.0,35.0,0.0,0.0,0.0,0.12209021539650343,8575280.0,736384764156.877
Switzerland,CHE,Europe,EU,2019,2015-2019,Pre-Pandemic,Cars,BEV,13000.0,0.0,34000.0,0.0,0.0,0.0,0.12209021539650343,8575280.0,736384764156.877
Switzerland,CHE,Europe,EU,2019,2015-2019,Pre-Pandemic,Cars,EV,0.0,5.59999990463257,0.0,1.10000002384186,0.0,0.0,0.12209021539650343,8575280.0,736384764156.877
Switzerland,CHE,Europe,EU,2019,2015-2019,Pre-Pandemic,Cars,FCEV,25.0,0.0,84.0,0.0,0.0,0.0,0.12209021539650343,8575280.0,736384764156.877
Switzerland,CHE,Europe,EU,2019,2015-2019,Pre-Pandemic,Cars,PHEV,4300.0,0.0,16000.0,0.0,0.0,0.0,0.12209021539650343,8575280.0,736384764156.877
Switzerland,CHE,Europe,EU,2019,2015-2019,Pre-Pandemic,EV,Publicly available fast,0.0,0.0,0.0,0.0,0.0,920.0,0.12209021539650343,8575280.0,736384764156.877
Switzerland,CHE,Europe,EU,2019,2015-2019,Pre-Pandemic,EV,Publicly available slow,0.0,0.0,0.0,0.0,0.0,5400.0,0.12209021539650343,8575280.0,736384764156.877
Switzerland,CHE,Europe,EU,2019,2015-2019,Pre-Pandemic,Trucks,BEV,36.0,0.0,0.0,0.0,0.0,0.0,0.12209021539650343,8575280.0,736384764156.877
Switzerland,CHE,Europe,EU,2019,2015-2019,Pre-Pandemic,Trucks,EV,0.0,0.790000021457672,0.0,0.0,0.0,0.0,0.12209021539650343,8575280.0,736384764156.877
Switzerland,CHE,Europe,EU,2019,2015-2019,Pre-Pandemic,Vans,BEV,580.0,0.0,1600.0,0.0,0.0,0.0,0.12209021539650343,8575280.0,736384764156.877
Switzerland,CHE,Europe,EU,2019,2015-2019,Pre-Pandemic,Vans,EV,0.0,1.60000002384186,0.0,0.409999996423721,0.0,0.0,0.12209021539650343,8575280.0,736384764156.877
Switzerland,CHE,Europe,EU,2020,2020-2023,Pandemic,Buses,BEV,22.0,0.0,48.0,0.0,0.0,0.0,0.08891865675088918,8638167.0,756096180222.082
Switzerland,CHE,Europe,EU,2020,2020-2023,Pandemic,Buses,EV,0.0,3.29999995231628,0.0,1.0,0.0,0.0,0.08891865675088918,8638167.0,756096180222.082
Switzerland,CHE,Europe,EU,2020,2020-2023,Pandemic,Buses,FCEV,0.0,0.0,20.0,0.0,0.0,0.0,0.08891865675088918,8638167.0,756096180222.082
Switzerland,CHE,Europe,EU,2020,2020-2023,Pandemic,Buses,PHEV,0.0,0.0,35.0,0.0,0.0,0.0,0.08891865675088918,8638167.0,756096180222.082
Switzerland,CHE,Europe,EU,2020,2020-2023,Pandemic,Cars,BEV,20000.0,0.0,54000.0,0.0,0.0,0.0,0.08891865675088918,8638167.0,756096180222.082
Switzerland,CHE,Europe,EU,2020,2020-2023,Pandemic,Cars,EV,0.0,14.0,0.0,1.79999995231628,0.0,0.0,0.08891865675088918,8638167.0,756096180222.082
Switzerland,CHE,Europe,EU,2020,2020-2023,Pandemic,Cars,FCEV,0.0,0.0,84.0,0.0,0.0,0.0,0.08891865675088918,8638167.0,756096180222.082
Switzerland,CHE,Europe,EU,2020,2020-2023,Pandemic,Cars,PHEV,14000.0,0.0,30000.0,0.0,0.0,0.0,0.08891865675088918,8638167.0,756096180222.082
Switzerland,CHE,Europe,EU,2020,2020-2023,Pandemic,EV,Publicly available fast,0.0,0.0,0.0,0.0,0.0,1000.0,0.08891865675088918,8638167.0,756096180222.082
Switzerland,CHE,Europe,EU,2020,2020-2023,Pandemic,EV,Publicly available slow,0.0,0.0,0.0,0.0,0.0,6700.0,0.08891865675088918,8638167.0,756096180222.082
Switzerland,CHE,Europe,EU,2020,2020-2023,Pandemic,Trucks,BEV,38.0,0.0,0.0,0.0,0.0,0.0,0.08891865675088918,8638167.0,756096180222.082
Switzerland,CHE,Europe,EU,2020,2020-2023,Pandemic,Trucks,EV,0.0,0.959999978542328,0.0,0.0,0.0,0.0,0.08891865675088918,8638167.0,756096180222.082
Switzerland,CHE,Europe,EU,2020,2020-2023,Pandemic,Trucks,FCEV,20.0,0.0,0.0,0.0,0.0,0.0,0.08891865675088918,8638167.0,756096180222.082
Switzerland,CHE,Europe,EU,2020,2020-2023,Pandemic,Vans,BEV,780.0,0.0,2400.0,0.0,0.0,0.0,0.08891865675088918,8638167.0,756096180222.082
Switzerland,CHE,Europe,EU,2020,2020-2023,Pandemic,Vans,EV,0.0,2.79999995231628,0.0,0.579999983310699,0.0,0.0,0.08891865675088918,8638167.0,756096180222.082
Switzerland,CHE,Europe,EU,2020,2020-2023,Pandemic,Vans,PHEV,9.0,0.0,9.0,0.0,0.0,0.0,0.08891865675088918,8638167.0,756096180222.082
Switzerland,CHE,Europe,EU,2021,2020-2023,Pandemic,Buses,BEV,55.0,0.0,91.0,0.0,0.0,0.0,0.07054747635611808,8704546.0,840710023481.35
Switzerland,CHE,Europe,EU,2021,2020-2023,Pandemic,Buses,EV,0.0,6.80000019073486,0.0,1.39999997615814,0.0,0.0,0.07054747635611808,8704546.0,840710023481.35
Switzerland,CHE,Europe,EU,2021,2020-2023,Pandemic,Buses,FCEV,0.0,0.0,20.0,0.0,0.0,0.0,0.07054747635611808,8704546.0,840710023481.35
Switzerland,CHE,Europe,EU,2021,2020-2023,Pandemic,Buses,PHEV,0.0,0.0,35.0,0.0,0.0,0.0,0.07054747635611808,8704546.0,840710023481.35
Switzerland,CHE,Europe,EU,2021,2020-2023,Pandemic,Cars,BEV,32000.0,0.0,86000.0,0.0,0.0,0.0,0.07054747635611808,8704546.0,840710023481.35
Switzerland,CHE,Europe,EU,2021,2020-2023,Pandemic,Cars,EV,0.0,23.0,0.0,2.90000009536743,0.0,0.0,0.07054747635611808,8704546.0,840710023481.35
Switzerland,CHE,Europe,EU,2021,2020-2023,Pandemic,Cars,FCEV,56.0,0.0,140.0,0.0,0.0,0.0,0.07054747635611808,8704546.0,840710023481.35
Switzerland,CHE,Europe,EU,2021,2020-2023,Pandemic,Cars,PHEV,22000.0,0.0,53000.0,0.0,0.0,0.0,0.07054747635611808,8704546.0,840710023481.35
Switzerland,CHE,Europe,EU,2021,2020-2023,Pandemic,EV,Publicly available fast,0.0,0.0,0.0,0.0,0.0,1900.0,0.07054747635611808,8704546.0,840710023481.35
Switzerland,CHE,Europe,EU,2021,2020-2023,Pandemic,EV,Publicly available slow,0.0,0.0,0.0,0.0,0.0,8200.0,0.07054747635611808,8704546.0,840710023481.35
Switzerland,CHE,Europe,EU,2021,2020-2023,Pandemic,Trucks,BEV,50.0,0.0,0.0,0.0,0.0,0.0,0.07054747635611808,8704546.0,840710023481.35
Switzerland,CHE,Europe,EU,2021,2020-2023,Pandemic,Trucks,EV,0.0,1.29999995231628,0.0,0.0,0.0,0.0,0.07054747635611808,8704546.0,840710023481.35
Switzerland,CHE,Europe,EU,2021,2020-2023,Pandemic,Trucks,FCEV,60.0,0.0,0.0,0.0,0.0,0.0,0.07054747635611808,8704546.0,840710023481.35
Switzerland,CHE,Europe,EU,2021,2020-2023,Pandemic,Vans,BEV,1300.0,0.0,3700.0,0.0,0.0,0.0,0.07054747635611808,8704546.0,840710023481.35
Switzerland,CHE,Europe,EU,2021,2020-2023,Pandemic,Vans,EV,0.0,3.90000009536743,0.0,0.920000016689301,0.0,0.0,0.07054747635611808,8704546.0,840710023481.35
Switzerland,CHE,Europe,EU,2021,2020-2023,Pandemic,Vans,PHEV,170.0,0.0,180.0,0.0,0.0,0.0,0.07054747635611808,8704546.0,840710023481.35
Switzerland,CHE,Europe,EU,2022,2020-2023,Post-Pandemic,Buses,BEV,110.0,0.0,150.0,0.0,0.0,0.0,0.05852020625974338,8777088.0,858479038993.75
Switzerland,CHE,Europe,EU,2022,2020-2023,Post-Pandemic,Buses,EV,0.0,23.0,0.0,2.0,0.0,0.0,0.05852020625974338,8777088.0,858479038993.75
Switzerland,CHE,Europe,EU,2022,2020-2023,Post-Pandemic,Buses,FCEV,0.0,0.0,20.0,0.0,0.0,0.0,0.05852020625974338,8777088.0,858479038993.75
Switzerland,CHE,Europe,EU,2022,2020-2023,Post-Pandemic,Buses,PHEV,1.0,0.0,35.0,0.0,0.0,0.0,0.05852020625974338,8777088.0,858479038993.75
Switzerland,CHE,Europe,EU,2022,2020-2023,Post-Pandemic,Cars,BEV,40000.0,0.0,130000.0,0.0,0.0,0.0,0.05852020625974338,8777088.0,858479038993.75
Switzerland,CHE,Europe,EU,2022,2020-2023,Post-Pandemic,Cars,EV,0.0,26.0,0.0,4.19999980926514,0.0,0.0,0.05852020625974338,8777088.0,858479038993.75
Switzerland,CHE,Europe,EU,2022,2020-2023,Post-Pandemic,Cars,FCEV,72.0,0.0,210.0,0.0,0.0,0.0,0.05852020625974338,8777088.0,858479038993.75
Switzerland,CHE,Europe,EU,2022,2020-2023,Post-Pandemic,Cars,PHEV,19000.0,0.0,71000.0,0.0,0.0,0.0,0.05852020625974338,8777088.0,858479038993.75
Switzerland,CHE,Europe,EU,2022,2020-2023,Post-Pandemic,EV,Publicly available fast,0.0,0.0,0.0,0.0,0.0,2200.0,0.05852020625974338,8777088.0,858479038993.75
Switzerland,CHE,Europe,EU,2022,2020-2023,Post-Pandemic,EV,Publicly available slow,0.0,0.0,0.0,0.0,0.0,10000.0,0.05852020625974338,8777088.0,858479038993.75
Switzerland,CHE,Europe,EU,2022,2020-2023,Post-Pandemic,Trucks,BEV,180.0,0.0,360.0,0.0,0.0,0.0,0.05852020625974338,8777088.0,858479038993.75
Switzerland,CHE,Europe,EU,2022,2020-2023,Post-Pandemic,Trucks,EV,0.0,4.90000009536743,0.0,0.610000014305115,0.0,0.0,0.05852020625974338,8777088.0,858479038993.75
Switzerland,CHE,Europe,EU,2022,2020-2023,Post-Pandemic,Vans,BEV,2400.0,0.0,6500.0,0.0,0.0,0.0,0.05852020625974338,8777088.0,858479038993.75
Switzerland,CHE,Europe,EU,2022,2020-2023,Post-Pandemic,Vans,EV,0.0,9.60000038146973,0.0,1.60000002384186,0.0,0.0,0.05852020625974338,8777088.0,858479038993.75
Switzerland,CHE,Europe,EU,2022,2020-2023,Post-Pandemic,Vans,FCEV,0.0,0.0,10.0,0.0,0.0,0.0,0.05852020625974338,8777088.0,858479038993.75
Switzerland,CHE,Europe,EU,2022,2020-2023,Post-Pandemic,Vans,PHEV,4.0,0.0,190.0,0.0,0.0,0.0,0.05852020625974338,8777088.0,858479038993.75
Switzerland,CHE,Europe,EU,2023,2020-2023,Post-Pandemic,Buses,BEV,770.0,0.0,220.0,0.0,0.0,0.0,0.05496416892785083,8888822.0,928435275851.707
Switzerland,CHE,Europe,EU,2023,2020-2023,Post-Pandemic,Buses,EV,0.0,65.0,0.0,2.5,0.0,0.0,0.05496416892785083,8888822.0,928435275851.707
Switzerland,CHE,Europe,EU,2023,2020-2023,Post-Pandemic,Buses,FCEV,0.0,0.0,15.0,0.0,0.0,0.0,0.05496416892785083,8888822.0,928435275851.707
Switzerland,CHE,Europe,EU,2023,2020-2023,Post-Pandemic,Buses,PHEV,0.0,0.0,35.0,0.0,0.0,0.0,0.05496416892785083,8888822.0,928435275851.707
Switzerland,CHE,Europe,EU,2023,2020-2023,Post-Pandemic,Cars,BEV,53000.0,0.0,180000.0,0.0,0.0,0.0,0.05496416892785083,8888822.0,928435275851.707
Switzerland,CHE,Europe,EU,2023,2020-2023,Post-Pandemic,Cars,EV,0.0,30.0,0.0,5.80000019073486,0.0,0.0,0.05496416892785083,8888822.0,928435275851.707
Switzerland,CHE,Europe,EU,2023,2020-2023,Post-Pandemic,Cars,FCEV,27.0,0.0,240.0,0.0,0.0,0.0,0.05496416892785083,8888822.0,928435275851.707
Switzerland,CHE,Europe,EU,2023,2020-2023,Post-Pandemic,Cars,PHEV,23000.0,0.0,96000.0,0.0,0.0,0.0,0.05496416892785083,8888822.0,928435275851.707
Switzerland,CHE,Europe,EU,2023,2020-2023,Post-Pandemic,EV,Publicly available fast,0.0,0.0,0.0,0.0,0.0,2800.0,0.05496416892785083,8888822.0,928435275851.707
Switzerland,CHE,Europe,EU,2023,2020-2023,Post-Pandemic,EV,Publicly available slow,0.0,0.0,0.0,0.0,0.0,13000.0,0.05496416892785083,8888822.0,928435275851.707
Switzerland,CHE,Europe,EU,2023,2020-2023,Post-Pandemic,Trucks,BEV,380.0,0.0,680.0,0.0,0.0,0.0,0.05496416892785083,8888822.0,928435275851.707
Switzerland,CHE,Europe,EU,2023,2020-2023,Post-Pandemic,Trucks,EV,0.0,8.19999980926514,0.0,1.20000004768372,0.0,0.0,0.05496416892785083,8888822.0,928435275851.707
Switzerland,CHE,Europe,EU,2023,2020-2023,Post-Pandemic,Trucks,FCEV,0.0,0.0,80.0,0.0,0.0,0.0,0.05496416892785083,8888822.0,928435275851.707
Switzerland,CHE,Europe,EU,2023,2020-2023,Post-Pandemic,Vans,BEV,3900.0,0.0,10000.0,0.0,0.0,0.0,0.05496416892785083,8888822.0,928435275851.707
Switzerland,CHE,Europe,EU,2023,2020-2023,Post-Pandemic,Vans,EV,0.0,13.0,0.0,2.29999995231628,0.0,0.0,0.05496416892785083,8888822.0,928435275851.707
Switzerland,CHE,Europe,EU,2023,2020-2023,Post-Pandemic,Vans,PHEV,0.0,0.0,190.0,0.0,0.0,0.0,0.05496416892785083,8888822.0,928435275851.707
Thailand,THA,Asia,AS,2017,2015-2019,Pre-Pandemic,EV,Publicly available fast,0.0,0.0,0.0,0.0,0.0,8.0,0.0,71160187.0,456356813536.764
Thailand,THA,Asia,AS,2017,2015-2019,Pre-Pandemic,EV,Publicly available slow,0.0,0.0,0.0,0.0,0.0,88.0,0.0,71160187.0,456356813536.764
Thailand,THA,Asia,AS,2018,2015-2019,Pre-Pandemic,EV,Publicly available fast,0.0,0.0,0.0,0.0,0.0,8.0,0.0,71376079.0,506754208404.485
Thailand,THA,Asia,AS,2018,2015-2019,Pre-Pandemic,EV,Publicly available slow,0.0,0.0,0.0,0.0,0.0,88.0,0.0,71376079.0,506754208404.485
Thailand,THA,Asia,AS,2019,2015-2019,Pre-Pandemic,EV,Publicly available fast,0.0,0.0,0.0,0.0,0.0,69.0,0.0,71522271.0,543976691793.886
Thailand,THA,Asia,AS,2019,2015-2019,Pre-Pandemic,EV,Publicly available slow,0.0,0.0,0.0,0.0,0.0,750.0,0.0,71522271.0,543976691793.886
Thailand,THA,Asia,AS,2020,2020-2023,Pandemic,EV,Publicly available fast,0.0,0.0,0.0,0.0,0.0,710.0,0.0,71641484.0,500274927778.532
Thailand,THA,Asia,AS,2020,2020-2023,Pandemic,EV,Publicly available slow,0.0,0.0,0.0,0.0,0.0,1200.0,0.0,71641484.0,500274927778.532
Thailand,THA,Asia,AS,2021,2020-2023,Pandemic,EV,Publicly available fast,0.0,0.0,0.0,0.0,0.0,770.0,0.0,71727332.0,506049783824.94
Thailand,THA,Asia,AS,2021,2020-2023,Pandemic,EV,Publicly available slow,0.0,0.0,0.0,0.0,0.0,1500.0,0.0,71727332.0,506049783824.94
Thailand,THA,Asia,AS,2022,2020-2023,Post-Pandemic,EV,Publicly available fast,0.0,0.0,0.0,0.0,0.0,770.0,0.0,71735329.0,495691837308.033
Thailand,THA,Asia,AS,2022,2020-2023,Post-Pandemic,EV,Publicly available slow,0.0,0.0,0.0,0.0,0.0,1500.0,0.0,71735329.0,495691837308.033
Thailand,THA,Asia,AS,2023,2020-2023,Post-Pandemic,EV,Publicly available fast,0.0,0.0,0.0,0.0,0.0,770.0,0.0,71702435.0,517013369475.121
Thailand,THA,Asia,AS,2023,2020-2023,Post-Pandemic,EV,Publicly available slow,0.0,0.0,0.0,0.0,0.0,1500.0,0.0,71702435.0,517013369475.121
Turkey,TUR,Europe,EU,2012,2010-2014,Pre-Pandemic,Cars,BEV,92.0,0.0,0.0,0.0,0.0,0.0,0.0,75175827.0,885327622479.052
Turkey,TUR,Europe,EU,2012,2010-2014,Pre-Pandemic,Cars,EV,0.0,0.016000000759959,0.0,0.0,0.0,0.0,0.0,75175827.0,885327622479.052
Turkey,TUR,Europe,EU,2013,2010-2014,Pre-Pandemic,Cars,BEV,0.0,0.0,230.0,0.0,0.0,0.0,0.004347826086956522,76147624.0,962167643588.925
Turkey,TUR,Europe,EU,2013,2010-2014,Pre-Pandemic,Cars,EV,0.0,0.000119999996969,0.0,0.002499999944121,0.0,0.0,0.004347826086956522,76147624.0,962167643588.925
Turkey,TUR,Europe,EU,2013,2010-2014,Pre-Pandemic,Cars,PHEV,1.0,0.0,0.0,0.0,0.0,0.0,0.004347826086956522,76147624.0,962167643588.925
Turkey,TUR,Europe,EU,2013,2010-2014,Pre-Pandemic,EV,Publicly available fast,0.0,0.0,0.0,0.0,0.0,1.0,0.004347826086956522,76147624.0,962167643588.925
Turkey,TUR,Europe,EU,2014,2010-2014,Pre-Pandemic,Cars,BEV,46.0,0.0,260.0,0.0,0.0,0.0,0.0038461538461538464,77181884.0,942343431928.654
Turkey,TUR,Europe,EU,2014,2010-2014,Pre-Pandemic,Cars,EV,0.0,0.012000000104308,0.0,0.002700000070035,0.0,0.0,0.0038461538461538464,77181884.0,942343431928.654
Turkey,TUR,Europe,EU,2014,2010-2014,Pre-Pandemic,Cars,PHEV,22.0,0.0,0.0,0.0,0.0,0.0,0.0038461538461538464,77181884.0,942343431928.654
Turkey,TUR,Europe,EU,2014,2010-2014,Pre-Pandemic,EV,Publicly available fast,0.0,0.0,0.0,0.0,0.0,1.0,0.0038461538461538464,77181884.0,942343431928.654
Turkey,TUR,Europe,EU,2015,2015-2019,Pre-Pandemic,Cars,BEV,120.0,0.0,370.0,0.0,0.0,0.0,0.01891891891891892,78218479.0,865460050683.656
Turkey,TUR,Europe,EU,2015,2015-2019,Pre-Pandemic,Cars,EV,0.0,0.030999999493361,0.0,0.003800000064075,0.0,0.0,0.01891891891891892,78218479.0,865460050683.656
Turkey,TUR,Europe,EU,2015,2015-2019,Pre-Pandemic,Cars,PHEV,110.0,0.0,0.0,0.0,0.0,0.0,0.01891891891891892,78218479.0,865460050683.656
Turkey,TUR,Europe,EU,2015,2015-2019,Pre-Pandemic,EV,Publicly available fast,0.0,0.0,0.0,0.0,0.0,7.0,0.01891891891891892,78218479.0,865460050683.656
Turkey,TUR,Europe,EU,2016,2015-2019,Pre-Pandemic,Cars,BEV,44.0,0.0,420.0,0.0,0.0,0.0,0.02857142857142857,79277962.0,870818016909.84
Turkey,TUR,Europe,EU,2016,2015-2019,Pre-Pandemic,Cars,EV,0.0,0.013000000268221,0.0,0.006000000052154,0.0,0.0,0.02857142857142857,79277962.0,870818016909.84
Turkey,TUR,Europe,EU,2016,2015-2019,Pre-Pandemic,Cars,PHEV,83.0,0.0,210.0,0.0,0.0,0.0,0.02857142857142857,79277962.0,870818016909.84
Turkey,TUR,Europe,EU,2016,2015-2019,Pre-Pandemic,EV,Publicly available fast,0.0,0.0,0.0,0.0,0.0,7.0,0.02857142857142857,79277962.0,870818016909.84
Turkey,TUR,Europe,EU,2016,2015-2019,Pre-Pandemic,EV,Publicly available slow,0.0,0.0,0.0,0.0,0.0,11.0,0.02857142857142857,79277962.0,870818016909.84
Turkey,TUR,Europe,EU,2017,2015-2019,Pre-Pandemic,Cars,BEV,77.0,0.0,500.0,0.0,0.0,0.0,0.10270270270270271,80312698.0,863874522365.276
Turkey,TUR,Europe,EU,2017,2015-2019,Pre-Pandemic,Cars,EV,0.0,0.010999999940395,0.0,0.006599999964237,0.0,0.0,0.10270270270270271,80312698.0,863874522365.276
Turkey,TUR,Europe,EU,2017,2015-2019,Pre-Pandemic,Cars,PHEV,34.0,0.0,240.0,0.0,0.0,0.0,0.10270270270270271,80312698.0,863874522365.276
Turkey,TUR,Europe,EU,2017,2015-2019,Pre-Pandemic,EV,Publicly available fast,0.0,0.0,0.0,0.0,0.0,7.0,0.10270270270270271,80312698.0,863874522365.276
Turkey,TUR,Europe,EU,2017,2015-2019,Pre-Pandemic,EV,Publicly available slow,0.0,0.0,0.0,0.0,0.0,69.0,0.10270270270270271,80312698.0,863874522365.276
Turkey,TUR,Europe,EU,2018,2015-2019,Pre-Pandemic,Cars,BEV,190.0,0.0,650.0,0.0,0.0,0.0,0.08172043010752689,81407204.0,788356985773.667
Turkey,TUR,Europe,EU,2018,2015-2019,Pre-Pandemic,Cars,EV,0.0,0.043999999761582,0.0,0.008200000040233,0.0,0.0,0.08172043010752689,81407204.0,788356985773.667
Turkey,TUR,Europe,EU,2018,2015-2019,Pre-Pandemic,Cars,PHEV,45.0,0.0,280.0,0.0,0.0,0.0,0.08172043010752689,81407204.0,788356985773.667
Turkey,TUR,Europe,EU,2018,2015-2019,Pre-Pandemic,EV,Publicly available fast,0.0,0.0,0.0,0.0,0.0,7.0,0.08172043010752689,81407204.0,788356985773.667
Turkey,TUR,Europe,EU,2018,2015-2019,Pre-Pandemic,EV,Publicly available slow,0.0,0.0,0.0,0.0,0.0,69.0,0.08172043010752689,81407204.0,788356985773.667
Turkey,TUR,Europe,EU,2019,2015-2019,Pre-Pandemic,Cars,BEV,230.0,0.0,1300.0,0.0,0.0,0.0,0.09782608695652174,82579440.0,775853144222.613
Turkey,TUR,Europe,EU,2019,2015-2019,Pre-Pandemic,Cars,EV,0.0,0.06700000166893,0.0,0.016000000759959,0.0,0.0,0.09782608695652174,82579440.0,775853144222.613
Turkey,TUR,Europe,EU,2019,2015-2019,Pre-Pandemic,Cars,PHEV,94.0,0.0,540.0,0.0,0.0,0.0,0.09782608695652174,82579440.0,775853144222.613
Turkey,TUR,Europe,EU,2019,2015-2019,Pre-Pandemic,EV,Publicly available fast,0.0,0.0,0.0,0.0,0.0,30.0,0.09782608695652174,82579440.0,775853144222.613
Turkey,TUR,Europe,EU,2019,2015-2019,Pre-Pandemic,EV,Publicly available slow,0.0,0.0,0.0,0.0,0.0,150.0,0.09782608695652174,82579440.0,775853144222.613
Turkey,TUR,Europe,EU,2020,2020-2023,Pandemic,Cars,BEV,890.0,0.0,2900.0,0.0,0.0,0.0,0.3384615384615385,83384680.0,733628247119.077
Turkey,TUR,Europe,EU,2020,2020-2023,Pandemic,Cars,EV,0.0,0.170000001788139,0.0,0.032999999821186,0.0,0.0,0.3384615384615385,83384680.0,733628247119.077
Turkey,TUR,Europe,EU,2020,2020-2023,Pandemic,Cars,PHEV,400.0,0.0,1000.0,0.0,0.0,0.0,0.3384615384615385,83384680.0,733628247119.077
Turkey,TUR,Europe,EU,2020,2020-2023,Pandemic,EV,Publicly available fast,0.0,0.0,0.0,0.0,0.0,120.0,0.3384615384615385,83384680.0,733628247119.077
Turkey,TUR,Europe,EU,2020,2020-2023,Pandemic,EV,Publicly available slow,0.0,0.0,0.0,0.0,0.0,1200.0,0.3384615384615385,83384680.0,733628247119.077
Turkey,TUR,Europe,EU,2021,2020-2023,Pandemic,Cars,BEV,3000.0,0.0,6800.0,0.0,0.0,0.0,0.2302325581395349,84147318.0,839938668172.134
Turkey,TUR,Europe,EU,2021,2020-2023,Pandemic,Cars,EV,0.0,0.550000011920929,0.0,0.068999998271465,0.0,0.0,0.2302325581395349,84147318.0,839938668172.134
Turkey,TUR,Europe,EU,2021,2020-2023,Pandemic,Cars,PHEV,920.0,0.0,1800.0,0.0,0.0,0.0,0.2302325581395349,84147318.0,839938668172.134
Turkey,TUR,Europe,EU,2021,2020-2023,Pandemic,EV,Publicly available fast,0.0,0.0,0.0,0.0,0.0,180.0,0.2302325581395349,84147318.0,839938668172.134
Turkey,TUR,Europe,EU,2021,2020-2023,Pandemic,EV,Publicly available slow,0.0,0.0,0.0,0.0,0.0,1800.0,0.2302325581395349,84147318.0,839938668172.134
Turkey,TUR,Europe,EU,2022,2020-2023,Post-Pandemic,Cars,BEV,7000.0,0.0,14000.0,0.0,0.0,0.0,0.12147239263803682,84979913.0,926097476913.818
Turkey,TUR,Europe,EU,2022,2020-2023,Post-Pandemic,Cars,EV,0.0,1.10000002384186,0.0,0.129999995231628,0.0,0.0,0.12147239263803682,84979913.0,926097476913.818
Turkey,TUR,Europe,EU,2022,2020-2023,Post-Pandemic,Cars,PHEV,540.0,0.0,2300.0,0.0,0.0,0.0,0.12147239263803682,84979913.0,926097476913.818
Turkey,TUR,Europe,EU,2022,2020-2023,Post-Pandemic,EV,Publicly available fast,0.0,0.0,0.0,0.0,0.0,180.0,0.12147239263803682,84979913.0,926097476913.818
Turkey,TUR,Europe,EU,2022,2020-2023,Post-Pandemic,EV,Publicly available slow,0.0,0.0,0.0,0.0,0.0,1800.0,0.12147239263803682,84979913.0,926097476913.818
Turkey,TUR,Europe,EU,2023,2020-2023,Post-Pandemic,Cars,BEV,66000.0,0.0,77000.0,0.0,0.0,0.0,0.09523809523809523,85325965.0,1141242864657.45
Turkey,TUR,Europe,EU,2023,2020-2023,Post-Pandemic,Cars,EV,0.0,10.0,0.0,0.629999995231628,0.0,0.0,0.09523809523809523,85325965.0,1141242864657.45
Turkey,TUR,Europe,EU,2023,2020-2023,Post-Pandemic,Cars,PHEV,2700.0,0.0,4900.0,0.0,0.0,0.0,0.09523809523809523,85325965.0,1141242864657.45
Turkey,TUR,Europe,EU,2023,2020-2023,Post-Pandemic,EV,Publicly available fast,0.0,0.0,0.0,0.0,0.0,800.0,0.09523809523809523,85325965.0,1141242864657.45
Turkey,TUR,Europe,EU,2023,2020-2023,Post-Pandemic,EV,Publicly available slow,0.0,0.0,0.0,0.0,0.0,7000.0,0.09523809523809523,85325965.0,1141242864657.45
United Arab Emirates,ARE,Asia,AS,2018,2015-2019,Pre-Pandemic,Cars,BEV,59.0,0.0,0.0,0.0,0.0,0.0,0.0,9346701.0,440560003161.236
United Arab Emirates,ARE,Asia,AS,2018,2015-2019,Pre-Pandemic,Cars,EV,0.0,0.025000000372529,0.0,0.0,0.0,0.0,0.0,9346701.0,440560003161.236
United Arab Emirates,ARE,Asia,AS,2018,2015-2019,Pre-Pandemic,Cars,PHEV,60.0,0.0,0.0,0.0,0.0,0.0,0.0,9346701.0,440560003161.236
United Arab Emirates,ARE,Asia,AS,2019,2015-2019,Pre-Pandemic,Cars,BEV,33.0,0.0,0.0,0.0,0.0,0.0,0.0,9445785.0,433926218686.108
United Arab Emirates,ARE,Asia,AS,2019,2015-2019,Pre-Pandemic,Cars,EV,0.0,0.026000000536442,0.0,0.0,0.0,0.0,0.0,9445785.0,433926218686.108
United Arab Emirates,ARE,Asia,AS,2019,2015-2019,Pre-Pandemic,Cars,PHEV,61.0,0.0,0.0,0.0,0.0,0.0,0.0,9445785.0,433926218686.108
United Arab Emirates,ARE,Asia,AS,2020,2020-2023,Pandemic,Cars,BEV,630.0,0.0,0.0,0.0,0.0,0.0,0.0,9401038.0,357161776271.328
United Arab Emirates,ARE,Asia,AS,2020,2020-2023,Pandemic,Cars,EV,0.0,0.529999971389771,0.0,0.0,0.0,0.0,0.0,9401038.0,357161776271.328
United Arab Emirates,ARE,Asia,AS,2020,2020-2023,Pandemic,Cars,PHEV,61.0,0.0,0.0,0.0,0.0,0.0,0.0,9401038.0,357161776271.328
United Arab Emirates,ARE,Asia,AS,2021,2020-2023,Pandemic,Cars,BEV,2100.0,0.0,0.0,0.0,0.0,0.0,0.0,9575152.0,422441282436.237
United Arab Emirates,ARE,Asia,AS,2021,2020-2023,Pandemic,Cars,EV,0.0,2.59999990463257,0.0,0.0,0.0,0.0,0.0,9575152.0,422441282436.237
United Arab Emirates,ARE,Asia,AS,2021,2020-2023,Pandemic,Cars,PHEV,2000.0,0.0,0.0,0.0,0.0,0.0,0.0,9575152.0,422441282436.237
United Arab Emirates,ARE,Asia,AS,2022,2020-2023,Post-Pandemic,Cars,BEV,15000.0,0.0,0.0,0.0,0.0,0.0,0.0,10074977.0,511403404642.173
United Arab Emirates,ARE,Asia,AS,2022,2020-2023,Post-Pandemic,Cars,EV,0.0,11.0,0.0,0.0,0.0,0.0,0.0,10074977.0,511403404642.173
United Arab Emirates,ARE,Asia,AS,2022,2020-2023,Post-Pandemic,Cars,PHEV,3900.0,0.0,0.0,0.0,0.0,0.0,0.0,10074977.0,511403404642.173
United Arab Emirates,ARE,Asia,AS,2023,2020-2023,Post-Pandemic,Cars,BEV,23000.0,0.0,0.0,0.0,0.0,0.0,0.0,10483751.0,522622268401.125
United Arab Emirates,ARE,Asia,AS,2023,2020-2023,Post-Pandemic,Cars,EV,0.0,13.0,0.0,0.0,0.0,0.0,0.0,10483751.0,522622268401.125
United Arab Emirates,ARE,Asia,AS,2023,2020-2023,Post-Pandemic,Cars,PHEV,5900.0,0.0,0.0,0.0,0.0,0.0,0.0,10483751.0,522622268401.125
United Kingdom,GBR,Europe,EU,2010,2010-2014,Pre-Pandemic,Buses,BEV,4.0,0.0,80.0,0.0,0.0,0.0,0.0,62766365.0,2496740681057.14
United Kingdom,GBR,Europe,EU,2010,2010-2014,Pre-Pandemic,Buses,EV,0.0,0.041999999433756,0.0,0.071999996900559,0.0,0.0,0.0,62766365.0,2496740681057.14
United Kingdom,GBR,Europe,EU,2010,2010-2014,Pre-Pandemic,Cars,BEV,240.0,0.0,1500.0,0.0,0.0,0.0,0.0,62766365.0,2496740681057.14
United Kingdom,GBR,Europe,EU,2010,2010-2014,Pre-Pandemic,Cars,EV,0.0,0.013000000268221,0.0,0.005299999844283,0.0,0.0,0.0,62766365.0,2496740681057.14
United Kingdom,GBR,Europe,EU,2010,2010-2014,Pre-Pandemic,Cars,PHEV,21.0,0.0,21.0,0.0,0.0,0.0,0.0,62766365.0,2496740681057.14
United Kingdom,GBR,Europe,EU,2010,2010-2014,Pre-Pandemic,Trucks,BEV,9.0,0.0,940.0,0.0,0.0,0.0,0.0,62766365.0,2496740681057.14
United Kingdom,GBR,Europe,EU,2010,2010-2014,Pre-Pandemic,Trucks,EV,0.0,0.025000000372529,0.0,0.189999997615814,0.0,0.0,0.0,62766365.0,2496740681057.14
United Kingdom,GBR,Europe,EU,2010,2010-2014,Pre-Pandemic,Vans,BEV,230.0,0.0,3700.0,0.0,0.0,0.0,0.0,62766365.0,2496740681057.14
United Kingdom,GBR,Europe,EU,2010,2010-2014,Pre-Pandemic,Vans,EV,0.0,0.100000001490116,0.0,0.109999999403954,0.0,0.0,0.0,62766365.0,2496740681057.14
United Kingdom,GBR,Europe,EU,2010,2010-2014,Pre-Pandemic,Vans,FCEV,0.0,0.0,4.0,0.0,0.0,0.0,0.0,62766365.0,2496740681057.14
United Kingdom,GBR,Europe,EU,2011,2010-2014,Pre-Pandemic,Buses,BEV,2.0,0.0,88.0,0.0,0.0,0.0,0.20891364902506965,63258810.0,2675590034128.66
United Kingdom,GBR,Europe,EU,2011,2010-2014,Pre-Pandemic,Buses,EV,0.0,0.026000000536442,0.0,0.079999998211861,0.0,0.0,0.20891364902506965,63258810.0,2675590034128.66
United Kingdom,GBR,Europe,EU,2011,2010-2014,Pre-Pandemic,Cars,BEV,1200.0,0.0,2600.0,0.0,0.0,0.0,0.20891364902506965,63258810.0,2675590034128.66
United Kingdom,GBR,Europe,EU,2011,2010-2014,Pre-Pandemic,Cars,EV,0.0,0.061999998986721,0.0,0.00899999961257,0.0,0.0,0.20891364902506965,63258810.0,2675590034128.66
United Kingdom,GBR,Europe,EU,2011,2010-2014,Pre-Pandemic,Cars,PHEV,7.0,0.0,28.0,0.0,0.0,0.0,0.20891364902506965,63258810.0,2675590034128.66
United Kingdom,GBR,Europe,EU,2011,2010-2014,Pre-Pandemic,EV,Publicly available slow,0.0,0.0,0.0,0.0,0.0,1500.0,0.20891364902506965,63258810.0,2675590034128.66
United Kingdom,GBR,Europe,EU,2011,2010-2014,Pre-Pandemic,Trucks,BEV,5.0,0.0,860.0,0.0,0.0,0.0,0.20891364902506965,63258810.0,2675590034128.66
United Kingdom,GBR,Europe,EU,2011,2010-2014,Pre-Pandemic,Trucks,EV,0.0,0.012000000104308,0.0,0.150000005960464,0.0,0.0,0.20891364902506965,63258810.0,2675590034128.66
United Kingdom,GBR,Europe,EU,2011,2010-2014,Pre-Pandemic,Vans,BEV,220.0,0.0,3600.0,0.0,0.0,0.0,0.20891364902506965,63258810.0,2675590034128.66
United Kingdom,GBR,Europe,EU,2011,2010-2014,Pre-Pandemic,Vans,EV,0.0,0.08500000089407,0.0,0.098999999463558,0.0,0.0,0.20891364902506965,63258810.0,2675590034128.66
United Kingdom,GBR,Europe,EU,2011,2010-2014,Pre-Pandemic,Vans,FCEV,0.0,0.0,4.0,0.0,0.0,0.0,0.20891364902506965,63258810.0,2675590034128.66
United Kingdom,GBR,Europe,EU,2012,2010-2014,Pre-Pandemic,Buses,BEV,14.0,0.0,100.0,0.0,0.0,0.0,0.2956014175526371,63711000.0,2719715961539.83
United Kingdom,GBR,Europe,EU,2012,2010-2014,Pre-Pandemic,Buses,EV,0.0,0.150000005960464,0.0,0.090999998152256,0.0,0.0,0.2956014175526371,63711000.0,2719715961539.83
United Kingdom,GBR,Europe,EU,2012,2010-2014,Pre-Pandemic,Cars,BEV,1600.0,0.0,4100.0,0.0,0.0,0.0,0.2956014175526371,63711000.0,2719715961539.83
United Kingdom,GBR,Europe,EU,2012,2010-2014,Pre-Pandemic,Cars,EV,0.0,0.129999995231628,0.0,0.017000000923872,0.0,0.0,0.2956014175526371,63711000.0,2719715961539.83
United Kingdom,GBR,Europe,EU,2012,2010-2014,Pre-Pandemic,Cars,PHEV,970.0,0.0,990.0,0.0,0.0,0.0,0.2956014175526371,63711000.0,2719715961539.83
United Kingdom,GBR,Europe,EU,2012,2010-2014,Pre-Pandemic,EV,Publicly available fast,0.0,0.0,0.0,0.0,0.0,36.0,0.2956014175526371,63711000.0,2719715961539.83
United Kingdom,GBR,Europe,EU,2012,2010-2014,Pre-Pandemic,EV,Publicly available slow,0.0,0.0,0.0,0.0,0.0,2800.0,0.2956014175526371,63711000.0,2719715961539.83
United Kingdom,GBR,Europe,EU,2012,2010-2014,Pre-Pandemic,Trucks,BEV,6.0,0.0,700.0,0.0,0.0,0.0,0.2956014175526371,63711000.0,2719715961539.83
United Kingdom,GBR,Europe,EU,2012,2010-2014,Pre-Pandemic,Trucks,EV,0.0,0.014000000432134,0.0,0.129999995231628,0.0,0.0,0.2956014175526371,63711000.0,2719715961539.83
United Kingdom,GBR,Europe,EU,2012,2010-2014,Pre-Pandemic,Vans,BEV,410.0,0.0,3700.0,0.0,0.0,0.0,0.2956014175526371,63711000.0,2719715961539.83
United Kingdom,GBR,Europe,EU,2012,2010-2014,Pre-Pandemic,Vans,EV,0.0,0.170000001788139,0.0,0.100000001490116,0.0,0.0,0.2956014175526371,63711000.0,2719715961539.83
United Kingdom,GBR,Europe,EU,2012,2010-2014,Pre-Pandemic,Vans,FCEV,0.0,0.0,4.0,0.0,0.0,0.0,0.2956014175526371,63711000.0,2719715961539.83
United Kingdom,GBR,Europe,EU,2013,2010-2014,Pre-Pandemic,Buses,BEV,23.0,0.0,120.0,0.0,0.0,0.0,0.4530174483752201,64138000.0,2796908333283.39
United Kingdom,GBR,Europe,EU,2013,2010-2014,Pre-Pandemic,Buses,EV,0.0,0.259999990463257,0.0,0.109999999403954,0.0,0.0,0.4530174483752201,64138000.0,2796908333283.39
United Kingdom,GBR,Europe,EU,2013,2010-2014,Pre-Pandemic,Cars,BEV,2600.0,0.0,6200.0,0.0,0.0,0.0,0.4530174483752201,64138000.0,2796908333283.39
United Kingdom,GBR,Europe,EU,2013,2010-2014,Pre-Pandemic,Cars,EV,0.0,0.159999996423721,0.0,0.027000000700355,0.0,0.0,0.4530174483752201,64138000.0,2796908333283.39
United Kingdom,GBR,Europe,EU,2013,2010-2014,Pre-Pandemic,Cars,PHEV,1100.0,0.0,2000.0,0.0,0.0,0.0,0.4530174483752201,64138000.0,2796908333283.39
United Kingdom,GBR,Europe,EU,2013,2010-2014,Pre-Pandemic,EV,Publicly available fast,0.0,0.0,0.0,0.0,0.0,260.0,0.4530174483752201,64138000.0,2796908333283.39
United Kingdom,GBR,Europe,EU,2013,2010-2014,Pre-Pandemic,EV,Publicly available slow,0.0,0.0,0.0,0.0,0.0,5400.0,0.4530174483752201,64138000.0,2796908333283.39
United Kingdom,GBR,Europe,EU,2013,2010-2014,Pre-Pandemic,Trucks,BEV,0.0,0.0,570.0,0.0,0.0,0.0,0.4530174483752201,64138000.0,2796908333283.39
United Kingdom,GBR,Europe,EU,2013,2010-2014,Pre-Pandemic,Trucks,EV,0.0,0.0,0.0,0.100000001490116,0.0,0.0,0.4530174483752201,64138000.0,2796908333283.39
United Kingdom,GBR,Europe,EU,2013,2010-2014,Pre-Pandemic,Vans,BEV,290.0,0.0,3600.0,0.0,0.0,0.0,0.4530174483752201,64138000.0,2796908333283.39
United Kingdom,GBR,Europe,EU,2013,2010-2014,Pre-Pandemic,Vans,EV,0.0,0.109999999403954,0.0,0.097000002861023,0.0,0.0,0.4530174483752201,64138000.0,2796908333283.39
United Kingdom,GBR,Europe,EU,2013,2010-2014,Pre-Pandemic,Vans,FCEV,0.0,0.0,4.0,0.0,0.0,0.0,0.4530174483752201,64138000.0,2796908333283.39
United Kingdom,GBR,Europe,EU,2014,2010-2014,Pre-Pandemic,Buses,BEV,47.0,0.0,170.0,0.0,0.0,0.0,0.29156280685852404,64619000.0,3085362169410.29
United Kingdom,GBR,Europe,EU,2014,2010-2014,Pre-Pandemic,Buses,EV,0.0,0.540000021457672,0.0,0.150000005960464,0.0,0.0,0.29156280685852404,64619000.0,3085362169410.29
United Kingdom,GBR,Europe,EU,2014,2010-2014,Pre-Pandemic,Cars,BEV,6700.0,0.0,12000.0,0.0,0.0,0.0,0.29156280685852404,64619000.0,3085362169410.29
United Kingdom,GBR,Europe,EU,2014,2010-2014,Pre-Pandemic,Cars,EV,0.0,0.589999973773956,0.0,0.071999996900559,0.0,0.0,0.29156280685852404,64619000.0,3085362169410.29
United Kingdom,GBR,Europe,EU,2014,2010-2014,Pre-Pandemic,Cars,PHEV,7800.0,0.0,9700.0,0.0,0.0,0.0,0.29156280685852404,64619000.0,3085362169410.29
United Kingdom,GBR,Europe,EU,2014,2010-2014,Pre-Pandemic,EV,Publicly available fast,0.0,0.0,0.0,0.0,0.0,520.0,0.29156280685852404,64619000.0,3085362169410.29
United Kingdom,GBR,Europe,EU,2014,2010-2014,Pre-Pandemic,EV,Publicly available slow,0.0,0.0,0.0,0.0,0.0,7200.0,0.29156280685852404,64619000.0,3085362169410.29
United Kingdom,GBR,Europe,EU,2014,2010-2014,Pre-Pandemic,Trucks,BEV,8.0,0.0,500.0,0.0,0.0,0.0,0.29156280685852404,64619000.0,3085362169410.29
United Kingdom,GBR,Europe,EU,2014,2010-2014,Pre-Pandemic,Trucks,EV,0.0,0.020999999716878,0.0,0.087999999523163,0.0,0.0,0.29156280685852404,64619000.0,3085362169410.29
United Kingdom,GBR,Europe,EU,2014,2010-2014,Pre-Pandemic,Vans,BEV,790.0,0.0,4100.0,0.0,0.0,0.0,0.29156280685852404,64619000.0,3085362169410.29
United Kingdom,GBR,Europe,EU,2014,2010-2014,Pre-Pandemic,Vans,EV,0.0,0.25,0.0,0.109999999403954,0.0,0.0,0.29156280685852404,64619000.0,3085362169410.29
United Kingdom,GBR,Europe,EU,2014,2010-2014,Pre-Pandemic,Vans,FCEV,0.0,0.0,4.0,0.0,0.0,0.0,0.29156280685852404,64619000.0,3085362169410.29
United Kingdom,GBR,Europe,EU,2014,2010-2014,Pre-Pandemic,Vans,PHEV,4.0,0.0,4.0,0.0,0.0,0.0,0.29156280685852404,64619000.0,3085362169410.29
United Kingdom,GBR,Europe,EU,2015,2015-2019,Pre-Pandemic,Buses,BEV,24.0,0.0,200.0,0.0,0.0,0.0,0.17443823385977417,65087000.0,2945579890258.46
United Kingdom,GBR,Europe,EU,2015,2015-2019,Pre-Pandemic,Buses,EV,0.0,0.140000000596046,0.0,0.170000001788139,0.0,0.0,0.17443823385977417,65087000.0,2945579890258.46
United Kingdom,GBR,Europe,EU,2015,2015-2019,Pre-Pandemic,Cars,BEV,10000.0,0.0,21000.0,0.0,0.0,0.0,0.17443823385977417,65087000.0,2945579890258.46
United Kingdom,GBR,Europe,EU,2015,2015-2019,Pre-Pandemic,Cars,EV,0.0,1.10000002384186,0.0,0.159999996423721,0.0,0.0,0.17443823385977417,65087000.0,2945579890258.46
United Kingdom,GBR,Europe,EU,2015,2015-2019,Pre-Pandemic,Cars,FCEV,11.0,0.0,0.0,0.0,0.0,0.0,0.17443823385977417,65087000.0,2945579890258.46
United Kingdom,GBR,Europe,EU,2015,2015-2019,Pre-Pandemic,Cars,PHEV,19000.0,0.0,27000.0,0.0,0.0,0.0,0.17443823385977417,65087000.0,2945579890258.46
United Kingdom,GBR,Europe,EU,2015,2015-2019,Pre-Pandemic,EV,Publicly available fast,0.0,0.0,0.0,0.0,0.0,1100.0,0.17443823385977417,65087000.0,2945579890258.46
United Kingdom,GBR,Europe,EU,2015,2015-2019,Pre-Pandemic,EV,Publicly available slow,0.0,0.0,0.0,0.0,0.0,8200.0,0.17443823385977417,65087000.0,2945579890258.46
United Kingdom,GBR,Europe,EU,2015,2015-2019,Pre-Pandemic,Trucks,BEV,3.0,0.0,410.0,0.0,0.0,0.0,0.17443823385977417,65087000.0,2945579890258.46
United Kingdom,GBR,Europe,EU,2015,2015-2019,Pre-Pandemic,Trucks,EV,0.0,0.006000000052154,0.0,0.070000000298023,0.0,0.0,0.17443823385977417,65087000.0,2945579890258.46
United Kingdom,GBR,Europe,EU,2015,2015-2019,Pre-Pandemic,Vans,BEV,960.0,0.0,4600.0,0.0,0.0,0.0,0.17443823385977417,65087000.0,2945579890258.46
United Kingdom,GBR,Europe,EU,2015,2015-2019,Pre-Pandemic,Vans,EV,0.0,0.280000001192093,0.0,0.119999997317791,0.0,0.0,0.17443823385977417,65087000.0,2945579890258.46
United Kingdom,GBR,Europe,EU,2015,2015-2019,Pre-Pandemic,Vans,FCEV,0.0,0.0,4.0,0.0,0.0,0.0,0.17443823385977417,65087000.0,2945579890258.46
United Kingdom,GBR,Europe,EU,2015,2015-2019,Pre-Pandemic,Vans,PHEV,98.0,0.0,100.0,0.0,0.0,0.0,0.17443823385977417,65087000.0,2945579890258.46
United Kingdom,GBR,Europe,EU,2016,2015-2019,Pre-Pandemic,Buses,BEV,59.0,0.0,260.0,0.0,0.0,0.0,0.140223261724527,65606000.0,2706807606538.73
United Kingdom,GBR,Europe,EU,2016,2015-2019,Pre-Pandemic,Buses,EV,0.0,1.20000004768372,0.0,0.349999994039536,0.0,0.0,0.140223261724527,65606000.0,2706807606538.73
United Kingdom,GBR,Europe,EU,2016,2015-2019,Pre-Pandemic,Buses,FCEV,20.0,0.0,0.0,0.0,0.0,0.0,0.140223261724527,65606000.0,2706807606538.73
United Kingdom,GBR,Europe,EU,2016,2015-2019,Pre-Pandemic,Buses,PHEV,140.0,0.0,140.0,0.0,0.0,0.0,0.140223261724527,65606000.0,2706807606538.73
United Kingdom,GBR,Europe,EU,2016,2015-2019,Pre-Pandemic,Cars,BEV,10000.0,0.0,30000.0,0.0,0.0,0.0,0.140223261724527,65606000.0,2706807606538.73
United Kingdom,GBR,Europe,EU,2016,2015-2019,Pre-Pandemic,Cars,EV,0.0,1.39999997615814,0.0,0.270000010728836,0.0,0.0,0.140223261724527,65606000.0,2706807606538.73
United Kingdom,GBR,Europe,EU,2016,2015-2019,Pre-Pandemic,Cars,FCEV,10.0,0.0,0.0,0.0,0.0,0.0,0.140223261724527,65606000.0,2706807606538.73
United Kingdom,GBR,Europe,EU,2016,2015-2019,Pre-Pandemic,Cars,PHEV,29000.0,0.0,55000.0,0.0,0.0,0.0,0.140223261724527,65606000.0,2706807606538.73
United Kingdom,GBR,Europe,EU,2016,2015-2019,Pre-Pandemic,EV,Publicly available fast,0.0,0.0,0.0,0.0,0.0,1800.0,0.140223261724527,65606000.0,2706807606538.73
United Kingdom,GBR,Europe,EU,2016,2015-2019,Pre-Pandemic,EV,Publicly available slow,0.0,0.0,0.0,0.0,0.0,11000.0,0.140223261724527,65606000.0,2706807606538.73
United Kingdom,GBR,Europe,EU,2016,2015-2019,Pre-Pandemic,Trucks,BEV,8.0,0.0,400.0,0.0,0.0,0.0,0.140223261724527,65606000.0,2706807606538.73
United Kingdom,GBR,Europe,EU,2016,2015-2019,Pre-Pandemic,Trucks,EV,0.0,0.014999999664724,0.0,0.065999999642372,0.0,0.0,0.140223261724527,65606000.0,2706807606538.73
United Kingdom,GBR,Europe,EU,2016,2015-2019,Pre-Pandemic,Vans,BEV,1000.0,0.0,5300.0,0.0,0.0,0.0,0.140223261724527,65606000.0,2706807606538.73
United Kingdom,GBR,Europe,EU,2016,2015-2019,Pre-Pandemic,Vans,EV,0.0,0.28999999165535,0.0,0.129999995231628,0.0,0.0,0.140223261724527,65606000.0,2706807606538.73
United Kingdom,GBR,Europe,EU,2016,2015-2019,Pre-Pandemic,Vans,FCEV,0.0,0.0,3.0,0.0,0.0,0.0,0.140223261724527,65606000.0,2706807606538.73
United Kingdom,GBR,Europe,EU,2016,2015-2019,Pre-Pandemic,Vans,PHEV,78.0,0.0,180.0,0.0,0.0,0.0,0.140223261724527,65606000.0,2706807606538.73
United Kingdom,GBR,Europe,EU,2017,2015-2019,Pre-Pandemic,Buses,BEV,39.0,0.0,300.0,0.0,0.0,0.0,0.11147127414599803,65964000.0,2699118387873.1
United Kingdom,GBR,Europe,EU,2017,2015-2019,Pre-Pandemic,Buses,EV,0.0,0.469999998807907,0.0,0.409999996423721,0.0,0.0,0.11147127414599803,65964000.0,2699118387873.1
United Kingdom,GBR,Europe,EU,2017,2015-2019,Pre-Pandemic,Buses,FCEV,5.0,0.0,0.0,0.0,0.0,0.0,0.11147127414599803,65964000.0,2699118387873.1
United Kingdom,GBR,Europe,EU,2017,2015-2019,Pre-Pandemic,Buses,PHEV,18.0,0.0,150.0,0.0,0.0,0.0,0.11147127414599803,65964000.0,2699118387873.1
United Kingdom,GBR,Europe,EU,2017,2015-2019,Pre-Pandemic,Cars,BEV,14000.0,0.0,42000.0,0.0,0.0,0.0,0.11147127414599803,65964000.0,2699118387873.1
United Kingdom,GBR,Europe,EU,2017,2015-2019,Pre-Pandemic,Cars,EV,0.0,1.89999997615814,0.0,0.400000005960465,0.0,0.0,0.11147127414599803,65964000.0,2699118387873.1
United Kingdom,GBR,Europe,EU,2017,2015-2019,Pre-Pandemic,Cars,FCEV,34.0,0.0,34.0,0.0,0.0,0.0,0.11147127414599803,65964000.0,2699118387873.1
United Kingdom,GBR,Europe,EU,2017,2015-2019,Pre-Pandemic,Cars,PHEV,35000.0,0.0,87000.0,0.0,0.0,0.0,0.11147127414599803,65964000.0,2699118387873.1
United Kingdom,GBR,Europe,EU,2017,2015-2019,Pre-Pandemic,EV,Publicly available fast,0.0,0.0,0.0,0.0,0.0,2200.0,0.11147127414599803,65964000.0,2699118387873.1
United Kingdom,GBR,Europe,EU,2017,2015-2019,Pre-Pandemic,EV,Publicly available slow,0.0,0.0,0.0,0.0,0.0,13000.0,0.11147127414599803,65964000.0,2699118387873.1
United Kingdom,GBR,Europe,EU,2017,2015-2019,Pre-Pandemic,Trucks,BEV,4.0,0.0,350.0,0.0,0.0,0.0,0.11147127414599803,65964000.0,2699118387873.1
United Kingdom,GBR,Europe,EU,2017,2015-2019,Pre-Pandemic,Trucks,EV,0.0,0.007699999958277,0.0,0.05799999833107,0.0,0.0,0.11147127414599803,65964000.0,2699118387873.1
United Kingdom,GBR,Europe,EU,2017,2015-2019,Pre-Pandemic,Vans,BEV,1300.0,0.0,6300.0,0.0,0.0,0.0,0.11147127414599803,65964000.0,2699118387873.1
United Kingdom,GBR,Europe,EU,2017,2015-2019,Pre-Pandemic,Vans,EV,0.0,0.370000004768372,0.0,0.150000005960464,0.0,0.0,0.11147127414599803,65964000.0,2699118387873.1
United Kingdom,GBR,Europe,EU,2017,2015-2019,Pre-Pandemic,Vans,FCEV,0.0,0.0,4.0,0.0,0.0,0.0,0.11147127414599803,65964000.0,2699118387873.1
United Kingdom,GBR,Europe,EU,2017,2015-2019,Pre-Pandemic,Vans,PHEV,94.0,0.0,220.0,0.0,0.0,0.0,0.11147127414599803,65964000.0,2699118387873.1
United Kingdom,GBR,Europe,EU,2018,2015-2019,Pre-Pandemic,Buses,BEV,89.0,0.0,400.0,0.0,0.0,0.0,0.09080042886530244,66287000.0,2897028009916.05
United Kingdom,GBR,Europe,EU,2018,2015-2019,Pre-Pandemic,Buses,EV,0.0,1.0,0.0,0.560000002384186,0.0,0.0,0.09080042886530244,66287000.0,2897028009916.05
United Kingdom,GBR,Europe,EU,2018,2015-2019,Pre-Pandemic,Buses,FCEV,10.0,0.0,10.0,0.0,0.0,0.0,0.09080042886530244,66287000.0,2897028009916.05
United Kingdom,GBR,Europe,EU,2018,2015-2019,Pre-Pandemic,Buses,PHEV,65.0,0.0,220.0,0.0,0.0,0.0,0.09080042886530244,66287000.0,2897028009916.05
United Kingdom,GBR,Europe,EU,2018,2015-2019,Pre-Pandemic,Cars,BEV,16000.0,0.0,56000.0,0.0,0.0,0.0,0.09080042886530244,66287000.0,2897028009916.05
United Kingdom,GBR,Europe,EU,2018,2015-2019,Pre-Pandemic,Cars,EV,0.0,2.59999990463257,0.0,0.569999992847443,0.0,0.0,0.09080042886530244,66287000.0,2897028009916.05
United Kingdom,GBR,Europe,EU,2018,2015-2019,Pre-Pandemic,Cars,FCEV,36.0,0.0,70.0,0.0,0.0,0.0,0.09080042886530244,66287000.0,2897028009916.05
United Kingdom,GBR,Europe,EU,2018,2015-2019,Pre-Pandemic,Cars,PHEV,46000.0,0.0,130000.0,0.0,0.0,0.0,0.09080042886530244,66287000.0,2897028009916.05
United Kingdom,GBR,Europe,EU,2018,2015-2019,Pre-Pandemic,EV,Publicly available fast,0.0,0.0,0.0,0.0,0.0,2700.0,0.09080042886530244,66287000.0,2897028009916.05
United Kingdom,GBR,Europe,EU,2018,2015-2019,Pre-Pandemic,EV,Publicly available slow,0.0,0.0,0.0,0.0,0.0,15000.0,0.09080042886530244,66287000.0,2897028009916.05
United Kingdom,GBR,Europe,EU,2018,2015-2019,Pre-Pandemic,Trucks,BEV,12.0,0.0,320.0,0.0,0.0,0.0,0.09080042886530244,66287000.0,2897028009916.05
United Kingdom,GBR,Europe,EU,2018,2015-2019,Pre-Pandemic,Trucks,EV,0.0,0.024000000208616,0.0,0.054000001400709,0.0,0.0,0.09080042886530244,66287000.0,2897028009916.05
United Kingdom,GBR,Europe,EU,2018,2015-2019,Pre-Pandemic,Vans,BEV,1500.0,0.0,7500.0,0.0,0.0,0.0,0.09080042886530244,66287000.0,2897028009916.05
United Kingdom,GBR,Europe,EU,2018,2015-2019,Pre-Pandemic,Vans,EV,0.0,0.449999988079071,0.0,0.180000007152557,0.0,0.0,0.09080042886530244,66287000.0,2897028009916.05
United Kingdom,GBR,Europe,EU,2018,2015-2019,Pre-Pandemic,Vans,FCEV,0.0,0.0,3.0,0.0,0.0,0.0,0.09080042886530244,66287000.0,2897028009916.05
United Kingdom,GBR,Europe,EU,2018,2015-2019,Pre-Pandemic,Vans,PHEV,150.0,0.0,410.0,0.0,0.0,0.0,0.09080042886530244,66287000.0,2897028009916.05
United Kingdom,GBR,Europe,EU,2019,2015-2019,Pre-Pandemic,Buses,BEV,120.0,0.0,510.0,0.0,0.0,0.0,0.06391867110039036,66628000.0,2875710080015.3
United Kingdom,GBR,Europe,EU,2019,2015-2019,Pre-Pandemic,Buses,EV,0.0,1.39999997615814,0.0,0.660000026226044,0.0,0.0,0.06391867110039036,66628000.0,2875710080015.3
United Kingdom,GBR,Europe,EU,2019,2015-2019,Pre-Pandemic,Buses,PHEV,0.0,0.0,220.0,0.0,0.0,0.0,0.06391867110039036,66628000.0,2875710080015.3
United Kingdom,GBR,Europe,EU,2019,2015-2019,Pre-Pandemic,Cars,BEV,38000.0,0.0,91000.0,0.0,0.0,0.0,0.06391867110039036,66628000.0,2875710080015.3
United Kingdom,GBR,Europe,EU,2019,2015-2019,Pre-Pandemic,Cars,EV,0.0,3.29999995231628,0.0,0.759999990463257,0.0,0.0,0.06391867110039036,66628000.0,2875710080015.3
United Kingdom,GBR,Europe,EU,2019,2015-2019,Pre-Pandemic,Cars,FCEV,68.0,0.0,170.0,0.0,0.0,0.0,0.06391867110039036,66628000.0,2875710080015.3
United Kingdom,GBR,Europe,EU,2019,2015-2019,Pre-Pandemic,Cars,PHEV,37000.0,0.0,160000.0,0.0,0.0,0.0,0.06391867110039036,66628000.0,2875710080015.3
United Kingdom,GBR,Europe,EU,2019,2015-2019,Pre-Pandemic,EV,Publicly available fast,0.0,0.0,0.0,0.0,0.0,2800.0,0.06391867110039036,66628000.0,2875710080015.3
United Kingdom,GBR,Europe,EU,2019,2015-2019,Pre-Pandemic,EV,Publicly available slow,0.0,0.0,0.0,0.0,0.0,14000.0,0.06391867110039036,66628000.0,2875710080015.3
United Kingdom,GBR,Europe,EU,2019,2015-2019,Pre-Pandemic,Trucks,BEV,20.0,0.0,340.0,0.0,0.0,0.0,0.06391867110039036,66628000.0,2875710080015.3
United Kingdom,GBR,Europe,EU,2019,2015-2019,Pre-Pandemic,Trucks,EV,0.0,0.035999998450279,0.0,0.054999999701977,0.0,0.0,0.06391867110039036,66628000.0,2875710080015.3
United Kingdom,GBR,Europe,EU,2019,2015-2019,Pre-Pandemic,Vans,BEV,3500.0,0.0,10000.0,0.0,0.0,0.0,0.06391867110039036,66628000.0,2875710080015.3
United Kingdom,GBR,Europe,EU,2019,2015-2019,Pre-Pandemic,Vans,EV,0.0,0.97000002861023,0.0,0.239999994635582,0.0,0.0,0.06391867110039036,66628000.0,2875710080015.3
United Kingdom,GBR,Europe,EU,2019,2015-2019,Pre-Pandemic,Vans,FCEV,0.0,0.0,4.0,0.0,0.0,0.0,0.06391867110039036,66628000.0,2875710080015.3
United Kingdom,GBR,Europe,EU,2019,2015-2019,Pre-Pandemic,Vans,PHEV,210.0,0.0,590.0,0.0,0.0,0.0,0.06391867110039036,66628000.0,2875710080015.3
United Kingdom,GBR,Europe,EU,2020,2020-2023,Pandemic,Buses,BEV,300.0,0.0,820.0,0.0,0.0,0.0,0.04875272338777776,66740000.0,2724001478304.59
United Kingdom,GBR,Europe,EU,2020,2020-2023,Pandemic,Buses,EV,0.0,11.0,0.0,0.959999978542328,0.0,0.0,0.04875272338777776,66740000.0,2724001478304.59
United Kingdom,GBR,Europe,EU,2020,2020-2023,Pandemic,Buses,FCEV,18.0,0.0,0.0,0.0,0.0,0.0,0.04875272338777776,66740000.0,2724001478304.59
United Kingdom,GBR,Europe,EU,2020,2020-2023,Pandemic,Buses,PHEV,0.0,0.0,220.0,0.0,0.0,0.0,0.04875272338777776,66740000.0,2724001478304.59
United Kingdom,GBR,Europe,EU,2020,2020-2023,Pandemic,Cars,BEV,110000.0,0.0,190000.0,0.0,0.0,0.0,0.04875272338777776,66740000.0,2724001478304.59
United Kingdom,GBR,Europe,EU,2020,2020-2023,Pandemic,Cars,EV,0.0,11.0,0.0,1.29999995231628,0.0,0.0,0.04875272338777776,66740000.0,2724001478304.59
United Kingdom,GBR,Europe,EU,2020,2020-2023,Pandemic,Cars,FCEV,57.0,0.0,230.0,0.0,0.0,0.0,0.04875272338777776,66740000.0,2724001478304.59
United Kingdom,GBR,Europe,EU,2020,2020-2023,Pandemic,Cars,PHEV,68000.0,0.0,220000.0,0.0,0.0,0.0,0.04875272338777776,66740000.0,2724001478304.59
United Kingdom,GBR,Europe,EU,2020,2020-2023,Pandemic,EV,Publicly available fast,0.0,0.0,0.0,0.0,0.0,3900.0,0.04875272338777776,66740000.0,2724001478304.59
United Kingdom,GBR,Europe,EU,2020,2020-2023,Pandemic,EV,Publicly available slow,0.0,0.0,0.0,0.0,0.0,17000.0,0.04875272338777776,66740000.0,2724001478304.59
United Kingdom,GBR,Europe,EU,2020,2020-2023,Pandemic,Trucks,BEV,16.0,0.0,320.0,0.0,0.0,0.0,0.04875272338777776,66740000.0,2724001478304.59
United Kingdom,GBR,Europe,EU,2020,2020-2023,Pandemic,Trucks,EV,0.0,0.032999999821186,0.0,0.043999999761582,0.0,0.0,0.04875272338777776,66740000.0,2724001478304.59
United Kingdom,GBR,Europe,EU,2020,2020-2023,Pandemic,Vans,BEV,5700.0,0.0,16000.0,0.0,0.0,0.0,0.04875272338777776,66740000.0,2724001478304.59
United Kingdom,GBR,Europe,EU,2020,2020-2023,Pandemic,Vans,EV,0.0,2.09999990463257,0.0,0.319999992847443,0.0,0.0,0.04875272338777776,66740000.0,2724001478304.59
United Kingdom,GBR,Europe,EU,2020,2020-2023,Pandemic,Vans,FCEV,0.0,0.0,4.0,0.0,0.0,0.0,0.04875272338777776,66740000.0,2724001478304.59
United Kingdom,GBR,Europe,EU,2020,2020-2023,Pandemic,Vans,PHEV,560.0,0.0,1100.0,0.0,0.0,0.0,0.04875272338777776,66740000.0,2724001478304.59
United Kingdom,GBR,Europe,EU,2021,2020-2023,Pandemic,Buses,BEV,540.0,0.0,1400.0,0.0,0.0,0.0,0.037973916497781486,66978000.0,3194559188925.93
United Kingdom,GBR,Europe,EU,2021,2020-2023,Pandemic,Buses,EV,0.0,8.69999980926514,0.0,2.0,0.0,0.0,0.037973916497781486,66978000.0,3194559188925.93
United Kingdom,GBR,Europe,EU,2021,2020-2023,Pandemic,Buses,FCEV,15.0,0.0,0.0,0.0,0.0,0.0,0.037973916497781486,66978000.0,3194559188925.93
United Kingdom,GBR,Europe,EU,2021,2020-2023,Pandemic,Buses,PHEV,0.0,0.0,220.0,0.0,0.0,0.0,0.037973916497781486,66978000.0,3194559188925.93
United Kingdom,GBR,Europe,EU,2021,2020-2023,Pandemic,Cars,BEV,190000.0,0.0,380000.0,0.0,0.0,0.0,0.037973916497781486,66978000.0,3194559188925.93
United Kingdom,GBR,Europe,EU,2021,2020-2023,Pandemic,Cars,EV,0.0,19.0,0.0,2.09999990463257,0.0,0.0,0.037973916497781486,66978000.0,3194559188925.93
United Kingdom,GBR,Europe,EU,2021,2020-2023,Pandemic,Cars,FCEV,12.0,0.0,240.0,0.0,0.0,0.0,0.037973916497781486,66978000.0,3194559188925.93
United Kingdom,GBR,Europe,EU,2021,2020-2023,Pandemic,Cars,PHEV,120000.0,0.0,330000.0,0.0,0.0,0.0,0.037973916497781486,66978000.0,3194559188925.93
United Kingdom,GBR,Europe,EU,2021,2020-2023,Pandemic,EV,Publicly available fast,0.0,0.0,0.0,0.0,0.0,5200.0,0.037973916497781486,66978000.0,3194559188925.93
United Kingdom,GBR,Europe,EU,2021,2020-2023,Pandemic,EV,Publicly available slow,0.0,0.0,0.0,0.0,0.0,23000.0,0.037973916497781486,66978000.0,3194559188925.93
United Kingdom,GBR,Europe,EU,2021,2020-2023,Pandemic,Trucks,BEV,140.0,0.0,450.0,0.0,0.0,0.0,0.037973916497781486,66978000.0,3194559188925.93
United Kingdom,GBR,Europe,EU,2021,2020-2023,Pandemic,Trucks,EV,0.0,0.340000003576279,0.0,0.061000000685454,0.0,0.0,0.037973916497781486,66978000.0,3194559188925.93
United Kingdom,GBR,Europe,EU,2021,2020-2023,Pandemic,Vans,BEV,12000.0,0.0,28000.0,0.0,0.0,0.0,0.037973916497781486,66978000.0,3194559188925.93
United Kingdom,GBR,Europe,EU,2021,2020-2023,Pandemic,Vans,EV,0.0,3.79999995231628,0.0,0.560000002384186,0.0,0.0,0.037973916497781486,66978000.0,3194559188925.93
United Kingdom,GBR,Europe,EU,2021,2020-2023,Pandemic,Vans,FCEV,0.0,0.0,5.0,0.0,0.0,0.0,0.037973916497781486,66978000.0,3194559188925.93
United Kingdom,GBR,Europe,EU,2021,2020-2023,Pandemic,Vans,PHEV,1200.0,0.0,2300.0,0.0,0.0,0.0,0.037973916497781486,66978000.0,3194559188925.93
United Kingdom,GBR,Europe,EU,2022,2020-2023,Post-Pandemic,Buses,BEV,440.0,0.0,1800.0,0.0,0.0,0.0,0.03708908013050532,67636000.0,3181244350465.41
United Kingdom,GBR,Europe,EU,2022,2020-2023,Post-Pandemic,Buses,EV,0.0,6.5,0.0,2.70000004768372,0.0,0.0,0.03708908013050532,67636000.0,3181244350465.41
United Kingdom,GBR,Europe,EU,2022,2020-2023,Post-Pandemic,Buses,FCEV,65.0,0.0,37.0,0.0,0.0,0.0,0.03708908013050532,67636000.0,3181244350465.41
United Kingdom,GBR,Europe,EU,2022,2020-2023,Post-Pandemic,Buses,PHEV,0.0,0.0,220.0,0.0,0.0,0.0,0.03708908013050532,67636000.0,3181244350465.41
United Kingdom,GBR,Europe,EU,2022,2020-2023,Post-Pandemic,Cars,BEV,270000.0,0.0,550000.0,0.0,0.0,0.0,0.03708908013050532,67636000.0,3181244350465.41
United Kingdom,GBR,Europe,EU,2022,2020-2023,Post-Pandemic,Cars,EV,0.0,23.0,0.0,2.90000009536743,0.0,0.0,0.03708908013050532,67636000.0,3181244350465.41
United Kingdom,GBR,Europe,EU,2022,2020-2023,Post-Pandemic,Cars,FCEV,7.0,0.0,190.0,0.0,0.0,0.0,0.03708908013050532,67636000.0,3181244350465.41
United Kingdom,GBR,Europe,EU,2022,2020-2023,Post-Pandemic,Cars,PHEV,100000.0,0.0,400000.0,0.0,0.0,0.0,0.03708908013050532,67636000.0,3181244350465.41
United Kingdom,GBR,Europe,EU,2022,2020-2023,Post-Pandemic,EV,Publicly available fast,0.0,0.0,0.0,0.0,0.0,6900.0,0.03708908013050532,67636000.0,3181244350465.41
United Kingdom,GBR,Europe,EU,2022,2020-2023,Post-Pandemic,EV,Publicly available slow,0.0,0.0,0.0,0.0,0.0,30000.0,0.03708908013050532,67636000.0,3181244350465.41
United Kingdom,GBR,Europe,EU,2022,2020-2023,Post-Pandemic,Trucks,BEV,510.0,0.0,950.0,0.0,0.0,0.0,0.03708908013050532,67636000.0,3181244350465.41
United Kingdom,GBR,Europe,EU,2022,2020-2023,Post-Pandemic,Trucks,EV,0.0,1.10000002384186,0.0,0.129999995231628,0.0,0.0,0.03708908013050532,67636000.0,3181244350465.41
United Kingdom,GBR,Europe,EU,2022,2020-2023,Post-Pandemic,Vans,BEV,17000.0,0.0,39000.0,0.0,0.0,0.0,0.03708908013050532,67636000.0,3181244350465.41
United Kingdom,GBR,Europe,EU,2022,2020-2023,Post-Pandemic,Vans,EV,0.0,6.19999980926514,0.0,0.779999971389771,0.0,0.0,0.03708908013050532,67636000.0,3181244350465.41
United Kingdom,GBR,Europe,EU,2022,2020-2023,Post-Pandemic,Vans,FCEV,0.0,0.0,5.0,0.0,0.0,0.0,0.03708908013050532,67636000.0,3181244350465.41
United Kingdom,GBR,Europe,EU,2022,2020-2023,Post-Pandemic,Vans,PHEV,410.0,0.0,2700.0,0.0,0.0,0.0,0.03708908013050532,67636000.0,3181244350465.41
United Kingdom,GBR,Europe,EU,2023,2020-2023,Post-Pandemic,Buses,BEV,1300.0,0.0,3000.0,0.0,0.0,0.0,0.0319882186787055,68526000.0,3420796653789.08
United Kingdom,GBR,Europe,EU,2023,2020-2023,Post-Pandemic,Buses,EV,0.0,17.0,0.0,4.5,0.0,0.0,0.0319882186787055,68526000.0,3420796653789.08
United Kingdom,GBR,Europe,EU,2023,2020-2023,Post-Pandemic,Buses,FCEV,43.0,0.0,180.0,0.0,0.0,0.0,0.0319882186787055,68526000.0,3420796653789.08
United Kingdom,GBR,Europe,EU,2023,2020-2023,Post-Pandemic,Buses,PHEV,0.0,0.0,220.0,0.0,0.0,0.0,0.0319882186787055,68526000.0,3420796653789.08
United Kingdom,GBR,Europe,EU,2023,2020-2023,Post-Pandemic,Cars,BEV,310000.0,0.0,980000.0,0.0,0.0,0.0,0.0319882186787055,68526000.0,3420796653789.08
United Kingdom,GBR,Europe,EU,2023,2020-2023,Post-Pandemic,Cars,EV,0.0,24.0,0.0,5.0,0.0,0.0,0.0319882186787055,68526000.0,3420796653789.08
United Kingdom,GBR,Europe,EU,2023,2020-2023,Post-Pandemic,Cars,FCEV,25.0,0.0,260.0,0.0,0.0,0.0,0.0319882186787055,68526000.0,3420796653789.08
United Kingdom,GBR,Europe,EU,2023,2020-2023,Post-Pandemic,Cars,PHEV,140000.0,0.0,600000.0,0.0,0.0,0.0,0.0319882186787055,68526000.0,3420796653789.08
United Kingdom,GBR,Europe,EU,2023,2020-2023,Post-Pandemic,EV,Publicly available fast,0.0,0.0,0.0,0.0,0.0,10000.0,0.0319882186787055,68526000.0,3420796653789.08
United Kingdom,GBR,Europe,EU,2023,2020-2023,Post-Pandemic,EV,Publicly available slow,0.0,0.0,0.0,0.0,0.0,43000.0,0.0319882186787055,68526000.0,3420796653789.08
United Kingdom,GBR,Europe,EU,2023,2020-2023,Post-Pandemic,Trucks,BEV,1400.0,0.0,2300.0,0.0,0.0,0.0,0.0319882186787055,68526000.0,3420796653789.08
United Kingdom,GBR,Europe,EU,2023,2020-2023,Post-Pandemic,Trucks,EV,0.0,2.70000004768372,0.0,0.310000002384186,0.0,0.0,0.0319882186787055,68526000.0,3420796653789.08
United Kingdom,GBR,Europe,EU,2023,2020-2023,Post-Pandemic,Vans,BEV,22000.0,0.0,68000.0,0.0,0.0,0.0,0.0319882186787055,68526000.0,3420796653789.08
United Kingdom,GBR,Europe,EU,2023,2020-2023,Post-Pandemic,Vans,EV,0.0,6.5,0.0,1.29999995231628,0.0,0.0,0.0319882186787055,68526000.0,3420796653789.08
United Kingdom,GBR,Europe,EU,2023,2020-2023,Post-Pandemic,Vans,PHEV,110.0,0.0,2900.0,0.0,0.0,0.0,0.0319882186787055,68526000.0,3420796653789.08
United States,USA,North America,NA,2010,2010-2014,Pre-Pandemic,Cars,BEV,1200.0,0.0,3800.0,0.0,0.0,0.0,0.12631578947368421,309378227.0,15048971000000.0
United States,USA,North America,NA,2010,2010-2014,Pre-Pandemic,Cars,EV,0.0,0.012000000104308,0.0,0.001700000022538,96.0,0.0,0.12631578947368421,309378227.0,15048971000000.0
United States,USA,North America,NA,2010,2010-2014,Pre-Pandemic,EV,Publicly available slow,0.0,0.0,0.0,0.0,0.0,480.0,0.12631578947368421,309378227.0,15048971000000.0
United States,USA,North America,NA,2011,2010-2014,Pre-Pandemic,Buses,BEV,190.0,0.0,190.0,0.0,0.0,0.0,0.1757548445245606,311839461.0,15599732000000.0
United States,USA,North America,NA,2011,2010-2014,Pre-Pandemic,Buses,EV,0.0,0.239999994635582,0.0,0.028999999165535,25.0,0.0,0.1757548445245606,311839461.0,15599732000000.0
United States,USA,North America,NA,2011,2010-2014,Pre-Pandemic,Cars,BEV,9800.0,0.0,14000.0,0.0,0.0,0.0,0.1757548445245606,311839461.0,15599732000000.0
United States,USA,North America,NA,2011,2010-2014,Pre-Pandemic,Cars,EV,0.0,0.150000005960464,0.0,0.009899999946356,130.0,0.0,0.1757548445245606,311839461.0,15599732000000.0
United States,USA,North America,NA,2011,2010-2014,Pre-Pandemic,Cars,PHEV,8000.0,0.0,8000.0,0.0,0.0,0.0,0.1757548445245606,311839461.0,15599732000000.0
United States,USA,North America,NA,2011,2010-2014,Pre-Pandemic,EV,Publicly available slow,0.0,0.0,0.0,0.0,0.0,3900.0,0.1757548445245606,311839461.0,15599732000000.0
United States,USA,North America,NA,2012,2010-2014,Pre-Pandemic,Buses,BEV,6.5,0.0,200.0,0.0,0.0,0.0,0.1595744680851064,314339099.0,16253970000000.0
United States,USA,North America,NA,2012,2010-2014,Pre-Pandemic,Buses,EV,0.0,0.002799999900162,0.0,0.026000000536442,19.0,0.0,0.1595744680851064,314339099.0,16253970000000.0
United States,USA,North America,NA,2012,2010-2014,Pre-Pandemic,Cars,BEV,15000.0,0.0,28000.0,0.0,0.0,0.0,0.1595744680851064,314339099.0,16253970000000.0
United States,USA,North America,NA,2012,2010-2014,Pre-Pandemic,Cars,EV,0.0,0.419999986886978,0.0,0.034000001847744,310.0,0.0,0.1595744680851064,314339099.0,16253970000000.0
United States,USA,North America,NA,2012,2010-2014,Pre-Pandemic,Cars,PHEV,39000.0,0.0,47000.0,0.0,0.0,0.0,0.1595744680851064,314339099.0,16253970000000.0
United States,USA,North America,NA,2012,2010-2014,Pre-Pandemic,EV,Publicly available slow,0.0,0.0,0.0,0.0,0.0,12000.0,0.1595744680851064,314339099.0,16253970000000.0
United States,USA,North America,NA,2013,2010-2014,Pre-Pandemic,Buses,BEV,8.69999980926514,0.0,210.0,0.0,0.0,0.0,0.08710295569362987,316726282.0,16880683000000.0
United States,USA,North America,NA,2013,2010-2014,Pre-Pandemic,Buses,EV,0.0,0.003400000045076,0.0,0.024000000208616,11.0,0.0,0.08710295569362987,316726282.0,16880683000000.0
United States,USA,North America,NA,2013,2010-2014,Pre-Pandemic,Cars,BEV,48000.0,0.0,76000.0,0.0,0.0,0.0,0.08710295569362987,316726282.0,16880683000000.0
United States,USA,North America,NA,2013,2010-2014,Pre-Pandemic,Cars,EV,0.0,0.709999978542328,0.0,0.078000001609325,560.0,0.0,0.08710295569362987,316726282.0,16880683000000.0
United States,USA,North America,NA,2013,2010-2014,Pre-Pandemic,Cars,PHEV,49000.0,0.0,96000.0,0.0,0.0,0.0,0.08710295569362987,316726282.0,16880683000000.0
United States,USA,North America,NA,2013,2010-2014,Pre-Pandemic,EV,Publicly available slow,0.0,0.0,0.0,0.0,0.0,15000.0,0.08710295569362987,316726282.0,16880683000000.0
United States,USA,North America,NA,2014,2010-2014,Pre-Pandemic,Buses,BEV,26.0,0.0,230.0,0.0,0.0,0.0,0.0688978073272818,319257560.0,17608138000000.0
United States,USA,North America,NA,2014,2010-2014,Pre-Pandemic,Buses,EV,0.0,0.019999999552965,0.0,0.027000000700355,8.10000038146973,0.0,0.0688978073272818,319257560.0,17608138000000.0
United States,USA,North America,NA,2014,2010-2014,Pre-Pandemic,Cars,BEV,63000.0,0.0,140000.0,0.0,0.0,0.0,0.0688978073272818,319257560.0,17608138000000.0
United States,USA,North America,NA,2014,2010-2014,Pre-Pandemic,Cars,EV,0.0,0.769999980926514,0.0,0.140000000596046,840.0,0.0,0.0688978073272818,319257560.0,17608138000000.0
United States,USA,North America,NA,2014,2010-2014,Pre-Pandemic,Cars,FCEV,55.0,0.0,55.0,0.0,0.0,0.0,0.0688978073272818,319257560.0,17608138000000.0
United States,USA,North America,NA,2014,2010-2014,Pre-Pandemic,Cars,PHEV,55000.0,0.0,150000.0,0.0,0.0,0.0,0.0688978073272818,319257560.0,17608138000000.0
United States,USA,North America,NA,2014,2010-2014,Pre-Pandemic,EV,Publicly available slow,0.0,0.0,0.0,0.0,0.0,20000.0,0.0688978073272818,319257560.0,17608138000000.0
United States,USA,North America,NA,2015,2015-2019,Pre-Pandemic,Buses,BEV,81.0,0.0,310.0,0.0,0.0,0.0,0.07854499755637785,321815121.0,18295019000000.0
United States,USA,North America,NA,2015,2015-2019,Pre-Pandemic,Buses,EV,0.0,0.439999997615814,0.0,0.097000002861023,27.0,0.0,0.07854499755637785,321815121.0,18295019000000.0
United States,USA,North America,NA,2015,2015-2019,Pre-Pandemic,Buses,FCEV,0.0,0.0,24.0,0.0,0.0,0.0,0.07854499755637785,321815121.0,18295019000000.0
United States,USA,North America,NA,2015,2015-2019,Pre-Pandemic,Buses,PHEV,550.0,0.0,550.0,0.0,0.0,0.0,0.07854499755637785,321815121.0,18295019000000.0
United States,USA,North America,NA,2015,2015-2019,Pre-Pandemic,Cars,BEV,71000.0,0.0,210000.0,0.0,0.0,0.0,0.07854499755637785,321815121.0,18295019000000.0
United States,USA,North America,NA,2015,2015-2019,Pre-Pandemic,Cars,EV,0.0,0.699999988079071,0.0,0.189999997615814,1900.0,0.0,0.07854499755637785,321815121.0,18295019000000.0
United States,USA,North America,NA,2015,2015-2019,Pre-Pandemic,Cars,FCEV,100.0,0.0,160.0,0.0,0.0,0.0,0.07854499755637785,321815121.0,18295019000000.0
United States,USA,North America,NA,2015,2015-2019,Pre-Pandemic,Cars,PHEV,43000.0,0.0,190000.0,0.0,0.0,0.0,0.07854499755637785,321815121.0,18295019000000.0
United States,USA,North America,NA,2015,2015-2019,Pre-Pandemic,EV,Publicly available fast,0.0,0.0,0.0,0.0,0.0,3500.0,0.07854499755637785,321815121.0,18295019000000.0
United States,USA,North America,NA,2015,2015-2019,Pre-Pandemic,EV,Publicly available slow,0.0,0.0,0.0,0.0,0.0,28000.0,0.07854499755637785,321815121.0,18295019000000.0
United States,USA,North America,NA,2016,2015-2019,Pre-Pandemic,Buses,BEV,500.0,0.0,820.0,0.0,0.0,0.0,0.06653964173380301,324353340.0,18804913000000.0
United States,USA,North America,NA,2016,2015-2019,Pre-Pandemic,Buses,EV,0.0,0.180000007152557,0.0,0.140000000596046,91.0,0.0,0.06653964173380301,324353340.0,18804913000000.0
United States,USA,North America,NA,2016,2015-2019,Pre-Pandemic,Buses,FCEV,0.0,0.0,21.0,0.0,0.0,0.0,0.06653964173380301,324353340.0,18804913000000.0
United States,USA,North America,NA,2016,2015-2019,Pre-Pandemic,Buses,PHEV,0.0,0.0,550.0,0.0,0.0,0.0,0.06653964173380301,324353340.0,18804913000000.0
United States,USA,North America,NA,2016,2015-2019,Pre-Pandemic,Cars,BEV,87000.0,0.0,300000.0,0.0,0.0,0.0,0.06653964173380301,324353340.0,18804913000000.0
United States,USA,North America,NA,2016,2015-2019,Pre-Pandemic,Cars,EV,0.0,0.990000009536743,0.0,0.259999990463257,3500.0,0.0,0.06653964173380301,324353340.0,18804913000000.0
United States,USA,North America,NA,2016,2015-2019,Pre-Pandemic,Cars,FCEV,1100.0,0.0,1200.0,0.0,0.0,0.0,0.06653964173380301,324353340.0,18804913000000.0
United States,USA,North America,NA,2016,2015-2019,Pre-Pandemic,Cars,PHEV,73000.0,0.0,270000.0,0.0,0.0,0.0,0.06653964173380301,324353340.0,18804913000000.0
United States,USA,North America,NA,2016,2015-2019,Pre-Pandemic,EV,Publicly available fast,0.0,0.0,0.0,0.0,0.0,3100.0,0.06653964173380301,324353340.0,18804913000000.0
United States,USA,North America,NA,2016,2015-2019,Pre-Pandemic,EV,Publicly available slow,0.0,0.0,0.0,0.0,0.0,35000.0,0.06653964173380301,324353340.0,18804913000000.0
United States,USA,North America,NA,2017,2015-2019,Pre-Pandemic,Buses,BEV,190.0,0.0,1000.0,0.0,0.0,0.0,0.056726390580805044,326608609.0,19612102000000.0
United States,USA,North America,NA,2017,2015-2019,Pre-Pandemic,Buses,EV,0.0,0.109999999403954,0.0,0.159999996423721,83.0,0.0,0.056726390580805044,326608609.0,19612102000000.0
United States,USA,North America,NA,2017,2015-2019,Pre-Pandemic,Buses,FCEV,0.0,0.0,26.0,0.0,0.0,0.0,0.056726390580805044,326608609.0,19612102000000.0
United States,USA,North America,NA,2017,2015-2019,Pre-Pandemic,Buses,PHEV,0.0,0.0,550.0,0.0,0.0,0.0,0.056726390580805044,326608609.0,19612102000000.0
United States,USA,North America,NA,2017,2015-2019,Pre-Pandemic,Cars,BEV,100000.0,0.0,400000.0,0.0,0.0,0.0,0.056726390580805044,326608609.0,19612102000000.0
United States,USA,North America,NA,2017,2015-2019,Pre-Pandemic,Cars,EV,0.0,1.29999995231628,0.0,0.330000013113022,3700.0,0.0,0.056726390580805044,326608609.0,19612102000000.0
United States,USA,North America,NA,2017,2015-2019,Pre-Pandemic,Cars,FCEV,2300.0,0.0,3500.0,0.0,0.0,0.0,0.056726390580805044,326608609.0,19612102000000.0
United States,USA,North America,NA,2017,2015-2019,Pre-Pandemic,Cars,PHEV,94000.0,0.0,360000.0,0.0,0.0,0.0,0.056726390580805044,326608609.0,19612102000000.0
United States,USA,North America,NA,2017,2015-2019,Pre-Pandemic,EV,Publicly available fast,0.0,0.0,0.0,0.0,0.0,3400.0,0.056726390580805044,326608609.0,19612102000000.0
United States,USA,North America,NA,2017,2015-2019,Pre-Pandemic,EV,Publicly available slow,0.0,0.0,0.0,0.0,0.0,40000.0,0.056726390580805044,326608609.0,19612102000000.0
United States,USA,North America,NA,2018,2015-2019,Pre-Pandemic,Buses,BEV,620.0,0.0,1600.0,0.0,0.0,0.0,0.04803337876711965,328529577.0,20656516000000.0
United States,USA,North America,NA,2018,2015-2019,Pre-Pandemic,Buses,EV,0.0,0.370000004768372,0.0,0.219999998807907,120.0,0.0,0.04803337876711965,328529577.0,20656516000000.0
United States,USA,North America,NA,2018,2015-2019,Pre-Pandemic,Buses,FCEV,0.0,0.0,32.0,0.0,0.0,0.0,0.04803337876711965,328529577.0,20656516000000.0
United States,USA,North America,NA,2018,2015-2019,Pre-Pandemic,Buses,PHEV,0.0,0.0,550.0,0.0,0.0,0.0,0.04803337876711965,328529577.0,20656516000000.0
United States,USA,North America,NA,2018,2015-2019,Pre-Pandemic,Cars,BEV,240000.0,0.0,640000.0,0.0,0.0,0.0,0.04803337876711965,328529577.0,20656516000000.0
United States,USA,North America,NA,2018,2015-2019,Pre-Pandemic,Cars,EV,0.0,2.29999995231628,0.0,0.479999989271164,5000.0,0.0,0.04803337876711965,328529577.0,20656516000000.0
United States,USA,North America,NA,2018,2015-2019,Pre-Pandemic,Cars,FCEV,2700.0,0.0,6200.0,0.0,0.0,0.0,0.04803337876711965,328529577.0,20656516000000.0
United States,USA,North America,NA,2018,2015-2019,Pre-Pandemic,Cars,PHEV,120000.0,0.0,480000.0,0.0,0.0,0.0,0.04803337876711965,328529577.0,20656516000000.0
United States,USA,North America,NA,2018,2015-2019,Pre-Pandemic,EV,Publicly available fast,0.0,0.0,0.0,0.0,0.0,4200.0,0.04803337876711965,328529577.0,20656516000000.0
United States,USA,North America,NA,2018,2015-2019,Pre-Pandemic,EV,Publicly available slow,0.0,0.0,0.0,0.0,0.0,50000.0,0.04803337876711965,328529577.0,20656516000000.0
United States,USA,North America,NA,2019,2015-2019,Pre-Pandemic,Buses,BEV,560.0,0.0,2200.0,0.0,0.0,0.0,0.052703916243210094,330226227.0,21539982000000.0
United States,USA,North America,NA,2019,2015-2019,Pre-Pandemic,Buses,EV,0.0,0.560000002384186,0.0,0.310000002384186,130.0,0.0,0.052703916243210094,330226227.0,21539982000000.0
United States,USA,North America,NA,2019,2015-2019,Pre-Pandemic,Buses,FCEV,0.0,0.0,42.0,0.0,0.0,0.0,0.052703916243210094,330226227.0,21539982000000.0
United States,USA,North America,NA,2019,2015-2019,Pre-Pandemic,Buses,PHEV,0.0,0.0,550.0,0.0,0.0,0.0,0.052703916243210094,330226227.0,21539982000000.0
United States,USA,North America,NA,2019,2015-2019,Pre-Pandemic,Cars,BEV,240000.0,0.0,880000.0,0.0,0.0,0.0,0.052703916243210094,330226227.0,21539982000000.0
United States,USA,North America,NA,2019,2015-2019,Pre-Pandemic,Cars,EV,0.0,2.09999990463257,0.0,0.620000004768372,6300.0,0.0,0.052703916243210094,330226227.0,21539982000000.0
United States,USA,North America,NA,2019,2015-2019,Pre-Pandemic,Cars,FCEV,2000.0,0.0,8200.0,0.0,0.0,0.0,0.052703916243210094,330226227.0,21539982000000.0
United States,USA,North America,NA,2019,2015-2019,Pre-Pandemic,Cars,PHEV,85000.0,0.0,570000.0,0.0,0.0,0.0,0.052703916243210094,330226227.0,21539982000000.0
United States,USA,North America,NA,2019,2015-2019,Pre-Pandemic,EV,Publicly available fast,0.0,0.0,0.0,0.0,0.0,13000.0,0.052703916243210094,330226227.0,21539982000000.0
United States,USA,North America,NA,2019,2015-2019,Pre-Pandemic,EV,Publicly available slow,0.0,0.0,0.0,0.0,0.0,64000.0,0.052703916243210094,330226227.0,21539982000000.0
United States,USA,North America,NA,2020,2020-2023,Pandemic,Buses,BEV,520.0,0.0,2700.0,0.0,0.0,0.0,0.05649027625456915,331578104.0,21375281000000.0
United States,USA,North America,NA,2020,2020-2023,Pandemic,Buses,EV,0.0,0.28999999165535,0.0,0.340000003576279,110.0,0.0,0.05649027625456915,331578104.0,21375281000000.0
United States,USA,North America,NA,2020,2020-2023,Pandemic,Buses,FCEV,22.0,0.0,64.0,0.0,0.0,0.0,0.05649027625456915,331578104.0,21375281000000.0
United States,USA,North America,NA,2020,2020-2023,Pandemic,Buses,PHEV,0.0,0.0,550.0,0.0,0.0,0.0,0.05649027625456915,331578104.0,21375281000000.0
United States,USA,North America,NA,2020,2020-2023,Pandemic,Cars,BEV,230000.0,0.0,1100000.0,0.0,0.0,0.0,0.05649027625456915,331578104.0,21375281000000.0
United States,USA,North America,NA,2020,2020-2023,Pandemic,Cars,EV,0.0,2.29999995231628,0.0,0.769999980926514,5400.0,0.0,0.05649027625456915,331578104.0,21375281000000.0
United States,USA,North America,NA,2020,2020-2023,Pandemic,Cars,FCEV,1200.0,0.0,9200.0,0.0,0.0,0.0,0.05649027625456915,331578104.0,21375281000000.0
United States,USA,North America,NA,2020,2020-2023,Pandemic,Cars,PHEV,64000.0,0.0,640000.0,0.0,0.0,0.0,0.05649027625456915,331578104.0,21375281000000.0
United States,USA,North America,NA,2020,2020-2023,Pandemic,EV,Publicly available fast,0.0,0.0,0.0,0.0,0.0,17000.0,0.05649027625456915,331578104.0,21375281000000.0
United States,USA,North America,NA,2020,2020-2023,Pandemic,EV,Publicly available slow,0.0,0.0,0.0,0.0,0.0,82000.0,0.05649027625456915,331578104.0,21375281000000.0
United States,USA,North America,NA,2021,2020-2023,Pandemic,Buses,BEV,1100.0,0.0,3800.0,0.0,0.0,0.0,0.05097411990275569,332100166.0,23725645000000.0
United States,USA,North America,NA,2021,2020-2023,Pandemic,Buses,EV,0.0,1.20000004768372,0.0,0.46000000834465,120.0,0.0,0.05097411990275569,332100166.0,23725645000000.0
United States,USA,North America,NA,2021,2020-2023,Pandemic,Buses,FCEV,15.0,0.0,79.0,0.0,0.0,0.0,0.05097411990275569,332100166.0,23725645000000.0
United States,USA,North America,NA,2021,2020-2023,Pandemic,Buses,PHEV,0.0,0.0,550.0,0.0,0.0,0.0,0.05097411990275569,332100166.0,23725645000000.0
United States,USA,North America,NA,2021,2020-2023,Pandemic,Cars,BEV,470000.0,0.0,1500000.0,0.0,0.0,0.0,0.05097411990275569,332100166.0,23725645000000.0
United States,USA,North America,NA,2021,2020-2023,Pandemic,Cars,EV,0.0,4.69999980926514,0.0,0.949999988079071,7000.0,0.0,0.05097411990275569,332100166.0,23725645000000.0
United States,USA,North America,NA,2021,2020-2023,Pandemic,Cars,FCEV,3100.0,0.0,12000.0,0.0,0.0,0.0,0.05097411990275569,332100166.0,23725645000000.0
United States,USA,North America,NA,2021,2020-2023,Pandemic,Cars,PHEV,160000.0,0.0,720000.0,0.0,0.0,0.0,0.05097411990275569,332100166.0,23725645000000.0
United States,USA,North America,NA,2021,2020-2023,Pandemic,EV,Publicly available fast,0.0,0.0,0.0,0.0,0.0,22000.0,0.05097411990275569,332100166.0,23725645000000.0
United States,USA,North America,NA,2021,2020-2023,Pandemic,EV,Publicly available slow,0.0,0.0,0.0,0.0,0.0,92000.0,0.05097411990275569,332100166.0,23725645000000.0
United States,USA,North America,NA,2022,2020-2023,Post-Pandemic,Buses,BEV,2400.0,0.0,6100.0,0.0,0.0,0.0,0.04221816898481795,333996304.0,26054614000000.0
United States,USA,North America,NA,2022,2020-2023,Post-Pandemic,Buses,EV,0.0,2.70000004768372,0.0,0.769999980926514,140.0,0.0,0.04221816898481795,333996304.0,26054614000000.0
United States,USA,North America,NA,2022,2020-2023,Post-Pandemic,Buses,FCEV,140.0,0.0,220.0,0.0,0.0,0.0,0.04221816898481795,333996304.0,26054614000000.0
United States,USA,North America,NA,2022,2020-2023,Post-Pandemic,Buses,PHEV,0.0,0.0,550.0,0.0,0.0,0.0,0.04221816898481795,333996304.0,26054614000000.0
United States,USA,North America,NA,2022,2020-2023,Post-Pandemic,Cars,BEV,800000.0,0.0,2100000.0,0.0,0.0,0.0,0.04221816898481795,333996304.0,26054614000000.0
United States,USA,North America,NA,2022,2020-2023,Post-Pandemic,Cars,EV,0.0,7.40000009536743,0.0,1.29999995231628,7200.0,0.0,0.04221816898481795,333996304.0,26054614000000.0
United States,USA,North America,NA,2022,2020-2023,Post-Pandemic,Cars,FCEV,2700.0,0.0,15000.0,0.0,0.0,0.0,0.04221816898481795,333996304.0,26054614000000.0
United States,USA,North America,NA,2022,2020-2023,Post-Pandemic,Cars,PHEV,190000.0,0.0,910000.0,0.0,0.0,0.0,0.04221816898481795,333996304.0,26054614000000.0
United States,USA,North America,NA,2022,2020-2023,Post-Pandemic,EV,Publicly available fast,0.0,0.0,0.0,0.0,0.0,28000.0,0.04221816898481795,333996304.0,26054614000000.0
United States,USA,North America,NA,2022,2020-2023,Post-Pandemic,EV,Publicly available slow,0.0,0.0,0.0,0.0,0.0,100000.0,0.04221816898481795,333996304.0,26054614000000.0
United States,USA,North America,NA,2023,2020-2023,Post-Pandemic,Buses,BEV,750.0,0.0,6900.0,0.0,0.0,0.0,0.03792219525993282,336755052.0,27811517000000.0
United States,USA,North America,NA,2023,2020-2023,Post-Pandemic,Buses,EV,0.0,0.769999980926514,0.0,0.920000016689301,290.0,0.0,0.03792219525993282,336755052.0,27811517000000.0
United States,USA,North America,NA,2023,2020-2023,Post-Pandemic,Buses,FCEV,0.0,0.0,220.0,0.0,0.0,0.0,0.03792219525993282,336755052.0,27811517000000.0
United States,USA,North America,NA,2023,2020-2023,Post-Pandemic,Buses,PHEV,0.0,0.0,550.0,0.0,0.0,0.0,0.03792219525993282,336755052.0,27811517000000.0
United States,USA,North America,NA,2023,2020-2023,Post-Pandemic,Cars,BEV,1100000.0,0.0,3500000.0,0.0,0.0,0.0,0.03792219525993282,336755052.0,27811517000000.0
United States,USA,North America,NA,2023,2020-2023,Post-Pandemic,Cars,EV,0.0,9.5,0.0,2.09999990463257,22000.0,0.0,0.03792219525993282,336755052.0,27811517000000.0
United States,USA,North America,NA,2023,2020-2023,Post-Pandemic,Cars,FCEV,3000.0,0.0,18000.0,0.0,0.0,0.0,0.03792219525993282,336755052.0,27811517000000.0
United States,USA,North America,NA,2023,2020-2023,Post-Pandemic,Cars,PHEV,290000.0,0.0,1300000.0,0.0,0.0,0.0,0.03792219525993282,336755052.0,27811517000000.0
United States,USA,North America,NA,2023,2020-2023,Post-Pandemic,EV,Publicly available fast,0.0,0.0,0.0,0.0,0.0,43000.0,0.03792219525993282,336755052.0,27811517000000.0
United States,USA,North America,NA,2023,2020-2023,Post-Pandemic,EV,Publicly available slow,0.0,0.0,0.0,0.0,0.0,140000.0,0.03792219525993282,336755052.0,27811517000000.0
