country,isoCode,continent,continentCode,year,halfDecade,pandemicPeriod,population,GDP,co2Emissions,co2PerCapita,co2PerGDP,co2EmissionsOil,co2EmissionsOilPerCapita,co2EmissionsCoal,co2EmissionsCoalPerCapita,co2EmissionsPerUnitEnergy,energyConsumption
Afghanistan,AFG,Asia,AS,2010,2010-2014,Pre-Pandemic,28284089.0,15856668555.8336,8.365,0.2957493168685758,0.5275383016644157,5.833,0.20622902155342532,2.246,0.07940860319029544,259.426,32.244
Afghanistan,AFG,Asia,AS,2011,2010-2014,Pre-Pandemic,29347708.0,17805098206.3141,11.41,0.3887867495478693,0.6408276925961437,7.338,0.25003656162859467,3.749,0.12774421770858563,275.653,41.391
Afghanistan,AFG,Asia,AS,2012,2010-2014,Pre-Pandemic,30560034.0,19907329777.5872,9.731,0.31842242060332787,0.4888149294113624,6.573,0.21508483923807153,2.821,0.0923101067230488,249.383,39.021
Afghanistan,AFG,Asia,AS,2013,2010-2014,Pre-Pandemic,31622704.0,20146416757.5987,8.891,0.2811587522686232,0.44131917387475605,5.589,0.17674010419855304,2.97,0.09391986213449678,278.998,31.869
Afghanistan,AFG,Asia,AS,2014,2010-2014,Pre-Pandemic,32792523.0,20497128555.6972,8.698,0.26524339100105226,0.4243521221211437,5.159,0.15732244816905366,3.239,0.09877251591772918,326.609,26.63
Afghanistan,AFG,Asia,AS,2015,2015-2019,Pre-Pandemic,33831764.0,19134221644.7325,9.384,0.27737247162163936,0.4904301922614836,6.622,0.1957332168668474,2.439,0.07209201388375729,303.177,30.954
Afghanistan,AFG,Asia,AS,2016,2015-2019,Pre-Pandemic,34700612.0,18116572395.0772,8.606,0.2480071533032328,0.4750346705946705,5.79,0.16685584680754334,2.421,0.06976822195527849,306.53,28.075
Afghanistan,AFG,Asia,AS,2017,2015-2019,Pre-Pandemic,35688935.0,18753456497.8159,9.311,0.26089318720213983,0.496495139500518,6.073,0.1701647863686602,2.893,0.08106153910168516,254.976,36.517
Afghanistan,AFG,Asia,AS,2018,2015-2019,Pre-Pandemic,36743039.0,18053222687.4126,10.192,0.2773858743692921,0.5645529430657416,6.621,0.18019739739001991,3.221,0.0876628631616454,219.207,46.493
Afghanistan,AFG,Asia,AS,2019,2015-2019,Pre-Pandemic,37856121.0,18799444490.1128,10.4,0.27472439661739245,0.5532078357671513,6.843,0.18076336981277083,3.273,0.08645893751237746,220.755,47.112
Afghanistan,AFG,Asia,AS,2020,2020-2023,Pandemic,39068979.0,19955929052.1496,11.119,0.28459919569436404,0.5571777676170026,7.269,0.18605554038153901,3.635,0.09304056806808286,237.012,46.912
Afghanistan,AFG,Asia,AS,2021,2020-2023,Pandemic,40000412.0,14259995441.0759,9.869,0.2467224587586748,0.6920759575821713,6.701,0.16752327451027255,2.993,0.0748242293104381,207.462,47.569
Afghanistan,AFG,Asia,AS,2022,2020-2023,Post-Pandemic,40578842.0,14497243872.1337,10.17,0.2506232188685917,0.7015126523151454,6.528,0.16087201305547358,3.488,0.08595612462277756,225.465,45.106
Afghanistan,AFG,Asia,AS,2023,2020-2023,Post-Pandemic,41454761.0,17152234636.8715,10.516,0.2536741196023299,0.6130979561924927,6.498,0.1567491849729878,3.867,0.09328240970922495,261.071,40.281
Albania,ALB,Europe,EU,2010,2010-2014,Pre-Pandemic,2913021.0,12086545641.299,4.817,1.653609774869457,0.3985423249088309,3.506,1.2035615259896857,0.447,0.15344894527021946,216.902,22.207
Albania,ALB,Europe,EU,2011,2010-2014,Pre-Pandemic,2905195.0,12973755874.5365,5.175,1.7812917893635367,0.3988821779941872,3.583,1.2333079190897684,0.586,0.20170763064097247,215.931,23.968
Albania,ALB,Europe,EU,2012,2010-2014,Pre-Pandemic,2860708.0,12246499747.9714,4.93,1.723349604363675,0.40256400616156807,3.175,1.1098651103153485,0.686,0.2398007765909698,219.231,22.488
Albania,ALB,Europe,EU,2013,2010-2014,Pre-Pandemic,2816902.0,12796985886.1478,5.346,1.8978296014557836,0.4177546218744228,3.338,1.1849897511521523,0.846,0.30032993693071325,202.824,26.358
Albania,ALB,Europe,EU,2014,2010-2014,Pre-Pandemic,2773767.0,13296322588.1684,6.072,2.189080769942104,0.45666762067002714,3.862,1.3923303579572472,1.096,0.3951305210567434,235.85,25.747
Albania,ALB,Europe,EU,2015,2015-2019,Pre-Pandemic,2731293.0,11470171826.9575,4.712,1.7251902304146791,0.41080465672935546,3.338,1.2221317888633698,0.322,0.11789288077112195,196.032,24.038
Albania,ALB,Europe,EU,2016,2015-2019,Pre-Pandemic,2689469.0,11988668784.6628,4.555,1.6936428715110678,0.37994210047968363,3.364,1.2508045268415438,0.191,0.07101773621484389,170.212,26.761
Albania,ALB,Europe,EU,2017,2015-2019,Pre-Pandemic,2648285.0,13258268435.6048,5.344,2.017909703827194,0.4030692262685526,3.778,1.4265836192101682,0.44,0.1661452600456522,182.443,29.29
Albania,ALB,Europe,EU,2018,2015-2019,Pre-Pandemic,2607733.0,15379508329.7568,5.195,1.9921518038848303,0.33778713133166527,3.333,1.2781216481902096,0.847,0.3248031911242447,185.576,27.993
Albania,ALB,Europe,EU,2019,2015-2019,Pre-Pandemic,2567801.0,15585111614.0376,4.941,1.9242145322008988,0.317033340688405,3.426,1.334215540846039,0.451,0.17563666343303083,198.433,24.898
Albania,ALB,Europe,EU,2020,2020-2023,Pandemic,2528480.0,15241458744.5927,4.865,1.9240808707207493,0.31919516901398853,2.876,1.137442257799152,0.572,0.226222869075492,230.356,21.12
Albania,ALB,Europe,EU,2021,2020-2023,Pandemic,2489762.0,18031989573.0294,5.137,2.063249419020774,0.28488259596619636,2.862,1.1495074629623232,0.861,0.3458161864467367,201.51,25.493
Albania,ALB,Europe,EU,2022,2020-2023,Post-Pandemic,2451636.0,19017247013.8821,4.498,1.8346932415741979,0.23652214207012068,2.946,1.2016465739612243,0.542,0.2210768645916441,173.886,25.869
Albania,ALB,Europe,EU,2023,2020-2023,Post-Pandemic,2411658.0,23491242727.4082,4.417,1.8315200579850046,0.18802751524279745,2.908,1.205809447276521,0.514,0.21313138098353912,181.178,24.381
Algeria,DZA,Africa,AF,2010,2010-2014,Pre-Pandemic,36188236.0,177785053939.531,117.847,3.256500261576718,0.6628622451023505,45.365,1.253584175807851,1.216,0.033602079968750066,268.448,438.995
Algeria,DZA,Africa,AF,2011,2010-2014,Pre-Pandemic,36903376.0,218331946925.304,124.715,3.379501105806688,0.5712173676657024,46.92,1.2714283918089229,1.121,0.030376624621010283,268.5,464.488
Algeria,DZA,Africa,AF,2012,2010-2014,Pre-Pandemic,37646166.0,227143746075.934,135.593,3.601774480832922,0.5969479782845147,48.541,1.2894008914480162,1.107,0.029405384867080487,267.089,507.672
Algeria,DZA,Africa,AF,2013,2010-2014,Pre-Pandemic,38414171.0,229701430292.157,141.534,3.684421564114972,0.6161650792508477,52.018,1.3541356912270734,0.777,0.020226910532574034,263.576,536.977
Algeria,DZA,Africa,AF,2014,2010-2014,Pre-Pandemic,39205031.0,238942664192.59,152.435,3.8881489470063166,0.6379563922378299,53.582,1.366712348728917,0.579,0.014768512745213746,260.299,585.613
Algeria,DZA,Africa,AF,2015,2015-2019,Pre-Pandemic,40019529.0,187493855609.345,160.322,4.00609412469597,0.8550786876666548,55.59,1.3890718204104802,0.535,0.013368473177183069,259.622,617.518
Algeria,DZA,Africa,AF,2016,2015-2019,Pre-Pandemic,40850721.0,180763839522.151,158.308,3.875280438746724,0.8757725019477735,54.628,1.3372591391960988,0.0,0.0,256.579,616.996
Algeria,DZA,Africa,AF,2017,2015-2019,Pre-Pandemic,41689299.0,189880896903.073,165.252,3.9638949074197676,0.8702929188519416,55.324,1.3270551754780047,0.923,0.022139974097429654,264.914,623.795
Algeria,DZA,Africa,AF,2018,2015-2019,Pre-Pandemic,42505035.0,194554483655.528,174.461,4.104478445906468,0.8967205315550327,56.231,1.3229256251641717,1.546,0.036372161556860266,260.538,669.62
Algeria,DZA,Africa,AF,2019,2015-2019,Pre-Pandemic,43294546.0,193459662090.677,182.425,4.213579234668496,0.9429614320038204,59.637,1.377471425615596,1.275,0.029449436887500794,262.728,694.349
Algeria,DZA,Africa,AF,2020,2020-2023,Pandemic,44042091.0,164873415325.201,171.139,3.885805512730992,1.038002395125015,54.13,1.2290515452592838,0.575,0.01305569256464231,263.737,648.899
Algeria,DZA,Africa,AF,2021,2020-2023,Pandemic,44761099.0,186231205262.082,182.036,4.06683490948245,0.9774731347725634,57.343,1.2810900822609381,1.176,0.02627281336412227,257.248,707.627
Algeria,DZA,Africa,AF,2022,2020-2023,Post-Pandemic,45477389.0,225581644702.568,192.779,4.239007652792028,0.85458637494279,61.61,1.3547391649947187,0.758,0.01666762355244273,262.552,734.248
Algeria,DZA,Africa,AF,2023,2020-2023,Post-Pandemic,46164219.0,247923887214.655,202.847,4.394030796881888,0.8181825570699165,64.676,1.4009984659331072,0.734,0.015899759941785215,258.557,784.532
Andorra,AND,Europe,EU,2010,2010-2014,Pre-Pandemic,80706.0,3449925738.83334,0.517,6.405967338240032,0.14985829816001595,0.517,6.405967338240032,0.0,0.0,,
Andorra,AND,Europe,EU,2011,2010-2014,Pre-Pandemic,77783.0,3629133574.51363,0.491,6.312433308049317,0.13529400059787078,0.491,6.312433308049317,0.0,0.0,,
Andorra,AND,Europe,EU,2012,2010-2014,Pre-Pandemic,76834.0,3188652765.29297,0.487,6.338339797485488,0.15272907897052093,0.487,6.338339797485488,0.0,0.0,,
Andorra,AND,Europe,EU,2013,2010-2014,Pre-Pandemic,75194.0,3193512950.0157,0.476,6.330292310556693,0.14905215900178514,0.476,6.330292310556693,0.0,0.0,,
Andorra,AND,Europe,EU,2014,2010-2014,Pre-Pandemic,73737.0,3271685596.52156,0.462,6.265511208755441,0.14121161290412382,0.462,6.265511208755441,0.0,0.0,,
Andorra,AND,Europe,EU,2015,2015-2019,Pre-Pandemic,72174.0,2789881258.60547,0.465,6.442763321971901,0.16667376024183608,0.465,6.442763321971901,0.0,0.0,,
Andorra,AND,Europe,EU,2016,2015-2019,Pre-Pandemic,72181.0,2896610479.86771,0.473,6.552971003449661,0.16329430666894576,0.473,6.552971003449661,0.0,0.0,,
Andorra,AND,Europe,EU,2017,2015-2019,Pre-Pandemic,73763.0,3000162081.22353,0.473,6.412428995566883,0.15765814885811122,0.469,6.35820126621748,0.0,0.0,,
Andorra,AND,Europe,EU,2018,2015-2019,Pre-Pandemic,75162.0,3218419896.93333,0.498,6.625688512812325,0.15473431557967904,0.495,6.585774726590564,0.0,0.0,,
Andorra,AND,Europe,EU,2019,2015-2019,Pre-Pandemic,76474.0,3155149347.92156,0.491,6.420482778460653,0.1556186239879402,0.487,6.368177419776656,0.0,0.0,,
Andorra,AND,Europe,EU,2020,2020-2023,Pandemic,77380.0,2891001149.40079,0.377,4.872059963814939,0.13040465240843635,0.374,4.8332902558800726,0.0,0.0,,
Andorra,AND,Europe,EU,2021,2020-2023,Pandemic,78364.0,3324647529.41855,0.414,5.283038129753458,0.12452447856101148,0.407,5.19371139809096,0.0,0.0,,
Andorra,AND,Europe,EU,2022,2020-2023,Post-Pandemic,79705.0,3380612573.4825,0.423,5.307069819961106,0.1251252519493091,0.416,5.219245969512578,0.0,0.0,,
Andorra,AND,Europe,EU,2023,2020-2023,Post-Pandemic,80856.0,3785067331.88242,0.418,5.169684377164342,0.11043396678286219,0.411,5.0831107153458,0.0,0.0,,
Angola,AGO,Africa,AF,2010,2010-2014,Pre-Pandemic,23294825.0,95546919754.2873,22.983,0.9866139797143786,0.24054150629977508,13.37,0.5739472178906688,,,300.902,76.381
Angola,AGO,Africa,AF,2011,2010-2014,Pre-Pandemic,24218352.0,125551634704.941,23.397,0.9660855536330465,0.18635360706362214,14.345,0.5923194113290615,,,292.866,79.89
Angola,AGO,Africa,AF,2012,2010-2014,Pre-Pandemic,25177394.0,143572907527.976,25.941,1.030329032464599,0.1806817208528374,17.268,0.6858533492386066,,,301.291,86.099
Angola,AGO,Africa,AF,2013,2010-2014,Pre-Pandemic,26165620.0,148845200696.335,25.71,0.9825870741836042,0.17272978826137628,17.441,0.6665616943149063,,,275.219,93.416
Angola,AGO,Africa,AF,2014,2010-2014,Pre-Pandemic,27160769.0,153449860495.966,26.092,0.9606502673028146,0.17003599687655582,16.977,0.6250559400582509,,,252.764,103.227
Angola,AGO,Africa,AF,2015,2015-2019,Pre-Pandemic,28157798.0,102543067840.819,27.505,0.9768164399787228,0.26822876064813006,16.167,0.5741571127117256,,,253.526,108.491
Angola,AGO,Africa,AF,2016,2015-2019,Pre-Pandemic,29183070.0,60770049747.3832,25.466,0.8726292333191813,0.41905511194840817,14.172,0.48562402790384973,,,261.969,97.209
Angola,AGO,Africa,AF,2017,2015-2019,Pre-Pandemic,30234839.0,85629598654.1906,23.601,0.7805895708589684,0.27561731423396085,13.888,0.4593376534930449,,,281.385,83.874
Angola,AGO,Africa,AF,2018,2015-2019,Pre-Pandemic,31297155.0,90506061877.2765,23.278,0.7437736752749571,0.25719824194278024,15.411,0.4924089745537574,,,247.581,94.022
Angola,AGO,Africa,AF,2019,2015-2019,Pre-Pandemic,32375632.0,81193813808.0382,22.21,0.6860097742647927,0.2735430072605015,14.286,0.4412577953690603,,,227.256,97.731
Angola,AGO,Africa,AF,2020,2020-2023,Pandemic,33451132.0,58512033805.8981,16.549,0.4947216733950887,0.28283070889140477,9.468,0.28303974884915706,,,212.659,77.821
Angola,AGO,Africa,AF,2021,2020-2023,Pandemic,34532429.0,78283923543.8237,19.219,0.5565493235358567,0.2455037909442686,12.282,0.35566568456565856,,,219.978,87.366
Angola,AGO,Africa,AF,2022,2020-2023,Post-Pandemic,35635029.0,128233959333.275,21.089,0.5918053272806373,0.16445721640077043,14.887,0.41776309484692714,,,216.041,97.616
Angola,AGO,Africa,AF,2023,2020-2023,Post-Pandemic,36749906.0,106042349567.303,21.675,0.5897974269648472,0.20439946953686935,15.356,0.41785140892605277,,,219.24,98.864
Anguilla,AIA,North America,NA,2010,2010-2014,Pre-Pandemic,13372.0,,0.128,9.572240502542627,,0.128,9.572240502542627,,,,
Anguilla,AIA,North America,NA,2011,2010-2014,Pre-Pandemic,13593.0,,0.125,9.195909659383506,,0.125,9.195909659383506,,,,
Anguilla,AIA,North America,NA,2012,2010-2014,Pre-Pandemic,13401.0,,0.121,9.029176927094992,,0.121,9.029176927094992,,,,
Anguilla,AIA,North America,NA,2013,2010-2014,Pre-Pandemic,13272.0,,0.114,8.589511754068717,,0.114,8.589511754068717,,,,
Anguilla,AIA,North America,NA,2014,2010-2014,Pre-Pandemic,13748.0,,0.121,8.801280186208903,,0.121,8.801280186208903,,,,
Anguilla,AIA,North America,NA,2015,2015-2019,Pre-Pandemic,14235.0,,0.136,9.553916403231472,,0.136,9.553916403231472,,,,
Anguilla,AIA,North America,NA,2016,2015-2019,Pre-Pandemic,14344.0,,0.139,9.690462911321807,,0.139,9.690462911321807,,,,
Anguilla,AIA,North America,NA,2017,2015-2019,Pre-Pandemic,14450.0,,0.128,8.858131487889274,,0.128,8.858131487889274,,,,
Anguilla,AIA,North America,NA,2018,2015-2019,Pre-Pandemic,14747.0,,0.132,8.95097307927036,,0.132,8.95097307927036,,,,
Anguilla,AIA,North America,NA,2019,2015-2019,Pre-Pandemic,14845.0,,0.143,9.632873021219266,,0.143,9.632873021219266,,,,
Anguilla,AIA,North America,NA,2020,2020-2023,Pandemic,14864.0,,0.136,9.14962325080732,,0.136,9.14962325080732,,,,
Anguilla,AIA,North America,NA,2021,2020-2023,Pandemic,14503.0,,0.139,9.58422395366476,,0.139,9.58422395366476,,,,
Anguilla,AIA,North America,NA,2022,2020-2023,Post-Pandemic,14202.0,,0.143,10.069004365582312,,0.143,10.069004365582312,,,,
Anguilla,AIA,North America,NA,2023,2020-2023,Post-Pandemic,14435.0,,0.143,9.906477312088674,,0.143,9.906477312088674,,,,
Antarctica,ATA,Antarctica,AN,2010,2010-2014,Pre-Pandemic,,,0.0,,,,,,,0.0,0.06
Antarctica,ATA,Antarctica,AN,2011,2010-2014,Pre-Pandemic,,,0.0,,,,,,,0.0,0.06
Antarctica,ATA,Antarctica,AN,2012,2010-2014,Pre-Pandemic,,,0.0,,,,,,,0.0,0.057
Antarctica,ATA,Antarctica,AN,2013,2010-2014,Pre-Pandemic,,,0.0,,,,,,,0.0,0.056
Antarctica,ATA,Antarctica,AN,2014,2010-2014,Pre-Pandemic,,,0.0,,,,,,,0.0,0.056
Antarctica,ATA,Antarctica,AN,2015,2015-2019,Pre-Pandemic,,,0.0,,,,,,,0.0,0.057
Antarctica,ATA,Antarctica,AN,2016,2015-2019,Pre-Pandemic,,,0.0,,,,,,,0.0,0.056
Antarctica,ATA,Antarctica,AN,2017,2015-2019,Pre-Pandemic,,,0.0,,,,,,,0.0,0.055
Antarctica,ATA,Antarctica,AN,2018,2015-2019,Pre-Pandemic,,,0.0,,,,,,,0.0,0.055
Antarctica,ATA,Antarctica,AN,2019,2015-2019,Pre-Pandemic,,,0.0,,,,,,,0.0,0.055
Antarctica,ATA,Antarctica,AN,2020,2020-2023,Pandemic,,,0.0,,,,,,,0.0,0.046
Antarctica,ATA,Antarctica,AN,2021,2020-2023,Pandemic,,,0.0,,,,,,,0.0,0.049
Antarctica,ATA,Antarctica,AN,2022,2020-2023,Post-Pandemic,,,0.0,,,,,,,0.0,0.052
Antarctica,ATA,Antarctica,AN,2023,2020-2023,Post-Pandemic,,,0.0,,,,,,,0.0,0.057
Antigua and Barbuda,ATG,North America,NA,2010,2010-2014,Pre-Pandemic,85320.0,1298348148.14815,0.55,6.446319737458978,0.4236151919533076,0.55,6.446319737458978,,,193.725,2.837
Antigua and Barbuda,ATG,North America,NA,2011,2010-2014,Pre-Pandemic,86332.0,1287359259.25926,0.546,6.324421998795348,0.4241240322566722,0.546,6.324421998795348,,,193.013,2.828
Antigua and Barbuda,ATG,North America,NA,2012,2010-2014,Pre-Pandemic,87260.0,1364729629.62963,0.557,6.383222553289022,0.40813944968071264,0.557,6.383222553289022,,,191.596,2.907
Antigua and Barbuda,ATG,North America,NA,2013,2010-2014,Pre-Pandemic,88064.0,1325496296.2963,0.557,6.324945494186046,0.4202199595399615,0.557,6.324945494186046,,,191.589,2.907
Antigua and Barbuda,ATG,North America,NA,2014,2010-2014,Pre-Pandemic,88765.0,1378707407.40741,0.568,6.39891849264913,0.41198008870358904,0.568,6.39891849264913,,,191.079,2.972
Antigua and Barbuda,ATG,North America,NA,2015,2015-2019,Pre-Pandemic,89409.0,1437485185.18519,0.579,6.475858135087072,0.4027867597991335,0.579,6.475858135087072,,,190.8,3.034
Antigua and Barbuda,ATG,North America,NA,2016,2015-2019,Pre-Pandemic,89969.0,1489603703.7037,0.594,6.602274116640176,0.39876377758936726,0.594,6.602274116640176,,,192.772,3.079
Antigua and Barbuda,ATG,North America,NA,2017,2015-2019,Pre-Pandemic,90468.0,1534855555.55556,0.601,6.643232966352744,0.3915677913954975,0.601,6.643232966352744,,,205.293,2.927
Antigua and Barbuda,ATG,North America,NA,2018,2015-2019,Pre-Pandemic,90926.0,1661529629.62963,0.616,6.774739898378901,0.3707427114238775,0.616,6.774739898378901,,,210.991,2.917
Antigua and Barbuda,ATG,North America,NA,2019,2015-2019,Pre-Pandemic,91364.0,1726448148.14815,0.638,6.983056783853597,0.36954483729172033,0.638,6.983056783853597,,,210.637,3.027
Antigua and Barbuda,ATG,North America,NA,2020,2020-2023,Pandemic,91846.0,1411637037.03704,0.616,6.7068789059948175,0.4363727954410683,0.616,6.7068789059948175,,,210.489,2.924
Antigua and Barbuda,ATG,North America,NA,2021,2020-2023,Pandemic,92349.0,1602125925.92593,0.634,6.865261128978116,0.3957241997900927,0.634,6.865261128978116,,,208.469,3.041
Antigua and Barbuda,ATG,North America,NA,2022,2020-2023,Post-Pandemic,92840.0,1857114814.81481,0.642,6.915122791900043,0.3456975276264864,0.642,6.915122791900043,,,210.132,3.054
Antigua and Barbuda,ATG,North America,NA,2023,2020-2023,Post-Pandemic,93316.0,2054096296.2963,0.641,6.869132838955806,0.31205937187841404,0.641,6.869132838955806,,,207.528,3.086
Argentina,ARG,South America,SA,2010,2010-2014,Pre-Pandemic,41288694.0,423627422092.49,186.121,4.507795766075818,0.43935068952964157,90.145,2.1832853322994428,4.082,0.09886483694543596,210.958,882.268
Argentina,ARG,South America,SA,2011,2010-2014,Pre-Pandemic,41730660.0,530158122010.442,189.884,4.550227578475874,0.3581648419907826,86.906,2.0825455432528504,4.825,0.11562242245869105,209.267,907.376
Argentina,ARG,South America,SA,2012,2010-2014,Pre-Pandemic,42161721.0,545982375701.128,191.715,4.547134117224484,0.3511377079778583,85.589,2.0300167538227387,5.078,0.1204410038195547,203.059,944.132
Argentina,ARG,South America,SA,2013,2010-2014,Pre-Pandemic,42582455.0,552025140252.246,189.525,4.450776734220702,0.3433267548528627,87.487,2.054531614018027,4.84,0.11366183560811606,187.751,1009.449
Argentina,ARG,South America,SA,2014,2010-2014,Pre-Pandemic,43024071.0,526319673731.638,188.539,4.382174806284603,0.35822145629337243,84.292,1.9591823377197384,5.536,0.1286721565702139,189.867,993.008
Argentina,ARG,South America,SA,2015,2015-2019,Pre-Pandemic,43477012.0,594749285413.212,191.809,4.4117337226394495,0.32250396041541685,86.954,1.9999994479841439,5.467,0.12574461188823188,189.911,1009.992
Argentina,ARG,South America,SA,2016,2015-2019,Pre-Pandemic,43900313.0,557532320662.955,190.02,4.328442942992229,0.3408232903413555,84.554,1.9260454931152768,4.192,0.09548906860869079,188.939,1005.722
Argentina,ARG,South America,SA,2017,2015-2019,Pre-Pandemic,44288894.0,643628393281.364,187.068,4.223812859268962,0.29064597204340964,80.857,1.8256721425466167,4.28,0.09663822266593516,187.633,996.988
Argentina,ARG,South America,SA,2018,2015-2019,Pre-Pandemic,44654882.0,524819892360.176,182.483,4.086518468462194,0.34770595142526467,76.109,1.7043825129803276,4.356,0.09754812474927153,185.064,986.055
Argentina,ARG,South America,SA,2019,2015-2019,Pre-Pandemic,44973465.0,447754683615.225,180.428,4.011876781119711,0.40296172570033817,76.609,1.70342667615226,2.143,0.047650320027598496,194.918,925.658
Argentina,ARG,South America,SA,2020,2020-2023,Pandemic,45191965.0,385740508436.965,164.613,3.6425280467445926,0.426745432225975,66.675,1.4753728898488925,3.224,0.0713401154386626,190.53,863.972
Argentina,ARG,South America,SA,2021,2020-2023,Pandemic,45312281.0,486564085480.036,190.197,4.197471321295875,0.39089814821074353,85.441,1.885603596075863,4.51,0.09953151552886953,200.59,948.187
Argentina,ARG,South America,SA,2022,2020-2023,Post-Pandemic,45407904.0,633993756301.08,183.768,4.047048725261575,0.2898577441395647,81.967,1.8051262617186647,4.731,0.10418890949029491,183.54,1001.241
Argentina,ARG,South America,SA,2023,2020-2023,Post-Pandemic,45538401.0,649461687959.174,178.407,3.917726491977617,0.2746998064822184,79.241,1.7400918402910106,4.226,0.0928007990443055,177.65,1004.261
Armenia,ARM,Europe,EU,2010,2010-2014,Pre-Pandemic,3044800.0,9260285755.62424,4.256,1.3977929584866,0.4595970483324573,1.008,0.3310562270099842,0.007,0.0022990015764582238,122.812,34.658
Armenia,ARM,Europe,EU,2011,2010-2014,Pre-Pandemic,3027900.0,10142111824.5835,4.969,1.6410713695960897,0.48993741007229125,0.942,0.311106707619142,0.007,0.0023118332837940487,135.363,36.708
Armenia,ARM,Europe,EU,2012,2010-2014,Pre-Pandemic,3024100.0,10619320682.9474,5.748,1.9007307959392876,0.5412775611184047,0.898,0.296947852253563,0.007,0.0023147382692371285,144.553,39.766
Armenia,ARM,Europe,EU,2013,2010-2014,Pre-Pandemic,3022000.0,11121464437.0415,5.535,1.8315684976836533,0.4976862562779911,0.857,0.28358702845797484,0.004,0.0013236267372600927,141.263,39.183
Armenia,ARM,Europe,EU,2014,2010-2014,Pre-Pandemic,3013800.0,11609513246.7958,5.604,1.8594465458889111,0.4827075761808267,0.864,0.28668126617559225,0.004,0.0013272280841462604,138.877,40.353
Armenia,ARM,Europe,EU,2015,2015-2019,Pre-Pandemic,3004600.0,10553337518.414,5.469,1.820209012846968,0.5182246839407354,0.795,0.2645942887572389,0.004,0.0013312920189043466,148.32,36.874
Armenia,ARM,Europe,EU,2016,2015-2019,Pre-Pandemic,2992300.0,10546136235.5219,5.207,1.7401330080540052,0.49373532483504085,0.81,0.27069478327707786,0.004,0.0013367643618621128,140.811,36.976
Armenia,ARM,Europe,EU,2017,2015-2019,Pre-Pandemic,2979400.0,11527458709.0158,5.537,1.8584278713835,0.48033136702276175,0.868,0.2913338256024703,0.004,0.001342552191716453,139.058,39.815
Armenia,ARM,Europe,EU,2018,2015-2019,Pre-Pandemic,2969000.0,12457940694.7395,5.822,1.9609296059279218,0.4673324542681763,0.824,0.27753452340855506,0.004,0.0013472549680026945,149.034,39.066
Armenia,ARM,Europe,EU,2019,2015-2019,Pre-Pandemic,2962500.0,13619290539.2116,6.284,2.121181434599156,0.461404357437533,1.044,0.35240506329113924,0.011,0.0037130801687763715,151.87,41.378
Armenia,ARM,Europe,EU,2020,2020-2023,Pandemic,2961500.0,12641698583.2152,6.795,2.294445382407564,0.5375068828979949,1.452,0.49029208171534694,0.029,0.00979233496538916,151.89,44.737
Armenia,ARM,Europe,EU,2021,2020-2023,Pandemic,2962300.0,13878908628.9378,7.351,2.481517739594234,0.5296525970833916,1.524,0.5144651115687136,0.044,0.014853323431117713,160.294,45.858
Armenia,ARM,Europe,EU,2022,2020-2023,Post-Pandemic,2969200.0,19513506553.1251,7.699,2.5929543311329653,0.394547232146085,1.521,0.5122591943957968,0.044,0.014818806412501684,155.42,49.535
Armenia,ARM,Europe,EU,2023,2020-2023,Post-Pandemic,2964300.0,24185982215.6543,7.43,2.506493944607496,0.3072027397419881,1.562,0.5269372195796647,0.04,0.013493910872718685,153.571,48.383
Aruba,ABW,North America,NA,2010,2010-2014,Pre-Pandemic,101838.0,2453597206.70391,2.506,24.60771028496239,1.0213575370696182,2.506,24.60771028496239,,,485.637,5.161
Aruba,ABW,North America,NA,2011,2010-2014,Pre-Pandemic,102591.0,2637859217.87709,2.495,24.319872113538224,0.9458427436502617,2.495,24.319872113538224,,,615.669,4.053
Aruba,ABW,North America,NA,2012,2010-2014,Pre-Pandemic,104110.0,2615208379.88827,1.345,12.919027951205456,0.5142993615130059,1.345,12.919027951205456,,,263.815,5.097
Aruba,ABW,North America,NA,2013,2010-2014,Pre-Pandemic,105675.0,2727849162.01117,0.861,8.14762242725337,0.31563328793634904,0.861,8.14762242725337,,,175.831,4.897
Aruba,ABW,North America,NA,2014,2010-2014,Pre-Pandemic,106807.0,2790849720.67039,0.872,8.16425889688878,0.3124496433976878,0.872,8.16425889688878,,,175.765,4.961
Aruba,ABW,North America,NA,2015,2015-2019,Pre-Pandemic,107906.0,2962906703.91061,0.898,8.322058087594758,0.30308075472466595,0.898,8.322058087594758,,,176.155,5.096
Aruba,ABW,North America,NA,2016,2015-2019,Pre-Pandemic,108727.0,2983637430.1676,0.883,8.121257829242047,0.29594748714169306,0.883,8.121257829242047,,,176.622,5.0
Aruba,ABW,North America,NA,2017,2015-2019,Pre-Pandemic,108735.0,3092427932.96089,0.89,8.18503701659999,0.2877997545274585,0.89,8.18503701659999,,,171.631,5.188
Aruba,ABW,North America,NA,2018,2015-2019,Pre-Pandemic,108908.0,3276187709.49721,0.868,7.970029749880633,0.264942084204696,0.868,7.970029749880633,,,177.032,4.905
Aruba,ABW,North America,NA,2019,2015-2019,Pre-Pandemic,109203.0,3347561738.94591,0.832,7.618838310302831,0.24853910543916738,0.832,7.618838310302831,,,177.995,4.673
Aruba,ABW,North America,NA,2020,2020-2023,Pandemic,108587.0,2461056053.22795,0.821,7.560757733430337,0.33359662772538917,0.821,7.560757733430337,,,179.662,4.568
Aruba,ABW,North America,NA,2021,2020-2023,Pandemic,107700.0,2889305033.55975,0.861,7.994428969359332,0.2979955352582522,0.861,7.994428969359332,,,178.358,4.828
Aruba,ABW,North America,NA,2022,2020-2023,Post-Pandemic,107310.0,3326671314.7742,0.888,8.275090858261112,0.26693349476886136,0.888,8.275090858261112,,,179.842,4.94
Aruba,ABW,North America,NA,2023,2020-2023,Post-Pandemic,107359.0,3746573413.07565,0.887,8.261999459756519,0.23674966488160734,0.887,8.261999459756519,,,181.542,4.884
Australia,AUS,Oceania,OC,2010,2010-2014,Pre-Pandemic,22031750.0,1152566632022.13,405.026,18.383741645579676,0.3514122209918561,124.506,5.651207915848718,200.635,9.106630204137211,268.436,1508.838
Australia,AUS,Oceania,OC,2011,2010-2014,Pre-Pandemic,22340024.0,1402939868653.4,403.874,18.07849445461652,0.2878769140602263,129.836,5.811811124285274,192.232,8.604825133580878,259.126,1558.602
Australia,AUS,Oceania,OC,2012,2010-2014,Pre-Pandemic,22733465.0,1552728401401.58,405.005,17.815366025372725,0.2608344122735307,132.478,5.827444254538409,189.244,8.32446791547175,263.656,1536.113
Australia,AUS,Oceania,OC,2013,2010-2014,Pre-Pandemic,23128129.0,1583737461925.39,397.85,17.201996754687766,0.2512095657043584,135.764,5.870081406066181,176.436,7.628632649013675,255.756,1555.586
Australia,AUS,Oceania,OC,2014,2010-2014,Pre-Pandemic,23475686.0,1474677007565.64,392.61,16.724111917325867,0.26623457067938616,137.132,5.841448041177583,168.219,7.165669194927893,250.635,1566.458
Australia,AUS,Oceania,OC,2015,2015-2019,Pre-Pandemic,23815995.0,1356805839935.9,400.589,16.82016644696138,0.29524415963519524,136.869,5.74693604025362,174.222,7.31533576489246,250.114,1601.626
Australia,AUS,Oceania,OC,2016,2015-2019,Pre-Pandemic,24190907.0,1211588128417.61,409.666,16.934710219835907,0.3381231545533899,136.761,5.653405223706577,179.594,7.424029202377571,254.944,1606.889
Australia,AUS,Oceania,OC,2017,2015-2019,Pre-Pandemic,24592588.0,1330890554614.09,413.408,16.810268199507917,0.31062509127196664,139.221,5.661095936710687,176.951,7.195298030447223,258.053,1602.028
Australia,AUS,Oceania,OC,2018,2015-2019,Pre-Pandemic,24963258.0,1433144978761.67,414.781,16.61565970275194,0.2894201257701071,143.397,5.744322315620821,169.336,6.7834094411875245,255.107,1625.908
Australia,AUS,Oceania,OC,2019,2015-2019,Pre-Pandemic,25334826.0,1398349602956.35,414.925,16.377653432472755,0.2967247955180719,142.693,5.632286560799747,164.888,6.508353363074213,246.936,1680.293
Australia,AUS,Oceania,OC,2020,2020-2023,Pandemic,25649248.0,1333336461648.09,398.547,15.538350286137044,0.2989095486876359,134.777,5.254617991139545,156.622,6.106299880604687,251.384,1585.412
Australia,AUS,Oceania,OC,2021,2020-2023,Pandemic,25685412.0,1560617493202.69,388.472,15.124226934728553,0.24892198228713946,134.179,5.2239380080802285,151.821,5.910787025724952,244.426,1589.323
Australia,AUS,Oceania,OC,2022,2020-2023,Post-Pandemic,26018721.0,1695627535475.8,384.078,14.761601848146187,0.22651082974553496,133.833,5.14371940111891,146.0,5.611344231716847,231.263,1660.79
Australia,AUS,Oceania,OC,2023,2020-2023,Post-Pandemic,26659922.0,1734451264655.6,384.316,14.41549603933575,0.2215778602901889,141.61,5.3117184663931125,140.982,5.288162508502463,231.882,1657.377
Austria,AUT,Europe,EU,2010,2010-2014,Pre-Pandemic,8363404.0,389827789217.634,72.0,8.608934830841605,0.18469694052468813,34.785,4.15919164015035,15.497,1.852953653799338,170.795,421.558
Austria,AUT,Europe,EU,2011,2010-2014,Pre-Pandemic,8391643.0,428954737064.057,69.892,8.328762317462742,0.16293560592982292,33.269,3.964539482911749,15.818,1.8849705594005846,176.553,395.869
Austria,AUT,Europe,EU,2012,2010-2014,Pre-Pandemic,8429991.0,406750487603.59,67.26,7.9786562049710374,0.1653593592383105,32.627,3.8703481415341967,14.686,1.7421133664318265,162.307,414.402
Austria,AUT,Europe,EU,2013,2010-2014,Pre-Pandemic,8479823.0,426580502769.417,67.759,7.990614898447762,0.15884223390450247,33.45,3.9446578071263994,14.959,1.7640698396652854,164.923,410.852
Austria,AUT,Europe,EU,2014,2010-2014,Pre-Pandemic,8546356.0,438556021078.034,64.159,7.507176157885303,0.14629601901779374,32.413,3.7926105582308995,13.801,1.6148402898264476,162.473,394.889
Austria,AUT,Europe,EU,2015,2015-2019,Pre-Pandemic,8642699.0,379546097300.633,66.358,7.677925610969445,0.1748351530207905,32.995,3.8176731597386415,14.371,1.6627907555267167,167.408,396.383
Austria,AUT,Europe,EU,2016,2015-2019,Pre-Pandemic,8736668.0,393687359770.273,67.219,7.693894285556004,0.17074208336082738,34.108,3.9040055087362826,13.334,1.526211136785786,164.088,409.651
Austria,AUT,Europe,EU,2017,2015-2019,Pre-Pandemic,8797566.0,414926138132.691,69.601,7.911392764771529,0.16774310799803605,34.546,3.9267679264923956,14.023,1.5939636031147706,166.683,417.569
Austria,AUT,Europe,EU,2018,2015-2019,Pre-Pandemic,8840521.0,452582294972.775,66.567,7.529759841077239,0.14708264273573562,34.087,3.8557682290444193,12.294,1.3906420221161173,162.993,408.402
Austria,AUT,Europe,EU,2019,2015-2019,Pre-Pandemic,8879920.0,442983642371.842,67.951,7.652208578455662,0.15339392587088282,34.088,3.838773322282183,13.005,1.464540221083073,158.779,427.96
Austria,AUT,Europe,EU,2020,2020-2023,Pandemic,8916864.0,434397601557.696,62.18,6.973303618850753,0.1431407534871975,30.779,3.4517740766260423,11.371,1.2752241146663221,155.394,400.144
Austria,AUT,Europe,EU,2021,2020-2023,Pandemic,8955797.0,480466363176.806,65.751,7.3417251418271325,0.13684828957694256,32.17,3.5920867790996156,12.408,1.3854713321438616,161.816,406.335
Austria,AUT,Europe,EU,2022,2020-2023,Post-Pandemic,9041851.0,473221298968.216,61.454,6.79661719707613,0.12986313197227323,30.702,3.3955436779482433,11.663,1.2898907535636233,160.949,381.823
Austria,AUT,Europe,EU,2023,2020-2023,Post-Pandemic,9131761.0,516670509628.876,56.909,6.231985265492603,0.11014563235064004,29.376,3.2169041655820823,11.146,1.2205750895144978,144.454,393.96
Azerbaijan,AZE,Europe,EU,2010,2010-2014,Pre-Pandemic,9054332.0,52909294791.9262,27.549,3.0426319688741255,0.520683560579301,8.695,0.96031380338163,0.022,0.0024297761557672062,214.491,128.439
Azerbaijan,AZE,Europe,EU,2011,2010-2014,Pre-Pandemic,9173082.0,65952796427.9473,30.21,3.2933315106089753,0.45805487615682966,10.267,1.1192530493022956,0.018,0.001962263064911008,207.29,145.739
Azerbaijan,AZE,Europe,EU,2012,2010-2014,Pre-Pandemic,9295784.0,69679944504.1972,32.77,3.525254029138371,0.470293141493907,11.639,1.2520729827629387,0.015,0.001613634740222019,218.335,150.091
Azerbaijan,AZE,Europe,EU,2013,2010-2014,Pre-Pandemic,9416801.0,74160560123.6902,33.559,3.5637367721798516,0.45251815714482113,12.069,1.2816454335182403,0.011,0.0011681249290496846,217.616,154.212
Azerbaijan,AZE,Europe,EU,2014,2010-2014,Pre-Pandemic,9535079.0,75239785452.1022,34.345,3.601962815410339,0.45647392258799163,11.63,1.2197067271283226,0.007,0.0007341313060961529,218.421,157.241
Azerbaijan,AZE,Europe,EU,2015,2015-2019,Pre-Pandemic,9649341.0,53076235354.746,34.683,3.5943387221987493,0.6534562929753588,11.534,1.1953147888544928,0.011,0.0011399742220738183,201.851,171.826
Azerbaijan,AZE,Europe,EU,2016,2015-2019,Pre-Pandemic,9757812.0,37866996882.9157,34.727,3.5588920958919887,0.9170782702250053,12.136,1.2437214408312027,0.004,0.00040992796335899894,204.045,170.192
Azerbaijan,AZE,Europe,EU,2017,2015-2019,Pre-Pandemic,9854033.0,40866627351.9817,34.698,3.521197868933461,0.8490546504155654,12.587,1.2773450220838514,0.004,0.0004059251678982605,207.831,166.954
Azerbaijan,AZE,Europe,EU,2018,2015-2019,Pre-Pandemic,9939771.0,47112470051.7701,34.576,3.4785509646047177,0.7339033585376812,11.837,1.1908725060164866,0.004,0.00040242375805237365,196.27,176.167
Azerbaijan,AZE,Europe,EU,2019,2015-2019,Pre-Pandemic,10024283.0,48174235294.1176,37.753,3.7661546466714877,0.7836761656829018,12.112,1.2082659677505114,0.004,0.00039903103294270525,203.09,185.891
Azerbaijan,AZE,Europe,EU,2020,2020-2023,Pandemic,10093121.0,42693000000.0,36.237,3.590267073980387,0.8487808305811257,10.629,1.0530934881291922,0.004,0.0003963095260623548,195.952,184.929
Azerbaijan,AZE,Europe,EU,2021,2020-2023,Pandemic,10137750.0,54825411764.7059,38.3,3.777958620009371,0.6985811645952068,11.744,1.1584424551798969,0.0,0.0,193.874,197.549
Azerbaijan,AZE,Europe,EU,2022,2020-2023,Post-Pandemic,10141756.0,78807470588.2353,41.175,4.059947803910881,0.5224758476913579,12.847,1.2667431557217508,0.044,0.004338499171149454,195.802,210.286
Azerbaijan,AZE,Europe,EU,2023,2020-2023,Post-Pandemic,10153958.0,72428470588.2353,42.748,4.209983929419444,0.5902098947115368,13.374,1.3171218553395632,0.044,0.004333285601535874,196.604,217.433
Bahamas,BHS,North America,NA,2010,2010-2014,Pre-Pandemic,367478.0,10095760000.0,2.231,6.071111740022532,0.2209838585703305,2.228,6.062947986001883,0.004,0.01088500536086514,168.253,13.262
Bahamas,BHS,North America,NA,2011,2010-2014,Pre-Pandemic,371729.0,10070450000.0,2.11,5.676178075963941,0.20952390409564614,2.107,5.668107680595273,0.004,0.010760527158225482,180.244,11.709
Bahamas,BHS,North America,NA,2012,2010-2014,Pre-Pandemic,375469.0,10720400000.0,2.048,5.454511557545363,0.19103764784896085,2.045,5.44652155038099,0.004,0.010653342885830787,151.354,13.532
Bahamas,BHS,North America,NA,2013,2010-2014,Pre-Pandemic,378953.0,10475300000.0,1.993,5.259227397592841,0.19025708094278923,1.99,5.25131084857489,0.004,0.010555398690602793,158.308,12.591
Bahamas,BHS,North America,NA,2014,2010-2014,Pre-Pandemic,382298.0,11139100000.0,2.063,5.396313870331522,0.18520347245289118,2.059,5.385850828411344,0.004,0.010463041920177453,166.894,12.36
Bahamas,BHS,North America,NA,2015,2015-2019,Pre-Pandemic,385346.0,11837600000.0,2.231,5.789602071904211,0.18846725687639387,2.228,5.78181686069143,0.004,0.01038028161704027,188.849,11.816
Bahamas,BHS,North America,NA,2016,2015-2019,Pre-Pandemic,388055.0,11880900000.0,2.246,5.787839352669081,0.1890429176240857,2.242,5.777531535478218,0.004,0.01030781719086212,181.571,12.37
Bahamas,BHS,North America,NA,2017,2015-2019,Pre-Pandemic,390485.0,12446900000.0,2.521,6.456073856870303,0.20254039158344647,2.517,6.445830185538497,0.004,0.010243671331805319,170.887,14.751
Bahamas,BHS,North America,NA,2018,2015-2019,Pre-Pandemic,392717.0,12819200000.0,2.455,6.251320925755697,0.1915096105841238,2.451,6.241135474145504,0.004,0.010185451610192582,201.968,12.155
Bahamas,BHS,North America,NA,2019,2015-2019,Pre-Pandemic,394675.0,13277000000.0,2.521,6.387534047000697,0.189877231302252,2.517,6.377399125863052,0.004,0.010134921137644897,200.126,12.596
Bahamas,BHS,North America,NA,2020,2020-2023,Pandemic,395863.0,10363200000.0,2.052,5.183611501959011,0.19800833719314498,2.048,5.173506996107239,0.004,0.010104505851771951,195.79,10.48
Bahamas,BHS,North America,NA,2021,2020-2023,Pandemic,396373.0,12037000000.0,2.726,6.877360466025688,0.22646838913350503,2.722,6.867268961306648,0.004,0.010091504719039895,204.599,13.324
Bahamas,BHS,North America,NA,2022,2020-2023,Post-Pandemic,397538.0,13896800000.0,2.962,7.450860043568162,0.21314259397846985,2.958,7.440798112381709,0.004,0.010061931186452615,238.921,12.397
Bahamas,BHS,North America,NA,2023,2020-2023,Post-Pandemic,399440.0,15271300000.0,2.956,7.4003605047065895,0.1935657082239233,2.952,7.390346485079111,0.004,0.01001401962747847,213.061,13.875
Bahrain,BHR,Asia,AS,2010,2010-2014,Pre-Pandemic,1228543.0,26805984042.5532,29.143,23.721595418312585,1.0871826213780065,4.114,3.34868213810994,,,169.202,172.235
Bahrain,BHR,Asia,AS,2011,2010-2014,Pre-Pandemic,1195020.0,29914680851.0638,28.544,23.88579270639822,0.9541803284518391,3.723,3.1154290304764776,,,167.498,170.415
Bahrain,BHR,Asia,AS,2012,2010-2014,Pre-Pandemic,1208964.0,31963404255.3191,27.202,22.500256417891684,0.8510357589796855,2.158,1.784999387905678,,,148.592,183.069
Bahrain,BHR,Asia,AS,2013,2010-2014,Pre-Pandemic,1253191.0,33823324468.0851,31.228,24.918787319730193,0.9232682029664474,4.367,3.484704246998263,,,153.388,203.591
Bahrain,BHR,Asia,AS,2014,2010-2014,Pre-Pandemic,1314562.0,34772526595.7447,30.971,23.559938595516986,0.8906744212193684,2.012,1.5305478174479408,,,153.466,201.809
Bahrain,BHR,Asia,AS,2015,2015-2019,Pre-Pandemic,1370322.0,32523297872.3404,32.521,23.732378229350473,0.999929346883904,3.778,2.757016234140589,,,159.735,203.591
Bahrain,BHR,Asia,AS,2016,2015-2019,Pre-Pandemic,1423726.0,33884680851.0638,31.635,22.219865339257694,0.9336077308518261,3.712,2.60724324764737,,,155.733,203.139
Bahrain,BHR,Asia,AS,2017,2015-2019,Pre-Pandemic,1501116.0,37204813829.7872,32.917,21.928351972798904,0.8847511010428909,4.078,2.7166454824277406,,,158.168,208.111
Bahrain,BHR,Asia,AS,2018,2015-2019,Pre-Pandemic,1503091.0,39567978723.4043,32.698,21.753839255241367,0.8263752927227306,3.678,2.446957635964822,,,154.59,211.518
Bahrain,BHR,Asia,AS,2019,2015-2019,Pre-Pandemic,1483756.0,40446808510.6383,37.616,25.351877262838364,0.9300115728563914,3.748,2.526021798732406,,,162.658,231.259
Bahrain,BHR,Asia,AS,2020,2020-2023,Pandemic,1472204.0,35837632978.7234,37.429,25.423786377431387,1.0444049143039493,3.609,2.451426568600547,,,163.544,228.863
Bahrain,BHR,Asia,AS,2021,2020-2023,Pandemic,1504365.0,40840212765.9574,36.265,24.10651670306076,0.8879728469541399,3.257,2.1650330870500176,,,151.658,239.125
Bahrain,BHR,Asia,AS,2022,2020-2023,Post-Pandemic,1524693.0,46458191489.3617,37.827,24.809584618018185,0.8142159388331307,4.656,3.0537295048904927,,,159.657,236.926
Bahrain,BHR,Asia,AS,2023,2020-2023,Post-Pandemic,1577059.0,46192260638.2979,38.787,24.59451421918901,0.8396861176316144,4.709,2.985937748682833,,,160.36,241.872
Bangladesh,BGD,Asia,AS,2010,2010-2014,Pre-Pandemic,152201981.0,115275540051.262,54.036,0.35502823054582977,0.46875512338498415,10.885,0.07151680896978602,3.074,0.020196846189538098,215.217,251.074
Bangladesh,BGD,Asia,AS,2011,2010-2014,Pre-Pandemic,153591076.0,128607482310.357,55.593,0.36195462293655656,0.43226878406531866,13.865,0.09027217180248155,2.836,0.018464614441531746,204.664,271.629
Bangladesh,BGD,Asia,AS,2012,2010-2014,Pre-Pandemic,155070101.0,133310747603.483,59.704,0.3850129690700337,0.4478558636366099,15.576,0.10044489491884706,3.422,0.022067439035201246,202.367,295.028
Bangladesh,BGD,Asia,AS,2013,2010-2014,Pre-Pandemic,156532141.0,149998957434.186,64.763,0.41373611570290864,0.43175633422929366,16.312,0.10420863022629967,3.748,0.023943964326150754,211.245,306.577
Bangladesh,BGD,Asia,AS,2014,2010-2014,Pre-Pandemic,157964929.0,172886611653.786,67.552,0.4276392261727918,0.3907300822996996,18.287,0.1157662027626398,3.51,0.022220122037341593,212.055,318.558
Bangladesh,BGD,Asia,AS,2015,2015-2019,Pre-Pandemic,159383179.0,195146608978.131,76.946,0.482773655807179,0.3942984221090048,18.727,0.11749671525876643,8.607,0.05400193454542653,199.807,385.102
Bangladesh,BGD,Asia,AS,2016,2015-2019,Pre-Pandemic,160811932.0,265224515675.034,81.761,0.5084262031004018,0.30827089943743197,21.644,0.13459200278745484,6.071,0.0377521737628275,211.432,386.701
Bangladesh,BGD,Asia,AS,2017,2015-2019,Pre-Pandemic,162186147.0,293732446624.596,86.531,0.5335289209379886,0.294591220664807,25.478,0.15709109853876732,7.152,0.044097477696415095,214.735,402.965
Bangladesh,BGD,Asia,AS,2018,2015-2019,Pre-Pandemic,163523103.0,321362752441.78,86.608,0.529637698961718,0.2695022971453122,24.359,0.14896366050490126,8.182,0.05003574326742075,201.279,430.288
Bangladesh,BGD,Asia,AS,2019,2015-2019,Pre-Pandemic,164913055.0,351231654603.692,94.808,0.5748968752049375,0.2699301123840203,25.187,0.15272896375608347,8.68,0.052633795426323286,196.467,482.562
Bangladesh,BGD,Asia,AS,2020,2020-2023,Pandemic,166298024.0,373979442362.193,95.729,0.5756472488211887,0.25597396315514054,23.636,0.1421303719159044,10.549,0.06343430755376865,209.268,457.447
Bangladesh,BGD,Asia,AS,2021,2020-2023,Pandemic,167658854.0,416271647911.014,98.53,0.5876814593996926,0.23669639884065002,22.596,0.13477367559723388,14.216,0.08479122730971309,200.074,492.47
Bangladesh,BGD,Asia,AS,2022,2020-2023,Post-Pandemic,169384897.0,460131689083.083,102.147,0.603046681310672,0.22199514274609322,25.759,0.15207377078016585,16.149,0.09533907854842572,199.439,512.174
Bangladesh,BGD,Asia,AS,2023,2020-2023,Post-Pandemic,171466990.0,437415333018.291,104.527,0.6096042159485041,0.23896510275196295,21.608,0.12601842488749584,23.837,0.13901801157179,206.306,506.659
Barbados,BRB,North America,NA,2010,2010-2014,Pre-Pandemic,275243.0,5428683250.0,1.567,5.693151142808355,0.28865194888650025,1.433,5.206308607303365,,,212.577,7.37
Barbados,BRB,North America,NA,2011,2010-2014,Pre-Pandemic,276139.0,5563162050.0,1.626,5.888338843843137,0.2922798195317715,1.491,5.399454622490847,,,209.987,7.744
Barbados,BRB,North America,NA,2012,2010-2014,Pre-Pandemic,276938.0,5486500500.0,1.554,5.611364276480656,0.28324065586068936,1.436,5.185276126786501,,,213.526,7.279
Barbados,BRB,North America,NA,2013,2010-2014,Pre-Pandemic,277665.0,5660059700.0,1.54,5.546251778221958,0.2720819358142106,1.422,5.121279239371185,,,208.47,7.386
Barbados,BRB,North America,NA,2014,2010-2014,Pre-Pandemic,278348.0,5684901000.0,1.368,4.914711081092733,0.24063743590257772,1.253,4.501559199275727,,,213.258,6.413
Barbados,BRB,North America,NA,2015,2015-2019,Pre-Pandemic,278990.0,5699619150.0,1.335,4.785117746155776,0.23422617632267587,1.224,4.387254023441701,,,195.822,6.816
Barbados,BRB,North America,NA,2016,2015-2019,Pre-Pandemic,279598.0,5679029450.0,1.371,4.903468551277191,0.2414144902875966,1.261,4.510046566856701,,,197.638,6.939
Barbados,BRB,North America,NA,2017,2015-2019,Pre-Pandemic,280171.0,5847381600.0,1.399,4.993379043512712,0.23925238605942872,1.253,4.472268721602164,,,213.214,6.563
Barbados,BRB,North America,NA,2018,2015-2019,Pre-Pandemic,280711.0,6001101550.0,1.447,5.154767714838393,0.24112239860363635,1.29,4.595473636587095,,,197.924,7.31
Barbados,BRB,North America,NA,2019,2015-2019,Pre-Pandemic,281207.0,6166710800.0,1.392,4.950090147115826,0.2257281142485229,1.238,4.402450863598701,,,196.207,7.094
Barbados,BRB,North America,NA,2020,2020-2023,Pandemic,281698.0,5403246950.0,1.256,4.458675602950677,0.23245282172416717,1.143,4.057536794723427,,,218.681,5.741
Barbados,BRB,North America,NA,2021,2020-2023,Pandemic,282147.0,5948900600.0,1.19,4.217659588795911,0.200036961451331,1.059,3.7533626088528322,,,216.795,5.49
Barbados,BRB,North America,NA,2022,2020-2023,Post-Pandemic,282318.0,6886644900.0,1.315,4.657868077841299,0.19094929665968402,1.18,4.179683902549607,,,221.666,5.932
Barbados,BRB,North America,NA,2023,2020-2023,Post-Pandemic,282336.0,7223248150.0,1.317,4.664654879292757,0.18232794618858553,1.177,4.168791794174317,,,196.872,6.688
Belarus,BLR,Europe,EU,2010,2010-2014,Pre-Pandemic,9483836.0,57231904542.8755,62.515,6.591741991320812,1.0923103206038975,16.326,1.7214553267264427,2.901,0.30588888293724187,204.165,306.201
Belarus,BLR,Europe,EU,2011,2010-2014,Pre-Pandemic,9461643.0,61762382327.9319,61.353,6.484391770012882,0.9933716558121373,17.418,1.8409064894965916,2.975,0.3144274202693972,204.045,300.684
Belarus,BLR,Europe,EU,2012,2010-2014,Pre-Pandemic,9446836.0,65685890438.8922,62.592,6.625710449509232,0.9528987059744519,17.088,1.8088596012463856,5.004,0.5297011613200441,192.45,325.236
Belarus,BLR,Europe,EU,2013,2010-2014,Pre-Pandemic,9443211.0,75527558966.4473,64.152,6.793451930704503,0.8493853220981122,18.704,1.9806822065079346,4.838,0.5123257332701768,218.051,294.205
Belarus,BLR,Europe,EU,2014,2010-2014,Pre-Pandemic,9448515.0,78813069120.9984,63.699,6.74169432974388,0.808228897953531,18.383,1.9455967419218787,4.634,0.49044744068247764,216.03,294.863
Belarus,BLR,Europe,EU,2015,2015-2019,Pre-Pandemic,9461076.0,56454769844.7632,58.828,6.217897414628103,1.0420377261613607,17.178,1.8156497210253886,4.094,0.43272033751763544,220.361,266.962
Belarus,BLR,Europe,EU,2016,2015-2019,Pre-Pandemic,9469379.0,47723545321.259,58.188,6.144859129621911,1.219272365627863,17.313,1.8283141904025597,3.692,0.3898882915130971,213.301,272.798
Belarus,BLR,Europe,EU,2017,2015-2019,Pre-Pandemic,9458989.0,54725405751.1559,59.444,6.284392549774611,1.0862231021237232,17.345,1.8337054837467301,3.882,0.41040326825625867,213.952,277.84
Belarus,BLR,Europe,EU,2018,2015-2019,Pre-Pandemic,9438785.0,60031026576.26,62.171,6.586758783042521,1.035647789914462,18.139,1.9217515813740857,3.964,0.41996930749031786,202.393,307.179
Belarus,BLR,Europe,EU,2019,2015-2019,Pre-Pandemic,9419758.0,64410170653.4569,62.171,6.600063398656314,0.9652357596519312,17.973,1.9080108002774594,4.101,0.4353615029175909,201.336,308.79
Belarus,BLR,Europe,EU,2020,2020-2023,Pandemic,9379952.0,61371673344.7424,59.123,6.303123939226981,0.9633597517846555,17.906,1.9089649925713905,3.789,0.40394663000407677,206.331,286.544
Belarus,BLR,Europe,EU,2021,2020-2023,Pandemic,9302585.0,69673747131.87,60.861,6.542375049515806,0.8735140925434899,17.728,1.9057068546000924,3.883,0.41741085945465695,194.616,312.725
Belarus,BLR,Europe,EU,2022,2020-2023,Post-Pandemic,9228071.0,73775179924.603,57.121,6.189917697859065,0.7742576847440659,16.216,1.7572469912726074,3.812,0.41308741556063017,188.197,303.514
Belarus,BLR,Europe,EU,2023,2020-2023,Post-Pandemic,9178298.0,72478760370.4258,55.736,6.072585570875995,0.7689976996728892,18.351,1.999390300903283,3.462,0.3771941159461155,183.625,303.532
Belgium,BEL,Europe,EU,2010,2010-2014,Pre-Pandemic,10895586.0,481556503720.001,114.563,10.514624913244685,0.23790146974447712,51.153,4.69483697343126,17.526,1.6085412936945291,149.797,764.788
Belgium,BEL,Europe,EU,2011,2010-2014,Pre-Pandemic,11038264.0,527196649048.639,105.159,9.526769789162499,0.19946826329371845,48.22,4.368440544636367,16.689,1.511922526948078,147.341,713.712
Belgium,BEL,Europe,EU,2012,2010-2014,Pre-Pandemic,11106932.0,498414364944.961,102.486,9.227210538427713,0.20562408952903544,47.133,4.2435660900778,15.078,1.3575305944071685,149.628,684.939
Belgium,BEL,Europe,EU,2013,2010-2014,Pre-Pandemic,11159407.0,524097026598.55,102.816,9.21339279049505,0.19617741521505602,47.229,4.232214131091374,15.269,1.3682626684374894,146.478,701.919
Belgium,BEL,Europe,EU,2014,2010-2014,Pre-Pandemic,11209057.0,537987419164.351,97.081,8.660942664489975,0.18045217516572168,46.313,4.131748103341788,14.725,1.3136698296743428,149.16,650.851
Belgium,BEL,Europe,EU,2015,2015-2019,Pre-Pandemic,11274196.0,461044767544.531,101.327,8.987514497707863,0.21977692218405476,48.237,4.278531258459584,14.381,1.2755676768436526,154.127,657.427
Belgium,BEL,Europe,EU,2016,2015-2019,Pre-Pandemic,11331422.0,474271566739.729,99.816,8.808779692434012,0.21046169958313582,47.124,4.158701352751667,13.476,1.189259388627482,140.684,709.509
Belgium,BEL,Europe,EU,2017,2015-2019,Pre-Pandemic,11375158.0,500908767351.53,99.282,8.727966679671614,0.19820375779193625,46.258,4.066580877382099,13.247,1.1645552527709946,138.654,716.042
Belgium,BEL,Europe,EU,2018,2015-2019,Pre-Pandemic,11427054.0,542638913427.921,100.256,8.773564910080935,0.18475637761890265,45.875,4.014595537922547,13.297,1.1636420025668908,140.375,714.205
Belgium,BEL,Europe,EU,2019,2015-2019,Pre-Pandemic,11488980.0,536726344405.489,99.799,8.686497844020966,0.1859401928752789,45.341,3.946477407045708,13.156,1.1450973019362902,135.161,738.369
Belgium,BEL,Europe,EU,2020,2020-2023,Pandemic,11538604.0,529694473501.791,91.255,7.908669020966488,0.17227855785754473,40.098,3.475117093887614,10.466,0.9070421343864474,137.451,663.906
Belgium,BEL,Europe,EU,2021,2020-2023,Pandemic,11586195.0,598522422241.851,94.928,8.19319888885005,0.15860391603113824,42.152,3.638122783191548,11.762,1.0151736614134321,128.579,738.285
Belgium,BEL,Europe,EU,2022,2020-2023,Post-Pandemic,11680210.0,591474463578.602,88.915,7.612448748781058,0.15032770723868105,41.466,3.5501074038908547,11.903,1.0190741433587238,128.036,694.453
Belgium,BEL,Europe,EU,2023,2020-2023,Post-Pandemic,11779946.0,650779364363.737,84.703,7.190440431560552,0.13015624747538454,41.188,3.4964506628468417,10.431,0.8854879300804944,130.201,650.558
Belize,BLZ,North America,NA,2010,2010-2014,Pre-Pandemic,320245.0,1748988400.0,0.539,1.6830863869849646,0.3081781445777456,0.528,1.6487376852097613,,,181.416,2.969
Belize,BLZ,North America,NA,2011,2010-2014,Pre-Pandemic,327298.0,1831576700.0,0.572,1.747642820915496,0.3122992337694621,0.561,1.7140343051286595,,,237.574,2.406
Belize,BLZ,North America,NA,2012,2010-2014,Pre-Pandemic,334414.0,1917083500.0,0.473,1.4144144682937916,0.24672895051258853,0.465,1.3904920248554187,,,168.281,2.809
Belize,BLZ,North America,NA,2013,2010-2014,Pre-Pandemic,341627.0,2035191450.0,0.473,1.3845509868950638,0.2324105675660145,0.469,1.3728423104731184,,,162.878,2.902
Belize,BLZ,North America,NA,2014,2010-2014,Pre-Pandemic,348923.0,2138242200.0,0.502,1.4387128392224073,0.23477228164330496,0.498,1.4272489918979259,,,180.9,2.775
Belize,BLZ,North America,NA,2015,2015-2019,Pre-Pandemic,356333.0,2193095150.0,0.685,1.9223591415894683,0.3123439491442038,0.682,1.9139400504584194,,,214.977,3.187
Belize,BLZ,North America,NA,2016,2015-2019,Pre-Pandemic,364705.0,2239604950.0,0.674,1.8480689872636789,0.30094593245116735,0.671,1.8398431609108732,,,211.239,3.192
Belize,BLZ,North America,NA,2017,2015-2019,Pre-Pandemic,373202.0,2266028250.0,0.667,1.7872358669031785,0.29434761018535405,0.663,1.776517810729846,,,185.503,3.595
Belize,BLZ,North America,NA,2018,2015-2019,Pre-Pandemic,380226.0,2285915050.0,0.66,1.7358097552508245,0.28872464005169396,0.656,1.7252896961280921,,,184.47,3.575
Belize,BLZ,North America,NA,2019,2015-2019,Pre-Pandemic,385829.0,2381187850.0,0.769,1.993110937747033,0.3229480614055712,0.769,1.993110937747033,,,177.625,4.332
Belize,BLZ,North America,NA,2020,2020-2023,Pandemic,390812.0,2047284600.0,0.654,1.6734388913339406,0.3194475257616845,0.652,1.668321341207537,,,188.726,3.463
Belize,BLZ,North America,NA,2021,2020-2023,Pandemic,395346.0,2428606250.0,0.694,1.7554243624571895,0.28576060857950936,0.689,1.742777212871763,,,197.053,3.52
Belize,BLZ,North America,NA,2022,2020-2023,Post-Pandemic,402733.0,2846604350.0,0.724,1.7977170979284043,0.25433812043461534,0.718,1.7828188899345223,,,194.192,3.727
Belize,BLZ,North America,NA,2023,2020-2023,Post-Pandemic,411106.0,3052362650.0,0.766,1.8632664081769665,0.25095314280562303,0.761,1.8511040948076651,,,187.443,4.089
Benin,BEN,Africa,AF,2010,2010-2014,Pre-Pandemic,9797484.0,9535345015.78355,4.679,0.47757158878748873,0.4907006502916257,4.437,0.4528713698333164,,,217.246,21.54
Benin,BEN,Africa,AF,2011,2010-2014,Pre-Pandemic,10093623.0,10693321363.6574,4.48,0.44384459375984225,0.4189530874126578,4.247,0.4207607119861719,,,222.47,20.136
Benin,BEN,Africa,AF,2012,2010-2014,Pre-Pandemic,10397657.0,11141358115.8991,4.403,0.42346078544425925,0.39519419034890985,4.166,0.4006671887714704,,,230.587,19.093
Benin,BEN,Africa,AF,2013,2010-2014,Pre-Pandemic,10708834.0,12517845123.9315,4.566,0.42637695196321096,0.36475926605536635,4.331,0.4044324526834574,,,234.331,19.485
Benin,BEN,Africa,AF,2014,2010-2014,Pre-Pandemic,11030004.0,13284527846.9081,4.774,0.43281942599476847,0.35936542532906973,4.338,0.393290881852808,0.165,0.01495919675097126,230.328,20.727
Benin,BEN,Africa,AF,2015,2015-2019,Pre-Pandemic,11360681.0,11388160996.7738,5.318,0.4681057411963244,0.4669761870688831,4.943,0.4350971565877081,0.099,0.008714266336674712,233.583,22.768
Benin,BEN,Africa,AF,2016,2015-2019,Pre-Pandemic,11697842.0,11821065853.3838,5.311,0.4540153645433064,0.4492826675590947,4.91,0.41973553754615595,0.187,0.01598585448495543,191.29,27.762
Benin,BEN,Africa,AF,2017,2015-2019,Pre-Pandemic,12039780.0,12701655836.9467,5.555,0.46138716820407016,0.4373445534433048,5.056,0.4199412281619764,0.176,0.014618207309435886,188.636,29.448
Benin,BEN,Africa,AF,2018,2015-2019,Pre-Pandemic,12383347.0,14262408089.9261,5.668,0.45771147331977374,0.3974083453693526,5.24,0.42314892734573295,0.0,0.0,174.944,32.402
Benin,BEN,Africa,AF,2019,2015-2019,Pre-Pandemic,12726755.0,14391686313.4641,5.273,0.41432399696544797,0.36639208812290885,4.525,0.3555501775590086,0.238,0.018700760720230726,174.683,30.184
Benin,BEN,Africa,AF,2020,2020-2023,Pandemic,13070169.0,15686741883.934,5.541,0.4239424907206632,0.35322822552941757,4.547,0.3478914465451824,0.256,0.019586586829902504,174.617,31.732
Benin,BEN,Africa,AF,2021,2020-2023,Pandemic,13413417.0,17687623530.3355,5.806,0.4328501827684922,0.3282521244327882,4.711,0.35121550310409344,0.293,0.02184380012937792,235.518,24.651
Benin,BEN,Africa,AF,2022,2020-2023,Post-Pandemic,13759501.0,17425405090.862,6.092,0.4427486142120997,0.3496044980437606,4.974,0.3614956676117833,0.348,0.025291614863068072,240.385,25.344
Benin,BEN,Africa,AF,2023,2020-2023,Post-Pandemic,14111034.0,19673291004.1444,5.928,0.4200967838359684,0.30132223422869103,4.756,0.33704121186300023,0.405,0.028700944239805532,193.143,30.691
Bermuda,BMU,North America,NA,2010,2010-2014,Pre-Pandemic,63725.0,6634526000.0,0.605,9.493919183993723,0.0911896343461462,0.605,9.493919183993723,0.0,0.0,184.616,3.275
Bermuda,BMU,North America,NA,2011,2010-2014,Pre-Pandemic,63733.0,6312691000.0,0.443,6.950873174022877,0.07017609447381473,0.443,6.950873174022877,0.0,0.0,208.929,2.122
Bermuda,BMU,North America,NA,2012,2010-2014,Pre-Pandemic,63646.0,6378188000.0,0.366,5.750557772680137,0.057383068670914056,0.366,5.750557772680137,0.0,0.0,159.781,2.293
Bermuda,BMU,North America,NA,2013,2010-2014,Pre-Pandemic,63574.0,6465756000.0,0.535,8.415389939283354,0.08274361111059558,0.535,8.415389939283354,0.0,0.0,232.242,2.303
Bermuda,BMU,North America,NA,2014,2010-2014,Pre-Pandemic,63529.0,6413988000.0,0.667,10.499142124069323,0.10399146365724414,0.667,10.499142124069323,0.0,0.0,223.918,2.978
Bermuda,BMU,North America,NA,2015,2015-2019,Pre-Pandemic,63464.0,6654541000.0,0.542,8.540274801462246,0.0814481419529912,0.542,8.540274801462246,0.0,0.0,216.331,2.507
Bermuda,BMU,North America,NA,2016,2015-2019,Pre-Pandemic,63449.0,6899911000.0,0.616,9.708584847672935,0.08927651385648308,0.616,9.708584847672935,0.0,0.0,193.217,3.186
Bermuda,BMU,North America,NA,2017,2015-2019,Pre-Pandemic,63578.0,7142316000.0,0.641,10.082103872408695,0.08974679921750872,0.641,10.082103872408695,0.0,0.0,203.942,3.144
Bermuda,BMU,North America,NA,2018,2015-2019,Pre-Pandemic,63831.0,7225977000.0,0.696,10.90379282793627,0.09631915518136855,0.696,10.90379282793627,0.0,0.0,225.859,3.082
Bermuda,BMU,North America,NA,2019,2015-2019,Pre-Pandemic,64107.0,7423465000.0,0.594,9.265758809490384,0.08001654214036168,0.594,9.265758809490384,0.0,0.0,221.348,2.682
Bermuda,BMU,North America,NA,2020,2020-2023,Pandemic,64382.0,6887364000.0,0.436,6.7720791525581685,0.06330433530157546,0.436,6.7720791525581685,0.0,0.0,220.582,1.977
Bermuda,BMU,North America,NA,2021,2020-2023,Pandemic,64648.0,7290037000.0,0.517,7.997153817596832,0.0709187072713074,0.517,7.997153817596832,0.0,0.0,223.441,2.312
Bermuda,BMU,North America,NA,2022,2020-2023,Post-Pandemic,64749.0,7767884000.0,0.531,8.200898855580782,0.06835838434250563,0.531,8.200898855580782,0.0,0.0,224.791,2.361
Bermuda,BMU,North America,NA,2023,2020-2023,Post-Pandemic,64698.0,8602360000.0,0.53,8.191907014127176,0.06161099977215555,0.53,8.191907014127176,0.0,0.0,222.468,2.381
Bhutan,BTN,Asia,AS,2010,2010-2014,Pre-Pandemic,701632.0,1708880730.20989,0.905,1.2898499498312506,0.5295864035454628,0.311,0.44325230320167835,0.495,0.7054980388579768,248.445,3.645
Bhutan,BTN,Asia,AS,2011,2010-2014,Pre-Pandemic,709377.0,1977728658.68259,1.007,1.4195554690947125,0.5091699488598125,0.366,0.515945681915258,0.37,0.5215844325372827,266.055,3.784
Bhutan,BTN,Asia,AS,2012,2010-2014,Pre-Pandemic,717279.0,1973387227.96519,1.15,1.6032812894285209,0.5827543543928753,0.442,0.6162176781977445,0.449,0.6259767816986138,278.366,4.131
Bhutan,BTN,Asia,AS,2013,2010-2014,Pre-Pandemic,725273.0,1943696951.65411,1.269,1.7496859803136198,0.6528795545622816,0.443,0.6108044832773314,0.542,0.7473048079826493,287.438,4.415
Bhutan,BTN,Asia,AS,2014,2010-2014,Pre-Pandemic,733139.0,2089079570.58285,1.332,1.81684510031522,0.6376013717985735,0.432,0.589247059561693,0.557,0.7597467874441273,302.776,4.4
Bhutan,BTN,Asia,AS,2015,2015-2019,Pre-Pandemic,740618.0,2187815803.36833,1.434,1.936220831791828,0.6554482318814199,0.451,0.6089509031646544,0.59,0.7966320019227185,311.364,4.605
Bhutan,BTN,Asia,AS,2016,2015-2019,Pre-Pandemic,747866.0,2357504760.78592,1.56,2.0859351809013913,0.6617165852424169,0.479,0.6404890715716451,0.614,0.8210026929958041,307.552,5.073
Bhutan,BTN,Asia,AS,2017,2015-2019,Pre-Pandemic,754335.0,2591358009.20276,1.649,2.186031405144929,0.6363458827934471,0.517,0.6853718838447109,0.689,0.9133872881412105,306.135,5.387
Bhutan,BTN,Asia,AS,2018,2015-2019,Pre-Pandemic,759759.0,2583335721.85904,1.682,2.213859921369803,0.6510961721961505,0.564,0.74234066328928,0.627,0.8252616948269123,273.444,6.151
Bhutan,BTN,Asia,AS,2019,2015-2019,Pre-Pandemic,764824.0,2735683570.46155,1.565,2.046222398878696,0.5720690860953489,0.575,0.7518069516646967,0.528,0.6903549051807998,249.392,6.275
Bhutan,BTN,Asia,AS,2020,2020-2023,Pandemic,770006.0,2457604333.90927,1.214,1.5766110913421454,0.4939769934686397,0.405,0.5259699275070584,0.486,0.6311639130084701,133.591,9.085
Bhutan,BTN,Asia,AS,2021,2020-2023,Pandemic,775442.0,2768802960.11204,1.455,1.8763492305033773,0.5254978490564468,0.41,0.5287307110009517,0.703,0.9065797313016318,99.307,14.648
Bhutan,BTN,Asia,AS,2022,2020-2023,Post-Pandemic,780914.0,2898227743.75576,1.55,1.9848536458560098,0.5348095929795301,0.478,0.6121032533672082,0.758,0.9706574603605519,98.424,15.744
Bhutan,BTN,Asia,AS,2023,2020-2023,Post-Pandemic,786385.0,3012896789.79753,1.63,2.072776057529073,0.5410075796554378,0.475,0.6040298327155273,0.841,1.0694507143447547,103.51,15.744
Bolivia,BOL,South America,SA,2010,2010-2014,Pre-Pandemic,10182345.0,19649723722.1034,14.809,1.4543801059579105,0.7536492731112442,7.944,0.7801739186798325,,,233.421,63.442
Bolivia,BOL,South America,SA,2011,2010-2014,Pre-Pandemic,10348929.0,23963164696.592,16.051,1.5509817489326672,0.669819708841827,8.398,0.8114849372336017,0.004,0.0003865134256887838,244.949,65.529
Bolivia,BOL,South America,SA,2012,2010-2014,Pre-Pandemic,10515807.0,27084497481.9103,17.575,1.6712935108071116,0.6488951848465462,9.702,0.9226110749274877,0.0,0.0,223.616,78.593
Bolivia,BOL,South America,SA,2013,2010-2014,Pre-Pandemic,10682608.0,30659338885.6729,17.778,1.6642003525730795,0.5798559475236321,9.695,0.9075499166495672,0.004,0.0003744403988239576,223.707,79.469
Bolivia,BOL,South America,SA,2014,2010-2014,Pre-Pandemic,10848888.0,32996188017.3661,19.9,1.834289376017155,0.6030999698973258,10.869,1.0018538305492692,0.011,0.0010139288008135026,246.561,80.711
Bolivia,BOL,South America,SA,2015,2015-2019,Pre-Pandemic,11014705.0,33000198248.9146,19.9,1.8066757121502572,0.6030266803216713,10.765,0.9773298513214834,0.015,0.001361815863429842,235.005,84.678
Bolivia,BOL,South America,SA,2016,2015-2019,Pre-Pandemic,11180020.0,33941126193.9219,21.25,1.9007121633056112,0.6260841163191987,11.223,1.0038443580601824,0.015,0.0013416791740980785,238.435,89.121
Bolivia,BOL,South America,SA,2017,2015-2019,Pre-Pandemic,11344587.0,45927439594.7902,22.182,1.9552937449375636,0.4829792428166674,12.044,1.0616516934463986,0.022,0.0019392508515294563,236.687,93.717
Bolivia,BOL,South America,SA,2018,2015-2019,Pre-Pandemic,11508368.0,48414038842.2576,22.509,1.9558811466578059,0.4649271273016226,12.241,1.063660807509805,0.018,0.0015640792856119999,234.878,95.832
Bolivia,BOL,South America,SA,2019,2015-2019,Pre-Pandemic,11671386.0,49056643589.0014,22.609,1.9371306886774202,0.4608753951741815,12.861,1.1019256838904994,0.022,0.001884951795785008,236.432,95.627
Bolivia,BOL,South America,SA,2020,2020-2023,Pandemic,11816299.0,42313784081.042,18.32,1.5504008488613905,0.43295584164518097,10.336,0.8747239723707059,0.007,0.000592402071071492,231.099,79.274
Bolivia,BOL,South America,SA,2021,2020-2023,Pandemic,11937360.0,47877892402.3155,21.767,1.8234349973528485,0.4546357182369893,12.729,1.0663161704095379,0.022,0.0018429535508688688,229.329,94.914
Bolivia,BOL,South America,SA,2022,2020-2023,Post-Pandemic,12077154.0,50959081953.6903,23.488,1.944829054924695,0.4609188215232176,13.76,1.1393412719586087,0.022,0.001821621219701264,226.921,103.508
Bolivia,BOL,South America,SA,2023,2020-2023,Post-Pandemic,12244159.0,52340206946.4544,24.621,2.010836350622366,0.4704031840223334,13.975,1.1413605458733425,0.024,0.00196011828987193,224.836,109.504
Bonaire Sint Eustatius and Saba,BES,North America,NA,2010,2010-2014,Pre-Pandemic,20583.0,,0.075,3.6437837049992714,,0.075,3.6437837049992714,0.0,0.0,,
Bonaire Sint Eustatius and Saba,BES,North America,NA,2011,2010-2014,Pre-Pandemic,21650.0,,0.096,4.434180138568129,,0.096,4.434180138568129,0.0,0.0,,
Bonaire Sint Eustatius and Saba,BES,North America,NA,2012,2010-2014,Pre-Pandemic,22847.0,,0.117,5.121022453713835,,0.117,5.121022453713835,,,,
Bonaire Sint Eustatius and Saba,BES,North America,NA,2013,2010-2014,Pre-Pandemic,23835.0,,0.114,4.782882315921963,,0.114,4.782882315921963,,,,
Bonaire Sint Eustatius and Saba,BES,North America,NA,2014,2010-2014,Pre-Pandemic,24491.0,,0.117,4.7772651177983745,,0.117,4.7772651177983745,,,,
Bonaire Sint Eustatius and Saba,BES,North America,NA,2015,2015-2019,Pre-Pandemic,24638.0,,0.128,5.195226885299132,,0.128,5.195226885299132,,,,
Bonaire Sint Eustatius and Saba,BES,North America,NA,2016,2015-2019,Pre-Pandemic,24567.0,,0.132,5.3730614238612775,,0.132,5.3730614238612775,,,,
Bonaire Sint Eustatius and Saba,BES,North America,NA,2017,2015-2019,Pre-Pandemic,24821.0,,0.139,5.600096692316989,,0.139,5.600096692316989,,,,
Bonaire Sint Eustatius and Saba,BES,North America,NA,2018,2015-2019,Pre-Pandemic,25184.0,,0.132,5.241423125794155,,0.132,5.241423125794155,,,,
Bonaire Sint Eustatius and Saba,BES,North America,NA,2019,2015-2019,Pre-Pandemic,25652.0,,0.139,5.418680804615624,,0.139,5.418680804615624,,,,
Bonaire Sint Eustatius and Saba,BES,North America,NA,2020,2020-2023,Pandemic,26476.0,,0.132,4.98564737875812,,0.132,4.98564737875812,,,,
Bonaire Sint Eustatius and Saba,BES,North America,NA,2021,2020-2023,Pandemic,27347.0,,0.139,5.082824441437817,,0.139,5.082824441437817,,,,
Bonaire Sint Eustatius and Saba,BES,North America,NA,2022,2020-2023,Post-Pandemic,28654.0,,0.147,5.130173797724576,,0.147,5.130173797724576,,,,
Bonaire Sint Eustatius and Saba,BES,North America,NA,2023,2020-2023,Post-Pandemic,29920.0,,0.146,4.879679144385027,,0.146,4.879679144385027,,,,
Bosnia and Herzegovina,BIH,Europe,EU,2010,2010-2014,Pre-Pandemic,3811472.0,17176315803.7298,21.146,5.547987759060017,1.2311138338180876,4.458,1.169626852827464,15.87,4.163745660469236,342.539,61.732
Bosnia and Herzegovina,BIH,Europe,EU,2011,2010-2014,Pre-Pandemic,3741798.0,18644233537.1093,23.765,6.351224732067311,1.2746568504786415,4.419,1.1809830461184703,18.488,4.940940157646137,359.526,66.101
Bosnia and Herzegovina,BIH,Europe,EU,2012,2010-2014,Pre-Pandemic,3670113.0,17226735995.6905,22.138,6.03196686314563,1.2850954473057532,4.107,1.1190391140545264,17.235,4.696040694114868,342.468,64.642
Bosnia and Herzegovina,BIH,Europe,EU,2013,2010-2014,Pre-Pandemic,3610859.0,18179109209.3892,21.801,6.037621518868502,1.199233678003329,4.004,1.1088774167033384,17.086,4.73183804740091,361.22,60.354
Bosnia and Herzegovina,BIH,Europe,EU,2014,2010-2014,Pre-Pandemic,3564829.0,18558734107.1478,19.312,5.417370650878345,1.0405882151499808,4.093,1.1481616649774786,14.55,4.081542200200907,319.79,60.389
Bosnia and Herzegovina,BIH,Europe,EU,2015,2015-2019,Pre-Pandemic,3518541.0,16404348361.0926,18.46,5.246492793461836,1.1253113865700963,4.254,1.20902385392127,13.491,3.83425971162479,300.244,61.485
Bosnia and Herzegovina,BIH,Europe,EU,2016,2015-2019,Pre-Pandemic,3473003.0,17116926553.8513,21.734,6.25798480450492,1.269737293761412,4.836,1.392454887024284,16.155,4.651594023961397,344.889,63.018
Bosnia and Herzegovina,BIH,Europe,EU,2017,2015-2019,Pre-Pandemic,3428682.0,18326373135.6099,22.153,6.461083296730347,1.2088043736790777,4.891,1.4264956621815612,16.455,4.799220225147739,336.395,65.853
Bosnia and Herzegovina,BIH,Europe,EU,2018,2015-2019,Pre-Pandemic,3387000.0,20484058033.1144,22.079,6.518748154709182,1.0778625975530447,4.639,1.3696486566282846,16.604,4.90227339828757,352.657,62.607
Bosnia and Herzegovina,BIH,Europe,EU,2019,2015-2019,Pre-Pandemic,3345533.0,20482608984.3316,20.81,6.22023456352097,1.0159838532248915,4.683,1.3997769563175733,15.334,4.583425122394548,352.279,59.074
Bosnia and Herzegovina,BIH,Europe,EU,2020,2020-2023,Pandemic,3299349.0,20226038369.9191,20.832,6.3139728473708,1.0299594818816376,4.287,1.2993472348636048,15.722,4.765182464783204,366.228,56.882
Bosnia and Herzegovina,BIH,Europe,EU,2021,2020-2023,Pandemic,3244907.0,23672712121.2671,21.268,6.554271046905196,0.8984183937628863,4.812,1.482939264515131,15.564,4.796439466524002,325.699,65.298
Bosnia and Herzegovina,BIH,Europe,EU,2022,2020-2023,Post-Pandemic,3204802.0,24534663636.1778,20.743,6.472474742589402,0.8454568730835678,4.708,1.4690455135761897,15.192,4.7403864575721055,228.876,90.629
Bosnia and Herzegovina,BIH,Europe,EU,2023,2020-2023,Post-Pandemic,3185073.0,27592361498.4057,19.881,6.24192914887665,0.7205254976508166,4.647,1.4589932475644984,14.389,4.5176358595234705,233.805,85.034
Botswana,BWA,Africa,AF,2010,2010-2014,Pre-Pandemic,2033111.0,12637273429.1339,4.537,2.231555483197917,0.35901731694278494,2.446,1.20308236982634,1.991,0.9792874073279816,243.697,18.618
Botswana,BWA,Africa,AF,2011,2010-2014,Pre-Pandemic,2073535.0,15110643612.1729,4.029,1.9430585931754227,0.2666332489474042,2.593,1.2505214524953763,1.43,0.6896435314571493,206.297,19.529
Botswana,BWA,Africa,AF,2012,2010-2014,Pre-Pandemic,2108617.0,13907464500.1489,5.077,2.4077392907294213,0.3650557583623991,2.744,1.301326888666837,2.327,1.1035669351048578,263.055,19.299
Botswana,BWA,Africa,AF,2013,2010-2014,Pre-Pandemic,2140682.0,14271738933.2042,5.663,2.645418609583301,0.3967981776085207,2.884,1.3472341991944623,2.774,1.2958487061599995,295.626,19.156
Botswana,BWA,Africa,AF,2014,2010-2014,Pre-Pandemic,2172044.0,15470088500.7414,6.85,3.153711434943307,0.4427899685041696,3.001,1.3816478855861116,3.844,1.7697615702076017,356.072,19.238
Botswana,BWA,Africa,AF,2015,2015-2019,Pre-Pandemic,2203273.0,13530748844.505,5.418,2.459068848935198,0.4004212968745123,2.51,1.1392142507986982,2.898,1.3153158959420825,231.095,23.443
Botswana,BWA,Africa,AF,2016,2015-2019,Pre-Pandemic,2234776.0,15082637184.0496,6.341,2.837420842178366,0.42041719379856346,2.765,1.2372604681632522,3.57,1.5974755411728065,245.701,25.807
Botswana,BWA,Africa,AF,2017,2015-2019,Pre-Pandemic,2266747.0,16105155856.7708,7.066,3.117242462436258,0.438741485201422,2.809,1.2392207864397746,4.252,1.875815871819837,298.761,23.652
Botswana,BWA,Africa,AF,2018,2015-2019,Pre-Pandemic,2299141.0,17031943186.1353,7.643,3.324285026451183,0.4487450384534934,3.019,1.3130991096239857,4.624,2.0111859168271975,325.998,23.446
Botswana,BWA,Africa,AF,2019,2015-2019,Pre-Pandemic,2332083.0,16725908148.5481,7.486,3.210005818832349,0.44756912052334963,3.625,1.5544043672545103,3.86,1.6551726503730786,328.097,22.815
Botswana,BWA,Africa,AF,2020,2020-2023,Pandemic,2365894.0,14960251607.8135,6.192,2.617192486222967,0.4138967821079973,3.263,1.379182668369758,2.929,1.238009817853209,281.652,21.985
Botswana,BWA,Africa,AF,2021,2020-2023,Pandemic,2401441.0,18750182236.2211,6.683,2.782912426330691,0.3564232024950648,3.393,1.4129016702887975,3.29,1.3700107560418933,288.09,23.198
Botswana,BWA,Africa,AF,2022,2020-2023,Post-Pandemic,2439892.0,20321150599.1523,7.396,3.0312817124692404,0.36395576933072504,3.039,1.2455469340446217,4.353,1.7840953615979724,252.555,29.284
Botswana,BWA,Africa,AF,2023,2020-2023,Post-Pandemic,2480244.0,19413614554.6944,7.249,2.9226963153625207,0.37339775030441824,3.07,1.2377814440837271,4.174,1.6828989405881036,310.819,23.321
Brazil,BRA,South America,SA,2010,2010-2014,Pre-Pandemic,193701929.0,2208837745100.55,440.269,2.272920059562236,0.1993215667273733,286.08,1.476908368837153,56.688,0.2926558361739392,138.07,3188.735
Brazil,BRA,South America,SA,2011,2010-2014,Pre-Pandemic,195284734.0,2616156223917.69,461.911,2.365320578514857,0.17656093920426855,303.885,1.556112419929353,62.292,0.31898038686423896,139.284,3316.323
Brazil,BRA,South America,SA,2012,2010-2014,Pre-Pandemic,196876111.0,2465227802806.76,497.468,2.5268073280866465,0.20179392729289072,327.734,1.6646712408901656,61.016,0.30992079074540435,145.956,3408.335
Brazil,BRA,South America,SA,2013,2010-2014,Pre-Pandemic,198478299.0,2472819535557.21,531.569,2.6782222675134872,0.21496473655131468,342.338,1.7248132502385058,65.604,0.3305348762586886,151.835,3500.955
Brazil,BRA,South America,SA,2014,2010-2014,Pre-Pandemic,200085127.0,2456043727198.85,556.526,2.781446119181062,0.22659449986044228,356.751,1.7829960944573358,69.037,0.34503813969141245,155.644,3575.635
Brazil,BRA,South America,SA,2015,2015-2019,Pre-Pandemic,201675532.0,1802212206814.5,528.174,2.6189294990926317,0.29306981608651617,330.356,1.6380569160962968,69.455,0.3443898191873866,149.394,3535.438
Brazil,BRA,South America,SA,2016,2015-2019,Pre-Pandemic,203218114.0,1795693482853.01,491.745,2.419789212294333,0.273846847858863,312.942,1.539931622434012,63.828,0.31408617442439213,142.475,3451.454
Brazil,BRA,South America,SA,2017,2015-2019,Pre-Pandemic,204703445.0,2063514977365.65,497.255,2.4291481757915703,0.24097474719316642,315.045,1.5390312556781836,67.318,0.3288562144130012,142.987,3477.629
Brazil,BRA,South America,SA,2018,2015-2019,Pre-Pandemic,206107261.0,1916933898010.99,476.601,2.3123930602328464,0.24862672651076861,298.889,1.45016239869395,65.837,0.3194307647414712,136.704,3486.378
Brazil,BRA,South America,SA,2019,2015-2019,Pre-Pandemic,207455459.0,1873288205059.69,476.724,2.2979583294551915,0.2544851340612641,302.98,1.4604580735568882,61.885,0.2983049966402668,133.648,3567.019
Brazil,BRA,South America,SA,2020,2020-2023,Pandemic,208660842.0,1476107231310.49,447.999,2.147019995251433,0.3035003084445741,285.284,1.3672138828999838,55.949,0.26813368269644,130.901,3422.429
Brazil,BRA,South America,SA,2021,2020-2023,Pandemic,209550294.0,1670647398904.9,496.562,2.369655468009031,0.2972272906452275,303.465,1.4481726281901566,67.936,0.32419902021230285,138.658,3581.199
Brazil,BRA,South America,SA,2022,2020-2023,Post-Pandemic,210306415.0,1951923942083.32,480.058,2.2826598037915296,0.24594093532539302,315.339,1.4994264440292988,56.112,0.2668106914380144,128.643,3731.718
Brazil,BRA,South America,SA,2023,2020-2023,Post-Pandemic,211140729.0,2191131765684.63,483.992,2.292272089294529,0.22088676161781368,323.29,1.531158869873941,54.906,0.2600445696102527,125.59,3853.746
British Virgin Islands,VGB,North America,NA,2010,2010-2014,Pre-Pandemic,27675.0,,0.213,7.696476964769648,,0.213,7.696476964769648,,,297.23,0.715
British Virgin Islands,VGB,North America,NA,2011,2010-2014,Pre-Pandemic,28710.0,,0.209,7.2796934865900385,,0.209,7.2796934865900385,,,285.3,0.732
British Virgin Islands,VGB,North America,NA,2012,2010-2014,Pre-Pandemic,30345.0,,0.209,6.887460866699621,,0.209,6.887460866699621,,,286.296,0.729
British Virgin Islands,VGB,North America,NA,2013,2010-2014,Pre-Pandemic,31703.0,,0.213,6.718607071885941,,0.213,6.718607071885941,,,291.319,0.729
British Virgin Islands,VGB,North America,NA,2014,2010-2014,Pre-Pandemic,32962.0,,0.216,6.553000424731509,,0.216,6.553000424731509,,,291.671,0.741
British Virgin Islands,VGB,North America,NA,2015,2015-2019,Pre-Pandemic,34498.0,,0.224,6.493130036523857,,0.224,6.493130036523857,,,300.445,0.744
British Virgin Islands,VGB,North America,NA,2016,2015-2019,Pre-Pandemic,33878.0,,0.227,6.700513607650983,,0.227,6.700513607650983,,,301.328,0.754
British Virgin Islands,VGB,North America,NA,2017,2015-2019,Pre-Pandemic,32699.0,,0.18,5.504755497110003,,0.18,5.504755497110003,,,253.237,0.709
British Virgin Islands,VGB,North America,NA,2018,2015-2019,Pre-Pandemic,34657.0,,0.158,4.558963557145742,,0.158,4.558963557145742,,,235.371,0.669
British Virgin Islands,VGB,North America,NA,2019,2015-2019,Pre-Pandemic,36395.0,,0.183,5.028163209232037,,0.183,5.028163209232037,,,239.835,0.764
British Virgin Islands,VGB,North America,NA,2020,2020-2023,Pandemic,37135.0,,0.18,4.84717921098694,,0.18,4.84717921098694,,,239.507,0.75
British Virgin Islands,VGB,North America,NA,2021,2020-2023,Pandemic,37809.0,,0.183,4.840117432357375,,0.183,4.840117432357375,,,239.45,0.765
British Virgin Islands,VGB,North America,NA,2022,2020-2023,Post-Pandemic,38319.0,,0.186,4.853988882799656,,0.186,4.853988882799656,,,239.189,0.777
British Virgin Islands,VGB,North America,NA,2023,2020-2023,Post-Pandemic,38985.0,,0.185,4.745414903167885,,0.185,4.745414903167885,,,235.208,0.788
Brunei,BRN,Asia,AS,2010,2010-2014,Pre-Pandemic,392332.0,13707121038.4383,8.017,20.434224075527865,0.5848784713812817,1.59,4.052690068615356,,,188.987,42.423
Brunei,BRN,Asia,AS,2011,2010-2014,Pre-Pandemic,399389.0,18524791062.657,9.555,23.924043977175135,0.515795291168565,1.957,4.899984726669988,,,219.278,43.577
Brunei,BRN,Asia,AS,2012,2010-2014,Pre-Pandemic,405557.0,19048443340.7732,9.5,23.424574104256614,0.49872841733294004,2.066,5.094228431515175,,,224.278,42.357
Brunei,BRN,Asia,AS,2013,2010-2014,Pre-Pandemic,411202.0,18094148098.6536,7.626,18.545629641879174,0.42146222957948803,1.656,4.027217766450552,,,193.585,39.394
Brunei,BRN,Asia,AS,2014,2010-2014,Pre-Pandemic,416750.0,17097797386.0336,8.831,21.19016196760648,0.5164992776913847,1.689,4.052789442111577,,,199.324,44.305
Brunei,BRN,Asia,AS,2015,2015-2019,Pre-Pandemic,422212.0,12930296870.1247,6.933,16.420660710732996,0.5361825849504365,1.645,3.896146959347437,,,141.617,48.958
Brunei,BRN,Asia,AS,2016,2015-2019,Pre-Pandemic,427564.0,11400266044.6651,7.633,17.85229813548381,0.669545778150674,1.803,4.216912555781123,,,149.254,51.14
Brunei,BRN,Asia,AS,2017,2015-2019,Pre-Pandemic,432772.0,12128168045.1245,9.309,21.51017163772148,0.7675520297347957,1.927,4.452691024373111,,,181.306,51.346
Brunei,BRN,Asia,AS,2018,2015-2019,Pre-Pandemic,437810.0,13566908391.0895,9.341,21.33573924761883,0.6885135309187316,1.905,4.351202576460108,,,175.323,53.279
Brunei,BRN,Asia,AS,2019,2015-2019,Pre-Pandemic,442680.0,13469235364.7032,9.564,21.604770940634317,0.7100625789837289,2.411,5.4463720972259875,0.605,1.36667570253908,177.605,53.851
Brunei,BRN,Asia,AS,2020,2020-2023,Pandemic,447404.0,12005799653.9835,11.157,24.93719323027957,0.9293008647115089,3.41,7.6217467881377905,2.132,4.765268079856237,190.009,58.719
Brunei,BRN,Asia,AS,2021,2020-2023,Pandemic,451721.0,14006496617.4458,11.709,25.92086708388585,0.8359692162718154,3.228,7.14600383865262,2.744,6.074546014021929,210.01,55.754
Brunei,BRN,Asia,AS,2022,2020-2023,Post-Pandemic,455370.0,16681536466.7183,12.237,26.872653007444494,0.7335655216421046,3.638,7.989107758526034,2.689,5.905088170059512,227.641,53.756
Brunei,BRN,Asia,AS,2023,2020-2023,Post-Pandemic,458949.0,15095084656.1634,12.503,27.24267838038649,0.828282867224263,3.621,7.889765529503278,2.981,6.495275074136778,238.274,52.472
Bulgaria,BGR,Europe,EU,2010,2010-2014,Pre-Pandemic,7395599.0,50691645231.0083,47.816,6.4654668269601965,0.9432718110074427,10.912,1.4754721017188737,29.294,3.9610043757104734,226.11,211.471
Bulgaria,BGR,Europe,EU,2011,2010-2014,Pre-Pandemic,7348328.0,57684243980.4624,53.12,7.22885532600069,0.9208753783440707,10.107,1.3754149243201992,34.481,4.6923599490931815,236.504,224.607
Bulgaria,BGR,Europe,EU,2012,2010-2014,Pre-Pandemic,7305888.0,54299825600.0647,48.277,6.607957855362688,0.8890820452274616,10.627,1.4545801961376905,29.412,4.025793989724453,226.196,213.428
Bulgaria,BGR,Europe,EU,2013,2010-2014,Pre-Pandemic,7160005.0,55822115861.1854,42.583,5.947342215543146,0.7628338579263544,9.557,1.3347756042069803,24.997,3.491198679330531,214.948,198.108
Bulgaria,BGR,Europe,EU,2014,2010-2014,Pre-Pandemic,7073572.0,57083817239.8145,45.169,6.385599807282658,0.791275044032896,10.562,1.4931635671482526,26.579,3.757507522366352,213.514,211.55
Bulgaria,BGR,Europe,EU,2015,2015-2019,Pre-Pandemic,6984225.0,50768512172.9373,48.127,6.8908146573170255,0.9479694783266588,11.488,1.6448496433033013,27.678,3.9629307475059865,214.203,224.68
Bulgaria,BGR,Europe,EU,2016,2015-2019,Pre-Pandemic,6894139.0,53932152153.5457,45.344,6.577180993884806,0.8407600696316533,11.886,1.7240731583740914,24.155,3.50370075218965,212.764,213.117
Bulgaria,BGR,Europe,EU,2017,2015-2019,Pre-Pandemic,6803468.0,59170671046.4798,47.446,6.9737963050608895,0.8018499564206425,12.162,1.7876177267240767,25.792,3.791007762511707,217.467,218.174
Bulgaria,BGR,Europe,EU,2018,2015-2019,Pre-Pandemic,6710798.0,66100606676.6544,43.503,6.482537546205384,0.6581331426019197,12.372,1.843595947903662,22.113,3.2951371804068605,198.814,218.814
Bulgaria,BGR,Europe,EU,2019,2015-2019,Pre-Pandemic,6616726.0,68511235459.4907,42.195,6.37702090127353,0.6158843832986933,12.901,1.949755815791677,20.806,3.144455430072214,199.455,211.551
Bulgaria,BGR,Europe,EU,2020,2020-2023,Pandemic,6550696.0,70490478088.1395,36.571,5.582765556514911,0.5188076601533693,11.944,1.8233177054774028,16.204,2.4736302829500865,187.185,195.374
Bulgaria,BGR,Europe,EU,2021,2020-2023,Pandemic,6507301.0,84378926047.3002,42.365,6.510379648951232,0.5020803414379972,12.742,1.9581082848326825,20.423,3.138474768571486,190.935,221.882
Bulgaria,BGR,Europe,EU,2022,2020-2023,Post-Pandemic,6465097.0,90510784777.6397,46.932,7.259287834351132,0.5185238434878133,13.385,2.0703479004259333,25.068,3.877436023001666,204.594,229.39
Bulgaria,BGR,Europe,EU,2023,2020-2023,Post-Pandemic,6446596.0,102204457334.822,34.501,5.351816679686458,0.33756844759690524,13.17,2.042938629937412,13.961,2.165639044233577,175.018,197.128
Burkina Faso,BFA,Africa,AF,2010,2010-2014,Pre-Pandemic,16176498.0,10109619740.6994,1.985,0.12270888297331103,0.19634764223710302,1.759,0.10873799755670233,,,245.254,8.094
Burkina Faso,BFA,Africa,AF,2011,2010-2014,Pre-Pandemic,16661908.0,12080295977.5632,2.149,0.12897682546320627,0.17789299235642483,1.924,0.1154729698423494,,,233.45,9.206
Burkina Faso,BFA,Africa,AF,2012,2010-2014,Pre-Pandemic,17172287.0,12561015156.5683,2.612,0.1521055407471352,0.20794497637670273,2.36,0.13743073360001495,,,240.594,10.855
Burkina Faso,BFA,Africa,AF,2013,2010-2014,Pre-Pandemic,17695409.0,13444300485.8412,2.809,0.1587417391708776,0.20893612151545443,2.583,0.1459700648908426,,,215.847,13.013
Burkina Faso,BFA,Africa,AF,2014,2010-2014,Pre-Pandemic,18229461.0,13943016076.7436,2.868,0.1573277454555568,0.20569437661222456,2.711,0.14871531308577912,,,236.355,12.132
Burkina Faso,BFA,Africa,AF,2015,2015-2019,Pre-Pandemic,18777487.0,11832159315.6298,3.744,0.1993877029444888,0.31642575967129927,3.221,0.17153520063680514,,,242.075,15.465
Burkina Faso,BFA,Africa,AF,2016,2015-2019,Pre-Pandemic,19334856.0,12833363045.3367,3.988,0.20625961734599937,0.31075252729245684,3.348,0.1731587760467417,,,269.847,14.777
Burkina Faso,BFA,Africa,AF,2017,2015-2019,Pre-Pandemic,19894407.0,14106955615.3442,4.622,0.2323266031503226,0.3276397917473157,3.924,0.19724136537470055,,,269.277,17.163
Burkina Faso,BFA,Africa,AF,2018,2015-2019,Pre-Pandemic,20438288.0,15890066221.2882,5.226,0.25569656323465056,0.3288847212605468,4.393,0.21493972489280902,,,270.993,19.286
Burkina Faso,BFA,Africa,AF,2019,2015-2019,Pre-Pandemic,20961952.0,16032813503.3707,5.618,0.2680093914917847,0.3504063712098245,4.554,0.21725075985289918,,,281.087,19.987
Burkina Faso,BFA,Africa,AF,2020,2020-2023,Pandemic,21478690.0,17725010532.5268,5.618,0.2615615756826883,0.31695326723166256,4.533,0.2110463906318309,,,279.386,20.109
Burkina Faso,BFA,Africa,AF,2021,2020-2023,Pandemic,21995243.0,19697516284.3787,6.329,0.2877440362900287,0.32130954525567634,5.166,0.23486896689434164,,,275.75,22.951
Burkina Faso,BFA,Africa,AF,2022,2020-2023,Post-Pandemic,22509038.0,18622421394.6133,6.542,0.29063880917523,0.35129695872376354,5.341,0.23728246404844133,,,287.246,22.776
Burkina Faso,BFA,Africa,AF,2023,2020-2023,Post-Pandemic,23025776.0,20106062971.6533,6.308,0.27395385067586864,0.3137362102612225,5.107,0.2217949136654504,,,256.913,24.555
Burundi,BDI,Africa,AF,2010,2010-2014,Pre-Pandemic,9376444.0,2032135192.01248,0.333,0.03551452981535431,0.16386705043487823,0.315,0.03359482550101083,0.018,0.001919704314343476,213.33,1.563
Burundi,BDI,Africa,AF,2011,2010-2014,Pre-Pandemic,9717978.0,2235812879.56709,0.414,0.04260145474706775,0.18516755305576416,0.403,0.041469532036396875,0.011,0.0011319227106708824,216.811,1.91
Burundi,BDI,Africa,AF,2012,2010-2014,Pre-Pandemic,10071028.0,2327402362.81574,0.392,0.03892353392324994,0.1684281180868744,0.366,0.03634187095895275,0.026,0.00258166296429719,221.394,1.771
Burundi,BDI,Africa,AF,2013,2010-2014,Pre-Pandemic,10439341.0,2451624637.67157,0.436,0.04176508842847455,0.17784125404045986,0.414,0.03965767570960657,0.022,0.002107412718867982,223.829,1.948
Burundi,BDI,Africa,AF,2014,2010-2014,Pre-Pandemic,10799785.0,2705826648.21019,0.355,0.03287102474725191,0.13119835309287833,0.34,0.03148210820863564,0.015,0.001388916538616278,197.183,1.801
Burundi,BDI,Africa,AF,2015,2015-2019,Pre-Pandemic,11047580.0,2810532912.49975,0.355,0.032133734265784905,0.12631056495412293,0.352,0.0318621815818487,0.004,0.0003620702452482806,193.752,1.834
Burundi,BDI,Africa,AF,2016,2015-2019,Pre-Pandemic,11239451.0,2618093125.14687,0.429,0.038169124096897614,0.16385971754764603,0.392,0.03487714835893675,0.037,0.0032919757379608664,209.416,2.047
Burundi,BDI,Africa,AF,2017,2015-2019,Pre-Pandemic,11506762.0,2831362208.34039,0.516,0.044843197417309924,0.18224443290230063,0.494,0.04293127814757966,0.022,0.0019119192697302683,213.48,2.419
Burundi,BDI,Africa,AF,2018,2015-2019,Pre-Pandemic,11859446.0,2913411408.44783,0.645,0.054387026173060696,0.22138994792487438,0.627,0.052869248698463656,0.018,0.0015177774745970428,206.256,3.128
Burundi,BDI,Africa,AF,2019,2015-2019,Pre-Pandemic,12255336.0,2871555326.31029,0.685,0.05589402036794422,0.23854668364693085,0.641,0.052303747526791594,0.044,0.0035902728411526213,214.836,3.189
Burundi,BDI,Africa,AF,2020,2020-2023,Pandemic,12617036.0,3188355943.63513,0.739,0.058571601127237805,0.23178089682090083,0.711,0.056352379433648285,0.026,0.0020607058583331297,205.164,3.604
Burundi,BDI,Africa,AF,2021,2020-2023,Pandemic,12965481.0,3425127990.70519,0.772,0.05954271962605938,0.22539303701788238,0.725,0.05591770949338478,0.044,0.0033936265071847316,218.346,3.534
Burundi,BDI,Africa,AF,2022,2020-2023,Post-Pandemic,13321097.0,4020736756.64256,0.878,0.06591048770232662,0.21836793929607,0.831,0.062382249750151955,0.044,0.003303031274376277,214.507,4.091
Burundi,BDI,Africa,AF,2023,2020-2023,Post-Pandemic,13689450.0,3419558408.35408,0.901,0.06581710733448021,0.2634843135882197,0.848,0.061945512785393134,0.051,0.003725496641574351,232.533,3.873
Cambodia,KHM,Asia,AS,2010,2010-2014,Pre-Pandemic,14500726.0,13808673288.0696,5.067,0.34943078022438323,0.36694328950325594,4.613,0.3181220029948845,0.084,0.005792813408101084,221.948,22.831
Cambodia,KHM,Asia,AS,2011,2010-2014,Pre-Pandemic,14722584.0,16032622023.8265,5.271,0.3580213908102002,0.32876718431748897,4.741,0.3220222754375183,0.099,0.0067243630601801965,223.451,23.589
Cambodia,KHM,Asia,AS,2012,2010-2014,Pre-Pandemic,14945085.0,17826536699.8016,5.572,0.3728316031658569,0.3125677238283762,4.954,0.3314802157364779,0.132,0.00883233517909065,218.817,25.466
Cambodia,KHM,Asia,AS,2013,2010-2014,Pre-Pandemic,15170208.0,19807135252.8649,5.626,0.3708584615319711,0.28403905603594326,4.921,0.3243857961604745,0.198,0.013051897508590522,214.943,26.173
Cambodia,KHM,Asia,AS,2014,2010-2014,Pre-Pandemic,15396772.0,22041463967.9009,6.702,0.43528604567243057,0.30406328770902685,5.099,0.33117331347116136,1.092,0.07092395730741483,242.844,27.599
Cambodia,KHM,Asia,AS,2015,2015-2019,Pre-Pandemic,15623251.0,24174170369.0738,8.186,0.5239626502832221,0.33862589181022784,5.602,0.35856813668294774,1.931,0.12359783504726385,256.096,31.965
Cambodia,KHM,Asia,AS,2016,2015-2019,Pre-Pandemic,15852803.0,26556545153.3573,10.644,0.6714270025307196,0.40080514760235586,6.542,0.4126715004280316,2.681,0.16911835717633028,268.107,39.699
Cambodia,KHM,Asia,AS,2017,2015-2019,Pre-Pandemic,16073372.0,29355665909.7905,12.087,0.7519890661399488,0.4117433423974493,6.621,0.41192352171031693,3.166,0.19697173685770478,287.809,41.997
Cambodia,KHM,Asia,AS,2018,2015-2019,Pre-Pandemic,16274522.0,33145892168.8958,13.938,0.8564306834941143,0.4205045961345237,7.258,0.4459731597646923,3.364,0.2067034595547568,282.309,49.37
Cambodia,KHM,Asia,AS,2019,2015-2019,Pre-Pandemic,16481304.0,36685356407.7206,18.626,1.13012902377142,0.507723021496394,9.131,0.5540216963415031,4.488,0.2723085503428612,311.372,59.82
Cambodia,KHM,Asia,AS,2020,2020-2023,Pandemic,16725474.0,34818073901.4851,20.991,1.2550316959626975,0.6028765422059912,9.204,0.5502983054471281,6.441,0.38510119354464933,346.385,60.6
Cambodia,KHM,Asia,AS,2021,2020-2023,Pandemic,16974305.0,36790163687.4421,20.775,1.2239087255707966,0.5646889798180297,9.16,0.5396391781578097,5.705,0.33609623486793716,323.877,64.146
Cambodia,KHM,Asia,AS,2022,2020-2023,Post-Pandemic,17201724.0,39994532959.6074,20.865,1.2129598172834304,0.5216963033690797,9.399,0.5463987214304799,5.444,0.3164799063163669,330.75,63.084
Cambodia,KHM,Asia,AS,2023,2020-2023,Post-Pandemic,17423880.0,42335646895.7984,21.412,1.2288881695695792,0.5057676348421414,9.355,0.5369068198357656,6.034,0.34630633360652163,284.715,75.203
Cameroon,CMR,Africa,AF,2010,2010-2014,Pre-Pandemic,19668066.0,27507501821.0296,8.383,0.4262239103732924,0.30475322893884754,5.683,0.2889455424849601,,,281.142,29.819
Cameroon,CMR,Africa,AF,2011,2010-2014,Pre-Pandemic,20232304.0,30630910495.217,8.105,0.4005969858894963,0.2646019941609503,5.658,0.2796517885456842,,,256.358,31.617
Cameroon,CMR,Africa,AF,2012,2010-2014,Pre-Pandemic,20809529.0,30155062329.2821,7.607,0.3655536845644128,0.2522627848330864,5.163,0.24810748960247972,,,237.458,32.035
Cameroon,CMR,Africa,AF,2013,2010-2014,Pre-Pandemic,21402376.0,33728621180.3231,7.853,0.3669218782064197,0.2328289661772878,5.159,0.24104800326842216,,,290.762,27.009
Cameroon,CMR,Africa,AF,2014,2010-2014,Pre-Pandemic,22059893.0,36386544706.0806,8.775,0.397780714530211,0.24116057380226047,5.734,0.25992873129529687,,,245.61,35.728
Cameroon,CMR,Africa,AF,2015,2015-2019,Pre-Pandemic,22763414.0,32210233020.4569,9.85,0.4327118946217821,0.30580343811062183,6.213,0.2729379696736175,,,273.119,36.065
Cameroon,CMR,Africa,AF,2016,2015-2019,Pre-Pandemic,23454161.0,33814337044.3765,9.965,0.4248713053517455,0.2946974825182099,6.035,0.2573104192471434,,,284.094,35.076
Cameroon,CMR,Africa,AF,2017,2015-2019,Pre-Pandemic,24128601.0,36098547033.1655,9.582,0.3971220710226838,0.26544004641506896,5.507,0.2282353626718764,,,277.192,34.567
Cameroon,CMR,Africa,AF,2018,2015-2019,Pre-Pandemic,24806383.0,39955552189.795,9.844,0.396833347288075,0.246373769363504,5.28,0.21284844308015402,,,262.365,37.52
Cameroon,CMR,Africa,AF,2019,2015-2019,Pre-Pandemic,25506095.0,39667757527.6578,9.605,0.3765766574616773,0.24213619822857507,5.238,0.20536267899888241,,,264.045,36.377
Cameroon,CMR,Africa,AF,2020,2020-2023,Pandemic,26210558.0,40773241177.0505,9.716,0.3706903149486554,0.2382935405554346,4.99,0.19038129596477876,,,256.667,37.856
Cameroon,CMR,Africa,AF,2021,2020-2023,Pandemic,26915758.0,45011937346.8384,9.734,0.3616468835839585,0.21625374453436422,5.137,0.19085474018602783,,,271.269,35.881
Cameroon,CMR,Africa,AF,2022,2020-2023,Post-Pandemic,27632771.0,44347206072.5513,9.792,0.3543618553492156,0.22080308698546755,5.354,0.19375545072913608,,,270.649,36.181
Cameroon,CMR,Africa,AF,2023,2020-2023,Post-Pandemic,28372687.0,48814501547.4313,9.695,0.34170186278092024,0.19860901356494887,5.522,0.19462379435546587,,,287.27,33.748
Canada,CAN,North America,NA,2010,2010-2014,Pre-Pandemic,34005902.0,1617349192091.46,554.307,16.300317515471285,0.34272561714591954,257.185,7.562951866414248,96.395,2.834654996065095,147.4,3760.554
Canada,CAN,North America,NA,2011,2010-2014,Pre-Pandemic,34339221.0,1793335727900.85,562.832,16.39035434146861,0.3138464210819079,258.636,7.531795785349937,87.382,2.544670422197405,144.312,3900.117
Canada,CAN,North America,NA,2012,2010-2014,Pre-Pandemic,34713395.0,1828359477071.97,561.77,16.183090129905185,0.3072535828127452,258.238,7.4391456093533925,82.209,2.368221258681267,143.981,3901.693
Canada,CAN,North America,NA,2013,2010-2014,Pre-Pandemic,35080992.0,1846583831414.43,568.59,16.20792251256749,0.30791453403145874,259.85,7.407145157126687,79.921,2.2781852919096472,141.993,4004.351
Canada,CAN,North America,NA,2014,2010-2014,Pre-Pandemic,35434066.0,1805751688808.98,564.938,15.943358010339542,0.31285475378545335,252.104,7.11473529456089,77.558,2.1887976389726203,140.912,4009.156
Canada,CAN,North America,NA,2015,2015-2019,Pre-Pandemic,35704498.0,1556510380200.23,563.003,15.76840542611746,0.3617084776058963,251.971,7.057122046639614,74.336,2.0819785787213703,140.0,4021.453
Canada,CAN,North America,NA,2016,2015-2019,Pre-Pandemic,36110803.0,1527996250640.92,553.707,15.333555445997698,0.36237458028299935,247.842,6.8633754835083565,74.532,2.063980687441373,139.366,3973.037
Canada,CAN,North America,NA,2017,2015-2019,Pre-Pandemic,36545075.0,1649269496514.62,566.66,15.505782926974428,0.343582417062533,252.357,6.905362760919221,73.963,2.0238842032749966,140.728,4026.635
Canada,CAN,North America,NA,2018,2015-2019,Pre-Pandemic,37072620.0,1725330736237.69,575.091,15.512553469379828,0.33332217871111564,258.216,6.9651403110975165,62.467,1.6849901625512305,140.868,4082.489
Canada,CAN,North America,NA,2019,2015-2019,Pre-Pandemic,37618495.0,1743728952156.85,579.007,15.391551416397705,0.3320510330942293,260.942,6.936534808210696,59.811,1.5899360141866388,142.613,4059.989
Canada,CAN,North America,NA,2020,2020-2023,Pandemic,38028638.0,1655686966881.99,524.208,13.784558889540033,0.3166105734269292,225.773,5.936920486082094,49.442,1.3001254475640174,136.692,3834.944
Canada,CAN,North America,NA,2021,2020-2023,Pandemic,38239864.0,2022377950896.78,537.479,14.055463167965241,0.2657658524024486,233.624,6.109435954060925,47.059,1.2306267616432947,139.172,3861.98
Canada,CAN,North America,NA,2022,2020-2023,Post-Pandemic,38950132.0,2200562785046.32,547.658,14.060491502313779,0.24887179030816534,242.291,6.220543745525689,39.157,1.0053110988173288,138.14,3964.521
Canada,CAN,North America,NA,2023,2020-2023,Post-Pandemic,40049088.0,2196593836347.42,545.479,13.620260216662112,0.2483294776548419,241.526,6.0307490647477415,36.384,0.9084851070765956,140.303,3887.86
Cape Verde,CPV,Africa,AF,2010,2010-2014,Pre-Pandemic,509784.0,1824751467.92957,0.557,1.0926196192897384,0.30524704859231744,0.557,1.0926196192897384,,,163.669,3.403
Cape Verde,CPV,Africa,AF,2011,2010-2014,Pre-Pandemic,511447.0,2046817987.20109,0.616,1.2044258740397342,0.30095494755854957,0.616,1.2044258740397342,,,153.427,4.012
Cape Verde,CPV,Africa,AF,2012,2010-2014,Pre-Pandemic,511955.0,1913081210.41411,0.502,0.9805549315857839,0.26240391535251967,0.502,0.9805549315857839,,,142.846,3.514
Cape Verde,CPV,Africa,AF,2013,2010-2014,Pre-Pandemic,512225.0,2028910915.16446,0.495,0.9663721997169212,0.24397325496170252,0.495,0.9663721997169212,,,144.029,3.434
Cape Verde,CPV,Africa,AF,2014,2010-2014,Pre-Pandemic,512326.0,2041930125.42979,0.491,0.9583741602026834,0.24045876687217846,0.491,0.9583741602026834,,,132.555,3.704
Cape Verde,CPV,Africa,AF,2015,2015-2019,Pre-Pandemic,512394.0,1749857620.35329,0.495,0.966053466668228,0.2828801579296842,0.495,0.966053466668228,,,134.731,3.671
Cape Verde,CPV,Africa,AF,2016,2015-2019,Pre-Pandemic,512554.0,1849789985.99572,0.531,1.035988403173129,0.28705961434544636,0.531,1.035988403173129,,,138.117,3.847
Cape Verde,CPV,Africa,AF,2017,2015-2019,Pre-Pandemic,512893.0,1996741539.95088,0.572,1.1152423604923445,0.286466720181557,0.572,1.1152423604923445,,,139.287,4.104
Cape Verde,CPV,Africa,AF,2018,2015-2019,Pre-Pandemic,513415.0,2205099506.99994,0.572,1.114108469756435,0.259398724721594,0.572,1.114108469756435,,,168.683,3.389
Cape Verde,CPV,Africa,AF,2019,2015-2019,Pre-Pandemic,514104.0,2252177124.32402,0.63,1.2254329863218336,0.27972933087538193,0.63,1.2254329863218336,,,174.688,3.608
Cape Verde,CPV,Africa,AF,2020,2020-2023,Pandemic,514679.0,1821565613.68613,0.52,1.0103384828213313,0.285468717729978,0.52,1.0103384828213313,,,193.489,2.689
Cape Verde,CPV,Africa,AF,2021,2020-2023,Pandemic,516649.0,2051842618.70539,0.59,1.1419745320323855,0.28754642028649374,0.59,1.1419745320323855,,,197.474,2.987
Cape Verde,CPV,Africa,AF,2022,2020-2023,Post-Pandemic,519741.0,2247003344.34242,0.598,1.1505730738964215,0.2661322251725456,0.598,1.1505730738964215,,,195.349,3.059
Cape Verde,CPV,Africa,AF,2023,2020-2023,Post-Pandemic,522331.0,2504525537.51069,0.571,1.0931765489699061,0.22798729397965373,0.571,1.0931765489699061,,,190.086,3.007
Central African Republic,CAF,Africa,AF,2010,2010-2014,Pre-Pandemic,4492995.0,2142591540.40068,0.169,0.03761410818396192,0.07887644322930341,0.169,0.03761410818396192,,,175.132,0.962
Central African Republic,CAF,Africa,AF,2011,2010-2014,Pre-Pandemic,4565021.0,2437982705.12093,0.154,0.03373478457163724,0.06316697804152847,0.154,0.03373478457163724,,,146.249,1.052
Central African Republic,CAF,Africa,AF,2012,2010-2014,Pre-Pandemic,4610848.0,2510126512.22831,0.183,0.03968901165252032,0.07290469189839588,0.183,0.03968901165252032,,,169.431,1.081
Central African Republic,CAF,Africa,AF,2013,2010-2014,Pre-Pandemic,4642419.0,1691544110.18543,0.103,0.02218670912728903,0.06089111089672321,0.103,0.02218670912728903,,,137.465,0.746
Central African Republic,CAF,Africa,AF,2014,2010-2014,Pre-Pandemic,4623182.0,1894813389.40325,0.132,0.02855176369868199,0.06966385224962544,0.132,0.02855176369868199,,,156.601,0.842
Central African Republic,CAF,Africa,AF,2015,2015-2019,Pre-Pandemic,4629320.0,1695825714.19282,0.194,0.04190680272696638,0.11439854837461302,0.194,0.04190680272696638,,,170.367,1.14
Central African Republic,CAF,Africa,AF,2016,2015-2019,Pre-Pandemic,4713663.0,1825018144.65595,0.238,0.050491517955356585,0.1304096623350928,0.238,0.050491517955356585,,,195.51,1.218
Central African Republic,CAF,Africa,AF,2017,2015-2019,Pre-Pandemic,4793511.0,2072349972.6818,0.286,0.059663991591966725,0.1380075777596056,0.286,0.059663991591966725,,,228.33,1.252
Central African Republic,CAF,Africa,AF,2018,2015-2019,Pre-Pandemic,4878657.0,2220979146.11241,0.271,0.05554807398839476,0.12201825509003852,0.271,0.05554807398839476,,,204.29,1.327
Central African Republic,CAF,Africa,AF,2019,2015-2019,Pre-Pandemic,4944703.0,2221301351.43918,0.311,0.06289558745995462,0.14000801818200095,0.311,0.06289558745995462,,,198.803,1.567
Central African Republic,CAF,Africa,AF,2020,2020-2023,Pandemic,5026628.0,2326720900.38047,0.333,0.06624719394393219,0.14311987309932497,0.333,0.06624719394393219,,,206.38,1.616
Central African Republic,CAF,Africa,AF,2021,2020-2023,Pandemic,5112100.0,2516498412.46384,0.366,0.07159484360634573,0.14544018712161977,0.366,0.07159484360634573,,,208.664,1.756
Central African Republic,CAF,Africa,AF,2022,2020-2023,Post-Pandemic,5098039.0,2382618615.01694,0.377,0.07395000312865398,0.1582292682613493,0.377,0.07395000312865398,,,210.875,1.79
Central African Republic,CAF,Africa,AF,2023,2020-2023,Post-Pandemic,5152421.0,2555492085.94725,0.389,0.07549848896276139,0.15222117185927755,0.389,0.07549848896276139,,,216.4,1.799
Chad,TCD,Africa,AF,2010,2010-2014,Pre-Pandemic,12312575.0,14058506663.7252,1.236,0.10038517531872902,0.08791829954380707,1.136,0.09226339738032052,,,793.771,1.557
Chad,TCD,Africa,AF,2011,2010-2014,Pre-Pandemic,12754997.0,16685349673.9957,1.277,0.10011762448866118,0.07653420665137263,1.129,0.08851432893320163,,,572.806,2.229
Chad,TCD,Africa,AF,2012,2010-2014,Pre-Pandemic,13210998.0,17892228569.8861,1.747,0.13223830629601185,0.09764015662868995,1.499,0.11346606819560491,,,452.575,3.859
Chad,TCD,Africa,AF,2013,2010-2014,Pre-Pandemic,13691079.0,17865316886.3315,2.082,0.15206982590634383,0.11653865493944349,1.759,0.1284778212148217,,,520.193,4.003
Chad,TCD,Africa,AF,2014,2010-2014,Pre-Pandemic,14188678.0,18144336903.7175,2.183,0.1538550666947266,0.12031302172044306,1.799,0.12679123453220942,,,524.686,4.16
Chad,TCD,Africa,AF,2015,2015-2019,Pre-Pandemic,14647621.0,14559599499.5011,2.352,0.16057215024883564,0.1615429050833846,1.818,0.12411571817703367,,,557.557,4.218
Chad,TCD,Africa,AF,2016,2015-2019,Pre-Pandemic,15114655.0,13026289835.7789,2.382,0.15759539334506809,0.18286097039369073,1.784,0.11803114262283856,,,571.639,4.166
Chad,TCD,Africa,AF,2017,2015-2019,Pre-Pandemic,15622759.0,13349041408.7152,2.341,0.14984549143976425,0.1753683974994361,1.766,0.11304021267946333,,,364.849,6.416
Chad,TCD,Africa,AF,2018,2015-2019,Pre-Pandemic,16156531.0,15327000248.8701,2.384,0.14755642780000236,0.15554250416194437,1.843,0.11407151696115955,,,347.037,6.868
Chad,TCD,Africa,AF,2019,2015-2019,Pre-Pandemic,16685223.0,14905517742.8454,2.3,0.13784652443662276,0.154305274038803,1.821,0.10913848739090871,,,327.167,7.029
Chad,TCD,Africa,AF,2020,2020-2023,Pandemic,17224679.0,14932897821.2387,2.356,0.13678048804276702,0.15777245838039003,1.924,0.11170019481930549,,,318.389,7.401
Chad,TCD,Africa,AF,2021,2020-2023,Pandemic,17828273.0,16871937697.5854,2.67,0.14976212222013877,0.15825093998433343,2.136,0.11980969777611102,,,323.767,8.247
Chad,TCD,Africa,AF,2022,2020-2023,Post-Pandemic,18455316.0,17828508289.6049,2.8,0.1517178031522191,0.1570518382422701,2.15,0.1164975988490254,,,338.652,8.269
Chad,TCD,Africa,AF,2023,2020-2023,Post-Pandemic,19319064.0,18352937976.2179,2.848,0.14741915032736574,0.1551795142385647,2.218,0.1148088747984892,,,376.142,7.573
Chile,CHL,South America,SA,2010,2010-2014,Pre-Pandemic,17181464.0,217051209238.534,71.347,4.1525564992599,0.32871044695075335,43.461,2.529528333557606,16.525,0.9617923129251383,196.038,363.948
Chile,CHL,South America,SA,2011,2010-2014,Pre-Pandemic,17351816.0,251382573893.87,78.071,4.4992985172272455,0.31056647559412937,45.628,2.629580673285148,20.848,1.2014880747928631,202.409,385.712
Chile,CHL,South America,SA,2012,2010-2014,Pre-Pandemic,17519119.0,267024782486.855,79.621,4.544806162912645,0.2981783161041225,45.162,2.577869355188466,23.479,1.3401929628995612,197.695,402.747
Chile,CHL,South America,SA,2013,2010-2014,Pre-Pandemic,17687006.0,277395018842.417,81.733,4.621076060018298,0.29464480054860326,45.914,2.5959170251878696,25.395,1.4357998182394465,197.538,413.759
Chile,CHL,South America,SA,2014,2010-2014,Pre-Pandemic,17864195.0,259560978224.359,77.586,4.343100822623129,0.2989124194659811,43.82,2.452951280480313,24.385,1.3650209259359294,189.45,409.534
Chile,CHL,South America,SA,2015,2015-2019,Pre-Pandemic,18047625.0,242450355830.884,81.778,4.531233334025945,0.3372979170096268,44.353,2.457553279171082,27.191,1.506624832907377,197.423,414.23
Chile,CHL,South America,SA,2016,2015-2019,Pre-Pandemic,18267221.0,249344863928.438,84.25,4.61208631570177,0.3378854437690754,46.064,2.5216753002550307,27.015,1.4788784785600393,194.169,433.903
Chile,CHL,South America,SA,2017,2015-2019,Pre-Pandemic,18558868.0,276154259981.097,84.135,4.5334122749297,0.3046666743643901,45.465,2.4497722598167084,27.754,1.4954575893314184,186.822,450.347
Chile,CHL,South America,SA,2018,2015-2019,Pre-Pandemic,18893191.0,295857562991.709,84.443,4.469493798056665,0.28541775017043053,46.573,2.46506797078376,27.07,1.432791316194284,180.326,468.278
Chile,CHL,South America,SA,2019,2015-2019,Pre-Pandemic,19197744.0,278308438545.118,91.977,4.791031696224306,0.33048584685688265,48.022,2.5014397525042527,31.017,1.6156585898843114,194.053,473.979
Chile,CHL,South America,SA,2020,2020-2023,Pandemic,19370624.0,254103710483.324,80.178,4.1391542161987145,0.3155325825329175,43.035,2.2216630708437686,25.193,1.3005776169110506,181.203,442.478
Chile,CHL,South America,SA,2021,2020-2023,Pandemic,19456334.0,315507493783.262,83.63,4.298343151387101,0.26506501952517697,46.49,2.3894532238190402,24.101,1.2387225671598772,175.378,476.857
Chile,CHL,South America,SA,2022,2020-2023,Post-Pandemic,19553036.0,301099244104.003,85.744,4.385201356965742,0.2847698945746376,52.159,2.6675652824451404,19.858,1.015596759500673,170.294,503.505
Chile,CHL,South America,SA,2023,2020-2023,Post-Pandemic,19658835.0,335802745366.38,77.604,3.9475380916519214,0.23109995695636615,51.571,2.6232988882606727,11.731,0.5967291551101579,155.99,497.494
China,CHN,Asia,AS,2010,2010-2014,Pre-Pandemic,1337705000.0,6192564874453.29,8610.048,6.436432546787222,1.3903847879769105,1092.572,0.8167510774049584,6569.148,4.910759846154421,296.33,29055.609
China,CHN,Asia,AS,2011,2010-2014,Pre-Pandemic,1345035000.0,7671757207851.29,9520.153,7.077996483362886,1.2409351263432917,1123.862,0.8355633868263651,7309.64,5.434535160795072,303.804,31336.537
China,CHN,Asia,AS,2012,2010-2014,Pre-Pandemic,1354190000.0,8673664713189.24,9767.311,7.212659228025609,1.1260881441667618,1176.716,0.8689445351095488,7464.979,5.5125048922233955,299.389,32624.18
China,CHN,Asia,AS,2013,2010-2014,Pre-Pandemic,1363240000.0,9743124247267.24,9942.371,7.29319195446143,1.0204499858234533,1234.622,0.9056527097209589,7493.418,5.496770928083096,293.696,33852.566
China,CHN,Asia,AS,2014,2010-2014,Pre-Pandemic,1371860000.0,10674533168257.4,9976.027,7.271898736022626,0.9345633052755383,1255.609,0.9152603035295147,7425.231,5.412528246322511,287.253,34729.066
China,CHN,Asia,AS,2015,2015-2019,Pre-Pandemic,1379860000.0,11280814787468.9,9858.04,7.14423202353862,0.8738765936438062,1328.812,0.9630049425304016,7266.352,5.2660066963315115,280.568,35135.988
China,CHN,Asia,AS,2016,2015-2019,Pre-Pandemic,1387790000.0,11456024084962.0,9748.175,7.0242435815217,0.8509213080999153,1357.842,0.9784203661937325,7071.886,5.095789708817616,276.327,35277.711
China,CHN,Asia,AS,2017,2015-2019,Pre-Pandemic,1396215000.0,12537559062282.9,10000.014,7.162230745264877,0.7976045377192543,1430.594,1.0246229986069482,7163.662,5.130772839426593,272.856,36649.383
China,CHN,Asia,AS,2018,2015-2019,Pre-Pandemic,1402760000.0,14147765772963.8,10346.79,7.37602298326157,0.7313373833041952,1500.478,1.069661239271151,7316.7,5.21593144942827,269.379,38409.82
China,CHN,Asia,AS,2019,2015-2019,Pre-Pandemic,1407745000.0,14560167101283.4,10713.515,7.610408845351963,0.7358098932158313,1559.739,1.1079698382874739,7522.577,5.343707134459721,266.58,40188.723
China,CHN,Asia,AS,2020,2020-2023,Pandemic,1411100000.0,14996414166715.1,10896.521,7.7220048189355825,0.7266084331136365,1523.058,1.0793409396924385,7679.382,5.442124583658139,262.605,41493.891
China,CHN,Asia,AS,2021,2020-2023,Pandemic,1412360000.0,18201698719564.0,11284.401,7.989748364439661,0.6199641678428081,1521.109,1.076998074145402,8004.203,5.667254099521369,257.358,43847.18
China,CHN,Asia,AS,2022,2020-2023,Post-Pandemic,1412175000.0,18316765021690.2,11711.808,8.293453715014074,0.6394037367477939,1559.721,1.104481385097456,8468.947,5.997094552728947,263.089,44516.492
China,CHN,Asia,AS,2023,2020-2023,Post-Pandemic,1410710000.0,18270356654533.2,12172.009,8.628285756817489,0.6662162775558029,1729.58,1.22603511706871,8740.891,6.19609345648645,258.583,47072.012
Christmas Island,CXR,Asia,AS,2010,2010-2014,Pre-Pandemic,,,0.0,,,,,,,,
Christmas Island,CXR,Asia,AS,2011,2010-2014,Pre-Pandemic,,,0.0,,,,,,,,
Christmas Island,CXR,Asia,AS,2012,2010-2014,Pre-Pandemic,,,0.0,,,,,,,,
Christmas Island,CXR,Asia,AS,2013,2010-2014,Pre-Pandemic,,,0.0,,,,,,,,
Christmas Island,CXR,Asia,AS,2014,2010-2014,Pre-Pandemic,,,0.0,,,,,,,,
Christmas Island,CXR,Asia,AS,2015,2015-2019,Pre-Pandemic,,,0.0,,,,,,,,
Christmas Island,CXR,Asia,AS,2016,2015-2019,Pre-Pandemic,,,0.0,,,,,,,,
Christmas Island,CXR,Asia,AS,2017,2015-2019,Pre-Pandemic,,,0.0,,,,,,,,
Christmas Island,CXR,Asia,AS,2018,2015-2019,Pre-Pandemic,,,0.0,,,,,,,,
Christmas Island,CXR,Asia,AS,2019,2015-2019,Pre-Pandemic,,,0.0,,,,,,,,
Christmas Island,CXR,Asia,AS,2020,2020-2023,Pandemic,,,0.0,,,,,,,,
Christmas Island,CXR,Asia,AS,2021,2020-2023,Pandemic,,,0.0,,,,,,,,
Christmas Island,CXR,Asia,AS,2022,2020-2023,Post-Pandemic,,,0.0,,,,,,,,
Christmas Island,CXR,Asia,AS,2023,2020-2023,Post-Pandemic,,,0.0,,,,,,,,
Colombia,COL,South America,SA,2010,2010-2014,Pre-Pandemic,44777319.0,286498534094.963,75.431,1.6845805350695515,0.26328581484119423,35.697,0.7972116419029017,12.607,0.2815487903596908,177.652,424.601
Colombia,COL,South America,SA,2011,2010-2014,Pre-Pandemic,45259614.0,334966134804.887,75.191,1.6613265857724726,0.2244734383187652,35.339,0.7808064823531194,12.725,0.2811557341165128,169.428,443.797
Colombia,COL,South America,SA,2012,2010-2014,Pre-Pandemic,45715810.0,370691143018.039,78.675,1.720958241798625,0.21223868301642002,38.917,0.8512809900994863,10.326,0.22587371852319799,166.708,471.933
Colombia,COL,South America,SA,2013,2010-2014,Pre-Pandemic,46151584.0,382093697077.685,86.445,1.873066805247681,0.22624031922312637,41.509,0.8994057495404708,16.264,0.3524039391584046,178.223,485.04
Colombia,COL,South America,SA,2014,2010-2014,Pre-Pandemic,46565429.0,381240864422.407,92.042,1.9766166011269863,0.24142742446942772,45.216,0.9710207974246302,16.458,0.35343816976323783,180.267,510.586
Colombia,COL,South America,SA,2015,2015-2019,Pre-Pandemic,46969940.0,293492370193.166,91.027,1.9379841660432182,0.31015116318045793,42.891,0.9131585009476274,17.602,0.3747503190338331,180.464,504.402
Colombia,COL,South America,SA,2016,2015-2019,Pre-Pandemic,47437512.0,282720100286.228,91.583,1.9306029371860818,0.3239352274821658,45.459,0.9582922477047279,17.994,0.3793200621482847,166.87,548.829
Colombia,COL,South America,SA,2017,2015-2019,Pre-Pandemic,48131078.0,311866875156.879,83.459,1.7339939903278294,0.2676109797105494,42.872,0.8907342569804898,12.655,0.2629278322002262,150.315,555.225
Colombia,COL,South America,SA,2018,2015-2019,Pre-Pandemic,49024465.0,334198218098.276,90.811,1.8523608569721262,0.27172795988186765,50.695,1.0340755375912822,11.219,0.22884492467179396,158.96,571.28
Colombia,COL,South America,SA,2019,2015-2019,Pre-Pandemic,49907985.0,323031701192.84,98.962,1.9828891108306617,0.30635383349240614,45.58,0.9132807104915175,23.79,0.47667722910472143,172.487,573.736
Colombia,COL,South America,SA,2020,2020-2023,Pandemic,50629997.0,270348342541.465,92.305,1.8231286879199302,0.3414298720394138,43.224,0.8537231396636267,20.343,0.40179737715568103,178.26,517.813
Colombia,COL,South America,SA,2021,2020-2023,Pandemic,51188173.0,318524633225.395,103.734,2.0265228063521628,0.3256702596266567,56.821,1.1100415715169205,19.742,0.38567502692467653,183.335,565.815
Colombia,COL,South America,SA,2022,2020-2023,Post-Pandemic,51737944.0,345632492851.448,89.437,1.728653925637246,0.25876328716131386,44.467,0.859465926980013,17.894,0.3458583510778859,142.591,627.227
Colombia,COL,South America,SA,2023,2020-2023,Post-Pandemic,52321152.0,366901643683.302,89.992,1.719992709640644,0.24527554332157278,42.451,0.8113544594736752,19.657,0.3756989142746704,146.256,615.308
Comoros,COM,Africa,AF,2010,2010-2014,Pre-Pandemic,654836.0,907979446.419588,0.161,0.2458630863300124,0.17731678909128082,0.161,0.2458630863300124,,,231.828,0.695
Comoros,COM,Africa,AF,2011,2010-2014,Pre-Pandemic,668056.0,1023087475.68355,0.143,0.21405391164812532,0.13977299439078578,0.143,0.21405391164812532,,,229.059,0.624
Comoros,COM,Africa,AF,2012,2010-2014,Pre-Pandemic,681630.0,1015842906.66403,0.154,0.22592902307703594,0.1515982431828236,0.154,0.22592902307703594,,,235.75,0.653
Comoros,COM,Africa,AF,2013,2010-2014,Pre-Pandemic,696192.0,1116223107.03168,0.183,0.26285852178709324,0.16394571913731776,0.183,0.26285852178709324,,,234.357,0.782
Comoros,COM,Africa,AF,2014,2010-2014,Pre-Pandemic,711503.0,1149587562.06748,0.165,0.23190344945840002,0.14352973661549984,0.165,0.23190344945840002,,,236.256,0.698
Comoros,COM,Africa,AF,2015,2015-2019,Pre-Pandemic,726682.0,966029600.862227,0.18,0.24770119529587908,0.18632969407908567,0.18,0.24770119529587908,,,238.325,0.753
Comoros,COM,Africa,AF,2016,2015-2019,Pre-Pandemic,741741.0,1012835493.19325,0.205,0.2763767945954181,0.20240206961318033,0.205,0.2763767945954181,,,232.133,0.884
Comoros,COM,Africa,AF,2017,2015-2019,Pre-Pandemic,756669.0,1077439756.59451,0.264,0.34889760251840635,0.2450253003791425,0.264,0.34889760251840635,,,232.204,1.136
Comoros,COM,Africa,AF,2018,2015-2019,Pre-Pandemic,771590.0,1188797449.38584,0.286,0.3706631760390881,0.2405792510303199,0.286,0.3706631760390881,,,346.721,0.824
Comoros,COM,Africa,AF,2019,2015-2019,Pre-Pandemic,786578.0,1195019531.9011,0.311,0.3953835474676383,0.26024679237271114,0.311,0.3953835474676383,,,343.025,0.908
Comoros,COM,Africa,AF,2020,2020-2023,Pandemic,802163.0,1225039196.61091,0.37,0.46125288750540727,0.30203115216526194,0.37,0.46125288750540727,,,345.678,1.071
Comoros,COM,Africa,AF,2021,2020-2023,Pandemic,818174.0,1299039312.22277,0.498,0.6086724828703919,0.3833602226770785,0.498,0.6086724828703919,,,309.7,1.609
Comoros,COM,Africa,AF,2022,2020-2023,Post-Pandemic,834188.0,1279542248.96288,0.532,0.6377459277764724,0.4157736881538748,0.532,0.6377459277764724,,,308.169,1.725
Comoros,COM,Africa,AF,2023,2020-2023,Post-Pandemic,850387.0,1465977684.31307,0.542,0.6373568739879608,0.3697191340630612,0.542,0.6373568739879608,,,362.141,1.497
Congo,COG,Africa,AF,2010,2010-2014,Pre-Pandemic,4462290.0,13148396211.5955,5.5,1.2325509995988606,0.4183019671364618,1.737,0.3892620156914947,,,288.118,19.089
Congo,COG,Africa,AF,2011,2010-2014,Pre-Pandemic,4609724.0,15655383576.6515,5.046,1.0946425425904023,0.3223172383668468,1.931,0.4188970966591492,,,225.093,22.419
Congo,COG,Africa,AF,2012,2010-2014,Pre-Pandemic,4740450.0,17692911296.3044,5.018,1.0585492938434116,0.2836164108870049,2.479,0.5229461338058623,,,220.786,22.728
Congo,COG,Africa,AF,2013,2010-2014,Pre-Pandemic,4857099.0,17958720699.0868,5.89,1.212658008412017,0.32797436402580205,2.53,0.5208870562448902,,,201.774,29.193
Congo,COG,Africa,AF,2014,2010-2014,Pre-Pandemic,4975880.0,17919321078.0284,5.471,1.0995040073313664,0.30531290645314757,2.402,0.4827286831676005,,,197.27,27.734
Congo,COG,Africa,AF,2015,2015-2019,Pre-Pandemic,5097581.0,12434793867.3568,5.637,1.1058186225976596,0.4533247643773148,2.173,0.42628062212253226,,,202.884,27.783
Congo,COG,Africa,AF,2016,2015-2019,Pre-Pandemic,5222536.0,10931328150.8478,5.727,1.0965936855198317,0.5239070606032289,2.127,0.40727340127478295,,,216.543,26.448
Congo,COG,Africa,AF,2017,2015-2019,Pre-Pandemic,5351011.0,11834473039.3645,5.651,1.0560621161122636,0.47750330591005796,1.924,0.35955822180145025,,,293.861,19.23
Congo,COG,Africa,AF,2018,2015-2019,Pre-Pandemic,5483118.0,14773900288.5135,6.545,1.1936638970746207,0.44301097693807,1.953,0.3561842003035499,,,354.253,18.475
Congo,COG,Africa,AF,2019,2015-2019,Pre-Pandemic,5616661.0,13976637779.9763,7.294,1.298636325033681,0.5218708615637007,1.975,0.3516324022404058,,,376.236,19.386
Congo,COG,Africa,AF,2020,2020-2023,Pandemic,5752791.0,11468687464.0046,7.677,1.334482688489813,0.6693878461763723,2.114,0.36747380532336393,,,358.455,21.418
Congo,COG,Africa,AF,2021,2020-2023,Pandemic,5892183.0,14825690210.9157,7.393,1.2547132361639142,0.498661438005548,2.207,0.3745640622499335,,,338.922,21.813
Congo,COG,Africa,AF,2022,2020-2023,Post-Pandemic,6035104.0,15817030154.6941,8.728,1.4462054009342673,0.5518102902149268,2.379,0.3941937040355891,,,371.08,23.519
Congo,COG,Africa,AF,2023,2020-2023,Post-Pandemic,6182885.0,15321055822.5167,8.274,1.3382102368069273,0.5400411104722989,2.453,0.3967403566458053,,,352.649,23.463
Cook Islands,COK,Oceania,OC,2010,2010-2014,Pre-Pandemic,17000.0,,0.07,4.117647058823529,,0.07,4.117647058823529,,,194.404,0.358
Cook Islands,COK,Oceania,OC,2011,2010-2014,Pre-Pandemic,17480.0,,0.077,4.4050343249427915,,0.077,4.4050343249427915,,,191.475,0.402
Cook Islands,COK,Oceania,OC,2012,2010-2014,Pre-Pandemic,17690.0,,0.081,4.578858111927643,,0.081,4.578858111927643,,,189.194,0.426
Cook Islands,COK,Oceania,OC,2013,2010-2014,Pre-Pandemic,17629.0,,0.081,4.594701911622894,,0.081,4.594701911622894,,,189.913,0.424
Cook Islands,COK,Oceania,OC,2014,2010-2014,Pre-Pandemic,17556.0,,0.081,4.613807245386193,,0.081,4.613807245386193,,,179.841,0.448
Cook Islands,COK,Oceania,OC,2015,2015-2019,Pre-Pandemic,17471.0,,0.077,4.407303531566596,,0.077,4.407303531566596,,,184.802,0.416
Cook Islands,COK,Oceania,OC,2016,2015-2019,Pre-Pandemic,17360.0,,0.077,4.435483870967742,,0.077,4.435483870967742,,,178.0,0.432
Cook Islands,COK,Oceania,OC,2017,2015-2019,Pre-Pandemic,17066.0,,0.077,4.5118949958982775,,0.077,4.5118949958982775,,,166.543,0.462
Cook Islands,COK,Oceania,OC,2018,2015-2019,Pre-Pandemic,16623.0,,0.077,4.6321361968357095,,0.077,4.6321361968357095,,,163.248,0.471
Cook Islands,COK,Oceania,OC,2019,2015-2019,Pre-Pandemic,16151.0,,0.081,5.015169339359792,,0.081,5.015169339359792,,,170.591,0.473
Cook Islands,COK,Oceania,OC,2020,2020-2023,Pandemic,15664.0,,0.066,4.213483146067416,,0.066,4.213483146067416,,,200.365,0.329
Cook Islands,COK,Oceania,OC,2021,2020-2023,Pandemic,15205.0,,0.073,4.801052285432424,,0.073,4.801052285432424,,,211.13,0.347
Cook Islands,COK,Oceania,OC,2022,2020-2023,Post-Pandemic,14747.0,,0.077,5.22140096290771,,0.077,5.22140096290771,,,185.686,0.414
Cook Islands,COK,Oceania,OC,2023,2020-2023,Post-Pandemic,14244.0,,0.077,5.405784891884302,,0.077,5.405784891884302,,,162.054,0.473
Costa Rica,CRI,North America,NA,2010,2010-2014,Pre-Pandemic,4555962.0,37658616965.6866,7.461,1.6376343788644419,0.1981219864446493,6.987,1.5335948807299096,0.004,0.0008779704483926775,195.016,38.259
Costa Rica,CRI,North America,NA,2011,2010-2014,Pre-Pandemic,4609833.0,42762613784.989,7.276,1.5783652032513975,0.1701486264750753,6.742,1.4625258659044698,0.022,0.004772407156615001,188.568,38.588
Costa Rica,CRI,North America,NA,2012,2010-2014,Pre-Pandemic,4663934.0,47231655492.7812,7.217,1.5474061168104007,0.15280006437849789,6.701,1.4367699028331018,0.007,0.0015008788717850638,184.906,39.029
Costa Rica,CRI,North America,NA,2013,2010-2014,Pre-Pandemic,4716147.0,50949668762.8328,7.584,1.6080923686220976,0.14885278323011278,7.042,1.4931680458645584,0.018,0.0038166749255271306,190.222,39.867
Costa Rica,CRI,North America,NA,2014,2010-2014,Pre-Pandemic,4767119.0,52016408816.1842,7.702,1.615650878444612,0.14806866093384802,7.145,1.4988088193309208,0.022,0.004614946679535376,188.644,40.828
Costa Rica,CRI,North America,NA,2015,2015-2019,Pre-Pandemic,4818038.0,56441920888.425,7.353,1.5261398934587067,0.13027550948408523,6.782,1.407626921996049,0.0,0.0,178.648,41.158
Costa Rica,CRI,North America,NA,2016,2015-2019,Pre-Pandemic,4866998.0,58847019587.626,7.829,1.6085891138644397,0.13303987278985724,7.394,1.5192116372351088,0.0,0.0,179.924,43.512
Costa Rica,CRI,North America,NA,2017,2015-2019,Pre-Pandemic,4913177.0,60516044660.7496,7.987,1.6256283866834027,0.13198152729205595,7.482,1.522843569446002,0.018,0.003663617248065763,177.824,44.914
Costa Rica,CRI,North America,NA,2018,2015-2019,Pre-Pandemic,4957818.0,62567765946.2665,7.967,1.60695693145654,0.12733393752370986,7.489,1.510543549601861,0.0,0.0,170.192,46.812
Costa Rica,CRI,North America,NA,2019,2015-2019,Pre-Pandemic,4999553.0,64753504730.018,7.66,1.5321369730453902,0.11829475534857078,7.225,1.4451291945499927,0.0,0.0,163.986,46.714
Costa Rica,CRI,North America,NA,2020,2020-2023,Pandemic,5034320.0,62806591554.7345,6.754,1.3415913171987477,0.10753648355704902,6.397,1.2706780657566463,0.0,0.0,165.564,40.794
Costa Rica,CRI,North America,NA,2021,2020-2023,Pandemic,5059988.0,65588938787.0243,7.665,1.5148257268594312,0.11686421737801306,7.222,1.427276112117262,0.051,0.010079075286344552,168.803,45.411
Costa Rica,CRI,North America,NA,2022,2020-2023,Post-Pandemic,5081765.0,71001226360.8008,8.01,1.5762240087843495,0.1128149527910444,7.523,1.4803911633064497,0.059,0.011610139390546394,171.048,46.83
Costa Rica,CRI,North America,NA,2023,2020-2023,Post-Pandemic,5105525.0,87512637055.7736,8.473,1.65957467645345,0.09682030258784206,7.976,1.5622291537109307,0.069,0.013514770763045915,167.145,50.69
Cote d'Ivoire,CIV,Africa,AF,2010,2010-2014,Pre-Pandemic,22488065.0,34936307980.063,6.225,0.27681350085033996,0.17818139236556998,3.026,0.13456026563423754,,,176.48,35.272
Cote d'Ivoire,CIV,Africa,AF,2011,2010-2014,Pre-Pandemic,22982000.0,36693710801.3976,6.523,0.28383082412322685,0.17776888348265804,3.349,0.1457227395352885,,,201.651,32.349
Cote d'Ivoire,CIV,Africa,AF,2012,2010-2014,Pre-Pandemic,23467078.0,36302302877.2977,8.54,0.36391407571066153,0.23524678389867773,5.075,0.21626041384445052,,,212.339,40.219
Cote d'Ivoire,CIV,Africa,AF,2013,2010-2014,Pre-Pandemic,23939775.0,42760235484.6093,9.68,0.40434799408098027,0.22637854750552355,5.778,0.24135565183883306,,,214.258,45.178
Cote d'Ivoire,CIV,Africa,AF,2014,2010-2014,Pre-Pandemic,24527395.0,48843005613.7091,9.903,0.40375262028437997,0.20275165042710758,5.958,0.24291205812928768,,,209.125,47.355
Cote d'Ivoire,CIV,Africa,AF,2015,2015-2019,Pre-Pandemic,25246342.0,45815005169.2651,9.555,0.37847067111742366,0.20855612620142083,5.547,0.2197149987114965,,,198.175,48.214
Cote d'Ivoire,CIV,Africa,AF,2016,2015-2019,Pre-Pandemic,25989405.0,48407761036.8238,11.979,0.460918593557644,0.2474603192427671,7.024,0.27026397872517666,,,217.978,54.957
Cote d'Ivoire,CIV,Africa,AF,2017,2015-2019,Pre-Pandemic,26733372.0,52512343996.69,12.002,0.44895196909690255,0.22855578491709527,7.548,0.2823437312734061,,,223.565,53.684
Cote d'Ivoire,CIV,Africa,AF,2018,2015-2019,Pre-Pandemic,27464173.0,58522477786.6889,10.415,0.37922132226592076,0.17796580722303115,6.324,0.2302636238127396,,,193.194,53.911
Cote d'Ivoire,CIV,Africa,AF,2019,2015-2019,Pre-Pandemic,28193009.0,60382894697.3557,10.539,0.37381607617689905,0.17453618367954007,6.188,0.21948703666217395,,,183.487,57.436
Cote d'Ivoire,CIV,Africa,AF,2020,2020-2023,Pandemic,28915449.0,63027852805.4204,11.019,0.3810765656794747,0.17482746927803267,6.562,0.22693751011786123,,,197.365,55.828
Cote d'Ivoire,CIV,Africa,AF,2021,2020-2023,Pandemic,29639736.0,72794636653.7793,13.666,0.46107023355403703,0.1877336109938602,9.083,0.30644672408688123,,,205.927,66.362
Cote d'Ivoire,CIV,Africa,AF,2022,2020-2023,Post-Pandemic,30395002.0,70922824813.9102,14.504,0.47718371592803316,0.20450398074323892,9.475,0.3117288822682098,,,184.976,78.412
Cote d'Ivoire,CIV,Africa,AF,2023,2020-2023,Post-Pandemic,31165654.0,80780312569.1646,14.052,0.4508809601749413,0.173953275904554,9.06,0.29070463273448394,,,167.555,83.868
Croatia,HRV,Europe,EU,2010,2010-2014,Pre-Pandemic,4295427.0,58975127200.9948,20.978,4.883798514094175,0.3557092794137482,10.561,2.4586612692987218,2.738,0.6374220770135309,193.768,108.264
Croatia,HRV,Europe,EU,2011,2010-2014,Pre-Pandemic,4280622.0,62889150894.151,20.615,4.815888905864615,0.32779898769339716,10.42,2.4342256802866498,2.794,0.6527088820269578,218.264,94.448
Croatia,HRV,Europe,EU,2012,2010-2014,Pre-Pandemic,4260368.0,57547495859.7306,19.05,4.471444720268296,0.3310309113437969,9.71,2.27914583904489,2.484,0.5830482249420708,217.479,87.595
Croatia,HRV,Europe,EU,2013,2010-2014,Pre-Pandemic,4233922.0,59846869998.8711,18.401,4.346088567526752,0.30746804302960373,9.073,2.142930361022239,2.678,0.6325104713785469,191.535,96.073
Croatia,HRV,Europe,EU,2014,2010-2014,Pre-Pandemic,4201598.0,59607109597.2123,17.65,4.200782654599512,0.29610561758937315,8.96,2.1325219595020752,2.57,0.6116720352589657,183.837,96.009
Croatia,HRV,Europe,EU,2015,2015-2019,Pre-Pandemic,4151725.0,50999271058.5849,17.794,4.285929342622645,0.3489069477004744,9.389,2.2614696300935155,2.376,0.5722922399725415,195.495,91.02
Croatia,HRV,Europe,EU,2016,2015-2019,Pre-Pandemic,4106867.0,52650804052.1394,18.079,4.4021391488937915,0.3433755728041039,9.34,2.2742397063260142,2.561,0.6235897096253665,190.849,94.731
Croatia,HRV,Europe,EU,2017,2015-2019,Pre-Pandemic,4041407.0,56182225079.1072,18.713,4.63031810456111,0.3330768757138262,9.982,2.469931882633944,1.551,0.3837772340177567,197.43,94.783
Croatia,HRV,Europe,EU,2018,2015-2019,Pre-Pandemic,3988775.0,61668280700.0968,17.695,4.436199083678573,0.28693843575846967,9.556,2.3957229976621894,1.449,0.3632694248234107,180.261,98.16
Croatia,HRV,Europe,EU,2019,2015-2019,Pre-Pandemic,3949390.0,61467261345.012,17.82,4.5120892087132445,0.28991042727570737,9.286,2.351249180253153,1.678,0.4248757403041989,185.991,95.813
Croatia,HRV,Europe,EU,2020,2020-2023,Pandemic,3914206.0,57959824238.1808,16.87,4.309941786405723,0.29106368457354564,8.271,2.113072229719131,1.424,0.3638030292733699,184.618,91.378
Croatia,HRV,Europe,EU,2021,2020-2023,Pandemic,3878981.0,69002262504.9821,17.403,4.486487559490495,0.25220912138559903,8.725,2.249302071858563,1.652,0.4258850455828477,177.018,98.312
Croatia,HRV,Europe,EU,2022,2020-2023,Post-Pandemic,3855641.0,71196460236.6301,17.585,4.560849933902041,0.24699261650865947,9.469,2.4558821736774767,1.613,0.41834807753107717,188.748,93.167
Croatia,HRV,Europe,EU,2023,2020-2023,Post-Pandemic,3859686.0,85621337533.3348,18.468,4.784845192070028,0.2156938974798179,10.306,2.6701653968742534,1.378,0.3570238615265594,175.674,105.124
Cuba,CUB,North America,NA,2010,2010-2014,Pre-Pandemic,11297409.0,59562962962.963,33.042,2.9247414163725507,0.5547407038925504,29.979,2.653617302870065,0.077,0.006815722082824478,248.121,133.169
Cuba,CUB,North America,NA,2011,2010-2014,Pre-Pandemic,11301571.0,68990000000.0,29.076,2.572739666016344,0.4214523844035367,26.161,2.314810923189351,0.018,0.0015926989265474686,243.142,119.583
Cuba,CUB,North America,NA,2012,2010-2014,Pre-Pandemic,11303175.0,73141000000.0,29.476,2.607762863089353,0.40300241998331987,26.425,2.3378387046117575,0.015,0.0013270607594768726,226.512,130.129
Cuba,CUB,North America,NA,2013,2010-2014,Pre-Pandemic,11298167.0,77148000000.0,27.894,2.4688960607503856,0.3615647845699176,24.794,2.1945152696008123,0.033,0.0029208277767535213,223.407,124.857
Cuba,CUB,North America,NA,2014,2010-2014,Pre-Pandemic,11285775.0,80656100000.0,27.366,2.424822398107352,0.33929237838179627,24.179,2.1424315122355355,0.004,0.00035442847301137936,215.175,127.183
Cuba,CUB,North America,NA,2015,2015-2019,Pre-Pandemic,11275065.0,87132800000.0,29.091,2.5801181633986148,0.3338696793859488,25.86,2.2935566225117108,0.018,0.001596443124718128,228.03,127.577
Cuba,CUB,North America,NA,2016,2015-2019,Pre-Pandemic,11265612.0,91370407900.0,27.772,2.465201180370849,0.3039496116772835,24.736,2.1957084976830377,0.007,0.0006213599403210407,279.326,99.426
Cuba,CUB,North America,NA,2017,2015-2019,Pre-Pandemic,11247829.0,96850649700.0,24.559,2.183443578311868,0.25357599640346035,21.878,1.9450864695755954,0.011,0.00097796650358038,232.164,105.784
Cuba,CUB,North America,NA,2018,2015-2019,Pre-Pandemic,11227118.0,100050036100.0,23.019,2.050303559649057,0.2300748795032169,20.401,1.8171181597984452,0.015,0.0013360508012831077,208.378,110.47
Cuba,CUB,North America,NA,2019,2015-2019,Pre-Pandemic,11202846.0,103427600000.0,22.487,2.0072577985986775,0.21741778790187533,19.998,1.7850821121704252,0.0,0.0,222.171,101.214
Cuba,CUB,North America,NA,2020,2020-2023,Pandemic,11176354.0,107352000000.0,21.281,1.9041093365510793,0.19823571055965422,19.075,1.7067283301871075,0.004,0.0003578984702882532,227.912,93.373
Cuba,CUB,North America,NA,2021,2020-2023,Pandemic,11122168.0,82687389665.0,22.549,2.0273925011742313,0.272701800012736,20.441,1.8378611076545508,0.011,0.000989015810586569,243.868,92.463
Cuba,CUB,North America,NA,2022,2020-2023,Post-Pandemic,11059820.0,84154971449.0,23.259,2.1030179514675647,0.2763829587191475,21.244,1.9208269212337994,0.004,0.0003616695389255883,249.919,93.064
Cuba,CUB,North America,NA,2023,2020-2023,Post-Pandemic,11019931.0,,23.47,2.129777400602599,,21.201,1.9238777447880573,0.004,0.0003629786792675925,278.842,84.171
Curacao,CUW,North America,NA,2010,2010-2014,Pre-Pandemic,148703.0,2951342793.29609,4.034,27.12789923538866,1.3668354652543722,4.034,27.12789923538866,0.0,0.0,,
Curacao,CUW,North America,NA,2011,2010-2014,Pre-Pandemic,150831.0,2930092234.63687,5.146,34.1176548587492,1.7562587072067888,5.146,34.1176548587492,0.0,0.0,,
Curacao,CUW,North America,NA,2012,2010-2014,Pre-Pandemic,152088.0,3012836256.98324,6.287,41.33790963126611,2.0867380314571715,6.287,41.33790963126611,,,,
Curacao,CUW,North America,NA,2013,2010-2014,Pre-Pandemic,153822.0,3033568603.35196,5.932,38.56405455656538,1.9554527276704408,5.932,38.56405455656538,,,,
Curacao,CUW,North America,NA,2014,2010-2014,Pre-Pandemic,155909.0,3059406983.24022,6.797,43.59594378772233,2.221672382012181,6.797,43.59594378772233,,,,
Curacao,CUW,North America,NA,2015,2015-2019,Pre-Pandemic,157980.0,3058779217.87709,7.332,46.41093809342955,2.3970347245554677,7.057,44.67021141916698,,,,
Curacao,CUW,North America,NA,2016,2015-2019,Pre-Pandemic,159664.0,3024690167.59777,6.203,38.85033570498046,2.0507885622303146,5.928,37.12796873434212,,,,
Curacao,CUW,North America,NA,2017,2015-2019,Pre-Pandemic,160175.0,3033433240.22346,4.968,31.01607616669268,1.6377482563730423,4.829,30.148275323864524,,,,
Curacao,CUW,North America,NA,2018,2015-2019,Pre-Pandemic,159336.0,3046364804.46927,4.324,27.13762112767987,1.4193966506100428,4.221,26.49118843199277,,,,
Curacao,CUW,North America,NA,2019,2015-2019,Pre-Pandemic,157441.0,3026124134.07821,2.396,15.2183992733786,0.7917718817340742,2.396,15.2183992733786,,,,
Curacao,CUW,North America,NA,2020,2020-2023,Pandemic,155482.0,2534327597.76536,2.008,12.914678226418491,0.7923206146555605,2.008,12.914678226418491,,,,
Curacao,CUW,North America,NA,2021,2020-2023,Pandemic,153948.0,2739594357.5419,2.14,13.900797671941175,0.7811375410774734,2.14,13.900797671941175,,,,
Curacao,CUW,North America,NA,2022,2020-2023,Post-Pandemic,153321.0,3075180837.98883,2.209,14.407680617788822,0.7183317392952693,2.209,14.407680617788822,,,,
Curacao,CUW,North America,NA,2023,2020-2023,Post-Pandemic,154654.0,3281419329.60894,2.205,14.257633168233605,0.6719653230855986,2.205,14.257633168233605,,,,
Cyprus,CYP,Europe,EU,2010,2010-2014,Pre-Pandemic,1127816.0,25799940416.0167,8.072,7.157195854642955,0.31286893961153767,7.41,6.570220674294388,0.071,0.06295353142711223,237.016,34.056
Cyprus,CYP,Europe,EU,2011,2010-2014,Pre-Pandemic,1146493.0,27641553201.0506,7.792,6.796378172391807,0.2818944341992997,7.189,6.27042642214126,0.031,0.0270389788686019,231.055,33.725
Cyprus,CYP,Europe,EU,2012,2010-2014,Pre-Pandemic,1165397.0,25047433099.5891,7.262,6.231352920935956,0.2899299090300448,6.732,5.776572275370539,0.001,0.0008580766897460693,229.764,31.605
Cyprus,CYP,Europe,EU,2013,2010-2014,Pre-Pandemic,1183895.0,23959708956.2926,6.578,5.556235983765452,0.27454423640953296,5.811,4.9083744757769905,0.001,0.0008446695019406282,232.621,28.278
Cyprus,CYP,Europe,EU,2014,2010-2014,Pre-Pandemic,1201801.0,23225912183.4991,6.93,5.76634567619764,0.2983736417002142,5.934,4.9375895010904465,0.009,0.007488760618438494,244.917,28.294
Cyprus,CYP,Europe,EU,2015,2015-2019,Pre-Pandemic,1219502.0,19909269064.8473,6.952,5.700687657748818,0.3491840899510853,6.049,4.9602214674514675,0.015,0.01230010282885965,238.225,29.184
Cyprus,CYP,Europe,EU,2016,2015-2019,Pre-Pandemic,1237112.0,21046452117.3759,7.35,5.941256733424298,0.34922750680300446,6.451,5.214564243172809,0.002,0.0016166684988909654,231.589,31.737
Cyprus,CYP,Europe,EU,2017,2015-2019,Pre-Pandemic,1254275.0,22946583375.5506,7.469,5.95483446612585,0.32549508036818064,6.518,5.196627533834286,0.012,0.009567279902732654,229.149,32.596
Cyprus,CYP,Europe,EU,2018,2015-2019,Pre-Pandemic,1270737.0,25754011492.2204,7.324,5.763584439581125,0.2843828815643879,6.402,5.0380212427906015,0.054,0.04249502454087667,225.623,32.462
Cyprus,CYP,Europe,EU,2019,2015-2019,Pre-Pandemic,1286671.0,26196660680.1176,7.324,5.6922088086231835,0.2795776182862373,6.442,5.006718889288715,0.068,0.05284956294188647,225.414,32.493
Cyprus,CYP,Europe,EU,2020,2020-2023,Pandemic,1302247.0,25555082266.6429,6.903,5.300837705903719,0.2701223939713354,5.945,4.565186174358628,0.056,0.043002594745850824,244.09,28.281
Cyprus,CYP,Europe,EU,2021,2020-2023,Pandemic,1317309.0,30372637513.1352,6.951,5.276666294696233,0.22885730608656932,5.894,4.47427293064877,0.159,0.12070061010742354,232.92,29.842
Cyprus,CYP,Europe,EU,2022,2020-2023,Post-Pandemic,1331370.0,31218047043.8386,7.071,5.311070551386917,0.2265035987059152,6.047,4.541938003710464,0.123,0.09238603844160527,223.233,31.674
Cyprus,CYP,Europe,EU,2023,2020-2023,Post-Pandemic,1344976.0,35075440602.5202,7.188,5.344333281783467,0.20492971368358337,6.126,4.554728114107612,0.101,0.07509427677519896,223.823,32.115
Czechia,CZE,Europe,EU,2010,2010-2014,Pre-Pandemic,10474410.0,211168667286.27,117.464,11.214378661900765,0.556256766259553,21.02,2.0067956094901764,74.554,7.117727872023341,228.686,513.649
Czechia,CZE,Europe,EU,2011,2010-2014,Pre-Pandemic,10496088.0,231429378717.312,115.178,10.973421716738656,0.4976809799964439,20.802,1.9818812494712317,73.749,7.026332096301022,229.45,501.976
Czechia,CZE,Europe,EU,2012,2010-2014,Pre-Pandemic,10510785.0,210363223087.728,111.276,10.586840088537631,0.5289707885564886,20.305,1.9318252632890882,70.768,6.7328938799528295,222.801,499.438
Czechia,CZE,Europe,EU,2013,2010-2014,Pre-Pandemic,10514272.0,213024360541.119,106.71,10.149062150950632,0.5009286249184741,19.66,1.8698393954426897,66.87,6.359926773817532,217.677,490.221
Czechia,CZE,Europe,EU,2014,2010-2014,Pre-Pandemic,10525347.0,210911285077.683,104.233,9.903046426877898,0.49420304827031336,20.702,1.9668710209744154,64.905,6.166542537742461,217.18,479.937
Czechia,CZE,Europe,EU,2015,2015-2019,Pre-Pandemic,10546059.0,189107698561.919,104.99,9.955377643914186,0.5551862816712532,21.211,2.0112726469669853,64.322,6.099150403008365,223.043,470.716
Czechia,CZE,Europe,EU,2016,2015-2019,Pre-Pandemic,10566332.0,198160659303.939,106.636,10.092054650563696,0.5381290129664013,21.24,2.0101583028055527,64.728,6.125872251600649,229.635,464.374
Czechia,CZE,Europe,EU,2017,2015-2019,Pre-Pandemic,10594438.0,221563575696.217,107.736,10.169109489337707,0.4862532104451837,22.011,2.0775995857448977,64.307,6.069883083935174,219.608,490.582
Czechia,CZE,Europe,EU,2018,2015-2019,Pre-Pandemic,10629928.0,251992360762.236,106.322,10.002137361607717,0.421925488845746,22.221,2.0904186745197144,63.573,5.980567318988426,217.417,489.024
Czechia,CZE,Europe,EU,2019,2015-2019,Pre-Pandemic,10671870.0,256794209028.77,100.997,9.463852164615949,0.3932993675440897,22.341,2.093447540121834,57.468,5.384998130599417,211.334,477.905
Czechia,CZE,Europe,EU,2020,2020-2023,Pandemic,10697858.0,251109660602.536,91.661,8.568163832423275,0.3650237899253259,20.963,1.9595511550069182,49.727,4.648313709155609,207.113,442.568
Czechia,CZE,Europe,EU,2021,2020-2023,Pandemic,10505772.0,290972714482.313,96.629,9.197705794490876,0.3320895575102925,22.437,2.1356831273322894,51.406,4.893119706005423,207.179,466.406
Czechia,CZE,Europe,EU,2022,2020-2023,Post-Pandemic,10672118.0,301831228325.556,95.04,8.905448759093556,0.3148779552309597,22.765,2.1331285879710102,52.909,4.957685063077451,211.793,448.738
Czechia,CZE,Europe,EU,2023,2020-2023,Post-Pandemic,10864042.0,345059295659.911,83.232,7.661236950298977,0.24121071667065916,23.309,2.1455182150437193,43.042,3.9618771724188844,202.392,411.242
Democratic Republic of Congo,COD,Africa,AF,2010,2010-2014,Pre-Pandemic,68563038.0,24161641931.0331,2.735,0.03989029774322427,0.1131959495056989,1.729,0.02521766903036006,0.037,0.0005396493661789024,167.53,16.328
Democratic Republic of Congo,COD,Africa,AF,2011,2010-2014,Pre-Pandemic,70849311.0,26392379641.765,3.041,0.042922082897884496,0.11522265295046476,2.22,0.03133410852788674,0.029,0.00040931943572464663,160.415,18.957
Democratic Republic of Congo,COD,Africa,AF,2012,2010-2014,Pre-Pandemic,73254618.0,30029369928.7318,2.797,0.038181893187948915,0.09314214739230538,2.198,0.03000493429642893,0.033,0.00045048354494183564,145.096,19.279
Democratic Republic of Congo,COD,Africa,AF,2013,2010-2014,Pre-Pandemic,75789395.0,34891189160.3002,3.921,0.05173547037814459,0.1123779410895339,3.364,0.04438615719257292,0.013,0.00017152795585714863,157.505,24.895
Democratic Republic of Congo,COD,Africa,AF,2014,2010-2014,Pre-Pandemic,78403242.0,38352980552.8665,5.066,0.06461467499009799,0.13208882144158068,4.499,0.057382831184455356,0.017,0.0002168277684231476,159.541,31.753
Democratic Republic of Congo,COD,Africa,AF,2015,2015-2019,Pre-Pandemic,81035531.0,40179574490.3032,3.274,0.040402030561137434,0.08148418796197396,2.686,0.03314595421112253,0.034,0.0004195690406471206,144.223,22.704
Democratic Republic of Congo,COD,Africa,AF,2016,2015-2019,Pre-Pandemic,83956415.0,38600224214.4728,2.659,0.03167119510760434,0.06888561022925438,2.129,0.0253583957819066,0.039,0.0004645267428343623,136.936,19.421
Democratic Republic of Congo,COD,Africa,AF,2017,2015-2019,Pre-Pandemic,87083398.0,37537521565.5308,2.92,0.03353107557883766,0.07778883309870194,2.172,0.024941608273025818,0.049,0.0005626790080010428,140.734,20.75
Democratic Republic of Congo,COD,Africa,AF,2018,2015-2019,Pre-Pandemic,90047644.0,46659954092.4862,3.774,0.041911146503733065,0.08088306286198724,2.943,0.032682698505693275,0.084,0.0009328395088271271,150.027,25.157
Democratic Republic of Congo,COD,Africa,AF,2019,2015-2019,Pre-Pandemic,92947442.0,46845900350.0332,4.118,0.044304608189217304,0.08790523758173605,3.162,0.03401922561784971,0.044,0.00047338580872403137,174.666,23.577
Democratic Republic of Congo,COD,Africa,AF,2020,2020-2023,Pandemic,95989998.0,46691989748.9186,4.305,0.04484842264503433,0.09219996884154429,3.345,0.034847380661472666,0.025,0.00026044380165525163,157.258,27.374
Democratic Republic of Congo,COD,Africa,AF,2021,2020-2023,Pandemic,99148932.0,59067289573.5102,4.292,0.04328841383788178,0.07266289059460797,3.203,0.03230493698106602,0.034,0.0003429184693588026,139.619,30.742
Democratic Republic of Congo,COD,Africa,AF,2022,2020-2023,Post-Pandemic,102396968.0,70422346142.2023,5.892,0.05754076624612557,0.08366662462654131,4.63,0.04521618257290587,0.053,0.000517593450618577,183.457,32.119
Democratic Republic of Congo,COD,Africa,AF,2023,2020-2023,Post-Pandemic,105789731.0,69843655425.2929,5.881,0.055591407071448176,0.08420235115400732,4.776,0.045146158845984774,0.07,0.0006616899328347852,172.992,33.996
Denmark,DNK,Europe,EU,2010,2010-2014,Pre-Pandemic,5547683.0,322345594075.47,49.19,8.86676473763912,0.15260019340758624,21.946,3.9558857274289103,15.351,2.7671011483532855,208.452,235.977
Denmark,DNK,Europe,EU,2011,2010-2014,Pre-Pandemic,5570572.0,344315595263.175,44.237,7.941195266841538,0.12847806085050487,20.915,3.7545515972147925,12.915,2.3184333673454,200.19,220.975
Denmark,DNK,Europe,EU,2012,2010-2014,Pre-Pandemic,5591572.0,326792574244.963,39.861,7.128764504865537,0.12197645583623415,19.952,3.5682273249812395,10.078,1.8023554020229016,194.214,205.243
Denmark,DNK,Europe,EU,2013,2010-2014,Pre-Pandemic,5614932.0,344631016965.12,41.763,7.437846086114667,0.12118177977064329,19.574,3.4860618080503913,12.755,2.271621455077283,197.272,211.702
Denmark,DNK,Europe,EU,2014,2010-2014,Pre-Pandemic,5643475.0,352832602064.452,37.571,6.657422953056406,0.1064839240483137,19.085,3.3817816150510103,10.143,1.797296878253204,184.568,203.564
Denmark,DNK,Europe,EU,2015,2015-2019,Pre-Pandemic,5683483.0,301758922337.637,35.111,6.177725876896262,0.1163544717352696,19.471,3.425892186182311,7.242,1.274218643743634,176.458,198.975
Denmark,DNK,Europe,EU,2016,2015-2019,Pre-Pandemic,5728010.0,312181849372.233,36.917,6.444995731501866,0.11825479307729281,19.751,3.448143421537323,8.413,1.468747435845957,183.117,201.601
Denmark,DNK,Europe,EU,2017,2015-2019,Pre-Pandemic,5764980.0,331610593961.988,34.665,6.013030400799309,0.10453526102960871,19.918,3.454998976579277,6.253,1.0846525052992377,170.775,202.984
Denmark,DNK,Europe,EU,2018,2015-2019,Pre-Pandemic,5793636.0,355293374912.393,34.609,5.973623472375551,0.09740964071883909,19.968,3.446540307330319,6.362,1.0981014340562645,172.943,200.117
Denmark,DNK,Europe,EU,2019,2015-2019,Pre-Pandemic,5814422.0,345401473012.615,30.95,5.322971053700608,0.0896058714806628,19.686,3.385719165206791,3.588,0.6170862727197991,142.758,216.802
Denmark,DNK,Europe,EU,2020,2020-2023,Pandemic,5831404.0,355631021931.621,28.3,4.853033677652929,0.07957685987653065,18.579,3.1860251836435958,3.166,0.5429224248568613,147.267,192.166
Denmark,DNK,Europe,EU,2021,2020-2023,Pandemic,5856733.0,406110162088.054,29.604,5.054695168791201,0.07289647677809444,18.827,3.2145907966096456,4.207,0.7183185574619844,154.306,191.85
Denmark,DNK,Europe,EU,2022,2020-2023,Post-Pandemic,5903037.0,400114306337.077,29.094,4.928649439263213,0.07271422075942895,19.869,3.3658945386925407,4.133,0.7001480763207142,149.794,194.229
Denmark,DNK,Europe,EU,2023,2020-2023,Post-Pandemic,5946952.0,404651706117.557,28.831,4.848029713372497,0.07124892732226412,21.139,3.5545940172377377,2.633,0.4427478143425405,147.702,195.198
Djibouti,DJI,Africa,AF,2010,2010-2014,Pre-Pandemic,930251.0,1128611700.3618,0.517,0.5557639819790573,0.4580849195824081,0.517,0.5557639819790573,,,142.57,3.624
Djibouti,DJI,Africa,AF,2011,2010-2014,Pre-Pandemic,948558.0,1239144501.77525,0.315,0.3320830144282163,0.2542076404718884,0.315,0.3320830144282163,,,115.116,2.737
Djibouti,DJI,Africa,AF,2012,2010-2014,Pre-Pandemic,966747.0,1353632941.5207,0.293,0.30307826142724004,0.2164545431871934,0.293,0.30307826142724004,,,81.174,3.611
Djibouti,DJI,Africa,AF,2013,2010-2014,Pre-Pandemic,984824.0,2044440443.16654,0.381,0.3868711566736798,0.1863590603842128,0.322,0.32696197493156137,,,102.165,3.727
Djibouti,DJI,Africa,AF,2014,2010-2014,Pre-Pandemic,1002717.0,2220637966.25047,0.418,0.4168673713520365,0.1882341950163942,0.352,0.35104620745434656,,,100.936,4.137
Djibouti,DJI,Africa,AF,2015,2015-2019,Pre-Pandemic,1020313.0,2424391785.43897,0.505,0.4949461586787584,0.2082996663464452,0.451,0.44202122289924756,,,138.379,3.649
Djibouti,DJI,Africa,AF,2016,2015-2019,Pre-Pandemic,1037653.0,2604955228.70117,0.428,0.4124692936848831,0.1643022479942585,0.377,0.36331991523177787,,,122.632,3.488
Djibouti,DJI,Africa,AF,2017,2015-2019,Pre-Pandemic,1054841.0,2762581334.22612,0.414,0.3924762120547078,0.1498598411821868,0.352,0.33369958126390614,,,131.036,3.157
Djibouti,DJI,Africa,AF,2018,2015-2019,Pre-Pandemic,1071882.0,2913464658.08768,0.472,0.4403469784920355,0.16200642718961558,0.385,0.35918132779541034,,,151.763,3.107
Djibouti,DJI,Africa,AF,2019,2015-2019,Pre-Pandemic,1088709.0,3088851450.30694,0.54,0.49600030862241423,0.1748222628013853,0.443,0.406903956888388,,,153.346,3.523
Djibouti,DJI,Africa,AF,2020,2020-2023,Pandemic,1105188.0,3144136196.6228,0.463,0.4189332493657188,0.14725825188403752,0.37,0.3347846701194729,,,147.649,3.136
Djibouti,DJI,Africa,AF,2021,2020-2023,Pandemic,1121248.0,3392796953.08939,0.558,0.49765975056365763,0.16446607554628348,0.41,0.36566397442849397,,,155.539,3.585
Djibouti,DJI,Africa,AF,2022,2020-2023,Post-Pandemic,1137096.0,3562814908.76149,0.55,0.4836882725820863,0.15437231910292856,0.364,0.32011369312705346,,,161.587,3.406
Djibouti,DJI,Africa,AF,2023,2020-2023,Post-Pandemic,1152944.0,3898447007.38798,0.558,0.48397840658349406,0.14313391946652845,0.372,0.32265227105566274,,,161.216,3.458
Dominica,DMA,North America,NA,2010,2010-2014,Pre-Pandemic,68859.0,519859259.259259,0.169,2.4542906519118777,0.3250879867770481,0.169,2.4542906519118777,,,229.427,0.735
Dominica,DMA,North America,NA,2011,2010-2014,Pre-Pandemic,69053.0,532081481.481481,0.15,2.1722445078418025,0.28191170942907684,0.15,2.1722445078418025,,,207.802,0.723
Dominica,DMA,North America,NA,2012,2010-2014,Pre-Pandemic,69118.0,520355555.555556,0.165,2.3872218524841577,0.3170908780321145,0.165,2.3872218524841577,,,232.089,0.71
Dominica,DMA,North America,NA,2013,2010-2014,Pre-Pandemic,69715.0,545325925.925926,0.158,2.2663702216165817,0.2897349868919708,0.158,2.2663702216165817,,,227.859,0.691
Dominica,DMA,North America,NA,2014,2010-2014,Pre-Pandemic,70373.0,572255555.555555,0.169,2.4014892075085617,0.29532260256684106,0.169,2.4014892075085617,,,231.9,0.727
Dominica,DMA,North America,NA,2015,2015-2019,Pre-Pandemic,70410.0,583177777.777778,0.176,2.49964493679875,0.30179476431810376,0.176,2.49964493679875,,,228.638,0.769
Dominica,DMA,North America,NA,2016,2015-2019,Pre-Pandemic,69606.0,612711111.111111,0.172,2.4710513461483203,0.2807195705788481,0.172,2.4710513461483203,,,218.958,0.786
Dominica,DMA,North America,NA,2017,2015-2019,Pre-Pandemic,68496.0,563355555.555555,0.154,2.2483064704508293,0.2733619975543374,0.154,2.2483064704508293,,,206.334,0.746
Dominica,DMA,North America,NA,2018,2015-2019,Pre-Pandemic,68174.0,628244444.444444,0.165,2.420277525156218,0.2626366241024373,0.165,2.420277525156218,,,227.286,0.725
Dominica,DMA,North America,NA,2019,2015-2019,Pre-Pandemic,67880.0,644259259.259259,0.172,2.53388332351208,0.26697326818051176,0.172,2.53388332351208,,,227.725,0.756
Dominica,DMA,North America,NA,2020,2020-2023,Pandemic,67573.0,528944444.444444,0.158,2.3382120077545765,0.2987081188950743,0.158,2.3382120077545765,,,228.812,0.689
Dominica,DMA,North America,NA,2021,2020-2023,Pandemic,67202.0,562911111.111111,0.161,2.395762030891938,0.2860131854249734,0.161,2.395762030891938,,,231.057,0.698
Dominica,DMA,North America,NA,2022,2020-2023,Post-Pandemic,66826.0,623062962.962963,0.165,2.4690988537395624,0.26482074815576573,0.165,2.4690988537395624,,,228.991,0.72
Dominica,DMA,North America,NA,2023,2020-2023,Post-Pandemic,66510.0,659311111.111111,0.165,2.480829950383401,0.25026121541002394,0.165,2.480829950383401,,,217.913,0.755
Dominican Republic,DOM,North America,NA,2010,2010-2014,Pre-Pandemic,9820175.0,53801053352.5005,20.445,2.0819384583268628,0.38001114710609624,15.616,1.5901956940685884,1.85,0.18838768148225465,239.45,85.384
Dominican Republic,DOM,North America,NA,2011,2010-2014,Pre-Pandemic,9945621.0,57948261615.957,20.922,2.103639380587698,0.3610462059872869,15.565,1.5650103698904272,2.217,0.22291217411160147,249.673,83.799
Dominican Republic,DOM,North America,NA,2012,2010-2014,Pre-Pandemic,10070411.0,60561635555.6383,20.903,2.0756848950852156,0.3451525013850774,15.67,1.5560437404193335,1.744,0.1731806179509456,225.25,92.798
Dominican Republic,DOM,North America,NA,2013,2010-2014,Pre-Pandemic,10193833.0,62555417414.582,20.842,2.0445694960865066,0.33317657944588536,15.133,1.4845250064426208,2.15,0.2109118326737352,237.179,87.873
Dominican Republic,DOM,North America,NA,2014,2010-2014,Pre-Pandemic,10315528.0,67014329099.5549,21.264,2.061358371573418,0.3173052731515182,14.66,1.4211584709963465,2.81,0.2724048638130787,249.513,85.223
Dominican Republic,DOM,North America,NA,2015,2015-2019,Pre-Pandemic,10434829.0,70966782572.4386,22.986,2.202815206650727,0.3238980149133474,16.57,1.5879512735666297,2.542,0.24360725029609973,240.84,95.441
Dominican Republic,DOM,North America,NA,2016,2015-2019,Pre-Pandemic,10551430.0,75552902635.7075,24.14,2.287841553230226,0.31951121873365396,17.852,1.6919033723391048,2.531,0.23987269971937453,240.022,100.576
Dominican Republic,DOM,North America,NA,2017,2015-2019,Pre-Pandemic,10666843.0,79070274743.1658,23.455,2.198869899931967,0.29663486153533647,16.448,1.5419745092338941,2.942,0.2758079405499828,239.295,98.018
Dominican Republic,DOM,North America,NA,2018,2015-2019,Pre-Pandemic,10782053.0,84994732049.3461,25.203,2.3374954658449556,0.2965242597078568,18.191,1.6871554981226673,2.891,0.26813075394825087,231.964,108.651
Dominican Republic,DOM,North America,NA,2019,2015-2019,Pre-Pandemic,10894043.0,89146130744.723,28.471,2.6134466331737447,0.31937448952808684,19.21,1.763349015604216,4.455,0.4089390871690152,234.52,121.401
Dominican Republic,DOM,North America,NA,2020,2020-2023,Pandemic,11008300.0,78546672406.8291,26.228,2.382565882107137,0.3339161188669229,14.911,1.3545234050670858,6.519,0.5921895297184852,263.063,99.701
Dominican Republic,DOM,North America,NA,2021,2020-2023,Pandemic,11123476.0,94850719516.7127,29.363,2.6397324001957663,0.309570661662996,17.283,1.5537409349379636,6.148,0.5527049278480936,247.031,118.863
Dominican Republic,DOM,North America,NA,2022,2020-2023,Post-Pandemic,11230734.0,113478103598.499,31.225,2.7803169409942394,0.2751632166014891,18.673,1.6626695993334006,7.43,0.6615774178250504,235.158,132.782
Dominican Republic,DOM,North America,NA,2023,2020-2023,Post-Pandemic,11331265.0,120456239153.739,31.829,2.808953810541012,0.2642370393066686,18.635,1.6445648389654641,7.678,0.6775942491857705,240.897,132.125
East Timor,TLS,Asia,AS,2010,2010-2014,Pre-Pandemic,1084679.0,881909300.0,0.313,0.28856463525153525,0.3549117806105458,0.236,0.21757589111617354,,,304.934,1.027
East Timor,TLS,Asia,AS,2011,2010-2014,Pre-Pandemic,1110207.0,1042534600.0,0.434,0.3909180900498736,0.41629313789681416,0.245,0.2206795669636383,,,407.22,1.065
East Timor,TLS,Asia,AS,2012,2010-2014,Pre-Pandemic,1134885.0,1160555000.0,0.591,0.5207576098018742,0.5092391140445734,0.291,0.2564136454354406,,,468.928,1.261
East Timor,TLS,Asia,AS,2013,2010-2014,Pre-Pandemic,1158695.0,1395727400.0,0.62,0.535084728940748,0.44421281691539477,0.353,0.30465307954207105,,,326.486,1.899
East Timor,TLS,Asia,AS,2014,2010-2014,Pre-Pandemic,1181903.0,1447535200.0,0.627,0.5305003879336968,0.4331500885090739,0.44,0.37228097398855914,,,287.773,2.179
East Timor,TLS,Asia,AS,2015,2015-2019,Pre-Pandemic,1205131.0,1590282400.0,0.59,0.48957333269163267,0.37100328847253794,0.429,0.35597789783849226,,,276.34,2.137
East Timor,TLS,Asia,AS,2016,2015-2019,Pre-Pandemic,1228312.0,1640464600.0,0.643,0.5234826330769381,0.39196213072808767,0.509,0.41438982929418583,,,307.706,2.09
East Timor,TLS,Asia,AS,2017,2015-2019,Pre-Pandemic,1251703.0,1584878400.0,0.693,0.5536457130804991,0.43725752082935826,0.553,0.4417980942763579,,,325.086,2.131
East Timor,TLS,Asia,AS,2018,2015-2019,Pre-Pandemic,1275959.0,1555988600.0,0.617,0.48355785726657363,0.3965324681684686,0.498,0.3902946724777207,,,274.887,2.245
East Timor,TLS,Asia,AS,2019,2015-2019,Pre-Pandemic,1300945.0,2032550400.0,0.675,0.5188536025735139,0.33209508605543064,0.605,0.46504656230663094,,,248.857,2.714
East Timor,TLS,Asia,AS,2020,2020-2023,Pandemic,1326053.0,2162619200.0,0.646,0.4871600154744946,0.2987118582873952,0.586,0.44191295521370566,,,248.437,2.601
East Timor,TLS,Asia,AS,2021,2020-2023,Pandemic,1350139.0,3625024300.0,0.62,0.4592119774334346,0.1710333362454977,0.572,0.42366008240633,,,243.483,2.547
East Timor,TLS,Asia,AS,2022,2020-2023,Post-Pandemic,1369295.0,3208599900.0,0.67,0.48930288944310757,0.20881381938583243,0.609,0.44475441741918287,,,247.411,2.706
East Timor,TLS,Asia,AS,2023,2020-2023,Post-Pandemic,1384286.0,2079767200.0,0.637,0.4601650237017495,0.306284280279062,0.606,0.4377708074776455,,,237.079,2.686
Ecuador,ECU,South America,SA,2010,2010-2014,Pre-Pandemic,15076695.0,68151329000.0,36.469,2.418898836913528,0.5351179578611005,30.331,2.011780433311147,,,234.993,155.194
Ecuador,ECU,South America,SA,2011,2010-2014,Pre-Pandemic,15326227.0,78986648000.0,38.48,2.5107288310423694,0.4871709456514726,32.873,2.1448853654588307,,,233.718,164.644
Ecuador,ECU,South America,SA,2012,2010-2014,Pre-Pandemic,15572194.0,87735048000.0,37.493,2.407688987178043,0.4273434716762223,32.148,2.0644489787373574,,,215.558,173.933
Ecuador,ECU,South America,SA,2013,2010-2014,Pre-Pandemic,15807128.0,96570334000.0,39.685,2.51057624130076,0.4109440068831076,33.973,2.14922027581481,,,221.075,179.509
Ecuador,ECU,South America,SA,2014,2010-2014,Pre-Pandemic,16035124.0,102717794000.0,43.76,2.7290091426795327,0.4260216102382417,37.614,2.3457255459951543,,,232.07,188.563
Ecuador,ECU,South America,SA,2015,2015-2019,Pre-Pandemic,16266225.0,97209558000.0,41.298,2.5388804101750715,0.42483476779104373,35.442,2.178870635319504,,,219.615,188.046
Ecuador,ECU,South America,SA,2016,2015-2019,Pre-Pandemic,16505139.0,97671433000.0,39.375,2.385620623976569,0.40313732266014773,33.474,2.028095613129947,,,210.105,187.404
Ecuador,ECU,South America,SA,2017,2015-2019,Pre-Pandemic,16759519.0,104467486000.0,39.196,2.3387306043807103,0.37519807837627106,33.387,1.9921216116047245,,,200.891,195.11
Ecuador,ECU,South America,SA,2018,2015-2019,Pre-Pandemic,17049547.0,107478961000.0,38.451,2.2552505353954566,0.35775373749658784,33.155,1.9446264466733338,,,186.312,206.38
Ecuador,ECU,South America,SA,2019,2015-2019,Pre-Pandemic,17340021.0,107595830000.0,40.083,2.311588895999607,0.37253302474640515,34.933,2.014588102286612,,,189.666,211.333
Ecuador,ECU,South America,SA,2020,2020-2023,Pandemic,17546065.0,95865473000.0,32.473,1.8507283541922364,0.338735093916451,27.465,1.5653082329285797,,,177.583,182.862
Ecuador,ECU,South America,SA,2021,2020-2023,Pandemic,17682454.0,107179074000.0,38.185,2.159485329355303,0.35627290454104876,32.668,1.8474811245090754,,,179.612,212.597
Ecuador,ECU,South America,SA,2022,2020-2023,Post-Pandemic,17823897.0,116133121000.0,42.066,2.3600899399272786,0.36222224665778163,36.448,2.0448951202983277,,,188.874,222.718
Ecuador,ECU,South America,SA,2023,2020-2023,Post-Pandemic,17980083.0,120792801000.0,44.6,2.480522475897358,0.36922730188200537,38.524,2.142593001378247,,,192.046,232.234
Egypt,EGY,Africa,AF,2010,2010-2014,Pre-Pandemic,89196072.0,218983666061.706,202.704,2.272566442163507,0.9256580805569369,95.594,1.071728808865036,4.126,0.0462576423768975,226.457,895.112
Egypt,EGY,Africa,AF,2011,2010-2014,Pre-Pandemic,91093059.0,235989672977.625,221.675,2.433500449249377,0.9393419517175982,106.393,1.167959460006717,1.7,0.018662234188446782,235.43,941.574
Egypt,EGY,Africa,AF,2012,2010-2014,Pre-Pandemic,93161001.0,279116666666.667,212.524,2.2812550071247086,0.7614163730817451,97.477,1.0463283879914516,1.803,0.01935359196065315,216.883,979.905
Egypt,EGY,Africa,AF,2013,2010-2014,Pre-Pandemic,95333553.0,288434108527.132,219.087,2.298110089319759,0.7595738282089867,103.374,1.0843401588106132,1.7,0.01783212674345621,225.104,973.269
Egypt,EGY,Africa,AF,2014,2010-2014,Pre-Pandemic,97528654.0,305595408895.265,227.254,2.3301254624102574,0.7436433708920198,118.497,1.2149967741787968,1.495,0.015328828387193778,236.238,961.972
Egypt,EGY,Africa,AF,2015,2015-2019,Pre-Pandemic,99597342.0,329366576819.407,226.654,2.2757033013993486,0.6881511845820206,111.266,1.1171583273778531,1.345,0.013504376452134636,232.202,976.108
Egypt,EGY,Africa,AF,2016,2015-2019,Pre-Pandemic,101644589.0,332441717791.411,245.164,2.411972958048952,0.7374646047095299,118.243,1.16329852049478,1.608,0.015819828835158162,237.963,1030.261
Egypt,EGY,Africa,AF,2017,2015-2019,Pre-Pandemic,103696057.0,248362771739.13,253.364,2.443333018920864,1.0201367871112466,108.447,1.0458160429378718,6.507,0.06275069841855221,236.624,1070.745
Egypt,EGY,Africa,AF,2018,2015-2019,Pre-Pandemic,105682094.0,262588632526.73,241.903,2.288968649693864,0.9212241888474577,97.802,0.9254358642817959,13.007,0.12307666803044232,225.794,1071.346
Egypt,EGY,Africa,AF,2019,2015-2019,Pre-Pandemic,107553158.0,318678815489.749,234.06,2.176226196909997,0.7344699070764842,76.284,0.7092678766345475,10.124,0.09413019746012478,223.216,1048.579
Egypt,EGY,Africa,AF,2020,2020-2023,Pandemic,109315124.0,383817841547.099,246.323,2.2533295575825356,0.6417705831680919,98.241,0.8986954083316047,5.401,0.04940761902259746,249.592,986.905
Egypt,EGY,Africa,AF,2021,2020-2023,Pandemic,110957008.0,424671765455.704,266.839,2.4048864042909304,0.6283417493358951,104.622,0.9429057423754613,8.702,0.07842677228643367,251.429,1061.291
Egypt,EGY,Africa,AF,2022,2020-2023,Post-Pandemic,112618250.0,476747720364.742,249.899,2.218992037258615,0.5241745043034742,109.147,0.969176843007239,7.762,0.06892310970912796,225.105,1110.143
Egypt,EGY,Africa,AF,2023,2020-2023,Post-Pandemic,114535772.0,395926071447.591,250.23,2.1847322948152827,0.6320119286035022,106.311,0.9281903648407765,8.639,0.07542621705994176,228.382,1095.667
El Salvador,SLV,North America,NA,2010,2010-2014,Pre-Pandemic,6068249.0,18447920000.0,6.287,1.0360484548343352,0.3407972280885867,5.808,0.9571129991534626,0.004,0.0006591687321993543,206.193,30.49
El Salvador,SLV,North America,NA,2011,2010-2014,Pre-Pandemic,6090127.0,20283780000.0,6.467,1.0618826175546092,0.31882617539728786,5.98,0.9819171258661765,0.004,0.0006568007530877435,211.006,30.647
El Salvador,SLV,North America,NA,2012,2010-2014,Pre-Pandemic,6113975.0,21386150000.0,6.436,1.0526703167742752,0.3009424323686124,5.932,0.9702362211163769,0.004,0.0006542388544277659,204.809,31.426
El Salvador,SLV,North America,NA,2013,2010-2014,Pre-Pandemic,6138839.0,21990960000.0,6.058,0.986831549092589,0.2754768322983626,5.625,0.9162970392284274,0.004,0.0006515890056735484,198.48,30.522
El Salvador,SLV,North America,NA,2014,2010-2014,Pre-Pandemic,6162955.0,22593470000.0,6.12,0.9930301292156116,0.2708747261930106,5.76,0.9346165922029286,0.004,0.0006490393001409227,194.096,31.532
El Salvador,SLV,North America,NA,2015,2015-2019,Pre-Pandemic,6183676.0,23438240000.0,6.637,1.0733097917808112,0.283169726054516,6.28,1.0155771421400475,0.004,0.0006468644217452531,197.199,33.657
El Salvador,SLV,North America,NA,2016,2015-2019,Pre-Pandemic,6200800.0,24191430000.0,6.572,1.0598632434524577,0.2716664537813598,6.254,1.008579538124113,0.004,0.0006450780544445878,192.584,34.125
El Salvador,SLV,North America,NA,2017,2015-2019,Pre-Pandemic,6213533.0,24979190000.0,5.942,0.9562997412261269,0.23787800965523703,5.621,0.9046383112474015,0.0,0.0,179.826,33.041
El Salvador,SLV,North America,NA,2018,2015-2019,Pre-Pandemic,6219807.0,26020850000.0,6.452,1.037331222656909,0.24795500531304704,6.064,0.9749498658077332,0.0,0.0,178.544,36.138
El Salvador,SLV,North America,NA,2019,2015-2019,Pre-Pandemic,6222318.0,26881140000.0,7.634,1.2268739720470732,0.28399093193220226,7.178,1.1535893858205255,0.0,0.0,189.423,40.302
El Salvador,SLV,North America,NA,2020,2020-2023,Pandemic,6234673.0,24921190000.0,6.135,0.9840131150422805,0.2461760453654099,5.778,0.9267526941669595,0.0,0.0,182.713,33.576
El Salvador,SLV,North America,NA,2021,2020-2023,Pandemic,6255782.0,29043140000.0,6.977,1.1152882245576972,0.2402288457790721,6.595,1.0542247156310753,0.0,0.0,178.063,39.181
El Salvador,SLV,North America,NA,2022,2020-2023,Post-Pandemic,6280319.0,31870110000.0,7.913,1.2599678455823662,0.24828907085667418,7.133,1.1357703326853301,0.0,0.0,183.326,43.162
El Salvador,SLV,North America,NA,2023,2020-2023,Post-Pandemic,6309624.0,33565430000.0,8.67,1.3740913880129784,0.2583014726759049,7.562,1.1984866293142031,0.0,0.0,178.041,48.696
Equatorial Guinea,GNQ,Africa,AF,2010,2010-2014,Pre-Pandemic,1189085.0,16314443436.2903,6.377,5.362947140027837,0.390880634384059,1.202,1.010861292506423,,,207.285,30.762
Equatorial Guinea,GNQ,Africa,AF,2011,2010-2014,Pre-Pandemic,1241835.0,21357343668.9447,6.067,4.885512165464816,0.2840709076017683,1.221,0.9832224087741125,,,183.42,33.077
Equatorial Guinea,GNQ,Africa,AF,2012,2010-2014,Pre-Pandemic,1293483.0,22388344143.9131,6.875,5.3151065765843075,0.307079431860045,1.26,0.974114078035815,,,214.353,32.073
Equatorial Guinea,GNQ,Africa,AF,2013,2010-2014,Pre-Pandemic,1346218.0,21948834283.7856,8.168,6.067367989434103,0.3721382144669978,1.253,0.9307556428453638,,,249.124,32.788
Equatorial Guinea,GNQ,Africa,AF,2014,2010-2014,Pre-Pandemic,1399828.0,21765453081.9826,7.641,5.458527761982187,0.35106092077289236,1.272,0.9086830667767755,,,249.618,30.612
Equatorial Guinea,GNQ,Africa,AF,2015,2015-2019,Pre-Pandemic,1453923.0,13185496881.0174,7.01,4.821438274241483,0.5316447353676902,1.276,0.8776255688918877,,,258.333,27.135
Equatorial Guinea,GNQ,Africa,AF,2016,2015-2019,Pre-Pandemic,1508186.0,11240808847.8878,7.538,4.99805726879841,0.6705923125288644,1.216,0.8062666010690989,,,281.305,26.796
Equatorial Guinea,GNQ,Africa,AF,2017,2015-2019,Pre-Pandemic,1562396.0,12200913878.9827,6.816,4.362530370021428,0.5586466774215368,1.124,0.719407883788745,,,183.446,37.153
Equatorial Guinea,GNQ,Africa,AF,2018,2015-2019,Pre-Pandemic,1616422.0,13097012133.6159,7.034,4.351586405035318,0.5370690603504856,1.066,0.6594812493272177,,,261.344,26.916
Equatorial Guinea,GNQ,Africa,AF,2019,2015-2019,Pre-Pandemic,1670177.0,11364133549.7478,5.514,3.30144649339561,0.4852107708750369,1.096,0.6562178739139624,,,206.526,26.697
Equatorial Guinea,GNQ,Africa,AF,2020,2020-2023,Pandemic,1716468.0,9893816007.7398,6.39,3.7227609253420395,0.645857977852144,0.971,0.5656965349776402,,,210.469,30.358
Equatorial Guinea,GNQ,Africa,AF,2021,2020-2023,Pandemic,1758786.0,12215878032.7166,7.088,4.030052547609544,0.5802284519390991,0.975,0.554359654898322,,,202.44,35.011
Equatorial Guinea,GNQ,Africa,AF,2022,2020-2023,Post-Pandemic,1803545.0,13687643435.6249,7.497,4.156813386968443,0.5477202876638004,0.953,0.5284037825504769,,,203.052,36.921
Equatorial Guinea,GNQ,Africa,AF,2023,2020-2023,Post-Pandemic,1847549.0,12541814272.8021,6.913,3.7417140221991407,0.5511961706362833,0.983,0.5320562539883922,,,191.777,36.049
Eritrea,ERI,Africa,AF,2010,2010-2014,Pre-Pandemic,2945186.0,1589515447.15447,0.468,0.15890337656093706,0.29442935004992093,0.451,0.15313124536107398,,,227.862,2.054
Eritrea,ERI,Africa,AF,2011,2010-2014,Pre-Pandemic,2998485.0,2065001626.01626,0.578,0.19276401249297562,0.2799029272994136,0.517,0.17242040563818062,,,276.091,2.093
Eritrea,ERI,Africa,AF,2012,2010-2014,Pre-Pandemic,3036988.0,,0.608,0.20019835442221043,,0.52,0.17122227680846944,,,273.384,2.225
Eritrea,ERI,Africa,AF,2013,2010-2014,Pre-Pandemic,3074360.0,,0.57,0.18540444190010277,,0.48,0.15613005633692867,,,250.912,2.27
Eritrea,ERI,Africa,AF,2014,2010-2014,Pre-Pandemic,3095173.0,,0.569,0.18383463541456327,,0.48,0.15508018453249625,,,240.064,2.371
Eritrea,ERI,Africa,AF,2015,2015-2019,Pre-Pandemic,3105546.0,,0.557,0.17935654471065635,,0.48,0.15456219292839327,,,237.017,2.352
Eritrea,ERI,Africa,AF,2016,2015-2019,Pre-Pandemic,3124698.0,,0.554,0.17729713399502928,,0.477,0.15265475255528693,,,231.53,2.394
Eritrea,ERI,Africa,AF,2017,2015-2019,Pre-Pandemic,3150347.0,,0.553,0.17553621870860575,,0.484,0.1536338695388159,,,210.402,2.63
Eritrea,ERI,Africa,AF,2018,2015-2019,Pre-Pandemic,3192760.0,,0.616,0.19293651887395233,,0.546,0.17101191445645775,,,235.447,2.617
Eritrea,ERI,Africa,AF,2019,2015-2019,Pre-Pandemic,3240194.0,,0.645,0.19906215492035353,,0.575,0.17745851020031517,,,249.235,2.586
Eritrea,ERI,Africa,AF,2020,2020-2023,Pandemic,3291271.0,,0.641,0.194757587570273,,0.579,0.17591988019218108,,,253.796,2.525
Eritrea,ERI,Africa,AF,2021,2020-2023,Pandemic,3350183.0,,0.682,0.20357096910825467,,0.612,0.1826765881147388,,,256.132,2.661
Eritrea,ERI,Africa,AF,2022,2020-2023,Post-Pandemic,3409447.0,,0.718,0.21059133636627875,,0.649,0.19035345028094,,,249.193,2.882
Eritrea,ERI,Africa,AF,2023,2020-2023,Post-Pandemic,3470390.0,,0.731,0.2106391500667072,,0.661,0.19046850642146848,,,241.91,3.022
Estonia,EST,Europe,EU,2010,2010-2014,Pre-Pandemic,1331475.0,19524355419.038,18.965,14.243602020315816,0.9713508893362709,3.053,2.2929457931992716,14.262,10.711429054244354,259.27,73.147
Estonia,EST,Europe,EU,2011,2010-2014,Pre-Pandemic,1327439.0,23303915794.7569,18.948,14.274102237466279,0.8130822376324871,3.145,2.369223745874575,14.182,10.683730099838863,259.695,72.963
Estonia,EST,Europe,EU,2012,2010-2014,Pre-Pandemic,1322696.0,23237406116.3988,17.761,13.427877607553059,0.7643279938833594,3.228,2.4404700702202167,12.602,9.527510478598257,241.692,73.488
Estonia,EST,Europe,EU,2013,2010-2014,Pre-Pandemic,1317997.0,25451032780.7573,19.634,14.896847261412583,0.7714421716844682,3.206,2.432478981363387,14.532,11.025821758319632,253.459,77.463
Estonia,EST,Europe,EU,2014,2010-2014,Pre-Pandemic,1314545.0,27055689003.0038,18.784,14.289354871837784,0.6942717296134853,3.23,2.4571239478298574,14.072,10.704844642062463,253.284,74.161
Estonia,EST,Europe,EU,2015,2015-2019,Pre-Pandemic,1315407.0,23311847750.9394,15.78,11.996287080728626,0.6769090193360632,3.333,2.533816529788879,11.271,8.568450677242861,229.935,68.626
Estonia,EST,Europe,EU,2016,2015-2019,Pre-Pandemic,1315790.0,24561027787.7896,17.433,13.24907470037012,0.7097830005577671,3.427,2.6045189581924166,12.763,9.699876120049552,246.356,70.763
Estonia,EST,Europe,EU,2017,2015-2019,Pre-Pandemic,1317384.0,27469461919.1189,18.616,14.131035446005113,0.6776980217090878,3.435,2.6074401996684338,13.877,10.533754774613932,237.194,78.484
Estonia,EST,Europe,EU,2018,2015-2019,Pre-Pandemic,1321977.0,31222632740.7247,17.801,13.465438506116218,0.5701312937900196,3.397,2.569636234215875,13.063,9.881412460277296,228.569,77.879
Estonia,EST,Europe,EU,2019,2015-2019,Pre-Pandemic,1326898.0,31873748770.0313,12.288,9.260696752877765,0.3855210157003422,3.255,2.4530898381036073,7.776,5.86028466393046,195.793,62.761
Estonia,EST,Europe,EU,2020,2020-2023,Pandemic,1329522.0,31820771493.8974,9.198,6.918275891636243,0.2890564737490414,3.029,2.278262413107869,5.277,3.96909565994395,156.61,58.733
Estonia,EST,Europe,EU,2021,2020-2023,Pandemic,1330932.0,37201101170.5847,10.391,7.80731096705166,0.2793196887466404,2.929,2.2007134849864607,6.458,4.8522388822268905,169.112,61.444
Estonia,EST,Europe,EU,2022,2020-2023,Post-Pandemic,1348840.0,38226641740.29,11.966,8.871326473117643,0.31302775905078034,3.133,2.322736573648468,8.086,5.994780700453723,189.021,63.306
Estonia,EST,Europe,EU,2023,2020-2023,Post-Pandemic,1370286.0,41470344395.1086,8.744,6.381149628617676,0.21084946671027285,3.131,2.2849244610249246,4.974,3.629899159737456,155.378,56.277
Eswatini,SWZ,Africa,AF,2010,2010-2014,Pre-Pandemic,1111650.0,4360714358.88708,0.997,0.8968650204650744,0.22863226479581877,0.628,0.5649260108847209,0.369,0.33193900958035355,160.695,6.202
Eswatini,SWZ,Africa,AF,2011,2010-2014,Pre-Pandemic,1117833.0,4722912047.32265,0.96,0.8588044904739796,0.20326442465601494,0.63,0.5635904468735491,0.33,0.29521404360043046,168.556,5.695
Eswatini,SWZ,Africa,AF,2012,2010-2014,Pre-Pandemic,1123863.0,4747813067.26006,1.11,0.9876648666252026,0.23379184990545038,0.652,0.5801418856212901,0.458,0.4075229810039124,201.999,5.496
Eswatini,SWZ,Africa,AF,2013,2010-2014,Pre-Pandemic,1129990.0,4463396204.01995,1.315,1.1637271126293154,0.2946187028647933,0.718,0.6354038531314437,0.597,0.5283232594978716,247.786,5.309
Eswatini,SWZ,Africa,AF,2014,2010-2014,Pre-Pandemic,1136299.0,4285065665.03168,0.762,0.6705981436224092,0.17782691318322338,0.714,0.6283557408745409,0.048,0.0422424027478683,138.761,5.492
Eswatini,SWZ,Africa,AF,2015,2015-2019,Pre-Pandemic,1142813.0,3908217914.21824,0.85,0.7437787284533866,0.21749043135687723,0.729,0.6378996388735515,0.121,0.10587908957983502,150.608,5.644
Eswatini,SWZ,Africa,AF,2016,2015-2019,Pre-Pandemic,1149507.0,3722306116.72872,1.022,0.8890767955306057,0.2745609758979645,0.806,0.7011701538137654,0.216,0.18790664171684035,174.015,5.875
Eswatini,SWZ,Africa,AF,2017,2015-2019,Pre-Pandemic,1158195.0,4462640651.49219,0.971,0.8383735035982715,0.2175841784785703,0.828,0.714905521091008,0.143,0.12346798250726346,159.387,6.092
Eswatini,SWZ,Africa,AF,2018,2015-2019,Pre-Pandemic,1168929.0,4643751059.28203,1.015,0.868316210822043,0.2185733014200225,0.872,0.7459820057505632,0.143,0.12233420507147996,158.963,6.385
Eswatini,SWZ,Africa,AF,2019,2015-2019,Pre-Pandemic,1179874.0,4617018958.69086,1.099,0.9314553926944742,0.23803237756502904,0.923,0.782286922162875,0.176,0.14916847053159912,159.318,6.899
Eswatini,SWZ,Africa,AF,2020,2020-2023,Pandemic,1192729.0,4134677809.50096,0.989,0.8291908723607794,0.2391963885861686,0.847,0.7101361667235391,0.142,0.11905470563724031,144.559,6.843
Eswatini,SWZ,Africa,AF,2021,2020-2023,Pandemic,1206593.0,4807069277.20114,0.989,0.8196632998865401,0.20573866174357147,0.828,0.686229739439894,0.161,0.13343356044664606,148.549,6.66
Eswatini,SWZ,Africa,AF,2022,2020-2023,Post-Pandemic,1218917.0,4746660273.50829,1.028,0.843371615950881,0.21657332540468457,0.849,0.6965199435236361,0.18,0.1476720728318663,164.597,6.247
Eswatini,SWZ,Africa,AF,2023,2020-2023,Post-Pandemic,1230506.0,4621191261.84214,1.03,0.8370540249295818,0.2228862519724865,0.857,0.6964614556938366,0.172,0.13977989542513405,149.812,6.873
Ethiopia,ETH,Africa,AF,2010,2010-2014,Pre-Pandemic,90538514.0,29933790334.3418,6.344,0.07006962804801502,0.2119344035333137,5.58,0.061631230218777394,0.132,0.0014579430804441964,194.156,32.676
Ethiopia,ETH,Africa,AF,2011,2010-2014,Pre-Pandemic,93149970.0,31952763089.33,7.355,0.07895869424327244,0.23018353622307106,6.163,0.06616212544137158,0.396,0.004251209098618067,206.049,35.695
Ethiopia,ETH,Africa,AF,2012,2010-2014,Pre-Pandemic,95798767.0,43310721414.0829,7.988,0.08338311911676274,0.18443470205976814,6.108,0.06375864941977802,0.524,0.005469799000648933,203.921,39.174
Ethiopia,ETH,Africa,AF,2013,2010-2014,Pre-Pandemic,98438751.0,47648276605.0123,9.744,0.09898540870352977,0.20449847705457186,7.317,0.07433048393716414,0.678,0.006887531516932798,212.196,45.918
Ethiopia,ETH,Africa,AF,2014,2010-2014,Pre-Pandemic,101115610.0,55612228233.5179,11.543,0.11415645912634063,0.2075622640317611,8.496,0.08402263508077536,0.946,0.009355627682016653,218.956,52.719
Ethiopia,ETH,Africa,AF,2015,2015-2019,Pre-Pandemic,103867135.0,62103418181.8182,12.564,0.12096222736864745,0.2023077049191846,8.668,0.08345276877041038,0.99,0.00953140760068139,226.835,55.387
Ethiopia,ETH,Africa,AF,2016,2015-2019,Pre-Pandemic,106718162.0,68475871209.607,14.323,0.1342133309979608,0.20916856911767948,9.784,0.09168073940403884,1.245,0.011666242902496765,224.565,63.782
Ethiopia,ETH,Africa,AF,2017,2015-2019,Pre-Pandemic,109666481.0,76366081766.6667,14.603,0.1331582801494287,0.19122363832439174,9.861,0.08991808536283753,1.212,0.011051690443135491,229.139,63.728
Ethiopia,ETH,Africa,AF,2018,2015-2019,Pre-Pandemic,112664152.0,83337901071.9697,16.117,0.1430534887441393,0.19339339955396206,11.036,0.09795484902775463,1.392,0.012355305350365572,232.855,69.216
Ethiopia,ETH,Africa,AF,2019,2015-2019,Pre-Pandemic,115737383.0,91834517113.6386,17.177,0.14841358560872248,0.1870429609679844,12.311,0.1063701258909578,1.495,0.01291717473860628,215.646,79.654
Ethiopia,ETH,Africa,AF,2020,2020-2023,Pandemic,118917671.0,98676811061.9985,16.735,0.14072761314001853,0.16959404970520808,11.237,0.09449394615203993,1.7,0.014295604561579415,243.47,68.735
Ethiopia,ETH,Africa,AF,2021,2020-2023,Pandemic,122138588.0,109070960370.972,17.906,0.1466039545176337,0.16416835369467855,11.917,0.09756949212479843,2.308,0.0188965669064391,230.323,77.741
Ethiopia,ETH,Africa,AF,2022,2020-2023,Post-Pandemic,125384287.0,123140304665.399,16.96,0.13526415794030078,0.1377290729147072,11.56,0.09219656048289368,2.455,0.01957980588109896,207.674,81.665
Ethiopia,ETH,Africa,AF,2023,2020-2023,Post-Pandemic,128691692.0,135874093203.18,17.571,0.13653562034136593,0.12931825034316968,11.787,0.09159099407908942,2.838,0.022052705624540238,198.961,88.312
Faroe Islands,FRO,Europe,EU,2010,2010-2014,Pre-Pandemic,48656.0,2331796784.36009,0.627,12.88638605721802,0.26889135631605493,0.627,12.88638605721802,,,205.819,3.044
Faroe Islands,FRO,Europe,EU,2011,2010-2014,Pre-Pandemic,48542.0,2505740669.27039,0.564,11.618804334390838,0.22508314883368313,0.564,11.618804334390838,,,197.575,2.856
Faroe Islands,FRO,Europe,EU,2012,2010-2014,Pre-Pandemic,48290.0,2427200388.91831,0.594,12.300683371298405,0.24472639453750172,0.594,12.300683371298405,,,203.174,2.921
Faroe Islands,FRO,Europe,EU,2013,2010-2014,Pre-Pandemic,48245.0,2690110520.92548,0.649,13.452171209451757,0.24125402839461194,0.649,13.452171209451757,,,202.911,3.196
Faroe Islands,FRO,Europe,EU,2014,2010-2014,Pre-Pandemic,48427.0,2914012679.27277,0.597,12.327833646519503,0.20487213533641493,0.597,12.327833646519503,,,205.323,2.909
Faroe Islands,FRO,Europe,EU,2015,2015-2019,Pre-Pandemic,48898.0,2573905971.05459,0.608,12.434046382265123,0.23621686527689587,0.608,12.434046382265123,,,197.162,3.085
Faroe Islands,FRO,Europe,EU,2016,2015-2019,Pre-Pandemic,49463.0,2813278868.78208,0.627,12.676141762529568,0.22287161324729948,0.627,12.676141762529568,,,200.236,3.129
Faroe Islands,FRO,Europe,EU,2017,2015-2019,Pre-Pandemic,50179.0,2980057377.87967,0.703,14.009844755774328,0.23590149814504208,0.703,14.009844755774328,,,199.093,3.533
Faroe Islands,FRO,Europe,EU,2018,2015-2019,Pre-Pandemic,50997.0,3188600927.46688,0.725,14.2165225405416,0.2273724484474643,0.725,14.2165225405416,,,199.255,3.641
Faroe Islands,FRO,Europe,EU,2019,2015-2019,Pre-Pandemic,51790.0,3266432734.22819,0.74,14.28847267812319,0.22654683571031844,0.74,14.28847267812319,,,218.693,3.384
Faroe Islands,FRO,Europe,EU,2020,2020-2023,Pandemic,52561.0,3271813311.5831,0.758,14.421339015619946,0.23167581026596962,0.758,14.421339015619946,,,211.356,3.588
Faroe Islands,FRO,Europe,EU,2021,2020-2023,Pandemic,53291.0,3699551717.10561,0.784,14.711677393931433,0.21191756730282232,0.784,14.711677393931433,,,210.513,3.725
Faroe Islands,FRO,Europe,EU,2022,2020-2023,Post-Pandemic,53903.0,3615241800.50058,0.723,13.412982579819305,0.1999866232736883,0.723,13.412982579819305,,,207.388,3.486
Faroe Islands,FRO,Europe,EU,2023,2020-2023,Post-Pandemic,54398.0,3943131022.2291,0.714,13.12548255450568,0.18107437870435436,0.714,13.12548255450568,,,199.214,3.582
Fiji,FJI,Oceania,OC,2010,2010-2014,Pre-Pandemic,910419.0,3140166712.79624,1.03,1.13134721485382,0.32800806269384686,1.026,1.126953633436912,0.0,0.0,138.467,7.436
Fiji,FJI,Oceania,OC,2011,2010-2014,Pre-Pandemic,912989.0,3779411899.37483,0.931,1.019727510408121,0.24633462157273756,0.931,1.019727510408121,0.0,0.0,169.586,5.488
Fiji,FJI,Oceania,OC,2012,2010-2014,Pre-Pandemic,914918.0,3972028104.47328,0.909,0.9935316607608551,0.22885034448177452,0.909,0.9935316607608551,0.0,0.0,165.955,5.475
Fiji,FJI,Oceania,OC,2013,2010-2014,Pre-Pandemic,916352.0,4189967998.51424,1.037,1.131661195697723,0.24749592368431442,1.037,1.131661195697723,0.0,0.0,173.148,5.989
Fiji,FJI,Oceania,OC,2014,2010-2014,Pre-Pandemic,917585.0,4857104768.86844,1.18,1.2859844047145497,0.24294308155821492,1.18,1.2859844047145497,0.0,0.0,178.764,6.6
Fiji,FJI,Oceania,OC,2015,2015-2019,Pre-Pandemic,918578.0,4682479893.97558,1.462,1.5915904800681053,0.3122277154635497,1.462,1.5915904800681053,0.0,0.0,189.545,7.713
Fiji,FJI,Oceania,OC,2016,2015-2019,Pre-Pandemic,919166.0,4930213644.36653,1.345,1.4632830196069044,0.27280765034124915,1.345,1.4632830196069044,0.0,0.0,170.764,7.875
Fiji,FJI,Oceania,OC,2017,2015-2019,Pre-Pandemic,918759.0,5353469174.47838,1.455,1.5836579560036963,0.2717863786227496,1.455,1.5836579560036963,0.0,0.0,180.999,8.037
Fiji,FJI,Oceania,OC,2018,2015-2019,Pre-Pandemic,917180.0,5581425327.44397,1.48,1.6136418151289824,0.26516524241985523,1.48,1.6136418151289824,0.0,0.0,168.135,8.804
Fiji,FJI,Oceania,OC,2019,2015-2019,Pre-Pandemic,914899.0,5344907153.46698,1.509,1.6493623886352482,0.28232482935109277,1.509,1.6493623886352482,,,167.675,9.002
Fiji,FJI,Oceania,OC,2020,2020-2023,Pandemic,914963.0,4227719873.3865,1.37,1.497328307264884,0.32405174444601953,1.37,1.497328307264884,,,203.132,6.746
Fiji,FJI,Oceania,OC,2021,2020-2023,Pandemic,916711.0,4158873156.17978,1.088,1.1868516904455166,0.261609325204668,1.088,1.1868516904455166,,,184.045,5.913
Fiji,FJI,Oceania,OC,2022,2020-2023,Post-Pandemic,919422.0,4977861885.60316,1.389,1.5107317423337705,0.2790354638036923,1.389,1.5107317423337705,,,177.471,7.825
Fiji,FJI,Oceania,OC,2023,2020-2023,Post-Pandemic,924145.0,5476673518.13788,1.382,1.495436322222162,0.2523429588094002,1.382,1.495436322222162,,,139.33,9.92
Finland,FIN,Europe,EU,2010,2010-2014,Pre-Pandemic,5363352.0,249429613683.334,64.092,11.949989484188247,0.25695425275913175,25.13,4.685502648343797,29.144,5.433915208250363,172.62,371.291
Finland,FIN,Europe,EU,2011,2010-2014,Pre-Pandemic,5388272.0,275126915515.565,56.646,10.512832314330085,0.20589043385250075,23.764,4.410319300881619,24.082,4.469336366092877,161.881,349.923
Finland,FIN,Europe,EU,2012,2010-2014,Pre-Pandemic,5413971.0,257443384492.969,51.154,9.4485175483947,0.19869999806266944,23.67,4.372021941011505,19.595,3.619339667685697,150.25,340.459
Finland,FIN,Europe,EU,2013,2010-2014,Pre-Pandemic,5438972.0,270268036626.275,51.719,9.50896603255174,0.19136188150697495,22.84,4.199322960294703,21.359,3.9270288576591312,151.313,341.801
Finland,FIN,Europe,EU,2014,2010-2014,Pre-Pandemic,5461512.0,273478528954.901,47.622,8.719563373659163,0.17413432850464572,21.542,3.9443289697065573,19.326,3.538580524953529,144.387,329.823
Finland,FIN,Europe,EU,2015,2015-2019,Pre-Pandemic,5479531.0,233210733506.25,44.192,8.064923804610284,0.18949385105731278,21.384,3.9025237743887207,16.843,3.0738032141801916,134.366,328.893
Finland,FIN,Europe,EU,2016,2015-2019,Pre-Pandemic,5495303.0,238777818792.608,47.252,8.598615945290005,0.19789107815345708,22.939,4.174292118196212,18.66,3.395627138303384,141.438,334.083
Finland,FIN,Europe,EU,2017,2015-2019,Pre-Pandemic,5508214.0,253846138440.0,44.657,8.107346591835393,0.1759215258283525,22.213,4.032704611694462,17.088,3.1022759827414115,136.476,327.216
Finland,FIN,Europe,EU,2018,2015-2019,Pre-Pandemic,5515525.0,273869255596.078,45.736,8.292229660821047,0.16699939502320307,22.044,3.996718354100471,17.924,3.2497359725502104,136.999,333.841
Finland,FIN,Europe,EU,2019,2015-2019,Pre-Pandemic,5521606.0,267014821129.411,42.444,7.686893994247326,0.15895746842992342,21.648,3.920598463562956,15.257,2.7631453602448275,129.802,326.992
Finland,FIN,Europe,EU,2020,2020-2023,Pandemic,5529543.0,270000311606.226,37.72,6.821540224933598,0.1397035424722458,20.261,3.664136439485144,11.853,2.1435767838318647,120.147,313.95
Finland,FIN,Europe,EU,2021,2020-2023,Pandemic,5541017.0,294223210496.119,37.82,6.825461824065871,0.12854186430848857,19.468,3.513434447142104,12.711,2.293983216438426,117.975,320.577
Finland,FIN,Europe,EU,2022,2020-2023,Post-Pandemic,5556106.0,280253099309.34,36.337,6.540012015609493,0.12965779893085733,20.124,3.6219611360906363,12.579,2.263995683307698,113.471,320.232
Finland,FIN,Europe,EU,2023,2020-2023,Post-Pandemic,5583911.0,295191741637.26,31.799,5.6947540890247,0.10772320331059775,18.806,3.367890354985959,9.391,1.681796146106197,95.166,334.142
France,FRA,Europe,EU,2010,2010-2014,Pre-Pandemic,65026211.0,2646230027988.34,377.079,5.7988770097645705,0.14249668245456912,215.854,3.3194921967696995,49.071,0.7546341582165997,125.642,3001.231
France,FRA,Europe,EU,2011,2010-2014,Pre-Pandemic,65340830.0,2870408553990.28,355.127,5.434993709140212,0.12372001870825061,208.907,3.197189261293436,42.169,0.6453698246563443,122.554,2897.71
France,FRA,Europe,EU,2012,2010-2014,Pre-Pandemic,65657659.0,2683007095787.23,358.1,5.454047638219937,0.13346964328282132,205.354,3.127647301588989,46.931,0.7147833278673551,123.702,2894.858
France,FRA,Europe,EU,2013,2010-2014,Pre-Pandemic,65997932.0,2816077607875.26,360.013,5.454913344860564,0.12784200229184417,204.287,3.0953545635339,49.664,0.7525084270822304,123.079,2925.053
France,FRA,Europe,EU,2014,2010-2014,Pre-Pandemic,66312067.0,2861236112552.42,327.809,4.943429074530282,0.11456901391740501,197.641,2.9804680948944027,39.548,0.5963922071679654,117.167,2797.782
France,FRA,Europe,EU,2015,2015-2019,Pre-Pandemic,66548272.0,2442483452642.5,332.131,4.99082831181552,0.1359808598255479,199.231,2.993781716826547,38.024,0.5713747157852573,117.634,2823.427
France,FRA,Europe,EU,2016,2015-2019,Pre-Pandemic,66724104.0,2470407619777.13,335.496,5.028107983285921,0.1358059282663106,196.896,2.950897624642513,36.016,0.5397749514927919,121.267,2766.597
France,FRA,Europe,EU,2017,2015-2019,Pre-Pandemic,66918020.0,2588868323334.71,338.368,5.056455645280598,0.13070112409740084,195.911,2.92762696804239,39.997,0.5977014860870061,122.765,2756.229
France,FRA,Europe,EU,2018,2015-2019,Pre-Pandemic,67158348.0,2781576320884.39,323.102,4.81104746650409,0.11615787694700792,189.446,2.8208853499493465,35.126,0.5230325200971293,115.789,2790.429
France,FRA,Europe,EU,2019,2015-2019,Pre-Pandemic,67382061.0,2722793515171.76,316.321,4.6944393701463065,0.11617517018364347,187.285,2.779448969362929,29.426,0.43670376897495017,115.811,2731.347
France,FRA,Europe,EU,2020,2020-2023,Pandemic,67601110.0,2647926055110.05,281.515,4.164354697726117,0.10631528001196394,165.543,2.4488207368192625,23.854,0.3528640284161014,115.174,2444.265
France,FRA,Europe,EU,2021,2020-2023,Pandemic,67842811.0,2966433692008.09,307.272,4.529175537847333,0.10358296591217453,179.122,2.6402502691110485,30.472,0.4491559171980654,118.292,2597.561
France,FRA,Europe,EU,2022,2020-2023,Post-Pandemic,68184457.0,2794788137066.94,295.304,4.330957713720592,0.10566239210887525,179.255,2.628971585122398,26.199,0.3842371289984754,128.048,2306.192
France,FRA,Europe,EU,2023,2020-2023,Post-Pandemic,68372286.0,3056250648138.29,270.263,3.9528150338574317,0.08842959269869774,172.229,2.51898846851486,19.542,0.2858175606414564,112.305,2406.514
French Polynesia,PYF,Oceania,OC,2010,2010-2014,Pre-Pandemic,270580.0,6086644798.55982,0.923,3.4111907753714243,0.15164348020084792,0.923,3.4111907753714243,,,200.025,4.616
French Polynesia,PYF,Oceania,OC,2011,2010-2014,Pre-Pandemic,271727.0,6203940036.91982,0.883,3.2495850614771444,0.14232890626686306,0.883,3.2495850614771444,,,200.58,4.402
French Polynesia,PYF,Oceania,OC,2012,2010-2014,Pre-Pandemic,273084.0,5692858099.00217,0.876,3.2078041921167113,0.15387701305141316,0.876,3.2078041921167113,,,204.792,4.276
French Polynesia,PYF,Oceania,OC,2013,2010-2014,Pre-Pandemic,274728.0,6031827122.60663,0.883,3.214088116245887,0.14639013719252866,0.883,3.214088116245887,,,206.036,4.286
French Polynesia,PYF,Oceania,OC,2014,2010-2014,Pre-Pandemic,276387.0,6151996560.84289,0.85,3.075397902216819,0.13816652717431638,0.85,3.075397902216819,,,201.567,4.217
French Polynesia,PYF,Oceania,OC,2015,2015-2019,Pre-Pandemic,277866.0,5325846361.81186,0.846,3.0446330245514024,0.1588479919484928,0.846,3.0446330245514024,,,192.122,4.405
French Polynesia,PYF,Oceania,OC,2016,2015-2019,Pre-Pandemic,279178.0,5497036476.8031,0.868,3.109127510047353,0.1579032636335717,0.868,3.109127510047353,,,199.617,4.35
French Polynesia,PYF,Oceania,OC,2017,2015-2019,Pre-Pandemic,280087.0,5833352692.7995,0.876,3.127599638683695,0.15017093018930705,0.876,3.127599638683695,,,206.681,4.237
French Polynesia,PYF,Oceania,OC,2018,2015-2019,Pre-Pandemic,279815.0,6135116253.33452,0.879,3.141361256544503,0.1432735686992486,0.879,3.141361256544503,,,225.776,3.895
French Polynesia,PYF,Oceania,OC,2019,2015-2019,Pre-Pandemic,279034.0,6022276196.13871,0.89,3.189575463921959,0.14778465334596236,0.89,3.189575463921959,,,226.248,3.935
French Polynesia,PYF,Oceania,OC,2020,2020-2023,Pandemic,279209.0,5574821989.38239,0.832,2.979846638181434,0.14924243349556235,0.832,2.979846638181434,,,225.282,3.692
French Polynesia,PYF,Oceania,OC,2021,2020-2023,Pandemic,279792.0,5994931236.42282,0.868,3.1023045691084805,0.14478898352100802,0.868,3.1023045691084805,,,224.206,3.873
French Polynesia,PYF,Oceania,OC,2022,2020-2023,Post-Pandemic,280378.0,5622688338.06317,0.887,3.16358630135032,0.15775371969230328,0.887,3.16358630135032,,,166.483,5.326
French Polynesia,PYF,Oceania,OC,2023,2020-2023,Post-Pandemic,281118.0,6137447782.87066,0.882,3.137472520436258,0.14370794362790706,0.882,3.137472520436258,,,160.243,5.507
Gabon,GAB,Africa,AF,2010,2010-2014,Pre-Pandemic,1719879.0,14372593020.2885,5.528,3.2141796021696876,0.3846209234615228,1.656,0.9628584336456227,,,392.219,14.095
Gabon,GAB,Africa,AF,2011,2010-2014,Pre-Pandemic,1781985.0,18210307743.5816,5.447,3.056703619839673,0.2991163069124874,1.817,1.0196494358818957,,,373.154,14.597
Gabon,GAB,Africa,AF,2012,2010-2014,Pre-Pandemic,1846889.0,17170464016.0593,5.016,2.715918498621195,0.29212955429210324,1.699,0.9199253447283513,,,269.639,18.603
Gabon,GAB,Africa,AF,2013,2010-2014,Pre-Pandemic,1913059.0,17595744798.3398,5.19,2.712932533706488,0.2949576763860367,1.85,0.9670376083539504,,,276.644,18.762
Gabon,GAB,Africa,AF,2014,2010-2014,Pre-Pandemic,1978399.0,18203966895.8433,5.663,2.8624155188109173,0.31108604143271057,1.795,0.9072992859377709,,,284.265,19.923
Gabon,GAB,Africa,AF,2015,2015-2019,Pre-Pandemic,2040989.0,14383107762.6952,5.772,2.8280407194747252,0.40130409194114286,1.744,0.8544877017955511,,,304.944,18.928
Gabon,GAB,Africa,AF,2016,2015-2019,Pre-Pandemic,2100306.0,14023890265.3665,5.613,2.672467726131335,0.40024557336004724,1.649,0.7851236915001909,,,301.982,18.587
Gabon,GAB,Africa,AF,2017,2015-2019,Pre-Pandemic,2156900.0,14929487485.1623,5.501,2.550419583661737,0.36846542826518186,1.627,0.7543233344151329,,,275.634,19.956
Gabon,GAB,Africa,AF,2018,2015-2019,Pre-Pandemic,2212318.0,16867326401.9626,5.563,2.514557129671232,0.32980923398462936,1.85,0.8362269800272836,,,333.763,16.669
Gabon,GAB,Africa,AF,2019,2015-2019,Pre-Pandemic,2267706.0,16874405465.391,5.607,2.472542737021466,0.33227837339216615,1.797,0.792430764834595,,,340.498,16.468
Gabon,GAB,Africa,AF,2020,2020-2023,Pandemic,2322539.0,15342236163.9943,5.636,2.4266546223766317,0.3673519257399233,1.74,0.7491800998820687,,,353.781,15.931
Gabon,GAB,Africa,AF,2021,2020-2023,Pandemic,2376722.0,19444935097.2333,5.545,2.3330452614988206,0.2851642328592274,1.974,0.8305556981422312,,,355.396,15.603
Gabon,GAB,Africa,AF,2022,2020-2023,Post-Pandemic,2430747.0,20440655695.229,5.783,2.3791040367426146,0.28291656032099766,1.759,0.7236458586599099,,,347.605,16.637
Gabon,GAB,Africa,AF,2023,2020-2023,Post-Pandemic,2484789.0,19388372070.9778,5.321,2.14142931250903,0.27444284546018877,1.814,0.7300418667339561,,,320.365,16.609
Gambia,GMB,Africa,AF,2010,2010-2014,Pre-Pandemic,1926630.0,1543294926.87301,0.432,0.22422572055869575,0.2799205728455992,0.432,0.22422572055869575,,,215.9,2.003
Gambia,GMB,Africa,AF,2011,2010-2014,Pre-Pandemic,1983784.0,1409693596.93594,0.443,0.22331060236396705,0.31425268651492005,0.443,0.22331060236396705,,,210.62,2.105
Gambia,GMB,Africa,AF,2012,2010-2014,Pre-Pandemic,2043094.0,1415004738.26621,0.451,0.22074363685664977,0.31872684790625183,0.451,0.22074363685664977,,,219.519,2.053
Gambia,GMB,Africa,AF,2013,2010-2014,Pre-Pandemic,2103820.0,1375609453.43746,0.429,0.20391478358414694,0.31186177074313326,0.429,0.20391478358414694,,,209.81,2.043
Gambia,GMB,Africa,AF,2014,2010-2014,Pre-Pandemic,2164528.0,1229461721.40861,0.506,0.23376920973071266,0.41156222368620743,0.506,0.23376920973071266,,,223.777,2.26
Gambia,GMB,Africa,AF,2015,2015-2019,Pre-Pandemic,2224529.0,1378176608.93204,0.583,0.26207794998401907,0.42302270712007756,0.583,0.26207794998401907,,,251.893,2.313
Gambia,GMB,Africa,AF,2016,2015-2019,Pre-Pandemic,2283769.0,1484578885.97132,0.59,0.2583448676289064,0.3974190968060137,0.59,0.2583448676289064,,,253.009,2.332
Gambia,GMB,Africa,AF,2017,2015-2019,Pre-Pandemic,2342189.0,1504909462.69521,0.597,0.25488976337947106,0.39670160551107564,0.597,0.25488976337947106,,,251.816,2.372
Gambia,GMB,Africa,AF,2018,2015-2019,Pre-Pandemic,2399632.0,1670671327.81651,0.649,0.27045813691432685,0.3884665937543879,0.649,0.27045813691432685,,,335.666,1.932
Gambia,GMB,Africa,AF,2019,2015-2019,Pre-Pandemic,2456844.0,1813609692.49994,0.711,0.2893956637051437,0.39203584042382017,0.711,0.2893956637051437,,,359.606,1.977
Gambia,GMB,Africa,AF,2020,2020-2023,Pandemic,2515733.0,1812170891.19069,0.7,0.27824892387228695,0.38627703568291166,0.7,0.27824892387228695,,,393.398,1.779
Gambia,GMB,Africa,AF,2021,2020-2023,Pandemic,2576010.0,2014158842.14596,0.725,0.2814430068206257,0.3599517499958235,0.725,0.2814430068206257,,,355.548,2.04
Gambia,GMB,Africa,AF,2022,2020-2023,Post-Pandemic,2636470.0,2204734527.88096,0.808,0.3064703941254784,0.366484032332271,0.808,0.3064703941254784,,,384.846,2.1
Gambia,GMB,Africa,AF,2023,2020-2023,Post-Pandemic,2697845.0,2382262185.38179,0.773,0.2865249856830174,0.32448149693318334,0.773,0.2865249856830174,,,346.155,2.232
Georgia,GEO,Europe,EU,2010,2010-2014,Pre-Pandemic,3786695.0,12426907967.1578,6.29,1.661079120446722,0.5061596993092246,2.759,0.7286037032293332,0.799,0.21100194232701605,159.217,39.505
Georgia,GEO,Europe,EU,2011,2010-2014,Pre-Pandemic,3756441.0,15475290469.2869,7.814,2.0801604497448514,0.5049339794628145,2.711,0.7216937521446497,1.059,0.281915781453775,203.557,38.388
Georgia,GEO,Europe,EU,2012,2010-2014,Pre-Pandemic,3728874.0,16894392033.2256,8.294,2.2242639467034824,0.4909321379359782,2.727,0.7313199641500356,1.177,0.3156448836833854,197.927,41.902
Georgia,GEO,Europe,EU,2013,2010-2014,Pre-Pandemic,3717668.0,17517660143.6859,8.028,2.159418215935366,0.4582803830050115,2.661,0.7157712845794729,1.206,0.3243969068781828,171.234,46.883
Georgia,GEO,Europe,EU,2014,2010-2014,Pre-Pandemic,3719414.0,17966015109.3043,9.058,2.4353298664789667,0.5041741279238384,2.836,0.7624857033930614,1.161,0.31214594557099584,182.689,49.582
Georgia,GEO,Europe,EU,2015,2015-2019,Pre-Pandemic,3725276.0,15223796148.8396,9.791,2.6282616375269914,0.6431378812666444,3.217,0.8635601764808836,1.081,0.29017984170837274,182.234,53.726
Georgia,GEO,Europe,EU,2016,2015-2019,Pre-Pandemic,3727505.0,15444548901.9637,10.043,2.6942955140234552,0.650261789046042,3.877,1.040105915350885,1.033,0.27712907159078254,178.28,56.332
Georgia,GEO,Europe,EU,2017,2015-2019,Pre-Pandemic,3728004.0,16473125375.0684,10.06,2.698494958696396,0.6106916429608142,3.525,0.9455461957658844,1.158,0.31062198431117566,179.52,56.037
Georgia,GEO,Europe,EU,2018,2015-2019,Pre-Pandemic,3726549.0,17902544880.6471,9.888,2.653393260091307,0.5523237096134341,3.422,0.9182758632718905,1.209,0.32442884824538737,174.865,56.548
Georgia,GEO,Europe,EU,2019,2015-2019,Pre-Pandemic,3720161.0,17638337116.9126,10.517,2.827028185070485,0.5962580219603426,3.577,0.961517525719989,0.975,0.26208543124880884,176.126,59.714
Georgia,GEO,Europe,EU,2020,2020-2023,Pandemic,3722716.0,16010869215.68,10.378,2.7877495892783655,0.6481846713129393,3.459,0.9291603227321128,0.861,0.23128275162542616,182.491,56.868
Georgia,GEO,Europe,EU,2021,2020-2023,Pandemic,3708610.0,18853115588.8106,10.75,2.898660144906043,0.5701975331005856,3.686,0.9939033761975511,0.861,0.23216245439666075,173.633,61.911
Georgia,GEO,Europe,EU,2022,2020-2023,Post-Pandemic,3712502.0,24984568959.605,12.0,3.2323214910052576,0.480296458962393,3.72,1.0020196622116297,0.902,0.24296283207389519,174.892,68.613
Georgia,GEO,Europe,EU,2023,2020-2023,Post-Pandemic,3715483.0,30777833600.6515,11.922,3.208734907413114,0.38735669815784685,3.672,0.9882968109395198,0.854,0.22984898598647874,176.079,67.709
Germany,DEU,Europe,EU,2010,2010-2014,Pre-Pandemic,81776930.0,3467093769666.67,826.705,10.109269203429378,0.23844321928434034,277.154,3.38914654781,341.311,4.173683213590923,214.887,3847.151
Germany,DEU,Europe,EU,2011,2010-2014,Pre-Pandemic,80274983.0,3823575803793.78,804.542,10.022325386228982,0.21041612388113962,270.809,3.3735167530337566,339.624,4.2307576695469375,216.823,3710.585
Germany,DEU,Europe,EU,2012,2010-2014,Pre-Pandemic,80425823.0,3596483233406.25,814.093,10.122283734665668,0.2263580690264939,271.945,3.3813144815440683,350.039,4.35232102007834,216.404,3761.916
Germany,DEU,Europe,EU,2013,2010-2014,Pre-Pandemic,80645605.0,3807023797050.99,831.746,10.313593654607713,0.21847670105038217,280.396,3.4768912701442316,357.254,4.429925226551403,215.004,3868.517
Germany,DEU,Europe,EU,2014,2010-2014,Pre-Pandemic,80982500.0,3964870735760.77,792.584,9.787102151699441,0.19990159902348514,271.603,3.3538480535918254,344.722,4.256746828018399,213.608,3710.465
Germany,DEU,Europe,EU,2015,2015-2019,Pre-Pandemic,81686611.0,3425099578746.09,800.823,9.80360171876882,0.23381013649044824,278.861,3.413790786350532,341.117,4.175923028560947,211.81,3780.86
Germany,DEU,Europe,EU,2016,2015-2019,Pre-Pandemic,82348669.0,3536787895179.0,797.988,9.690356986826345,0.22562506535597976,275.704,3.3480079684105157,329.436,4.000501817461069,207.731,3841.451
Germany,DEU,Europe,EU,2017,2015-2019,Pre-Pandemic,82657002.0,3765351626105.89,784.595,9.492178291199092,0.20837230567266427,275.506,3.333123550742864,312.692,3.7830067923344233,198.654,3949.556
Germany,DEU,Europe,EU,2018,2015-2019,Pre-Pandemic,82905782.0,4055433215301.96,758.771,9.152208467197138,0.18709986324938244,268.094,3.2337189702884657,296.871,3.580823832045876,197.319,3845.414
Germany,DEU,Europe,EU,2019,2015-2019,Pre-Pandemic,83092962.0,3959894794039.21,708.649,8.528387759242474,0.1789565220436468,271.933,3.2726357738938225,240.114,2.8897032217963297,188.787,3753.704
Germany,DEU,Europe,EU,2020,2020-2023,Pandemic,83160871.0,3941398957073.94,647.177,7.7822296979068435,0.16419982017767076,254.465,3.059912636076166,198.53,2.3873006332509434,184.965,3498.915
Germany,DEU,Europe,EU,2021,2020-2023,Pandemic,83196078.0,4355251953410.78,677.998,8.149398581024457,0.15567365728842195,240.525,2.891061763752854,232.139,2.790263742961537,188.412,3598.492
Germany,DEU,Europe,EU,2022,2020-2023,Post-Pandemic,83177813.0,4201021706478.62,667.843,8.02910026018597,0.1589715661240416,247.017,2.969746271160075,239.428,2.8785079982807433,193.272,3455.45
Germany,DEU,Europe,EU,2023,2020-2023,Post-Pandemic,83287273.0,4562207532490.28,593.766,7.129132442600204,0.1301488360122655,237.487,2.8514200482947736,186.157,2.2351194041375324,186.784,3178.886
Ghana,GHA,Africa,AF,2010,2010-2014,Pre-Pandemic,25474995.0,32197655566.5347,8.943,0.3510501179686198,0.2777531420422763,8.09,0.3175663037421597,,,213.425,41.9
Ghana,GHA,Africa,AF,2011,2010-2014,Pre-Pandemic,26095088.0,39336668080.559,10.329,0.3958216197623093,0.26257943298214437,8.68,0.3326296504537559,,,187.672,55.035
Ghana,GHA,Africa,AF,2012,2010-2014,Pre-Pandemic,26734268.0,41271701060.954,12.641,0.4728388299242007,0.30628735126111134,11.75,0.43951081810057413,,,224.229,56.374
Ghana,GHA,Africa,AF,2013,2010-2014,Pre-Pandemic,27386193.0,62845721959.827,12.61,0.4604510017146231,0.20065009370185477,11.831,0.432006011204259,,,211.461,59.633
Ghana,GHA,Africa,AF,2014,2010-2014,Pre-Pandemic,28041592.0,54678533805.9064,13.257,0.47276203148523094,0.2424534653225828,11.737,0.4185568351468775,,,219.019,60.527
Ghana,GHA,Africa,AF,2015,2015-2019,Pre-Pandemic,28696068.0,49436806230.4839,14.568,0.5076653707399913,0.29467923012828096,11.857,0.4131924973135692,,,201.85,72.173
Ghana,GHA,Africa,AF,2016,2015-2019,Pre-Pandemic,29356742.0,56144179397.8516,13.914,0.4739626761034995,0.24782622436071136,12.37,0.42136828398737164,,,188.635,73.76
Ghana,GHA,Africa,AF,2017,2015-2019,Pre-Pandemic,30008354.0,60385409434.8567,12.437,0.4144512558069663,0.2059603489716657,9.448,0.31484565931207026,,,168.626,73.757
Ghana,GHA,Africa,AF,2018,2015-2019,Pre-Pandemic,30637585.0,67259353965.6087,15.19,0.4957962580927968,0.22584219300957017,11.438,0.37333229756849307,,,206.308,73.626
Ghana,GHA,Africa,AF,2019,2015-2019,Pre-Pandemic,31258945.0,68352629246.1555,16.415,0.5251296868784279,0.24015169834777442,12.018,0.3844659504663385,,,205.209,79.992
Ghana,GHA,Africa,AF,2020,2020-2023,Pandemic,31887809.0,70008243859.8666,19.164,0.6009820241961434,0.2737391904639117,12.255,0.38431615041346995,,,203.525,94.161
Ghana,GHA,Africa,AF,2021,2020-2023,Pandemic,32518665.0,79514204730.3979,20.556,0.6321292709894456,0.25851984648148707,12.822,0.3942966293357984,,,199.413,103.083
Ghana,GHA,Africa,AF,2022,2020-2023,Post-Pandemic,33149152.0,73919003212.1998,20.745,0.6258078638029715,0.28064501817546406,12.622,0.3807638880174069,,,204.411,101.488
Ghana,GHA,Africa,AF,2023,2020-2023,Post-Pandemic,33787914.0,80547146875.9526,20.136,0.5959527421550794,0.24999023281371638,12.07,0.3572283272651872,,,188.678,106.72
Greece,GRC,Europe,EU,2010,2010-2014,Pre-Pandemic,11121341.0,296417644404.034,97.354,8.753800463451306,0.3284352393925005,43.995,3.9559078352151955,41.26,3.7099842545966353,257.253,378.437
Greece,GRC,Europe,EU,2011,2010-2014,Pre-Pandemic,11104899.0,283228079776.041,94.505,8.510207972175163,0.33367101197991605,40.495,3.6465887713161553,42.08,3.789318570119368,254.536,371.285
Greece,GRC,Europe,EU,2012,2010-2014,Pre-Pandemic,11045011.0,238841140018.233,91.393,8.274595652281379,0.38265183290040866,36.295,3.286099036026311,43.257,3.9164288745389206,261.643,349.302
Greece,GRC,Europe,EU,2013,2010-2014,Pre-Pandemic,10965211.0,236556279640.705,81.713,7.4520225830583655,0.3454273127904713,32.909,3.001219037189526,37.291,3.4008465500572673,248.896,328.303
Greece,GRC,Europe,EU,2014,2010-2014,Pre-Pandemic,10892413.0,233911581521.062,78.636,7.219336982540049,0.3361783092938449,33.482,3.0738827108373505,35.227,3.2340859642395126,255.385,307.91
Greece,GRC,Europe,EU,2015,2015-2019,Pre-Pandemic,10820883.0,194567373678.099,74.927,6.924296288944257,0.38509539694955536,34.977,3.2323609820011914,29.949,2.7677038925566424,240.363,311.723
Greece,GRC,Europe,EU,2016,2015-2019,Pre-Pandemic,10775971.0,193097239005.87,71.36,6.622141058100472,0.3695547402302874,35.568,3.3006770341159974,23.594,2.189501066771616,232.447,306.993
Greece,GRC,Europe,EU,2017,2015-2019,Pre-Pandemic,10754679.0,200381103984.298,74.842,6.959017558776045,0.3734982915647808,35.028,3.257000976040289,26.019,2.4193190703320853,232.285,322.197
Greece,GRC,Europe,EU,2018,2015-2019,Pre-Pandemic,10732882.0,213298873494.394,71.778,6.687672518900329,0.33651373222975084,33.833,3.1522754093448526,24.851,2.3154079211902263,221.492,324.066
Greece,GRC,Europe,EU,2019,2015-2019,Pre-Pandemic,10721582.0,207305649887.019,65.736,6.131184744937828,0.31709700162936194,33.915,3.163245871737958,17.879,1.6675710730002344,207.444,316.887
Greece,GRC,Europe,EU,2020,2020-2023,Pandemic,10698599.0,191362985554.861,55.577,5.194792327481383,0.29042711597989196,31.009,2.898416886173601,10.147,0.9484419408559943,200.671,276.956
Greece,GRC,Europe,EU,2021,2020-2023,Pandemic,10570130.0,218303801895.326,57.528,5.442506383554412,0.2635226665799617,32.277,3.0536048279444055,9.259,0.875958952255081,190.152,302.536
Greece,GRC,Europe,EU,2022,2020-2023,Post-Pandemic,10437805.0,217990189600.69,57.609,5.519263868217504,0.2642733606752074,35.274,3.3794461575015053,8.767,0.8399275518176474,183.273,314.334
Greece,GRC,Europe,EU,2023,2020-2023,Post-Pandemic,10407351.0,242946187738.269,51.988,4.9953153304813105,0.21398977478917164,32.991,3.169970917671557,6.531,0.6275372090361899,169.953,305.897
Greenland,GRL,North America,NA,2010,2010-2014,Pre-Pandemic,56534.0,2503167187.49305,0.661,11.692079102840768,0.2640654620684761,0.661,11.692079102840768,,,172.778,3.824
Greenland,GRL,North America,NA,2011,2010-2014,Pre-Pandemic,56890.0,2684461375.46585,0.705,12.392336087185797,0.2626225158026933,0.705,12.392336087185797,,,190.554,3.7
Greenland,GRL,North America,NA,2012,2010-2014,Pre-Pandemic,56810.0,2609678486.36749,0.547,9.62858651645837,0.20960436423775328,0.547,9.62858651645837,,,182.807,2.992
Greenland,GRL,North America,NA,2013,2010-2014,Pre-Pandemic,56483.0,2684946990.12448,0.562,9.94989642901404,0.20931511946682585,0.562,9.94989642901404,,,190.275,2.955
Greenland,GRL,North America,NA,2014,2010-2014,Pre-Pandemic,56295.0,2842065708.35962,0.503,8.935074162891908,0.17698394464296918,0.503,8.935074162891908,,,186.925,2.688
Greenland,GRL,North America,NA,2015,2015-2019,Pre-Pandemic,56114.0,2499113022.81675,0.548,9.765833838257832,0.21927779776136305,0.548,9.765833838257832,,,189.599,2.888
Greenland,GRL,North America,NA,2016,2015-2019,Pre-Pandemic,56186.0,2707139544.46695,0.509,9.05919624105649,0.1880213382573246,0.509,9.05919624105649,,,176.209,2.89
Greenland,GRL,North America,NA,2017,2015-2019,Pre-Pandemic,56172.0,2851613679.03433,0.536,9.542120629495122,0.1879637497676442,0.536,9.542120629495122,,,185.082,2.895
Greenland,GRL,North America,NA,2018,2015-2019,Pre-Pandemic,56023.0,3055782146.15957,0.524,9.353301322671046,0.17147819279543536,0.524,9.353301322671046,,,200.073,2.618
Greenland,GRL,North America,NA,2019,2015-2019,Pre-Pandemic,56225.0,2997309971.87623,0.526,9.355269008448198,0.1754906916319833,0.526,9.355269008448198,,,194.948,2.699
Greenland,GRL,North America,NA,2020,2020-2023,Pandemic,56367.0,3089625554.40473,0.55,9.757482214771054,0.17801509934299048,0.55,9.757482214771054,,,212.318,2.588
Greenland,GRL,North America,NA,2021,2020-2023,Pandemic,56653.0,3293578467.57327,0.546,9.637618484458017,0.16577713431624916,0.546,9.637618484458017,,,214.806,2.543
Greenland,GRL,North America,NA,2022,2020-2023,Post-Pandemic,56661.0,3152334771.77992,0.587,10.3598595153633,0.18621118710325266,0.587,10.3598595153633,,,218.344,2.689
Greenland,GRL,North America,NA,2023,2020-2023,Post-Pandemic,56865.0,3326543974.39193,0.609,10.709575309944606,0.18307288425709783,0.609,10.709575309944606,,,226.132,2.693
Grenada,GRD,North America,NA,2010,2010-2014,Pre-Pandemic,111586.0,771014814.814815,0.256,2.2941946122273404,0.3320299364954316,0.256,2.2941946122273404,,,218.956,1.171
Grenada,GRD,North America,NA,2011,2010-2014,Pre-Pandemic,112079.0,778655555.555555,0.249,2.2216472309710116,0.3197819603590236,0.249,2.2216472309710116,,,213.18,1.169
Grenada,GRD,North America,NA,2012,2010-2014,Pre-Pandemic,112775.0,799881481.481481,0.267,2.367545998669918,0.3337994517706329,0.267,2.367545998669918,,,224.936,1.189
Grenada,GRD,North America,NA,2013,2010-2014,Pre-Pandemic,113487.0,842618518.518518,0.3,2.6434745829918844,0.35603300118238146,0.3,2.6434745829918844,,,223.835,1.342
Grenada,GRD,North America,NA,2014,2010-2014,Pre-Pandemic,114132.0,911496296.296296,0.242,2.1203518732695477,0.2654975132464325,0.242,2.1203518732695477,,,213.237,1.134
Grenada,GRD,North America,NA,2015,2015-2019,Pre-Pandemic,114676.0,997007407.407407,0.26,2.267257316264955,0.2607804095218284,0.26,2.267257316264955,,,220.024,1.182
Grenada,GRD,North America,NA,2016,2015-2019,Pre-Pandemic,115130.0,1061640740.74074,0.275,2.3886041865717016,0.25903301319062405,0.275,2.3886041865717016,,,225.907,1.216
Grenada,GRD,North America,NA,2017,2015-2019,Pre-Pandemic,115438.0,1125685185.18519,0.293,2.5381590117638906,0.2602859163965969,0.293,2.5381590117638906,,,221.793,1.322
Grenada,GRD,North America,NA,2018,2015-2019,Pre-Pandemic,115691.0,1166514814.81481,0.308,2.6622641346345004,0.2640343663778471,0.308,2.6622641346345004,,,218.794,1.407
Grenada,GRD,North America,NA,2019,2015-2019,Pre-Pandemic,115981.0,1213485185.18519,0.333,2.871159931368069,0.2744162055420404,0.333,2.871159931368069,,,217.341,1.534
Grenada,GRD,North America,NA,2020,2020-2023,Pandemic,116341.0,1043411111.11111,0.289,2.484076980600132,0.2769761572619723,0.289,2.484076980600132,,,218.681,1.324
Grenada,GRD,North America,NA,2021,2020-2023,Pandemic,116688.0,1122222222.22222,0.311,2.665226929932812,0.2771287128712877,0.311,2.665226929932812,,,219.229,1.421
Grenada,GRD,North America,NA,2022,2020-2023,Post-Pandemic,116913.0,1224007407.40741,0.342,2.9252521105437377,0.2794100737710369,0.342,2.9252521105437377,,,235.98,1.451
Grenada,GRD,North America,NA,2023,2020-2023,Post-Pandemic,117081.0,1336418518.51852,0.363,3.1004176595690165,0.2716214980337161,0.363,3.1004176595690165,,,224.818,1.615
Guatemala,GTM,North America,NA,2010,2010-2014,Pre-Pandemic,14500112.0,40676578423.4871,10.817,0.7459942378376112,0.2659269884350486,8.712,0.6008229453675944,1.286,0.08868897012657558,205.744,52.576
Guatemala,GTM,North America,NA,2011,2010-2014,Pre-Pandemic,14792126.0,46876006272.2387,10.979,0.7422192050013635,0.23421363876943746,8.834,0.5972096235524225,1.29,0.08720855947278978,210.555,52.144
Guatemala,GTM,North America,NA,2012,2010-2014,Pre-Pandemic,15089647.0,49593929487.1263,11.347,0.7519725279193079,0.228798163754003,8.922,0.5912663165679091,1.513,0.10026742176274898,205.713,55.158
Guatemala,GTM,North America,NA,2013,2010-2014,Pre-Pandemic,15387337.0,52996420177.4409,12.493,0.8119013705880361,0.23573290343331382,9.033,0.5870411494854503,2.59,0.1683202233108952,210.991,59.213
Guatemala,GTM,North America,NA,2014,2010-2014,Pre-Pandemic,15681725.0,57852159007.6243,13.425,0.8560920434454755,0.2320570265706199,9.628,0.613963068476204,2.8,0.1785517855975666,214.593,62.559
Guatemala,GTM,North America,NA,2015,2015-2019,Pre-Pandemic,15971743.0,62186066547.6566,15.449,0.9672707606176734,0.2484318571292909,10.446,0.6540300579592346,4.016,0.25144406593569657,213.285,72.435
Guatemala,GTM,North America,NA,2016,2015-2019,Pre-Pandemic,16268760.0,66053408205.8838,16.524,1.0156889646168485,0.25016120210626924,10.792,0.6633572564842065,4.715,0.28981926096395794,208.643,79.196
Guatemala,GTM,North America,NA,2017,2015-2019,Pre-Pandemic,16567357.0,71653780740.4226,16.993,1.0256916658462782,0.2371542691035367,11.945,0.7209961130191135,3.913,0.23618734116733284,207.192,82.014
Guatemala,GTM,North America,NA,2018,2015-2019,Pre-Pandemic,16845685.0,73328356007.6152,18.338,1.0885873741554588,0.2500806099907052,12.616,0.7489158202827608,4.619,0.27419484574239633,217.193,84.434
Guatemala,GTM,North America,NA,2019,2015-2019,Pre-Pandemic,17103803.0,77172331693.4093,19.259,1.1260068886434205,0.24955835307027224,13.56,0.792806137909797,4.51,0.2636840473431552,211.816,90.923
Guatemala,GTM,North America,NA,2020,2020-2023,Pandemic,17357325.0,77719468248.3666,17.157,0.988458763087054,0.2207554990619816,12.886,0.7423955016109913,2.913,0.1678253993630931,192.116,89.305
Guatemala,GTM,North America,NA,2021,2020-2023,Pandemic,17598650.0,86455522272.7383,19.984,1.1355416466603971,0.23114775637994708,14.671,0.833643489699494,3.726,0.21172078540115294,193.273,103.399
Guatemala,GTM,North America,NA,2022,2020-2023,Post-Pandemic,17847877.0,95609727055.5754,18.913,1.05967785412237,0.1978146009035919,15.766,0.8833543619781782,1.422,0.07967334154084545,197.254,95.883
Guatemala,GTM,North America,NA,2023,2020-2023,Post-Pandemic,18124838.0,104298081428.769,19.736,1.0888924910666788,0.18922687483449846,16.714,0.9221599663401129,1.668,0.09202840875046718,205.043,96.253
Guinea,GIN,Africa,AF,2010,2010-2014,Pre-Pandemic,10396086.0,6853467145.53089,2.459,0.2365313253468661,0.3587964963986879,2.459,0.2365313253468661,,,214.692,11.451
Guinea,GIN,Africa,AF,2011,2010-2014,Pre-Pandemic,10656810.0,6785137203.33153,2.557,0.23994046999055063,0.37685310162107005,2.557,0.23994046999055063,,,216.459,11.815
Guinea,GIN,Africa,AF,2012,2010-2014,Pre-Pandemic,10921581.0,7638044556.84656,2.393,0.21910747171128428,0.31330008383559016,2.393,0.21910747171128428,,,211.123,11.333
Guinea,GIN,Africa,AF,2013,2010-2014,Pre-Pandemic,11191873.0,8376613539.28278,2.077,0.18558109085047694,0.24795222917468346,2.077,0.18558109085047694,,,207.927,9.991
Guinea,GIN,Africa,AF,2014,2010-2014,Pre-Pandemic,11472924.0,8778473372.82124,2.371,0.2066604816697121,0.2700925205675032,2.371,0.2066604816697121,,,226.68,10.458
Guinea,GIN,Africa,AF,2015,2015-2019,Pre-Pandemic,11767070.0,8794201742.84609,2.454,0.20854809226086019,0.2790474987677285,2.454,0.20854809226086019,,,203.595,12.055
Guinea,GIN,Africa,AF,2016,2015-2019,Pre-Pandemic,12073030.0,8595955222.49719,2.7,0.22363897049870662,0.31410121738810426,2.7,0.22363897049870662,,,200.643,13.456
Guinea,GIN,Africa,AF,2017,2015-2019,Pre-Pandemic,12385659.0,10324668271.1362,4.847,0.391339693753881,0.4694581823563617,4.847,0.391339693753881,,,363.325,13.342
Guinea,GIN,Africa,AF,2018,2015-2019,Pre-Pandemic,12704774.0,11857030366.7891,3.77,0.2967388479322812,0.3179548237102914,3.77,0.2967388479322812,,,236.001,15.976
Guinea,GIN,Africa,AF,2019,2015-2019,Pre-Pandemic,13034346.0,13442861496.4454,4.104,0.31486044639293753,0.30529214342386785,4.104,0.31486044639293753,,,222.315,18.461
Guinea,GIN,Africa,AF,2020,2020-2023,Pandemic,13371183.0,14088693742.9464,4.43,0.33130950342987603,0.31443653193312615,4.43,0.33130950342987603,,,213.094,20.79
Guinea,GIN,Africa,AF,2021,2020-2023,Pandemic,13710513.0,17069115737.8259,4.068,0.29670662213733356,0.23832517527461222,4.068,0.29670662213733356,,,193.966,20.97
Guinea,GIN,Africa,AF,2022,2020-2023,Post-Pandemic,14055137.0,19910452541.9219,4.052,0.2882931699634091,0.20351119551242863,4.052,0.2882931699634091,,,188.144,21.539
Guinea,GIN,Africa,AF,2023,2020-2023,Post-Pandemic,14405468.0,22407615556.0571,3.875,0.26899507881312845,0.17293227788141574,3.875,0.26899507881312845,,,181.264,21.378
Guinea-Bissau,GNB,Africa,AF,2010,2010-2014,Pre-Pandemic,1566347.0,940112538.936436,0.103,0.06575809830133425,0.10956135115113506,0.103,0.06575809830133425,,,72.154,1.422
Guinea-Bissau,GNB,Africa,AF,2011,2010-2014,Pre-Pandemic,1608076.0,1157074319.19388,0.11,0.06840472713976205,0.09506735926576929,0.11,0.06840472713976205,,,76.191,1.443
Guinea-Bissau,GNB,Africa,AF,2012,2010-2014,Pre-Pandemic,1651417.0,1049412177.11413,0.114,0.06903162556761859,0.10863224430413847,0.114,0.06903162556761859,,,77.211,1.471
Guinea-Bissau,GNB,Africa,AF,2013,2010-2014,Pre-Pandemic,1695973.0,1109682824.13594,0.143,0.08431738005263055,0.12886565141832096,0.143,0.08431738005263055,,,94.893,1.506
Guinea-Bissau,GNB,Africa,AF,2014,2010-2014,Pre-Pandemic,1741122.0,1135250721.0374,0.143,0.0821309477451896,0.12596336417150708,0.143,0.0821309477451896,,,90.346,1.582
Guinea-Bissau,GNB,Africa,AF,2015,2015-2019,Pre-Pandemic,1786457.0,1152384166.79638,0.154,0.08620414597160748,0.13363599087630554,0.154,0.08620414597160748,,,94.126,1.635
Guinea-Bissau,GNB,Africa,AF,2016,2015-2019,Pre-Pandemic,1831893.0,1245074264.10396,0.169,0.0922542965118596,0.13573487531815934,0.169,0.0922542965118596,,,99.014,1.702
Guinea-Bissau,GNB,Africa,AF,2017,2015-2019,Pre-Pandemic,1877072.0,1469978606.12143,0.183,0.09749226454818995,0.12449160772676102,0.183,0.09749226454818995,,,133.004,1.377
Guinea-Bissau,GNB,Africa,AF,2018,2015-2019,Pre-Pandemic,1922168.0,1554133593.91699,0.198,0.10300868602536303,0.12740217493205777,0.198,0.10300868602536303,,,210.237,0.941
Guinea-Bissau,GNB,Africa,AF,2019,2015-2019,Pre-Pandemic,1967696.0,1596214680.12925,0.256,0.13010139777689236,0.1603794296511989,0.256,0.13010139777689236,,,217.207,1.181
Guinea-Bissau,GNB,Africa,AF,2020,2020-2023,Pandemic,2013255.0,1705062169.81422,0.311,0.15447620892534727,0.1823980412596251,0.311,0.15447620892534727,,,221.663,1.405
Guinea-Bissau,GNB,Africa,AF,2021,2020-2023,Pandemic,2058841.0,1907611288.23036,0.341,0.16562716596376312,0.17875759181333875,0.341,0.16562716596376312,,,224.205,1.52
Guinea-Bissau,GNB,Africa,AF,2022,2020-2023,Post-Pandemic,2105529.0,1856239954.81555,0.344,0.1633793692701454,0.1853208681924867,0.344,0.1633793692701454,,,222.873,1.545
Guinea-Bissau,GNB,Africa,AF,2023,2020-2023,Post-Pandemic,2153339.0,2076748678.11987,0.329,0.15278597564062138,0.1584207099618099,0.329,0.15278597564062138,,,228.193,1.443
Guyana,GUY,South America,SA,2010,2010-2014,Pre-Pandemic,749256.0,3432912516.92427,1.883,2.5131597211100076,0.5485138321226666,1.883,2.5131597211100076,0.0,0.0,259.82,7.248
Guyana,GUY,South America,SA,2011,2010-2014,Pre-Pandemic,746153.0,3691384317.52178,1.957,2.622786479448585,0.530153414455051,1.957,2.622786479448585,0.0,0.0,259.506,7.54
Guyana,GUY,South America,SA,2012,2010-2014,Pre-Pandemic,746288.0,4063088535.76331,1.957,2.622312029672191,0.4816532996449582,1.957,2.622312029672191,0.0,0.0,230.552,8.486
Guyana,GUY,South America,SA,2013,2010-2014,Pre-Pandemic,750021.0,4167800928.83553,1.902,2.5359289939881684,0.4563557694996274,1.902,2.5359289939881684,0.0,0.0,230.285,8.258
Guyana,GUY,South America,SA,2014,2010-2014,Pre-Pandemic,754229.0,4127660151.8087,1.975,2.6185681006696906,0.47847931451783265,1.975,2.6185681006696906,0.0,0.0,238.826,8.269
Guyana,GUY,South America,SA,2015,2015-2019,Pre-Pandemic,758781.0,4279840193.7046,1.964,2.588362122931386,0.45889563888131424,1.964,2.588362122931386,0.0,0.0,232.754,8.438
Guyana,GUY,South America,SA,2016,2015-2019,Pre-Pandemic,763548.0,4482697336.56174,2.209,2.8930728650981994,0.4927836599591438,2.194,2.8734277347331143,0.015,0.0196451303650851,233.476,9.462
Guyana,GUY,South America,SA,2017,2015-2019,Pre-Pandemic,768479.0,4748174334.14044,2.158,2.8081443995216526,0.454490473208512,2.158,2.8081443995216526,0.0,0.0,230.636,9.357
Guyana,GUY,South America,SA,2018,2015-2019,Pre-Pandemic,791556.0,4787636997.85343,2.319,2.92967269529888,0.4843725622973796,2.319,2.92967269529888,0.0,0.0,228.482,10.151
Guyana,GUY,South America,SA,2019,2015-2019,Pre-Pandemic,807665.0,5173760191.84652,2.645,3.2748726266459487,0.511233590642321,2.645,3.2748726266459487,0.0,0.0,227.891,11.607
Guyana,GUY,South America,SA,2020,2020-2023,Pandemic,807481.0,5471256594.72422,3.1,3.8390996196814537,0.5665974436273458,2.568,3.1802605881748303,0.0,0.0,275.895,11.237
Guyana,GUY,South America,SA,2021,2020-2023,Pandemic,815482.0,8041362110.31175,2.933,3.5966459100262176,0.3647392021109086,2.682,3.2888524823356002,0.0,0.0,247.391,11.855
Guyana,GUY,South America,SA,2022,2020-2023,Post-Pandemic,821637.0,14718388489.2086,4.397,5.351511677297882,0.29874194469210025,4.086,4.972999025116931,0.0,0.0,308.269,14.262
Guyana,GUY,South America,SA,2023,2020-2023,Post-Pandemic,826353.0,16918503597.1223,4.379,5.299188119363032,0.2588290373827643,4.15,5.0220668406843085,0.0,0.0,266.368,16.439
Haiti,HTI,North America,NA,2010,2010-2014,Pre-Pandemic,9803294.0,11859312725.1448,2.129,0.21717190160776573,0.17952136429339377,2.019,0.20595118334714843,,,243.329,8.751
Haiti,HTI,North America,NA,2011,2010-2014,Pre-Pandemic,9914904.0,13008746038.8867,2.272,0.22914997462406092,0.17465172993679565,2.253,0.22723366761796182,,,243.727,9.32
Haiti,HTI,North America,NA,2012,2010-2014,Pre-Pandemic,10069771.0,13708925477.1304,2.262,0.22463271508359028,0.16500199113150987,2.235,0.22195142272848112,,,224.037,10.098
Haiti,HTI,North America,NA,2013,2010-2014,Pre-Pandemic,10222362.0,14902488604.2421,2.703,0.2644202973833249,0.18137910195955942,2.667,0.2608986064081863,,,250.63,10.786
Haiti,HTI,North America,NA,2014,2010-2014,Pre-Pandemic,10373235.0,15146883497.6331,2.698,0.2600924398222927,0.17812245010147454,2.627,0.25324790193223234,,,229.941,11.735
Haiti,HTI,North America,NA,2015,2015-2019,Pre-Pandemic,10523242.0,14849629308.6025,2.654,0.25220364598666456,0.1787250001225632,2.583,0.2454566758039015,,,197.731,13.425
Haiti,HTI,North America,NA,2016,2015-2019,Pre-Pandemic,10671457.0,14069277526.2278,2.977,0.278968467005021,0.21159579761294123,2.906,0.2723152049434299,,,213.172,13.965
Haiti,HTI,North America,NA,2017,2015-2019,Pre-Pandemic,10817754.0,15093357161.1498,3.133,0.28961649525400557,0.207574760641345,3.026,0.27972534779400604,,,227.747,13.759
Haiti,HTI,North America,NA,2018,2015-2019,Pre-Pandemic,10962362.0,16403864617.8458,3.401,0.31024335813759846,0.2073291921892628,3.294,0.3004826879462656,,,235.772,14.425
Haiti,HTI,North America,NA,2019,2015-2019,Pre-Pandemic,11105163.0,15016090929.5125,3.119,0.2808603529727569,0.2077105163148648,3.012,0.27122519498363057,,,233.326,13.367
Haiti,HTI,North America,NA,2020,2020-2023,Pandemic,11243848.0,14508222518.3018,3.265,0.29038101546730266,0.22504479758848991,3.158,0.28086470041217204,,,229.655,14.219
Haiti,HTI,North America,NA,2021,2020-2023,Pandemic,11374586.0,20754978152.2134,3.507,0.30831891376090526,0.16897151007725816,3.4,0.2989119779831987,,,233.178,15.041
Haiti,HTI,North America,NA,2022,2020-2023,Post-Pandemic,11503606.0,20113007125.93,2.87,0.24948698695000507,0.14269372958655951,2.763,0.2401855557292209,,,233.5,12.293
Haiti,HTI,North America,NA,2023,2020-2023,Post-Pandemic,11637398.0,19572288894.1581,2.865,0.24618905360115723,0.14638042670906723,2.758,0.23699455840558173,,,402.171,7.123
Honduras,HND,North America,NA,2010,2010-2014,Pre-Pandemic,8365878.0,15839344591.9842,8.107,0.969055489453707,0.5118267332919002,7.222,0.863268625241726,0.278,0.03323022401235112,247.882,32.703
Honduras,HND,North America,NA,2011,2010-2014,Pre-Pandemic,8540583.0,17710275685.4074,8.857,1.0370486417613412,0.5001051455849349,7.856,0.9198435282462567,0.333,0.03899031248803507,264.115,33.533
Honduras,HND,North America,NA,2012,2010-2014,Pre-Pandemic,8715076.0,18528554397.5695,9.108,1.0450855506021979,0.49156560218182754,7.962,0.9135892790837394,0.381,0.043717346813728304,251.508,36.215
Honduras,HND,North America,NA,2013,2010-2014,Pre-Pandemic,8889278.0,18499729214.904,9.328,1.0493540645258255,0.5042235965532431,8.266,0.9298842943150164,0.37,0.04162317794538544,253.922,36.737
Honduras,HND,North America,NA,2014,2010-2014,Pre-Pandemic,9063122.0,19756533971.8698,9.503,1.0485349308990874,0.4810054240045738,8.449,0.9322394645024088,0.392,0.04325220382115567,244.326,38.896
Honduras,HND,North America,NA,2015,2015-2019,Pre-Pandemic,9237305.0,20979791685.416,10.898,1.1797813323258244,0.5194522502135086,9.838,1.0650292482493542,0.337,0.03648250220167029,251.938,43.256
Honduras,HND,North America,NA,2016,2015-2019,Pre-Pandemic,9412380.0,21717604952.1835,9.939,1.0559497172872323,0.45764714948462715,9.006,0.9568249475690527,0.15,0.015936458154048178,242.054,41.06
Honduras,HND,North America,NA,2017,2015-2019,Pre-Pandemic,9588137.0,23136247990.5977,10.198,1.0636059956172925,0.4407801992848775,9.284,0.9682798650040149,0.004,0.00041718219086773583,239.11,42.65
Honduras,HND,North America,NA,2018,2015-2019,Pre-Pandemic,9765210.0,24067750760.499,9.876,1.0113453781331891,0.41034162678005226,9.043,0.9260425531043367,,,228.142,43.29
Honduras,HND,North America,NA,2019,2015-2019,Pre-Pandemic,9943633.0,24882225741.8119,10.963,1.1025145437286352,0.4405956329532795,10.197,1.0254803249476323,,,231.323,47.391
Honduras,HND,North America,NA,2020,2020-2023,Pandemic,10119640.0,23352232483.755,9.977,0.9859046369238431,0.427239665712497,9.343,0.9232541869078347,,,232.073,42.99
Honduras,HND,North America,NA,2021,2020-2023,Pandemic,10289877.0,28144331506.6149,11.06,1.0748427799477098,0.3929743364982933,10.358,1.006620390117394,,,222.719,49.658
Honduras,HND,North America,NA,2022,2020-2023,Post-Pandemic,10463872.0,31426041806.7985,11.742,1.122146754088735,0.3736391643652626,11.019,1.0530518721941553,,,226.377,51.869
Honduras,HND,North America,NA,2023,2020-2023,Post-Pandemic,10644851.0,34355805527.9795,12.404,1.165258207935461,0.3610452384793637,11.681,1.0973380463474782,,,216.096,57.402
Hong Kong,HKG,Asia,AS,2010,2010-2014,Pre-Pandemic,7024200.0,228638668727.291,40.063,5.703567666068734,0.17522407833727016,9.438,1.3436405569317502,23.589,3.358247202528402,124.738,321.176
Hong Kong,HKG,Asia,AS,2011,2010-2014,Pre-Pandemic,7071600.0,248513617677.287,43.15,6.1018722778437695,0.17363233614036158,9.237,1.306210758527066,28.063,3.9684088466542224,131.022,329.331
Hong Kong,HKG,Asia,AS,2012,2010-2014,Pre-Pandemic,7150100.0,262628865879.697,42.738,5.977259059313856,0.1627315407879692,9.6,1.3426385644956014,27.623,3.8633026111522915,135.039,316.489
Hong Kong,HKG,Asia,AS,2013,2010-2014,Pre-Pandemic,7178900.0,275696879834.966,44.31,6.172254802267757,0.16071999083386168,9.428,1.3132931229018374,29.45,4.102299795233253,136.328,325.028
Hong Kong,HKG,Asia,AS,2014,2010-2014,Pre-Pandemic,7229500.0,291459995978.893,45.492,6.292551352099038,0.1560831696549342,9.267,1.2818313852963552,30.853,4.267653364686354,143.413,317.208
Hong Kong,HKG,Asia,AS,2015,2015-2019,Pre-Pandemic,7291300.0,309385622601.348,42.404,5.8156981608218015,0.13705872833864272,10.212,1.4005732859709517,25.373,3.479900703578237,129.892,326.451
Hong Kong,HKG,Asia,AS,2016,2015-2019,Pre-Pandemic,7336600.0,320860317562.562,43.366,5.910912411743859,0.1351553857748221,11.053,1.5065561704331707,25.375,3.458686585066652,129.43,335.053
Hong Kong,HKG,Asia,AS,2017,2015-2019,Pre-Pandemic,7393200.0,341273289534.466,42.431,5.73919277173619,0.12433144140252088,11.838,1.6012011037169291,23.772,3.21538711248174,118.081,359.341
Hong Kong,HKG,Asia,AS,2018,2015-2019,Pre-Pandemic,7452600.0,361731070995.726,42.597,5.715723371709202,0.11775875343731061,11.5,1.5430856345436492,24.411,3.275501167377828,117.162,363.573
Hong Kong,HKG,Asia,AS,2019,2015-2019,Pre-Pandemic,7507900.0,363074545072.389,41.897,5.580388657280998,0.115395035451044,11.621,1.5478362791193276,23.378,3.113786811225509,121.6,344.545
Hong Kong,HKG,Asia,AS,2020,2020-2023,Pandemic,7481000.0,344943149590.058,33.513,4.479748696698302,0.09715514002764795,11.051,1.4772089292875283,12.447,1.6638149979949204,129.922,257.947
Hong Kong,HKG,Asia,AS,2021,2020-2023,Pandemic,7413100.0,368954169748.818,33.637,4.537507925159515,0.09116850481158646,9.889,1.3339898288165544,13.832,1.8658860665578503,138.034,243.686
Hong Kong,HKG,Asia,AS,2022,2020-2023,Post-Pandemic,7346100.0,358673532516.529,30.764,4.187800329426499,0.08577159230053387,7.351,1.0006670205959625,13.602,1.8515947237309593,141.502,217.409
Hong Kong,HKG,Asia,AS,2023,2020-2023,Post-Pandemic,7536100.0,380762296025.216,32.957,4.373216915911413,0.08655531375884293,9.128,1.2112365812555566,13.289,1.7633789360544578,131.172,251.251
Hungary,HUN,Europe,EU,2010,2010-2014,Pre-Pandemic,10000023.0,131898737241.166,51.993,5.199288041637504,0.39418876243625495,16.067,1.6066963045984994,11.721,1.1720973041762004,187.141,277.827
Hungary,HUN,Europe,EU,2011,2010-2014,Pre-Pandemic,9971727.0,141712804953.868,50.156,5.02982081238285,0.3539270852505344,15.14,1.5182926688626754,12.022,1.2056086172435327,186.133,269.464
Hungary,HUN,Europe,EU,2012,2010-2014,Pre-Pandemic,9920362.0,128470269689.958,46.72,4.709505560381769,0.3636639053747695,14.471,1.458716929886228,11.538,1.1630623963117475,186.05,251.116
Hungary,HUN,Europe,EU,2013,2010-2014,Pre-Pandemic,9872734.0,135646053778.582,43.487,4.404757587918402,0.3205917075257108,13.982,1.4162237127020743,10.26,1.0392258112089316,182.685,238.041
Hungary,HUN,Europe,EU,2014,2010-2014,Pre-Pandemic,9833038.0,141128696412.321,43.639,4.437997697151175,0.30921422155352785,15.335,1.5595383644403693,10.289,1.0463704096333197,183.15,238.269
Hungary,HUN,Europe,EU,2015,2015-2019,Pre-Pandemic,9797755.0,125244126623.289,46.567,4.752823478439704,0.37180985053346943,16.673,1.701716362574896,10.624,1.0843300327472978,185.496,251.04
Hungary,HUN,Europe,EU,2016,2015-2019,Pre-Pandemic,9759755.0,128983560865.293,47.039,4.819690658218367,0.3646898851639418,16.713,1.7124405274517651,9.879,1.0122180321124865,184.11,255.495
Hungary,HUN,Europe,EU,2017,2015-2019,Pre-Pandemic,9726756.0,143335098991.862,49.424,5.081241885783914,0.3448143570389978,17.631,1.8126289998433187,10.177,1.046289225308006,183.53,269.293
Hungary,HUN,Europe,EU,2018,2015-2019,Pre-Pandemic,9706964.0,161184691013.835,49.366,5.085627184771675,0.306269780892298,18.712,1.9276882040563867,9.577,0.9866112617704156,182.027,271.203
Hungary,HUN,Europe,EU,2019,2015-2019,Pre-Pandemic,9694824.0,164936682033.992,49.159,5.070643881724929,0.29804770772500905,19.52,2.0134455251585797,8.324,0.8586024872653697,178.83,274.892
Hungary,HUN,Europe,EU,2020,2020-2023,Pandemic,9670419.0,158468487754.196,47.105,4.871040231038593,0.29725152721256237,17.463,1.8058162733176297,7.511,0.7766985070657229,174.253,270.327
Hungary,HUN,Europe,EU,2021,2020-2023,Pandemic,9630932.0,183282685440.486,48.326,5.017790593890601,0.2636692052162887,18.887,1.9610770795599013,6.06,0.6292225923721608,170.188,283.958
Hungary,HUN,Europe,EU,2022,2020-2023,Post-Pandemic,9605074.0,177002580544.155,45.267,4.712821577428763,0.2557420341603873,19.647,2.0454813778634082,5.559,0.5787566030204452,169.511,267.047
Hungary,HUN,Europe,EU,2023,2020-2023,Post-Pandemic,9592186.0,213029511028.874,40.344,4.20592344643859,0.18938221190646107,18.384,1.9165599999833198,4.315,0.449845322015232,158.017,255.314
Iceland,ISL,Europe,EU,2010,2010-2014,Pre-Pandemic,318041.0,13922711576.5124,3.627,11.404190025814282,0.26050959829683934,2.79,8.772453866010986,0.626,1.9682996846318557,64.318,56.386
Iceland,ISL,Europe,EU,2011,2010-2014,Pre-Pandemic,319014.0,15394005872.149,3.503,10.980709310563173,0.2275561039207907,2.654,8.319384102265104,0.639,2.003046888224341,62.143,56.377
Iceland,ISL,Europe,EU,2012,2010-2014,Pre-Pandemic,320716.0,14943757823.3226,3.499,10.909963955649236,0.23414458674772817,2.657,8.284588233826813,0.659,2.0547774354880954,61.499,56.898
Iceland,ISL,Europe,EU,2013,2010-2014,Pre-Pandemic,323764.0,16244319958.6808,3.489,10.776367971732496,0.2147827676920088,2.644,8.16644222334787,0.661,2.0416105558369675,59.417,58.717
Iceland,ISL,Europe,EU,2014,2010-2014,Pre-Pandemic,327386.0,18052183514.8695,3.445,10.522746849284943,0.19083564030702266,2.625,8.01805819430275,0.625,1.909061474833988,58.763,58.63
Iceland,ISL,Europe,EU,2015,2015-2019,Pre-Pandemic,330815.0,17700486957.1907,3.541,10.703867720629354,0.20005099343108712,2.706,8.179798376736242,0.661,1.9980956123513143,57.853,61.207
Iceland,ISL,Europe,EU,2016,2015-2019,Pre-Pandemic,335439.0,21083713310.457,3.494,10.416200859172607,0.1657203334417881,2.673,7.968661962383623,0.66,1.9675708549095365,56.861,61.442
Iceland,ISL,Europe,EU,2017,2015-2019,Pre-Pandemic,343400.0,25060086487.8901,3.611,10.51543389633081,0.14409367668164116,2.758,8.031450203843914,0.693,2.018054746651136,56.205,64.246
Iceland,ISL,Europe,EU,2018,2015-2019,Pre-Pandemic,352721.0,26677652544.3499,3.665,10.390648699680485,0.1373809031325815,2.783,7.890088767042506,0.715,2.027097904576138,55.152,66.459
Iceland,ISL,Europe,EU,2019,2015-2019,Pre-Pandemic,360563.0,24985687022.0452,3.553,9.854033830426305,0.1422014130275922,2.691,7.463328183978944,0.684,1.8970332507772567,56.099,63.328
Iceland,ISL,Europe,EU,2020,2020-2023,Pandemic,366463.0,22034665040.7901,3.339,9.111424618583595,0.1515339576897999,2.481,6.770124132586373,0.668,1.8228306814057627,57.487,58.082
Iceland,ISL,Europe,EU,2021,2020-2023,Pandemic,372520.0,26234872402.457,3.491,9.371308923010846,0.1330671613890927,2.587,6.944593578868249,0.726,1.9488886502738108,57.559,60.645
Iceland,ISL,Europe,EU,2022,2020-2023,Post-Pandemic,382003.0,29176227825.4736,3.598,9.418774198108391,0.12331957446735478,2.641,6.913558270484787,0.77,2.0156909762488775,56.458,63.724
Iceland,ISL,Europe,EU,2023,2020-2023,Post-Pandemic,385663.0,31701996433.7807,3.508,9.096024249150165,0.11065549159743075,2.65,6.871283996649925,0.671,1.7398609666989056,54.758,64.068
India,IND,Asia,AS,2010,2010-2014,Pre-Pandemic,1243481564.0,1675615519484.96,1678.53,1.3498631974892714,1.0017393492010243,440.692,0.3544017159228265,1015.983,0.8170470953600725,268.655,6247.89
India,IND,Asia,AS,2011,2010-2014,Pre-Pandemic,1261224954.0,1823051829894.55,1765.695,1.3999841934621284,0.968538014688333,461.37,0.3658110304087751,1074.385,0.8518583434244356,268.057,6587.01
India,IND,Asia,AS,2012,2010-2014,Pre-Pandemic,1278674502.0,1827637590410.41,1926.986,1.5070183983382504,1.0543589222014638,491.148,0.38410713534350277,1206.452,0.943517680311107,277.753,6937.768
India,IND,Asia,AS,2013,2010-2014,Pre-Pandemic,1295829511.0,1856721507621.58,1995.337,1.5398144455439864,1.0746560492833324,498.314,0.3845521311020675,1276.383,0.984993001907332,278.559,7163.062
India,IND,Asia,AS,2014,2010-2014,Pre-Pandemic,1312277191.0,2039126479154.52,2148.052,1.6368889246357403,1.0534177364469535,513.84,0.3915636143979889,1407.057,1.072225448746674,280.691,7652.732
India,IND,Asia,AS,2015,2015-2019,Pre-Pandemic,1328024498.0,2103588360044.94,2231.817,1.6805540886942283,1.0609570971158637,557.523,0.41981379171817057,1449.587,1.0915363400171252,282.777,7892.49
India,IND,Asia,AS,2016,2015-2019,Pre-Pandemic,1343944296.0,2294796885663.16,2352.54,1.7504743366238447,1.025162625371157,616.112,0.4584356671878014,1499.401,1.1156719846668406,284.713,8262.856
India,IND,Asia,AS,2017,2015-2019,Pre-Pandemic,1359657400.0,2651474262755.45,2425.722,1.7840685455027128,0.9148578336487999,634.116,0.4663792511260557,1551.256,1.1409168221347525,282.993,8571.671
India,IND,Asia,AS,2018,2015-2019,Pre-Pandemic,1374659064.0,2702929641648.74,2595.227,1.8879059309792614,0.9601533684084195,658.715,0.47918426994055013,1668.318,1.2136231038593,286.343,9063.36
India,IND,Asia,AS,2019,2015-2019,Pre-Pandemic,1389030312.0,2835606256558.19,2611.175,1.8798545844836827,0.9208524610780762,677.884,0.48802678684811884,1661.94,1.1964749693669752,281.328,9281.595
India,IND,Asia,AS,2020,2020-2023,Pandemic,1402617695.0,2674851578587.27,2422.732,1.7272931951710477,0.9057444605130474,607.535,0.4331436870971459,1561.799,1.1134887329365968,275.554,8792.22
India,IND,Asia,AS,2021,2020-2023,Pandemic,1414203896.0,3167270623260.47,2675.778,1.892073701372408,0.844821399330091,623.485,0.4408734849080065,1767.297,1.2496762348051118,280.334,9544.969
India,IND,Asia,AS,2022,2020-2023,Post-Pandemic,1425423212.0,3249938492013.47,2831.132,1.9861694240461127,0.8711340251384257,684.014,0.47986730834856084,1855.854,1.3019670118855902,281.439,10059.478
India,IND,Asia,AS,2023,2020-2023,Post-Pandemic,1438069596.0,3500906030644.76,3062.756,2.129768968427589,0.8748466748865962,718.183,0.49940767957102405,2032.048,1.413038705256098,282.859,10827.859
Indonesia,IDN,Asia,AS,2010,2010-2014,Pre-Pandemic,246305322.0,755094157621.936,445.37,1.8082029100451187,0.5898204819947632,195.671,0.7944245719546409,152.667,0.6198282633941624,256.035,1739.49
Indonesia,IDN,Asia,AS,2011,2010-2014,Pre-Pandemic,249470032.0,892969104563.171,500.458,2.0060846426636125,0.5604426821069219,211.329,0.8471117685189539,181.281,0.726664435590404,272.344,1837.594
Indonesia,IDN,Asia,AS,2012,2010-2014,Pre-Pandemic,252698525.0,917869913332.649,515.77,2.041048716054041,0.5619205864666769,218.777,0.8657628690155591,187.171,0.7406889296247376,266.252,1937.146
Indonesia,IDN,Asia,AS,2013,2010-2014,Pre-Pandemic,255852467.0,912524136718.018,493.435,1.9285919177789284,0.540736381806499,234.082,0.9149100758915097,164.219,0.641850367618304,270.448,1824.511
Indonesia,IDN,Asia,AS,2014,2010-2014,Pre-Pandemic,258877399.0,890814755533.537,498.029,1.923802548711485,0.5590713410463377,230.761,0.8913910634585757,173.584,0.6705258963143399,268.243,1856.634
Indonesia,IDN,Asia,AS,2015,2015-2019,Pre-Pandemic,261799249.0,860854232686.214,551.16,2.1052772385913148,0.6402477667794668,228.361,0.8722752294831831,197.815,0.7555980422235665,290.626,1896.461
Indonesia,IDN,Asia,AS,2016,2015-2019,Pre-Pandemic,264627418.0,931877364037.698,547.969,2.0707189154526686,0.588026945547561,217.024,0.8201115426369009,206.328,0.7796924504625594,290.819,1884.228
Indonesia,IDN,Asia,AS,2017,2015-2019,Pre-Pandemic,267346658.0,1015618744159.73,570.928,2.1355344565406913,0.5621479549123092,231.028,0.8641514419080564,221.093,0.8269899524983028,282.119,2023.711
Indonesia,IDN,Asia,AS,2018,2015-2019,Pre-Pandemic,269951846.0,1042271532988.63,607.378,2.249949422461071,0.5827444967804045,225.517,0.8353971396809785,262.222,0.9713658338902412,284.945,2131.562
Indonesia,IDN,Asia,AS,2019,2015-2019,Pre-Pandemic,272489381.0,1119099871350.2,665.049,2.4406418978947295,0.5942713577454127,226.218,0.8301901496851358,315.401,1.1574799679991934,295.061,2253.939
Indonesia,IDN,Asia,AS,2020,2020-2023,Pandemic,274814866.0,1059054842698.48,623.304,2.2680869090975597,0.5885474244297081,208.254,0.7577974329816641,300.518,1.093528906838686,294.524,2116.31
Indonesia,IDN,Asia,AS,2021,2020-2023,Pandemic,276758053.0,1186509691086.73,632.946,2.287001202454622,0.5334520271977565,211.766,0.7651665333835832,303.154,1.0953755336615263,288.137,2196.681
Indonesia,IDN,Asia,AS,2022,2020-2023,Post-Pandemic,278830529.0,1319101183380.15,758.021,2.718572470233344,0.5746496247221901,237.398,0.8514060524556119,404.573,1.4509637859633369,275.72,2749.242
Indonesia,IDN,Asia,AS,2023,2020-2023,Post-Pandemic,281190067.0,1371166925749.88,762.358,2.7111839622699048,0.5559921156813732,237.222,0.8436357746591383,399.051,1.4191504140151578,273.724,2785.135
Iran,IRN,Asia,AS,2010,2010-2014,Pre-Pandemic,77420842.0,487069570463.768,561.496,7.252517351852102,1.1528045151031836,227.529,2.9388597969523502,5.452,0.07042031395111926,228.4,2458.393
Iran,IRN,Asia,AS,2011,2010-2014,Pre-Pandemic,78383598.0,629082257472.368,576.366,7.353145488422208,0.9162013284491917,223.696,2.8538623603371716,5.529,0.07053771632172333,225.661,2554.118
Iran,IRN,Asia,AS,2012,2010-2014,Pre-Pandemic,79370580.0,644019315003.54,599.278,7.550379498297732,0.9305279920008391,247.166,3.114075769636558,4.283,0.05396205999754569,232.835,2573.836
Iran,IRN,Asia,AS,2013,2010-2014,Pre-Pandemic,80414686.0,500399839839.877,609.997,7.585641757029307,1.219019175136413,253.336,3.150369821751216,4.269,0.053087317906084966,228.101,2674.244
Iran,IRN,Asia,AS,2014,2010-2014,Pre-Pandemic,81502045.0,462284793280.825,644.228,7.904439698414929,1.3935738517979968,247.804,3.0404635859137032,3.664,0.044955927179495925,231.149,2787.064
Iran,IRN,Asia,AS,2015,2015-2019,Pre-Pandemic,82619362.0,409191686496.677,641.959,7.770079367110097,1.5688466339484473,227.053,2.748181473490439,4.349,0.05263899278234562,232.349,2762.903
Iran,IRN,Asia,AS,2016,2015-2019,Pre-Pandemic,83812228.0,478618064870.999,644.68,7.691956357489984,1.3469612773052335,200.122,2.387742275506624,3.455,0.04122310171732936,220.746,2920.457
Iran,IRN,Asia,AS,2017,2015-2019,Pre-Pandemic,85026754.0,510239893417.645,696.407,8.190445562581397,1.3648619188425006,229.061,2.693987353674586,4.716,0.055464895202279506,230.316,3023.708
Iran,IRN,Asia,AS,2018,2015-2019,Pre-Pandemic,86117998.0,411903303606.044,664.523,7.716424155610306,1.6132985440572447,206.507,2.397954025823963,4.463,0.05182424236104513,212.856,3121.94
Iran,IRN,Asia,AS,2019,2015-2019,Pre-Pandemic,87051648.0,347988400957.999,727.269,8.35445412819755,2.089923106626128,230.904,2.6524942985571047,5.785,0.06645480163683977,220.578,3297.102
Iran,IRN,Asia,AS,2020,2020-2023,Pandemic,87723443.0,280934329279.723,745.596,8.499392801990227,2.653986794392859,210.025,2.3941718749000764,6.504,0.07414209677109915,217.923,3421.375
Iran,IRN,Asia,AS,2021,2020-2023,Pandemic,88455488.0,407350685583.335,779.525,8.81262449199308,1.9136459752944892,229.484,2.594344400654937,7.28,0.08230128129528831,230.943,3375.397
Iran,IRN,Asia,AS,2022,2020-2023,Post-Pandemic,89524246.0,422662261525.665,767.178,8.569499708492378,1.8151088228950274,208.079,2.324275370048914,7.46,0.08332938095898625,219.814,3490.12
Iran,IRN,Asia,AS,2023,2020-2023,Post-Pandemic,90608707.0,457510482317.483,789.676,8.715233073572058,1.7260282125121134,211.025,2.328970437686524,6.263,0.06912139249487359,219.592,3596.104
Iraq,IRQ,Asia,AS,2010,2010-2014,Pre-Pandemic,31045366.0,138516722649.573,113.983,3.671498026468749,0.822882593666039,78.472,2.527655818262861,0.0,0.0,290.577,392.266
Iraq,IRQ,Asia,AS,2011,2010-2014,Pre-Pandemic,32161424.0,185749664444.444,123.526,3.840812521236622,0.6650133143952218,84.862,2.6386269463690413,0.0,0.0,304.926,405.1
Iraq,IRQ,Asia,AS,2012,2010-2014,Pre-Pandemic,33654842.0,218002476129.472,134.04,3.9827850031207985,0.6148554015523816,92.913,2.760761735265315,0.0,0.0,303.735,441.304
Iraq,IRQ,Asia,AS,2013,2010-2014,Pre-Pandemic,35281989.0,234637675128.645,141.704,4.016326857309547,0.6039268839597385,98.726,2.798198253505493,0.0,0.0,291.905,485.448
Iraq,IRQ,Asia,AS,2014,2010-2014,Pre-Pandemic,36550059.0,228415656174.957,137.513,3.762319508157292,0.6020296607631427,94.733,2.591869961140145,0.0,0.0,288.169,477.195
Iraq,IRQ,Asia,AS,2015,2015-2019,Pre-Pandemic,37560535.0,166774104959.102,142.53,3.7946743836316497,0.8546290806654464,94.841,2.5250172821020787,0.0,0.0,302.406,471.319
Iraq,IRQ,Asia,AS,2016,2015-2019,Pre-Pandemic,38469627.0,166743557747.671,153.132,3.9805948729370315,0.918368314005456,97.272,2.5285402429298314,0.0,0.0,303.422,504.684
Iraq,IRQ,Asia,AS,2017,2015-2019,Pre-Pandemic,39337353.0,187217660050.676,167.472,4.257327634627576,0.8945309964597824,105.655,2.6858695855819277,0.0,0.0,279.838,598.461
Iraq,IRQ,Asia,AS,2018,2015-2019,Pre-Pandemic,40265624.0,227367469034.031,186.156,4.623199183502036,0.8187450948496826,114.291,2.8384261473260666,0.0,0.0,298.955,622.69
Iraq,IRQ,Asia,AS,2019,2015-2019,Pre-Pandemic,41192171.0,233636097800.338,191.778,4.65569051944361,0.8208406226844734,114.2,2.772371478065577,0.0,0.0,287.168,667.823
Iraq,IRQ,Asia,AS,2020,2020-2023,Pandemic,42116605.0,180898797516.874,172.098,4.086226798195153,0.9513496074176332,93.022,2.208677551288856,0.0,0.0,289.353,594.768
Iraq,IRQ,Asia,AS,2021,2020-2023,Pandemic,43071211.0,209691945713.103,193.115,4.483621321908037,0.9209461972574603,111.631,2.591777602909749,0.0,0.0,312.265,618.433
Iraq,IRQ,Asia,AS,2022,2020-2023,Post-Pandemic,44070551.0,287372232137.931,217.644,4.9385359397934465,0.7573591866577306,134.835,3.0595260767218453,0.006,0.00013614533659903638,320.063,680.004
Iraq,IRQ,Asia,AS,2023,2020-2023,Post-Pandemic,45074049.0,268881051643.549,227.91,5.056346280317528,0.8476238790606054,143.799,3.1902836153015675,0.006,0.00013311428933309276,317.498,717.829
Ireland,IRL,Europe,EU,2010,2010-2014,Pre-Pandemic,4560155.0,221732824603.484,41.791,9.16438147387534,0.18847457553807462,20.211,4.43208619005275,8.427,1.8479635012406377,234.385,178.3
Ireland,IRL,Europe,EU,2011,2010-2014,Pre-Pandemic,4580084.0,240975871046.644,38.054,8.308581239994725,0.15791622553211626,18.322,4.000363312113926,8.311,1.8145955401691323,223.505,170.262
Ireland,IRL,Europe,EU,2012,2010-2014,Pre-Pandemic,4599533.0,226921827888.137,38.224,8.31040890455618,0.1684456729250517,17.41,3.785166885420759,9.622,2.0919515089901517,228.245,167.469
Ireland,IRL,Europe,EU,2013,2010-2014,Pre-Pandemic,4623816.0,242924245718.756,37.279,8.06238829572803,0.15345936297836454,17.611,3.808758826043251,8.739,1.8899973528358396,225.935,164.997
Ireland,IRL,Europe,EU,2014,2010-2014,Pre-Pandemic,4657740.0,266490442124.309,36.85,7.911562259808405,0.13827888049662468,17.324,3.719400395900158,8.647,1.8564797519827212,223.939,164.553
Ireland,IRL,Europe,EU,2015,2015-2019,Pre-Pandemic,4701957.0,302101388556.271,38.715,8.233805626040391,0.12815234046098647,18.202,3.8711540747820536,9.351,1.9887463879401703,222.614,173.913
Ireland,IRL,Europe,EU,2016,2015-2019,Pre-Pandemic,4762722.0,305431252708.748,40.369,8.476035342814466,0.13217049546169043,18.822,3.951941767753818,9.205,1.9327183068841725,221.918,181.909
Ireland,IRL,Europe,EU,2017,2015-2019,Pre-Pandemic,4827445.0,348355212568.515,39.04,8.087093690347585,0.11206951580298674,18.614,3.855869927052509,7.87,1.630261970876934,213.651,182.73
Ireland,IRL,Europe,EU,2018,2015-2019,Pre-Pandemic,4898022.0,395780319816.603,38.922,7.946473086482666,0.09834243405037346,19.388,3.9583325677181525,6.354,1.2972583626614989,208.305,186.853
Ireland,IRL,Europe,EU,2019,2015-2019,Pre-Pandemic,4976456.0,407211793800.713,37.2,7.475199218078086,0.09135295334350128,19.382,3.894739549591115,4.543,0.9128986571970092,198.086,187.796
Ireland,IRL,Europe,EU,2020,2020-2023,Pandemic,5039747.0,436009027818.948,35.053,6.955309462955184,0.08039512432883775,18.003,3.572203128450694,3.757,0.7454739295444791,198.505,176.583
Ireland,IRL,Europe,EU,2021,2020-2023,Pandemic,5110585.0,530394123829.763,37.474,7.332624347310533,0.07065312060664491,19.215,3.7598435404166057,4.929,0.964468842608038,208.324,179.882
Ireland,IRL,Europe,EU,2022,2020-2023,Post-Pandemic,5212836.0,548341794599.09,36.676,7.0357095446701186,0.06688529008957812,19.15,3.6736241078752525,4.036,0.7742426579313064,196.703,186.452
Ireland,IRL,Europe,EU,2023,2020-2023,Post-Pandemic,5311538.0,567372737459.116,33.568,6.319826762041427,0.05916392837331007,18.458,3.475076333822708,2.685,0.5055033024333065,186.018,180.455
Israel,ISR,Asia,AS,2010,2010-2014,Pre-Pandemic,7623600.0,239372857534.485,68.287,8.957316753239938,0.285274615941627,28.114,3.6877590639592843,28.07,3.6819875124613044,257.629,265.059
Israel,ISR,Asia,AS,2011,2010-2014,Pre-Pandemic,7765800.0,267739352609.375,68.595,8.832959901104845,0.25620066430831473,28.0,3.60555255092843,29.001,3.734451054624121,253.996,270.062
Israel,ISR,Asia,AS,2012,2010-2014,Pre-Pandemic,7910500.0,263172104090.976,74.781,9.453384741798875,0.284152457033018,35.143,4.44257632260919,32.571,4.117438847101953,264.499,282.727
Israel,ISR,Asia,AS,2013,2010-2014,Pre-Pandemic,8059500.0,298045324735.571,63.095,7.828649419939202,0.21169598971558626,22.916,2.8433525652956138,26.716,3.314845834108816,236.15,267.183
Israel,ISR,Asia,AS,2014,2010-2014,Pre-Pandemic,8215700.0,314376760832.047,60.279,7.337049794904877,0.1917412719708106,20.211,2.460046009469674,25.304,3.0799566683301483,231.288,260.622
Israel,ISR,Asia,AS,2015,2015-2019,Pre-Pandemic,8380100.0,302841190257.708,62.936,7.51017290963115,0.20781849373410372,21.83,2.6049808474839202,25.087,2.993639694037064,228.833,275.029
Israel,ISR,Asia,AS,2016,2015-2019,Pre-Pandemic,8546000.0,321083954798.337,61.164,7.157032529838521,0.19049223446377206,22.657,2.651181839457056,20.836,2.4380996957641003,218.0,280.57
Israel,ISR,Asia,AS,2017,2015-2019,Pre-Pandemic,8713300.0,357360816856.642,58.849,6.7539279033202115,0.16467669991813266,21.339,2.449014724616391,18.833,2.161408421608346,205.993,285.686
Israel,ISR,Asia,AS,2018,2015-2019,Pre-Pandemic,8882800.0,375470422244.408,59.986,6.75305083982528,0.1597622514216388,22.409,2.522740577295447,18.129,2.0409105237087406,205.283,292.212
Israel,ISR,Asia,AS,2019,2015-2019,Pre-Pandemic,9054000.0,399207771081.611,58.95,6.510934393638171,0.14766746609235898,21.514,2.3761873205213164,18.011,1.9892865032030043,195.519,301.506
Israel,ISR,Asia,AS,2020,2020-2023,Pandemic,9215100.0,410908899711.272,59.285,6.4334624692081475,0.14427772200031935,18.298,1.9856539809660232,17.096,1.8552158956495317,207.92,285.135
Israel,ISR,Asia,AS,2021,2020-2023,Pandemic,9371400.0,489735019666.026,58.95,6.290415519559511,0.12037121633695065,19.856,2.1187869475211816,14.334,1.5295473461809335,201.853,292.044
Israel,ISR,Asia,AS,2022,2020-2023,Post-Pandemic,9557500.0,525157951212.871,62.267,6.514988229139419,0.11856813717890427,22.006,2.3024849594559247,14.535,1.520795187025896,202.273,307.838
Israel,ISR,Asia,AS,2023,2020-2023,Post-Pandemic,9849000.0,513393395491.904,55.382,5.623108945070565,0.10787439122962647,21.324,2.165092902832775,11.508,1.1684434968017057,194.74,284.39
Italy,ITA,Europe,EU,2010,2010-2014,Pre-Pandemic,59819407.0,2144936254535.0,435.672,7.283121345552623,0.2031165257610181,193.166,3.2291527062446472,58.218,0.9732293066696566,211.258,2062.27
Italy,ITA,Europe,EU,2011,2010-2014,Pre-Pandemic,60026841.0,2306974020278.21,423.897,7.061790907837379,0.1837458923568112,185.899,3.0969312544699794,65.439,1.0901623158879874,209.809,2020.391
Italy,ITA,Europe,EU,2012,2010-2014,Pre-Pandemic,60191247.0,2097929495121.68,403.444,6.702702138734558,0.19230579527964559,172.224,2.861279813657956,66.959,1.1124374944416753,205.841,1959.975
Italy,ITA,Europe,EU,2013,2010-2014,Pre-Pandemic,60311613.0,2153225581941.46,369.461,6.1258683298687435,0.17158490178575475,158.74,2.6319972573109593,57.782,0.9580576132162143,198.308,1863.063
Italy,ITA,Europe,EU,2014,2010-2014,Pre-Pandemic,60320707.0,2173255507985.84,349.389,5.792190068329272,0.16076756677534507,157.626,2.6131325019118226,55.837,0.9256688586226286,192.361,1816.316
Italy,ITA,Europe,EU,2015,2015-2019,Pre-Pandemic,60229605.0,1845428048839.1,361.244,5.997781323653044,0.19575079084077382,161.426,2.680176966128202,53.063,0.8810119209647813,196.492,1838.465
Italy,ITA,Europe,EU,2016,2015-2019,Pre-Pandemic,60115223.0,1887111188176.93,358.133,5.957442759548609,0.18977843078021248,156.02,2.5953492678551653,48.302,0.8034903239068081,195.217,1834.538
Italy,ITA,Europe,EU,2017,2015-2019,Pre-Pandemic,60002252.0,1970720904584.71,352.666,5.877546062771111,0.17895278787551974,148.755,2.4791569489758483,41.798,0.6966071873435684,190.875,1847.626
Italy,ITA,Europe,EU,2018,2015-2019,Pre-Pandemic,59877221.0,2099435266458.67,349.048,5.829395455744347,0.16625804356843762,152.744,2.550953391774812,39.213,0.6548901125521507,187.682,1859.782
Italy,ITA,Europe,EU,2019,2015-2019,Pre-Pandemic,59729081.0,2019606796583.53,339.638,5.686308818312473,0.1681703589899524,148.491,2.4860754177684403,30.48,0.5103041849915622,184.591,1839.953
Italy,ITA,Europe,EU,2020,2020-2023,Pandemic,59438851.0,1907481094079.23,302.6,5.090946323979244,0.1586385316946324,127.568,2.146205686243834,22.119,0.37213034282913715,181.914,1663.423
Italy,ITA,Europe,EU,2021,2020-2023,Pandemic,59133173.0,2179207773596.09,335.93,5.680906045748636,0.1541523502578436,145.904,2.4673798580028845,24.57,0.41550281768238617,188.181,1785.142
Italy,ITA,Europe,EU,2022,2020-2023,Post-Pandemic,59013667.0,2104067630319.46,340.115,5.763325976675877,0.1616464200574962,159.145,2.6967481956340724,31.341,0.5310803682136885,193.746,1755.465
Italy,ITA,Europe,EU,2023,2020-2023,Post-Pandemic,58984216.0,2316882296366.32,312.291,5.294484205740736,0.13478932464104082,154.654,2.621955677091648,21.669,0.3673694671130324,185.815,1680.654
Jamaica,JAM,North America,NA,2010,2010-2014,Pre-Pandemic,2748568.0,13220549908.2494,7.677,2.793090802192269,0.5806868892200681,7.236,2.632643616603264,0.114,0.04147614321348426,234.602,32.725
Jamaica,JAM,North America,NA,2011,2010-2014,Pre-Pandemic,2760494.0,14444661522.1463,8.226,2.9799014234408774,0.569483749230679,7.713,2.7940651202284807,0.187,0.06774149844194553,237.661,34.613
Jamaica,JAM,North America,NA,2012,2010-2014,Pre-Pandemic,2772430.0,14807086555.5283,7.887,2.8447968028047597,0.5326503610567029,7.376,2.66048195986914,0.172,0.0620394383266665,242.602,32.511
Jamaica,JAM,North America,NA,2013,2010-2014,Pre-Pandemic,2783687.0,14264205152.6126,8.467,3.0416494383168797,0.5935837229913371,7.896,2.836525801931036,0.209,0.07508028021828604,239.381,35.369
Jamaica,JAM,North America,NA,2014,2010-2014,Pre-Pandemic,2793749.0,13899217679.9219,7.675,2.7472045627577852,0.5521893517134359,7.017,2.511678751383893,0.245,0.08769578083070455,220.825,34.758
Jamaica,JAM,North America,NA,2015,2015-2019,Pre-Pandemic,2802534.0,14963589915.5912,7.966,2.8424276030192677,0.5323588821222563,7.31,2.6083537255926244,0.238,0.08492314455417847,221.774,35.92
Jamaica,JAM,North America,NA,2016,2015-2019,Pre-Pandemic,2809915.0,14898999754.1229,8.134,2.8947494853047155,0.5459426897264786,7.493,2.666628705850533,0.227,0.0807853618347886,218.646,37.202
Jamaica,JAM,North America,NA,2017,2015-2019,Pre-Pandemic,2815764.0,15783583236.675,7.768,2.7587539296617187,0.49215693822617823,7.017,2.492041236410438,0.191,0.06783238936217666,236.199,32.889
Jamaica,JAM,North America,NA,2018,2015-2019,Pre-Pandemic,2820097.0,16855447986.2221,8.061,2.858412317023138,0.47824299933108777,7.353,2.607357122822371,0.202,0.07162874184824139,216.466,37.238
Jamaica,JAM,North America,NA,2019,2015-2019,Pre-Pandemic,2823271.0,17026269262.5307,9.439,3.3432851469093827,0.5543786401153763,8.266,2.9278096222431356,0.275,0.09740474789703149,228.916,41.236
Jamaica,JAM,North America,NA,2020,2020-2023,Pandemic,2830739.0,15000214216.2439,6.866,2.425515033353481,0.4577267964989948,4.827,1.705208427905222,0.275,0.09714777660533168,237.437,28.916
Jamaica,JAM,North America,NA,2021,2020-2023,Pandemic,2837682.0,15963885376.3537,7.313,2.577103424555676,0.4580964989157519,5.207,1.834948383927445,0.275,0.09691008365278421,229.905,31.807
Jamaica,JAM,North America,NA,2022,2020-2023,Post-Pandemic,2839144.0,18813516805.214,7.908,2.7853465692476322,0.4203360850539314,6.128,2.158397037980462,0.22,0.07748814431391997,236.556,33.428
Jamaica,JAM,North America,NA,2023,2020-2023,Post-Pandemic,2839786.0,21418797832.8216,8.069,2.8414112894422328,0.3767251581055253,6.116,2.1536834113556442,0.227,0.07993560078118563,219.397,36.778
Japan,JPN,Asia,AS,2010,2010-2014,Pre-Pandemic,128070000.0,5811578109447.07,1211.09,9.456469118450848,0.20839262196808475,517.853,4.043515265089404,440.141,3.436722105098774,202.416,5983.169
Japan,JPN,Asia,AS,2011,2010-2014,Pre-Pandemic,127833000.0,6279422550218.7,1261.181,9.865848411599508,0.2008434676777844,548.593,4.291481855232999,424.824,3.3232733331768793,222.446,5669.594
Japan,JPN,Asia,AS,2012,2010-2014,Pre-Pandemic,127629000.0,6333803928787.76,1302.113,10.202328624372203,0.20558151383274886,560.109,4.388571562889312,444.259,3.48086249990206,231.887,5615.285
Japan,JPN,Asia,AS,2013,2010-2014,Pre-Pandemic,127445000.0,5272297037396.96,1311.876,10.293663933461493,0.24882437212750438,537.861,4.220338185099455,475.299,3.7294440739142374,235.262,5576.221
Japan,JPN,Asia,AS,2014,2010-2014,Pre-Pandemic,127276000.0,4985763289560.81,1260.272,9.901882523020836,0.25277413443168417,493.206,3.8750903548194473,466.617,3.6661821553160063,232.018,5431.795
Japan,JPN,Asia,AS,2015,2015-2019,Pre-Pandemic,127141000.0,4534438580494.94,1219.982,9.595504203993992,0.2690480813320085,472.952,3.7199015266515127,460.158,3.6192730905058164,227.47,5363.261
Japan,JPN,Asia,AS,2016,2015-2019,Pre-Pandemic,127076000.0,5110357383254.44,1199.933,9.442640624508169,0.234804126210806,456.462,3.592039409487236,451.654,3.5542037835625924,226.581,5295.819
Japan,JPN,Asia,AS,2017,2015-2019,Pre-Pandemic,126972000.0,5038231631660.71,1184.392,9.327977821881989,0.23508089476418115,444.288,3.4991021642566866,453.724,3.5734177613962133,221.208,5354.196
Japan,JPN,Asia,AS,2018,2015-2019,Pre-Pandemic,126811000.0,5154293721629.56,1138.55,8.978322069851984,0.22089350384169432,427.785,3.373406092531405,436.723,3.443888937079591,214.107,5317.67
Japan,JPN,Asia,AS,2019,2015-2019,Pre-Pandemic,126633000.0,5245755000479.03,1102.063,8.702810483839126,0.21008663193369917,411.853,3.25233548916949,427.648,3.3770660096499334,211.707,5205.6
Japan,JPN,Asia,AS,2020,2020-2023,Pandemic,126261000.0,5189197543645.38,1037.285,8.215403014390827,0.19989314171904,383.172,3.034761327725901,395.042,3.128772938595449,214.971,4825.24
Japan,JPN,Asia,AS,2021,2020-2023,Pandemic,125681593.0,5225933520753.1,1058.502,8.422092485730985,0.2025479267572966,387.738,3.0850818385155256,421.464,3.353426623101443,210.45,5029.708
Japan,JPN,Asia,AS,2022,2020-2023,Post-Pandemic,125124989.0,4447976207314.78,1029.645,8.228931792353643,0.231486175287253,388.925,3.1082919815481462,403.623,3.225758525341409,206.062,4996.771
Japan,JPN,Asia,AS,2023,2020-2023,Post-Pandemic,124516650.0,4384854269961.93,986.91,7.9259279783065155,0.22507247430336344,370.823,2.978099715981758,386.839,3.106725084556965,203.129,4858.53
Jordan,JOR,Asia,AS,2010,2010-2014,Pre-Pandemic,7297043.0,30202773521.1268,20.838,2.855677292843142,0.6899366372900769,13.973,1.9148852487233528,0.0,0.0,233.801,89.129
Jordan,JOR,Asia,AS,2011,2010-2014,Pre-Pandemic,7480424.0,32640291549.2958,21.409,2.8620035441841263,0.6559071314564251,18.25,2.4397012789649355,0.0,0.0,229.35,93.348
Jordan,JOR,Asia,AS,2012,2010-2014,Pre-Pandemic,7587127.0,34854017887.3239,24.069,3.1723470557432347,0.6905660081374344,20.896,2.754138687806333,0.0,0.0,242.982,99.057
Jordan,JOR,Asia,AS,2013,2010-2014,Pre-Pandemic,7991809.0,37873362957.7465,24.061,3.010707588231901,0.6353013865402898,19.661,2.4601438798149453,0.835,0.10448197648367222,244.594,98.371
Jordan,JOR,Asia,AS,2014,2010-2014,Pre-Pandemic,8791710.0,40535098591.5493,26.165,2.976099075151478,0.6454899805141917,22.427,2.550925815341953,1.337,0.1520750798195118,259.228,100.934
Jordan,JOR,Asia,AS,2015,2015-2019,Pre-Pandemic,9544729.0,42394049295.7747,25.799,2.7029578314900298,0.6085523895112166,19.317,2.023839545365824,0.66,0.069148113058003,237.195,108.769
Jordan,JOR,Asia,AS,2016,2015-2019,Pre-Pandemic,10006367.0,43688498732.3944,24.949,2.4933125079262033,0.571065628801309,15.235,1.5225306047639469,0.905,0.09044241531416947,217.183,114.878
Jordan,JOR,Asia,AS,2017,2015-2019,Pre-Pandemic,10234226.0,45535614366.1972,26.08,2.5483119094692652,0.5727385116683562,15.418,1.5065135360505035,0.74,0.07230639620426596,221.017,118.0
Jordan,JOR,Asia,AS,2018,2015-2019,Pre-Pandemic,10462306.0,47435850422.5352,25.419,2.4295791004392338,0.535860531087354,14.781,1.4127860530938399,0.777,0.07426661005709449,223.491,113.737
Jordan,JOR,Asia,AS,2019,2015-2019,Pre-Pandemic,10671891.0,48640273802.8169,24.57,2.302309871793106,0.5051369591298863,14.517,1.3603024993414945,0.791,0.07411994743949316,220.254,111.552
Jordan,JOR,Asia,AS,2020,2020-2023,Pandemic,10865228.0,47931770985.9155,20.622,1.8979813401062546,0.4302365544986783,11.301,1.0401070276666076,0.619,0.05697073268964075,207.41,99.424
Jordan,JOR,Asia,AS,2021,2020-2023,Pandemic,11066356.0,50702940985.9155,21.19,1.914812789322881,0.4179244751480246,11.908,1.0760543036931036,0.641,0.057923312786973415,201.619,105.1
Jordan,JOR,Asia,AS,2022,2020-2023,Post-Pandemic,11256263.0,53516930140.8451,22.428,1.9924907582560927,0.4190823341506007,12.378,1.0996544768010486,0.856,0.07604655292791222,195.914,114.477
Jordan,JOR,Asia,AS,2023,2020-2023,Post-Pandemic,11439213.0,56123472112.6761,23.119,2.021030642580045,0.41193103579880475,12.518,1.0943060505998097,1.439,0.12579536721625867,214.312,107.876
Kazakhstan,KAZ,Europe,EU,2010,2010-2014,Pre-Pandemic,16836810.0,148047348240.643,248.093,14.735154699732313,1.6757679414611206,51.689,3.069999602062386,144.001,8.552748412555585,405.914,611.195
Kazakhstan,KAZ,Europe,EU,2011,2010-2014,Pre-Pandemic,17066002.0,192626464617.071,238.157,13.955055202735826,1.2363669783040494,39.43,2.3104415433679195,141.541,8.293740971083913,343.158,694.016
Kazakhstan,KAZ,Europe,EU,2012,2010-2014,Pre-Pandemic,17306106.0,207998568865.789,245.263,14.172050026736228,1.179157151596826,39.288,2.270181403026192,152.612,8.81839045710225,336.044,729.853
Kazakhstan,KAZ,Europe,EU,2013,2010-2014,Pre-Pandemic,17556502.0,236634603409.089,253.533,14.440974631506892,1.0714113504426799,49.463,2.8173607703858092,150.9,8.595106246107568,346.543,731.605
Kazakhstan,KAZ,Europe,EU,2014,2010-2014,Pre-Pandemic,17816285.0,221415613595.469,299.137,16.790088393848663,1.3510203510152161,39.732,2.2300945455239405,194.196,10.899915442529124,388.939,769.111
Kazakhstan,KAZ,Europe,EU,2015,2015-2019,Pre-Pandemic,18084169.0,184388404706.042,303.052,16.757861530712304,1.6435523724126546,40.8,2.2561169385223065,186.754,10.32693291021556,476.565,635.91
Kazakhstan,KAZ,Europe,EU,2016,2015-2019,Pre-Pandemic,18363600.0,137278320084.171,301.739,16.43136422052321,2.198009123472602,42.117,2.2935045415931516,185.489,10.100906140408199,424.192,711.327
Kazakhstan,KAZ,Europe,EU,2017,2015-2019,Pre-Pandemic,18651931.0,166805788827.233,317.72,17.034161235102147,1.9047300590333498,44.115,2.3651706624906557,191.064,10.243657881856844,415.361,764.926
Kazakhstan,KAZ,Europe,EU,2018,2015-2019,Pre-Pandemic,18932727.0,179339977690.485,329.572,17.407529300982368,1.8376939946362316,47.978,2.534130450410023,193.772,10.234764384443931,417.604,789.198
Kazakhstan,KAZ,Europe,EU,2019,2015-2019,Pre-Pandemic,19209555.0,181667184854.501,296.04,15.411080579430394,1.6295733334399456,47.921,2.4946439415176456,180.217,9.38163325490882,370.646,798.712
Kazakhstan,KAZ,Europe,EU,2020,2020-2023,Pandemic,19482117.0,171082365861.423,281.789,14.46398253331504,1.6470955295781304,47.217,2.423607249663884,184.964,9.494040098414356,382.899,735.937
Kazakhstan,KAZ,Europe,EU,2021,2020-2023,Pandemic,19743603.0,197112255360.612,244.904,12.404220242880694,1.242459529225893,62.447,3.1628978763399975,138.533,7.016601782359582,297.862,822.205
Kazakhstan,KAZ,Europe,EU,2022,2020-2023,Post-Pandemic,20034609.0,225496328925.494,274.346,13.693603903125837,1.2166317798044792,64.976,3.2431878256271434,150.966,7.535260608280401,334.861,819.283
Kazakhstan,KAZ,Europe,EU,2023,2020-2023,Post-Pandemic,20330104.0,261840101059.923,286.175,14.076415939633167,1.0929380138549056,66.979,3.29457242323994,163.217,8.028340632197455,338.173,846.238
Kenya,KEN,Africa,AF,2010,2010-2014,Pre-Pandemic,41598567.0,45405615063.7551,11.857,0.285033857055701,0.2611351037388505,9.688,0.23289263786418413,0.627,0.015072634593398374,196.971,60.196
Kenya,KEN,Africa,AF,2011,2010-2014,Pre-Pandemic,42758461.0,46869473150.61,12.218,0.2857446155510602,0.26068140259948674,10.201,0.23857266518549394,0.894,0.020908142601297086,195.025,62.647
Kenya,KEN,Africa,AF,2012,2010-2014,Pre-Pandemic,43888303.0,56396704671.5777,11.246,0.25624139534399404,0.19940881414065417,9.282,0.2114914308716835,0.802,0.018273661663336584,189.198,59.439
Kenya,KEN,Africa,AF,2013,2010-2014,Pre-Pandemic,44986791.0,61671440407.8387,12.163,0.2703682509828274,0.1972225704404665,9.929,0.22070922996041215,0.887,0.01971689867810309,189.885,64.054
Kenya,KEN,Africa,AF,2014,2010-2014,Pre-Pandemic,46051440.0,68285796514.2896,13.214,0.2869399957960055,0.19351022722909614,10.363,0.22503096537263548,1.099,0.023864617479931138,195.201,67.697
Kenya,KEN,Africa,AF,2015,2015-2019,Pre-Pandemic,47088526.0,70120446896.8359,15.212,0.3230510974159607,0.21694100185043774,12.523,0.2659458909374228,1.162,0.02467692448049871,193.234,78.724
Kenya,KEN,Africa,AF,2016,2015-2019,Pre-Pandemic,48139687.0,74815144163.8931,16.289,0.33836946218615843,0.21772329896627154,13.483,0.28008075748394456,1.147,0.023826494758887817,194.096,83.921
Kenya,KEN,Africa,AF,2017,2015-2019,Pre-Pandemic,49197766.0,82036510877.2599,16.181,0.3288970478862801,0.19724144563156074,13.374,0.27184161166992826,1.081,0.021972542411783494,190.391,84.989
Kenya,KEN,Africa,AF,2018,2015-2019,Pre-Pandemic,50207107.0,92202979985.2863,17.003,0.3386572343234196,0.18440835646215914,13.994,0.27872548004010667,1.619,0.032246430769253445,205.909,82.575
Kenya,KEN,Africa,AF,2019,2015-2019,Pre-Pandemic,51202827.0,100378436207.371,18.159,0.35464838689473144,0.18090538850879753,15.195,0.2967609581400652,1.429,0.027908615280168025,211.273,85.95
Kenya,KEN,Africa,AF,2020,2020-2023,Pandemic,52217334.0,100657505750.545,19.99,0.38282306791074394,0.19859423150758698,16.106,0.30844163740722574,1.92,0.03676939921904094,244.572,81.733
Kenya,KEN,Africa,AF,2021,2020-2023,Pandemic,53219166.0,109703658904.994,20.59,0.3868906927252486,0.187687450040581,15.18,0.28523558599170834,2.228,0.04186461696900699,236.646,87.007
Kenya,KEN,Africa,AF,2022,2020-2023,Post-Pandemic,54252461.0,114448978152.637,20.544,0.3786740660483586,0.17950356859107222,14.211,0.2619420342977621,2.729,0.05030186556882645,235.213,87.344
Kenya,KEN,Africa,AF,2023,2020-2023,Post-Pandemic,55339003.0,107500884685.013,21.186,0.3828402907800851,0.19707744789335302,14.49,0.26184064067796814,3.156,0.057030301033793473,237.805,89.089
Kiribati,KIR,Oceania,OC,2010,2010-2014,Pre-Pandemic,108704.0,165458433.127645,0.059,0.5427583161613189,0.3565850279416324,0.059,0.5427583161613189,,,224.481,0.261
Kiribati,KIR,Oceania,OC,2011,2010-2014,Pre-Pandemic,110647.0,195970140.170383,0.055,0.4970762876535288,0.2806550015843289,0.055,0.4970762876535288,,,227.977,0.241
Kiribati,KIR,Oceania,OC,2012,2010-2014,Pre-Pandemic,112284.0,207001545.867109,0.055,0.4898293612625129,0.26569849886681013,0.055,0.4898293612625129,,,230.934,0.238
Kiribati,KIR,Oceania,OC,2013,2010-2014,Pre-Pandemic,113838.0,201730860.757856,0.055,0.4831427115725856,0.2726404864053907,0.055,0.4831427115725856,,,228.299,0.241
Kiribati,KIR,Oceania,OC,2014,2010-2014,Pre-Pandemic,115326.0,200287281.98074,0.055,0.4769089364063611,0.27460555386282043,0.055,0.4769089364063611,,,227.49,0.242
Kiribati,KIR,Oceania,OC,2015,2015-2019,Pre-Pandemic,116815.0,191559398.688293,0.059,0.5050721225869965,0.3079984610726685,0.059,0.5050721225869965,,,228.759,0.256
Kiribati,KIR,Oceania,OC,2016,2015-2019,Pre-Pandemic,118478.0,206467818.503227,0.055,0.46422120562467295,0.2663853398496598,0.055,0.46422120562467295,,,200.623,0.274
Kiribati,KIR,Oceania,OC,2017,2015-2019,Pre-Pandemic,120275.0,223029864.54193,0.07,0.5819995842860112,0.3138593127147772,0.07,0.5819995842860112,,,224.526,0.31
Kiribati,KIR,Oceania,OC,2018,2015-2019,Pre-Pandemic,122084.0,233859230.192198,0.07,0.5733757085285541,0.29932536741214044,0.07,0.5733757085285541,,,221.882,0.314
Kiribati,KIR,Oceania,OC,2019,2015-2019,Pre-Pandemic,123921.0,216891541.021351,0.07,0.5648760097158674,0.3227419551282045,0.07,0.5648760097158674,,,220.249,0.316
Kiribati,KIR,Oceania,OC,2020,2020-2023,Pandemic,126099.0,220909306.750809,0.07,0.5551193903203039,0.31687211838006296,0.07,0.5551193903203039,,,223.64,0.311
Kiribati,KIR,Oceania,OC,2021,2020-2023,Pandemic,128377.0,285451584.406531,0.07,0.5452690123620275,0.24522547368421066,0.07,0.5452690123620275,,,223.64,0.311
Kiribati,KIR,Oceania,OC,2022,2020-2023,Post-Pandemic,130469.0,271214374.500577,0.07,0.536525918034169,0.2580984143222508,0.07,0.536525918034169,,,220.934,0.315
Kiribati,KIR,Oceania,OC,2023,2020-2023,Post-Pandemic,132530.0,291657337.839517,0.069,0.520636836942579,0.23657899544419111,0.069,0.520636836942579,,,215.919,0.321
Kuwait,KWT,Asia,AS,2010,2010-2014,Pre-Pandemic,2943372.0,115416245241.742,89.721,30.48238550886534,0.7773689034163023,58.741,19.957042466939278,0.003,0.0010192391583530725,221.523,405.019
Kuwait,KWT,Asia,AS,2011,2010-2014,Pre-Pandemic,3132814.0,154039231245.856,87.151,27.818759747626256,0.5657714550710896,51.241,16.35622159502607,0.051,0.01627929395106125,212.609,409.911
Kuwait,KWT,Asia,AS,2012,2010-2014,Pre-Pandemic,3337109.0,174047662680.041,101.201,30.325949796665316,0.5814556681869494,62.827,18.826774912057115,0.532,0.15941942561660408,239.358,422.8
Kuwait,KWT,Asia,AS,2013,2010-2014,Pre-Pandemic,3507844.0,174168116534.844,83.047,23.674655999525633,0.47682091103847735,44.246,12.613445751863537,0.589,0.16790940532133128,185.13,448.585
Kuwait,KWT,Asia,AS,2014,2010-2014,Pre-Pandemic,3665876.0,162650450684.725,74.994,20.457320433097028,0.4610746523252205,36.125,9.854397693757235,0.811,0.22122952331175413,171.518,437.235
Kuwait,KWT,Asia,AS,2015,2015-2019,Pre-Pandemic,3834574.0,114585555688.511,93.317,24.335688918769073,0.8143871139716129,50.477,13.163652598698055,0.847,0.22088503181839755,199.112,468.668
Kuwait,KWT,Asia,AS,2016,2015-2019,Pre-Pandemic,4004096.0,109406674124.652,104.019,25.97814837606291,0.9507555259516108,58.287,14.556843791957036,0.778,0.19430103573940286,223.238,465.955
Kuwait,KWT,Asia,AS,2017,2015-2019,Pre-Pandemic,4154812.0,120687539805.505,100.01,24.07088455506531,0.8286688100625129,54.687,13.162328403788186,0.534,0.12852567095695305,214.159,466.991
Kuwait,KWT,Asia,AS,2018,2015-2019,Pre-Pandemic,4323515.0,138646316350.727,102.453,23.696691233868737,0.7389521964711239,55.927,12.93553971710518,0.746,0.1725447928363843,212.39,482.382
Kuwait,KWT,Asia,AS,2019,2015-2019,Pre-Pandemic,4442316.0,140856394860.529,104.654,23.558432133148564,0.7429836615059237,54.859,12.34918902662485,0.578,0.13011231078563523,236.317,442.856
Kuwait,KWT,Asia,AS,2020,2020-2023,Pandemic,4400267.0,111045470605.715,90.103,20.476711981341133,0.8114063501061233,35.49,8.065419666579324,0.163,0.03704320669632093,214.694,419.679
Kuwait,KWT,Asia,AS,2021,2020-2023,Pandemic,4360865.0,148350671489.144,87.869,20.14944282842968,0.5923060483513218,30.807,7.064424145209723,0.278,0.06374882047483699,187.3,469.135
Kuwait,KWT,Asia,AS,2022,2020-2023,Post-Pandemic,4589643.0,183502046693.878,115.849,25.24139677094711,0.6313226587235932,65.639,14.301548072475352,0.337,0.07342619022873892,247.202,468.641
Kuwait,KWT,Asia,AS,2023,2020-2023,Post-Pandemic,4853420.0,165462656226.772,123.169,25.377774847427176,0.7443915310485094,68.085,14.028252242748412,0.621,0.12795101186379915,246.916,498.829
Kyrgyzstan,KGZ,Asia,AS,2010,2010-2014,Pre-Pandemic,5467059.0,4794361863.01353,6.356,1.1625994890488651,1.3257238776726152,2.755,0.5039272486358753,2.682,0.49057454839978865,163.057,38.978
Kyrgyzstan,KGZ,Asia,AS,2011,2010-2014,Pre-Pandemic,5546587.0,6197765984.28468,7.62,1.3738178090418487,1.2294752688826258,3.638,0.6558988437394022,2.865,0.5165338612736085,182.356,41.787
Kyrgyzstan,KGZ,Asia,AS,2012,2010-2014,Pre-Pandemic,5652076.0,6605142884.36215,10.087,1.7846539926214722,1.527143345207753,4.672,0.8265989346215443,4.016,0.710535385582218,196.167,51.419
Kyrgyzstan,KGZ,Asia,AS,2013,2010-2014,Pre-Pandemic,5777150.0,7335033800.59056,9.734,1.6849138416000968,1.327055916118109,4.796,0.8301671239278883,3.576,0.6189903326034464,200.603,48.523
Kyrgyzstan,KGZ,Asia,AS,2014,2010-2014,Pre-Pandemic,5905848.0,7468102412.68237,10.236,1.733197332542253,1.3706293023803706,4.4,0.7450242539259392,4.503,0.7624645944155691,206.376,49.601
Kyrgyzstan,KGZ,Asia,AS,2015,2015-2019,Pre-Pandemic,6040036.0,6678177511.66313,10.265,1.6994931818287176,1.5370960089145054,4.719,0.7812867340525785,4.338,0.7182076398220143,220.198,46.616
Kyrgyzstan,KGZ,Asia,AS,2016,2015-2019,Pre-Pandemic,6175338.0,6813095379.1187,9.622,1.5581333361833798,1.4122802433516852,4.99,0.8080529357259473,3.481,0.5636938415354754,202.198,47.585
Kyrgyzstan,KGZ,Asia,AS,2017,2015-2019,Pre-Pandemic,6306696.0,7702938379.42036,9.364,1.4847711067728648,1.2156399984994601,4.71,0.7468252790367571,3.391,0.5376824885803914,200.625,46.675
Kyrgyzstan,KGZ,Asia,AS,2018,2015-2019,Pre-Pandemic,6444079.0,8271106235.41552,11.175,1.734150062406125,1.351088921110756,5.575,0.8651352660325858,4.043,0.6273976467389677,215.274,51.91
Kyrgyzstan,KGZ,Asia,AS,2019,2015-2019,Pre-Pandemic,6590211.0,9371275264.36735,9.047,1.372793678381466,0.9653968904744107,4.331,0.6571868487974057,3.173,0.4814716858079354,196.667,46.0
Kyrgyzstan,KGZ,Asia,AS,2020,2020-2023,Pandemic,6726596.0,8270468614.24051,8.348,1.2410437612129523,1.0093744852167135,3.636,0.5405408619753587,3.174,0.4718582772029121,198.662,42.024
Kyrgyzstan,KGZ,Asia,AS,2021,2020-2023,Pandemic,6851224.0,9249133946.26531,10.338,1.5089274558823358,1.1177262714607308,4.234,0.6179917632236225,4.157,0.6067528955410011,237.717,43.49
Kyrgyzstan,KGZ,Asia,AS,2022,2020-2023,Post-Pandemic,6975220.0,12134931017.9465,11.513,1.6505572584090538,0.9487486977036195,3.968,0.5688709460060041,5.429,0.7783267051075091,218.056,52.798
Kyrgyzstan,KGZ,Asia,AS,2023,2020-2023,Post-Pandemic,7099750.0,15180842369.4894,11.144,1.569632733546956,0.7340831113823642,4.077,0.5742455720271841,4.999,0.7041092996232262,196.484,56.719
Laos,LAO,Asia,AS,2010,2010-2014,Pre-Pandemic,6334194.0,7131771014.70456,3.001,0.47377772136439145,0.42079309526517644,1.905,0.30074860353187793,0.638,0.10072315435870767,219.259,13.686
Laos,LAO,Asia,AS,2011,2010-2014,Pre-Pandemic,6426590.0,8750104617.17303,3.097,0.48190408910479743,0.3539386253647529,1.927,0.29984797536485136,0.678,0.10549918385955849,212.922,14.544
Laos,LAO,Asia,AS,2012,2010-2014,Pre-Pandemic,6518978.0,10192846339.4029,3.328,0.5105094694291038,0.3265034995313149,2.048,0.3141596734948331,0.714,0.10952637054458536,200.356,16.612
Laos,LAO,Asia,AS,2013,2010-2014,Pre-Pandemic,6611385.0,11983252626.5452,4.198,0.6349652909337453,0.3503222481265751,2.303,0.34833851000962734,1.071,0.16199328884946196,225.516,18.616
Laos,LAO,Asia,AS,2014,2010-2014,Pre-Pandemic,6703172.0,13279245886.3854,4.383,0.6538695411664806,0.33006392362187437,2.418,0.3607247434498175,1.125,0.16783099105915827,220.984,19.834
Laos,LAO,Asia,AS,2015,2015-2019,Pre-Pandemic,6801645.0,14426380125.6488,9.185,1.3504086143866667,0.6366808527157759,2.895,0.42563232864990747,5.108,0.750994796111823,246.322,37.288
Laos,LAO,Asia,AS,2016,2015-2019,Pre-Pandemic,6908802.0,15912501722.6143,16.407,2.3747966724187495,1.0310760863380104,3.141,0.4546374320757781,11.966,1.7319934773061958,279.148,58.773
Laos,LAO,Asia,AS,2017,2015-2019,Pre-Pandemic,7018147.0,17071155481.4994,19.625,2.796322163100887,1.1495999799936385,3.206,0.4568157378293729,14.916,2.125347331710208,283.276,69.279
Laos,LAO,Asia,AS,2018,2015-2019,Pre-Pandemic,7128045.0,18141641089.7963,20.481,2.8732983588066574,1.128949685346794,3.312,0.4646435312908378,15.338,2.1517821506457944,286.5,71.489
Laos,LAO,Asia,AS,2019,2015-2019,Pre-Pandemic,7237636.0,18740561512.5555,18.34,2.5339765636182863,0.9786259599379059,2.689,0.37153015155777386,13.663,1.887771089897309,250.992,73.07
Laos,LAO,Asia,AS,2020,2020-2023,Pandemic,7346533.0,18981805250.2424,18.294,2.4901541992665113,0.963765024391786,2.649,0.36057824827030655,13.293,1.8094249355444263,273.873,66.796
Laos,LAO,Asia,AS,2021,2020-2023,Pandemic,7453194.0,18827148530.9347,21.837,2.9298848252172154,1.159867622232854,2.668,0.35796733588311264,13.669,1.8339788284056473,312.434,69.892
Laos,LAO,Asia,AS,2022,2020-2023,Post-Pandemic,7559007.0,15468785203.7532,22.549,2.9830637807320457,1.4577098138597802,2.726,0.3606293789647238,14.938,1.9761854963224668,348.9,64.628
Laos,LAO,Asia,AS,2023,2020-2023,Post-Pandemic,7664993.0,15843155731.2552,24.157,3.151601051690458,1.5247593604311636,2.713,0.35394683335001087,16.559,2.160341177089138,310.472,77.807
Latvia,LVA,Europe,EU,2010,2010-2014,Pre-Pandemic,2097555.0,23468324572.3343,8.555,4.07855813077607,0.36453390499316196,4.251,2.0266453084662857,0.455,0.2169192226187156,171.227,49.96
Latvia,LVA,Europe,EU,2011,2010-2014,Pre-Pandemic,2059709.0,26575547900.8247,7.808,3.7908267624212937,0.29380391437791203,3.813,1.8512323828268944,0.442,0.21459342072108245,174.93,44.637
Latvia,LVA,Europe,EU,2012,2010-2014,Pre-Pandemic,2034319.0,27116149948.6683,7.52,3.6965687288965006,0.2773255058050494,3.73,1.833537414731908,0.4,0.19662599621789897,162.46,46.287
Latvia,LVA,Europe,EU,2013,2010-2014,Pre-Pandemic,2012647.0,29152128167.8438,7.369,3.6613474692780206,0.252777428720568,3.771,1.8736519618194347,0.301,0.1495542934255237,165.282,44.583
Latvia,LVA,Europe,EU,2014,2010-2014,Pre-Pandemic,1993782.0,30277203767.4058,7.172,3.5971836439490374,0.23687788525969644,3.89,1.9510658637704623,0.242,0.1213773622191393,174.866,41.015
Latvia,LVA,Europe,EU,2015,2015-2019,Pre-Pandemic,1977527.0,26344565876.8902,7.262,3.672263387554253,0.27565457081114103,4.067,2.0566090880175087,0.19,0.09607959840750593,172.446,42.114
Latvia,LVA,Europe,EU,2016,2015-2019,Pre-Pandemic,1959537.0,27117105059.5075,7.211,3.679950927183309,0.26592071624812913,4.059,2.071407684570386,0.166,0.08471388904623899,160.311,44.979
Latvia,LVA,Europe,EU,2017,2015-2019,Pre-Pandemic,1942248.0,29391059767.4259,7.215,3.7147676300863743,0.24548281202151076,4.277,2.202087478015166,0.167,0.08598284050234574,146.352,49.301
Latvia,LVA,Europe,EU,2018,2015-2019,Pre-Pandemic,1927174.0,33247935477.3576,7.843,4.06968960768462,0.2358943461419195,4.346,2.255115521483789,0.197,0.10222221760982661,178.26,43.999
Latvia,LVA,Europe,EU,2019,2015-2019,Pre-Pandemic,1913822.0,33099503950.847,7.633,3.988354193859199,0.23060768558148362,4.303,2.2483804658949476,0.166,0.08673742908170143,168.646,45.263
Latvia,LVA,Europe,EU,2020,2020-2023,Pandemic,1900449.0,33379927434.6149,6.999,3.6828139034512373,0.2096769087862682,4.174,2.1963230794407007,0.1,0.05261914421276235,169.8,41.221
Latvia,LVA,Europe,EU,2021,2020-2023,Pandemic,1884490.0,38183326784.9335,7.218,3.830214010156594,0.18903538815921356,4.287,2.2748860434388085,0.078,0.04139050883793493,167.569,43.077
Latvia,LVA,Europe,EU,2022,2020-2023,Post-Pandemic,1879383.0,38003198508.9107,6.608,3.516047553904659,0.17388010113018795,4.331,2.3044797148851512,0.058,0.03086119221042225,171.577,38.513
Latvia,LVA,Europe,EU,2023,2020-2023,Post-Pandemic,1883710.0,42779550936.838,6.59,3.4984153611755526,0.1540455627907321,4.386,2.328383880745975,0.06,0.031852036672311554,161.662,40.763
Lebanon,LBN,Asia,AS,2010,2010-2014,Pre-Pandemic,5041288.0,38443907042.1227,19.997,3.96664503198389,0.520160450343651,16.378,3.248772932631502,0.564,0.11187617132764484,257.536,77.646
Lebanon,LBN,Asia,AS,2011,2010-2014,Pre-Pandemic,5096020.0,39927125961.5257,20.264,3.9764365132004977,0.507524634243062,17.06,3.3477105662850617,0.627,0.12303719373157876,258.127,78.504
Lebanon,LBN,Asia,AS,2012,2010-2014,Pre-Pandemic,5235742.0,44016799515.7546,22.332,4.265298022706237,0.5073517440087136,19.317,3.689448410559573,0.627,0.11975379993895803,254.565,87.726
Lebanon,LBN,Asia,AS,2013,2010-2014,Pre-Pandemic,5743436.0,46880103080.597,22.164,3.859014011821495,0.4727805304074376,19.123,3.329540017508683,0.502,0.0874041253354264,254.823,86.977
Lebanon,LBN,Asia,AS,2014,2010-2014,Pre-Pandemic,6346990.0,48095213746.6003,23.992,3.7800595242784376,0.49884381690051055,20.753,3.2697388841009674,0.627,0.098786984066463,261.903,91.607
Lebanon,LBN,Asia,AS,2015,2015-2019,Pre-Pandemic,6472469.0,49929337836.8159,25.731,3.975453571117915,0.5153483125311344,22.71,3.5087074190699097,0.626,0.09671734233103318,255.701,100.63
Lebanon,LBN,Asia,AS,2016,2015-2019,Pre-Pandemic,6323060.0,51147308774.1294,26.438,4.181203404680645,0.5168991415902705,23.519,3.7195598333718167,0.627,0.0991608493356065,254.997,103.679
Lebanon,LBN,Asia,AS,2017,2015-2019,Pre-Pandemic,6160128.0,53027680685.9038,27.821,4.516302258654366,0.524650515356135,24.952,4.050565183061131,0.626,0.10162126501267506,251.438,110.646
Lebanon,LBN,Asia,AS,2018,2015-2019,Pre-Pandemic,5984119.0,54901519155.5556,25.812,4.3134168956198895,0.47015092472879283,23.501,3.927228051447506,0.264,0.044116769736698085,247.848,104.145
Lebanon,LBN,Asia,AS,2019,2015-2019,Pre-Pandemic,5794594.0,51605959131.2741,25.141,4.338699139232188,0.4871724200696838,23.636,4.0789742991484825,0.11,0.018983210903127986,239.277,105.071
Lebanon,LBN,Asia,AS,2020,2020-2023,Pandemic,5702398.0,31712128253.7961,23.694,4.155094049906723,0.7471589358611941,22.797,3.997791806183995,0.044,0.007716052088963274,237.877,99.606
Lebanon,LBN,Asia,AS,2021,2020-2023,Pandemic,5718122.0,23131941556.7843,19.474,3.4056636077369458,0.8418662113681731,18.529,3.2403995577569,0.158,0.027631449626293388,235.479,82.701
Lebanon,LBN,Asia,AS,2022,2020-2023,Post-Pandemic,5744489.0,20992421948.8081,15.361,2.67404115492257,0.7317402459544293,14.385,2.504139184529729,0.051,0.008878074272576725,231.302,66.41
Lebanon,LBN,Asia,AS,2023,2020-2023,Post-Pandemic,5773493.0,20078620356.9931,15.559,2.6949023753904267,0.7749038391764312,14.548,2.519791744789506,0.086,0.014895661950226666,221.379,70.281
Lesotho,LSO,Africa,AF,2010,2010-2014,Pre-Pandemic,1996251.0,2234754241.91918,2.275,1.1396362481471518,1.0180090308481784,0.524,0.26249204133147586,1.751,0.877144206815676,731.781,3.109
Lesotho,LSO,Africa,AF,2011,2010-2014,Pre-Pandemic,2014009.0,2579409619.96722,2.759,1.3699045039024156,1.0696246065931407,0.549,0.2725906388700348,2.21,1.0973138650323806,909.707,3.033
Lesotho,LSO,Africa,AF,2012,2010-2014,Pre-Pandemic,2034354.0,2477702216.26888,2.792,1.3724258413235848,1.1268505075660038,0.594,0.2919845808546595,2.198,1.0804412604689253,850.359,3.283
Lesotho,LSO,Africa,AF,2013,2010-2014,Pre-Pandemic,2056504.0,2367112931.642,2.125,1.0333070103437678,0.8977180478355744,0.594,0.28883970077374027,1.532,0.7449535716925423,641.585,3.312
Lesotho,LSO,Africa,AF,2014,2010-2014,Pre-Pandemic,2080089.0,2441063054.05792,2.242,1.0778384963335703,0.9184523096496807,0.572,0.2749882336765398,1.671,0.8033310113173042,656.696,3.415
Lesotho,LSO,Africa,AF,2015,2015-2019,Pre-Pandemic,2104611.0,2359686724.53829,2.045,0.9716760009331891,0.8666404649117719,0.612,0.29079007949687613,1.433,0.6808859214363129,615.878,3.32
Lesotho,LSO,Africa,AF,2016,2015-2019,Pre-Pandemic,2130422.0,2114426452.2019,2.026,0.950985297748521,0.9581794618063846,0.649,0.3046344808681097,1.378,0.646820207451857,547.524,3.701
Lesotho,LSO,Africa,AF,2017,2015-2019,Pre-Pandemic,2157110.0,2306741672.29006,2.286,1.059751241244072,0.9910082379231184,0.652,0.30225625953242996,1.634,0.757494981711642,575.295,3.974
Lesotho,LSO,Africa,AF,2018,2015-2019,Pre-Pandemic,2183603.0,2556247291.99785,2.165,0.991480594228896,0.8469446625048281,0.685,0.3137017122617985,1.48,0.6777788819670975,559.842,3.868
Lesotho,LSO,Africa,AF,2019,2015-2019,Pre-Pandemic,2209405.0,2390702295.82777,2.187,0.9898592607511977,0.9147939514747322,0.717,0.32452176038345165,1.47,0.6653375003677461,543.649,4.024
Lesotho,LSO,Africa,AF,2020,2020-2023,Pandemic,2235727.0,2053699863.99625,1.986,0.8883016575816278,0.9670351714079027,0.634,0.283576662087992,1.352,0.6047249954936359,550.615,3.607
Lesotho,LSO,Africa,AF,2021,2020-2023,Pandemic,2261542.0,2412130056.55851,3.096,1.368977449899228,1.2835128817296018,0.696,0.3077546205199815,2.4,1.0612228293792465,779.66,3.971
Lesotho,LSO,Africa,AF,2022,2020-2023,Post-Pandemic,2286110.0,2354980960.02697,2.551,1.115869315124819,1.0832359340904332,0.914,0.39980578362371016,1.638,0.716500955772032,529.3,4.82
Lesotho,LSO,Africa,AF,2023,2020-2023,Post-Pandemic,2311472.0,2129871529.52517,2.494,1.078966130673441,1.17096264513006,0.923,0.3993126457945413,1.571,0.6796534848788996,585.062,4.262
Liberia,LBR,Africa,AF,2010,2010-2014,Pre-Pandemic,4058890.0,1998000000.0,0.709,0.17467829874670168,0.35485485485485485,0.682,0.168026233773273,,,210.608,3.368
Liberia,LBR,Africa,AF,2011,2010-2014,Pre-Pandemic,4221178.0,2398000000.0,0.822,0.19473237091636506,0.3427856547122602,0.791,0.1873884493854559,,,219.321,3.75
Liberia,LBR,Africa,AF,2012,2010-2014,Pre-Pandemic,4373043.0,2791614000.0,0.915,0.20923645159674853,0.3277673775815711,0.868,0.19848878686992102,,,220.01,4.159
Liberia,LBR,Africa,AF,2013,2010-2014,Pre-Pandemic,4470239.0,3177198100.0,0.874,0.19551527334444535,0.2750851449898576,0.799,0.17873764691328584,,,237.644,3.679
Liberia,LBR,Africa,AF,2014,2010-2014,Pre-Pandemic,4564293.0,3225652000.0,0.734,0.16081351482036757,0.22755089513685917,0.619,0.13561793688529636,,,151.415,4.844
Liberia,LBR,Africa,AF,2015,2015-2019,Pre-Pandemic,4659431.0,3227075700.0,0.699,0.15001831768728843,0.21660477316971524,0.583,0.1251225739795267,,,143.697,4.862
Liberia,LBR,Africa,AF,2016,2015-2019,Pre-Pandemic,4755608.0,3398419600.0,0.647,0.1360499015057591,0.1903826119646909,0.553,0.11628376434727168,,,115.677,5.59
Liberia,LBR,Africa,AF,2017,2015-2019,Pre-Pandemic,4848925.0,3390703400.0,0.667,0.13755626247054759,0.1967143454658995,0.557,0.11487082188320091,,,138.276,4.826
Liberia,LBR,Africa,AF,2018,2015-2019,Pre-Pandemic,4944726.0,3422754800.0,0.609,0.12316152603804538,0.17792685587644197,0.48,0.09707312397087321,,,279.219,2.18
Liberia,LBR,Africa,AF,2019,2015-2019,Pre-Pandemic,5043721.0,3319596500.0,0.932,0.1847842099116902,0.28075701369127243,0.799,0.15841478939854128,,,257.159,3.623
Liberia,LBR,Africa,AF,2020,2020-2023,Pandemic,5149463.0,3176126300.0,0.777,0.15088951993635064,0.2446376266586124,0.616,0.11962412391350322,,,275.042,2.824
Liberia,LBR,Africa,AF,2021,2020-2023,Pandemic,5259323.0,3513049500.0,0.783,0.14887847732493326,0.22288328132011803,0.575,0.10932966087080029,,,292.596,2.675
Liberia,LBR,Africa,AF,2022,2020-2023,Post-Pandemic,5373294.0,4001047000.0,0.864,0.1607952217019951,0.21594347679494894,0.68,0.12655179485805168,,,277.454,3.113
Liberia,LBR,Africa,AF,2023,2020-2023,Post-Pandemic,5493031.0,4390000000.0,0.834,0.15182874445820532,0.18997722095671982,0.65,0.1183317552731816,,,267.273,3.12
Libya,LBY,Africa,AF,2010,2010-2014,Pre-Pandemic,6497839.0,75380825062.4216,59.148,9.102718611526079,0.7846557788538469,36.117,5.558309462576712,,,224.376,263.611
Libya,LBY,Africa,AF,2011,2010-2014,Pre-Pandemic,6343203.0,48169263294.1007,53.542,8.440846052065494,1.111538693732883,34.563,5.448824513420113,,,309.477,173.009
Libya,LBY,Africa,AF,2012,2010-2014,Pre-Pandemic,6179328.0,92540938129.1315,61.606,9.96969249730715,0.6657161818916842,31.719,5.133082432264479,,,285.783,215.571
Libya,LBY,Africa,AF,2013,2010-2014,Pre-Pandemic,6304628.0,75351107029.0605,51.344,8.143858765338733,0.6813967574517289,21.669,3.4369989791626088,,,221.447,231.857
Libya,LBY,Africa,AF,2014,2010-2014,Pre-Pandemic,6427252.0,57372355592.022,68.348,10.634093699764689,1.1913054518107364,41.339,6.431831208734308,,,301.84,226.439
Libya,LBY,Africa,AF,2015,2015-2019,Pre-Pandemic,6531819.0,48717501321.3052,60.866,9.318384358170366,1.2493662102777428,31.992,4.897869950162428,,,337.778,180.196
Libya,LBY,Africa,AF,2016,2015-2019,Pre-Pandemic,6632126.0,49912073701.298,57.379,8.651675194349444,1.149601604280926,25.514,3.847031856753023,,,325.322,176.376
Libya,LBY,Africa,AF,2017,2015-2019,Pre-Pandemic,6738770.0,67157452181.7738,67.092,9.956119588589608,0.9990253921248137,26.173,3.8839432121885746,,,241.859,277.402
Libya,LBY,Africa,AF,2018,2015-2019,Pre-Pandemic,6849055.0,76686029772.1483,62.645,9.146517293261626,0.8169023769535676,25.912,3.783295651735896,,,234.805,266.794
Libya,LBY,Africa,AF,2019,2015-2019,Pre-Pandemic,6951033.0,69254496471.6938,73.778,10.61396198234133,1.0653171094840763,44.266,6.368262098597431,,,323.148,228.312
Libya,LBY,Africa,AF,2020,2020-2023,Pandemic,7045399.0,46854285440.642,36.111,5.125472666629668,0.7707085842926304,21.958,3.116643926057275,,,199.855,180.684
Libya,LBY,Africa,AF,2021,2020-2023,Pandemic,7135175.0,35217995647.2862,56.312,7.89216802671273,1.598955277409129,30.624,4.291976020209735,,,255.471,220.426
Libya,LBY,Africa,AF,2022,2020-2023,Post-Pandemic,7223805.0,43246297921.8499,58.974,8.16384163193774,1.3636774205868796,32.555,4.506627739813021,,,261.347,225.654
Libya,LBY,Africa,AF,2023,2020-2023,Post-Pandemic,7305659.0,44027664915.187,64.219,8.790308991974577,1.458605631793299,35.114,4.806411030134311,,,287.595,223.297
Liechtenstein,LIE,Europe,EU,2010,2010-2014,Pre-Pandemic,36022.0,5082337238.44718,0.191,5.3023152517905725,0.037581134631348614,0.13,3.608905668757981,0.0,0.0,,
Liechtenstein,LIE,Europe,EU,2011,2010-2014,Pre-Pandemic,36312.0,5739706004.89616,0.177,4.8744216787838734,0.03083781640540702,0.123,3.387309980171844,0.0,0.0,,
Liechtenstein,LIE,Europe,EU,2012,2010-2014,Pre-Pandemic,36657.0,5456102482.28614,0.185,5.046785061516218,0.03390698774457108,0.131,3.573669421938511,0.0,0.0,,
Liechtenstein,LIE,Europe,EU,2013,2010-2014,Pre-Pandemic,36984.0,6391708310.67727,0.192,5.1914341336794285,0.030038917714575047,0.135,3.6502271252433487,0.0,0.0,,
Liechtenstein,LIE,Europe,EU,2014,2010-2014,Pre-Pandemic,37248.0,6657526979.72277,0.161,4.322379725085911,0.024183153968488205,0.113,3.0337199312714778,0.0,0.0,,
Liechtenstein,LIE,Europe,EU,2015,2015-2019,Pre-Pandemic,37494.0,6268515276.17441,0.16,4.267349442577479,0.025524385432724964,0.108,2.8804608737397985,0.0,0.0,,
Liechtenstein,LIE,Europe,EU,2016,2015-2019,Pre-Pandemic,37716.0,6237302033.50132,0.15,3.9770919503658924,0.024048859457876413,0.099,2.624880687241489,0.0,0.0,,
Liechtenstein,LIE,Europe,EU,2017,2015-2019,Pre-Pandemic,37962.0,6474308717.85289,0.155,4.083030398819872,0.023940779897101274,0.102,2.686897423739529,0.0,0.0,,
Liechtenstein,LIE,Europe,EU,2018,2015-2019,Pre-Pandemic,38246.0,6692620691.84146,0.143,3.7389530931339223,0.021366816764966528,0.093,2.43162683679339,0.0,0.0,,
Liechtenstein,LIE,Europe,EU,2019,2015-2019,Pre-Pandemic,38563.0,6436467007.11932,0.149,3.863807276404844,0.02314934572572071,0.098,2.5412960609911055,0.0,0.0,,
Liechtenstein,LIE,Europe,EU,2020,2020-2023,Pandemic,38901.0,6405870210.32293,0.142,3.6502917662785017,0.022167167822284298,0.093,2.3906840441119765,0.0,0.0,,
Liechtenstein,LIE,Europe,EU,2021,2020-2023,Pandemic,39182.0,7912602342.18895,0.146,3.7262008064927774,0.01845157808848137,0.092,2.3480169465570926,0.0,0.0,,
Liechtenstein,LIE,Europe,EU,2022,2020-2023,Post-Pandemic,39493.0,7426856242.7736,0.128,3.2410806978451876,0.01723474856868883,0.083,2.101638265008989,0.0,0.0,,
Liechtenstein,LIE,Europe,EU,2023,2020-2023,Post-Pandemic,39846.0,8239379403.22096,0.131,3.287657481303017,0.015899255707145753,0.089,2.2335993575264768,0.0,0.0,,
Lithuania,LTU,Europe,EU,2010,2010-2014,Pre-Pandemic,3097282.0,36638128534.0643,13.802,4.456165115091232,0.37671138107306956,6.813,2.199670549856293,0.843,0.2721741191147593,208.494,66.198
Lithuania,LTU,Europe,EU,2011,2010-2014,Pre-Pandemic,3028115.0,43186501862.7907,13.96,4.610128743459215,0.32324914956883494,6.488,2.1425870549830504,0.973,0.3213220105577232,203.206,68.697
Lithuania,LTU,Europe,EU,2012,2010-2014,Pre-Pandemic,2989139.0,42709372066.8627,14.054,4.701688345707577,0.3290612650075509,6.727,2.250480824076766,0.95,0.3178172711272376,204.777,68.632
Lithuania,LTU,Europe,EU,2013,2010-2014,Pre-Pandemic,2961250.0,46303660422.0434,13.148,4.440016884761503,0.28395163320048755,6.518,2.201097509497678,1.092,0.368763191219924,207.334,63.416
Lithuania,LTU,Europe,EU,2014,2010-2014,Pre-Pandemic,2937253.0,48306546656.9281,12.846,4.373474127015957,0.2659266888033205,6.767,2.3038532942174204,0.923,0.31423918879306617,209.883,61.205
Lithuania,LTU,Europe,EU,2015,2015-2019,Pre-Pandemic,2911109.0,41540954817.2039,13.045,4.481110119889018,0.31402744730839705,7.081,2.4324063441114707,0.736,0.25282461082700786,203.475,64.112
Lithuania,LTU,Europe,EU,2016,2015-2019,Pre-Pandemic,2877325.0,42970749245.0336,13.102,4.55353496737421,0.3049050861386663,7.621,2.648640664506095,0.749,0.2603112265732929,199.334,65.726
Lithuania,LTU,Europe,EU,2017,2015-2019,Pre-Pandemic,2842639.0,47756764508.446,13.277,4.67065990440573,0.2780129712860238,7.718,2.7150827101154946,0.801,0.28178041601483694,192.008,69.15
Lithuania,LTU,Europe,EU,2018,2015-2019,Pre-Pandemic,2819200.0,54261795148.5372,13.414,4.7580874006810445,0.2472089241294041,8.02,2.8447786606129397,0.859,0.30469636776390463,189.017,70.969
Lithuania,LTU,Europe,EU,2019,2015-2019,Pre-Pandemic,2811089.0,55122066225.796,13.647,4.854702216827714,0.2475778020384418,8.119,2.888204535679945,0.801,0.28494295271334347,193.313,70.597
Lithuania,LTU,Europe,EU,2020,2020-2023,Pandemic,2810369.0,57412038533.2718,13.5,4.803639664399942,0.2351423211035503,7.942,2.8259634233084694,0.622,0.22132324972272324,192.044,70.294
Lithuania,LTU,Europe,EU,2021,2020-2023,Pandemic,2808380.0,67072165721.2431,13.778,4.9060312350892685,0.20542053252406356,8.145,2.9002485418639927,0.739,0.2631410279235716,196.41,70.149
Lithuania,LTU,Europe,EU,2022,2020-2023,Post-Pandemic,2831639.0,70639687325.6326,12.895,4.553899702610396,0.18254610811847222,8.375,2.9576510282560737,0.734,0.25921383340178605,198.185,65.066
Lithuania,LTU,Europe,EU,2023,2020-2023,Post-Pandemic,2871585.0,80356613554.5602,12.507,4.355434368127707,0.15564369187245614,8.54,2.973967338595236,0.465,0.161931476867305,182.401,68.571
Luxembourg,LUX,Europe,EU,2010,2010-2014,Pre-Pandemic,506953.0,56213985987.4168,11.191,22.07502470643235,0.1990785709895229,7.582,14.95602156412922,0.326,0.6430576404518762,223.293,50.116
Luxembourg,LUX,Europe,EU,2011,2010-2014,Pre-Pandemic,518347.0,61696281326.2453,11.09,21.394934281475535,0.1797515143798848,7.852,15.148153649968071,0.315,0.607701018815581,227.146,48.821
Luxembourg,LUX,Europe,EU,2012,2010-2014,Pre-Pandemic,530946.0,59776383527.3602,10.858,20.450290613358042,0.18164364184109924,7.624,14.35927570788743,0.286,0.5386611821164488,226.43,47.953
Luxembourg,LUX,Europe,EU,2013,2010-2014,Pre-Pandemic,543360.0,65203276466.9763,10.323,18.99845406360424,0.15832026486013046,7.507,13.815886336866901,0.276,0.5079505300353356,225.933,45.692
Luxembourg,LUX,Europe,EU,2014,2010-2014,Pre-Pandemic,556319.0,68804814554.646,9.807,17.628375086955504,0.14253363029139637,7.091,12.746284056449626,0.277,0.4979157641568956,221.503,44.274
Luxembourg,LUX,Europe,EU,2015,2015-2019,Pre-Pandemic,569604.0,60071584216.1375,9.334,16.386823126242092,0.15538128587413771,6.812,11.959185679875844,0.288,0.5056144268649799,216.895,43.034
Luxembourg,LUX,Europe,EU,2016,2015-2019,Pre-Pandemic,582014.0,62216885435.9488,9.077,15.595844773493422,0.14589287034216158,6.675,11.468796283250919,0.294,0.5051424879813887,213.786,42.459
Luxembourg,LUX,Europe,EU,2017,2015-2019,Pre-Pandemic,596336.0,65712180342.9836,9.251,15.513066459177377,0.14078059732175321,6.866,11.51364331517802,0.283,0.47456467494835125,208.568,44.355
Luxembourg,LUX,Europe,EU,2018,2015-2019,Pre-Pandemic,607950.0,71085623495.1145,9.556,15.718397894563697,0.13442943214329062,7.236,11.902294596595114,0.267,0.4391808536886257,205.814,46.431
Luxembourg,LUX,Europe,EU,2019,2015-2019,Pre-Pandemic,620001.0,69872035113.6469,9.75,15.725781087449858,0.13954080461720658,7.397,11.930625918345292,0.274,0.4419347710729499,206.182,47.288
Luxembourg,LUX,Europe,EU,2020,2020-2023,Pandemic,630419.0,73670782100.3909,8.069,12.799423875232188,0.1095278178125543,5.902,9.362027476963734,0.236,0.3743541993499561,199.036,40.541
Luxembourg,LUX,Europe,EU,2021,2020-2023,Pandemic,640064.0,86386759695.1653,8.41,13.139311068893111,0.09735288173415159,6.186,9.664658534146586,0.242,0.3780871912808719,194.599,43.215
Luxembourg,LUX,Europe,EU,2022,2020-2023,Post-Pandemic,653103.0,80801680397.0139,7.274,11.137600041647335,0.09002288027005954,5.406,8.277408004556708,0.239,0.36594534093397213,187.377,38.822
Luxembourg,LUX,Europe,EU,2023,2020-2023,Post-Pandemic,666430.0,88788881539.3937,6.841,10.265144126164788,0.07704793529767347,5.244,7.868793421664691,0.175,0.26259322059331064,181.464,37.698
Macao,MAC,Asia,AS,2010,2010-2014,Pre-Pandemic,537000.0,28244172833.6035,1.235,2.2998137802607075,0.04372583354718248,0.934,1.739292364990689,0.004,0.0074487895716946,114.107,10.821
Macao,MAC,Asia,AS,2011,2010-2014,Pre-Pandemic,549600.0,36848881944.6939,1.293,2.3526200873362444,0.035089260019901015,1.15,2.0924308588064044,0.0,0.0,118.527,10.912
Macao,MAC,Asia,AS,2012,2010-2014,Pre-Pandemic,567900.0,43193350975.6862,1.132,1.9933086811058285,0.026207737404704015,1.132,1.9933086811058285,0.0,0.0,102.661,11.028
Macao,MAC,Asia,AS,2013,2010-2014,Pre-Pandemic,591900.0,51559125350.236,0.989,1.6708903531001857,0.019181861470337628,0.989,1.6708903531001857,0.0,0.0,88.181,11.219
Macao,MAC,Asia,AS,2014,2010-2014,Pre-Pandemic,621700.0,54930501310.2956,1.293,2.07978124497346,0.02353883487601912,1.18,1.8980215538040857,0.0,0.0,106.753,12.116
Macao,MAC,Asia,AS,2015,2015-2019,Pre-Pandemic,642900.0,44940613353.1038,1.773,2.757816145590294,0.03945206501899131,1.77,2.753149790013999,0.0,0.0,136.841,12.959
Macao,MAC,Asia,AS,2016,2015-2019,Pre-Pandemic,652500.0,44964868323.7558,1.781,2.7295019157088123,0.03960870044534443,1.762,2.700383141762452,0.0,0.0,135.227,13.168
Macao,MAC,Asia,AS,2017,2015-2019,Pre-Pandemic,648400.0,50297028370.6668,1.927,2.971930906847625,0.03831240258964932,1.59,2.4521900061690314,,,119.98,16.063
Macao,MAC,Asia,AS,2018,2015-2019,Pre-Pandemic,658900.0,55076322634.344,1.242,1.8849597814539383,0.022550525172962885,1.063,1.6132948854150857,,,91.113,13.632
Macao,MAC,Asia,AS,2019,2015-2019,Pre-Pandemic,672000.0,55025172016.004,1.213,1.8050595238095237,0.02204445630169408,0.956,1.4226190476190477,,,85.275,14.222
Macao,MAC,Asia,AS,2020,2020-2023,Pandemic,685400.0,25280064167.7333,1.033,1.5071491100087537,0.04086223805232621,0.894,1.3043478260869565,,,80.086,12.902
Macao,MAC,Asia,AS,2021,2020-2023,Pandemic,682500.0,30633941629.3633,1.03,1.5091575091575091,0.033622836148931044,0.865,1.2673992673992673,,,83.687,12.303
Macao,MAC,Asia,AS,2022,2020-2023,Post-Pandemic,677300.0,24929307447.3237,1.049,1.5487966927506276,0.042078986839749366,0.824,1.2165953048870515,,,84.453,12.418
Macao,MAC,Asia,AS,2023,2020-2023,Post-Pandemic,678800.0,45626467279.891,1.043,1.5365350618738949,0.02285953881990952,0.82,1.2080141426045963,,,79.228,13.163
Madagascar,MDG,Africa,AF,2010,2010-2014,Pre-Pandemic,22183340.0,9982711338.07029,1.872,0.0843876530765881,0.1875242042571039,1.704,0.07681440215945841,0.106,0.004778360697712788,210.594,8.888
Madagascar,MDG,Africa,AF,2011,2010-2014,Pre-Pandemic,22822300.0,11551819617.874,2.33,0.10209312821231865,0.20169982540194942,1.898,0.08316427353947674,0.355,0.01555496159458074,229.257,10.163
Madagascar,MDG,Africa,AF,2012,2010-2014,Pre-Pandemic,23462438.0,11578975061.9479,2.66,0.11337270235940528,0.22972672328672544,1.958,0.08345253805252463,0.615,0.02621210975602791,218.84,12.156
Madagascar,MDG,Africa,AF,2013,2010-2014,Pre-Pandemic,24109290.0,12423555455.3853,3.061,0.12696350659849379,0.24638679410193587,1.977,0.08200158528102652,0.994,0.04122892047007606,240.939,12.704
Madagascar,MDG,Africa,AF,2014,2010-2014,Pre-Pandemic,24764348.0,12522957399.2281,2.971,0.11997085487572699,0.2372442790696652,2.015,0.08136697158350384,0.898,0.03626180669081213,215.553,13.783
Madagascar,MDG,Africa,AF,2015,2015-2019,Pre-Pandemic,25426702.0,11323020701.3017,3.121,0.12274497888086312,0.27563316206259414,2.14,0.08416349080584655,0.923,0.036300421501774004,205.473,15.19
Madagascar,MDG,Africa,AF,2016,2015-2019,Pre-Pandemic,26099952.0,11848613858.442,3.257,0.12478950152858519,0.27488447500375124,2.297,0.08800782468871973,0.901,0.03452113628408206,202.335,16.096
Madagascar,MDG,Africa,AF,2017,2015-2019,Pre-Pandemic,26788375.0,13176313593.5509,3.804,0.1420018944784818,0.2886998683654474,2.444,0.09123360412865655,1.282,0.04785657957976174,256.795,14.813
Madagascar,MDG,Africa,AF,2018,2015-2019,Pre-Pandemic,27494926.0,13760033282.2925,3.604,0.13107873067197925,0.26191797113150245,2.44,0.0887436467368561,1.114,0.04051656658395807,283.203,12.727
Madagascar,MDG,Africa,AF,2019,2015-2019,Pre-Pandemic,28219554.0,14104664678.5063,4.147,0.1469548384783119,0.2940162063065205,2.847,0.10088749099294765,1.253,0.044401835691662596,266.577,15.555
Madagascar,MDG,Africa,AF,2020,2020-2023,Pandemic,28953556.0,13051441204.053,3.788,0.13083021650259472,0.29023614639766165,2.499,0.08631064177401905,1.231,0.04251636655614944,319.68,11.85
Madagascar,MDG,Africa,AF,2021,2020-2023,Pandemic,29691083.0,14354731964.3258,4.246,0.14300589843758815,0.295790963603647,2.92,0.09834602530328719,1.268,0.04270642468649594,271.201,15.657
Madagascar,MDG,Africa,AF,2022,2020-2023,Post-Pandemic,30437261.0,15342178598.2475,4.21,0.1383173078550005,0.2744069216141766,3.013,0.09899051034848372,1.138,0.03738838392850132,254.078,16.568
Madagascar,MDG,Africa,AF,2023,2020-2023,Post-Pandemic,31195932.0,16036707975.7567,4.447,0.1425506376921196,0.27730130190826563,3.072,0.09847437800543994,1.316,0.04218498745285122,275.171,16.16
Malawi,MWI,Africa,AF,2010,2010-2014,Pre-Pandemic,14826463.0,10128323010.6049,0.972,0.06555845450125225,0.09596850327366767,0.788,0.053148212085377344,0.169,0.011398537871102501,155.867,6.237
Malawi,MWI,Africa,AF,2011,2010-2014,Pre-Pandemic,15265022.0,11648142958.3651,1.034,0.06773655485069069,0.08876951490859185,0.806,0.05280044797839138,0.216,0.014149995984283547,166.388,6.213
Malawi,MWI,Africa,AF,2012,2010-2014,Pre-Pandemic,15709577.0,8773203178.16512,1.041,0.06626531064458323,0.11865677550827233,0.824,0.05245208066391603,0.191,0.012158188600495098,168.029,6.194
Malawi,MWI,Africa,AF,2013,2010-2014,Pre-Pandemic,16161816.0,8031571927.62055,1.12,0.06929914311609536,0.1394496631659767,0.854,0.052840596626022716,0.194,0.012003601575466519,177.194,6.322
Malawi,MWI,Africa,AF,2014,2010-2014,Pre-Pandemic,16621538.0,8801326169.14547,1.015,0.06106534786371754,0.11532352971513012,0.714,0.04295631366964958,0.176,0.010588671156664323,157.095,6.462
Malawi,MWI,Africa,AF,2015,2015-2019,Pre-Pandemic,17085587.0,9219474379.31534,1.05,0.06145530733009056,0.11388935603050893,0.78,0.0456525140166387,0.198,0.011588715096531362,169.828,6.182
Malawi,MWI,Africa,AF,2016,2015-2019,Pre-Pandemic,17557739.0,7909868618.46366,1.172,0.06675119159705016,0.14816933839637383,0.923,0.05256941112975879,0.18,0.0102518894944275,173.438,6.76
Malawi,MWI,Africa,AF,2017,2015-2019,Pre-Pandemic,18039715.0,8943543793.5839,1.193,0.06613186516527561,0.13339231377788505,0.923,0.05116488813709086,0.172,0.009534518699436216,164.242,7.264
Malawi,MWI,Africa,AF,2018,2015-2019,Pre-Pandemic,18528081.0,9879220354.29186,1.69,0.09121290002995992,0.17106613066544346,1.378,0.07437359540904424,0.205,0.011064286690024724,247.358,6.832
Malawi,MWI,Africa,AF,2019,2015-2019,Pre-Pandemic,19025752.0,11051852712.6142,1.695,0.0890897768456143,0.1533679505215796,1.371,0.07206022658131989,0.212,0.011142792148242025,212.232,7.988
Malawi,MWI,Africa,AF,2020,2020-2023,Pandemic,19533888.0,11769313597.8545,1.868,0.09562868385443798,0.1587178372356846,1.429,0.07315491928693356,0.194,0.009931458601585102,237.592,7.862
Malawi,MWI,Africa,AF,2021,2020-2023,Pandemic,20047258.0,12378119199.0839,1.682,0.08390174855833152,0.13588494123763845,1.315,0.06559500556135907,0.132,0.006584441622889275,214.319,7.85
Malawi,MWI,Africa,AF,2022,2020-2023,Post-Pandemic,20568728.0,12429059928.102,1.801,0.08756010580722347,0.14490235065388607,1.411,0.06859928333925171,0.15,0.007292624026142987,223.079,8.075
Malawi,MWI,Africa,AF,2023,2020-2023,Post-Pandemic,21104482.0,13363669672.9405,1.853,0.08780125472873487,0.1386595183321582,1.439,0.06818456856699918,0.173,0.008197310884010326,229.692,8.065
Malaysia,MYS,Asia,AS,2010,2010-2014,Pre-Pandemic,28655776.0,255017638455.59,199.346,6.95657308320668,0.781694949444507,73.374,2.5605309030891363,55.34,1.9311987921736966,213.162,935.187
Malaysia,MYS,Asia,AS,2011,2010-2014,Pre-Pandemic,29162039.0,297951668674.835,203.453,6.976638361947187,0.6828389345992733,71.752,2.460458954876235,55.546,1.9047364966489484,213.897,951.171
Malaysia,MYS,Asia,AS,2012,2010-2014,Pre-Pandemic,29662831.0,314443047642.111,212.994,7.180501416065108,0.6773690866984057,74.28,2.5041439908416026,59.87,2.018350844529978,204.668,1040.679
Malaysia,MYS,Asia,AS,2013,2010-2014,Pre-Pandemic,30174265.0,323276235524.415,241.671,8.00917603129687,0.7475680963927462,87.213,2.8903106670535306,57.989,1.9218032319925606,221.911,1089.044
Malaysia,MYS,Asia,AS,2014,2010-2014,Pre-Pandemic,30696137.0,338066095097.254,245.053,7.98318693977682,0.7248671296939841,88.718,2.8902008093070473,57.87,1.8852535092607907,223.26,1097.616
Malaysia,MYS,Asia,AS,2015,2015-2019,Pre-Pandemic,31232798.0,301355266964.947,235.942,7.554302371500626,0.7829363739889247,76.189,2.4393907968155784,66.754,2.1373045091893466,211.688,1114.575
Malaysia,MYS,Asia,AS,2016,2015-2019,Pre-Pandemic,31789685.0,301256033870.334,237.294,7.464496738486084,0.7876821484748604,77.291,2.431323242114541,71.524,2.2499121963618074,202.417,1172.303
Malaysia,MYS,Asia,AS,2017,2015-2019,Pre-Pandemic,32355644.0,319109094160.343,244.457,7.555312451824479,0.7660609004053249,80.88,2.49971844170371,78.957,2.4402852250445086,205.687,1188.491
Malaysia,MYS,Asia,AS,2018,2015-2019,Pre-Pandemic,32910967.0,358788845712.53,262.647,7.980531231428113,0.7320378075812282,80.676,2.45134091623622,84.59,2.5702678380735517,217.04,1210.13
Malaysia,MYS,Asia,AS,2019,2015-2019,Pre-Pandemic,33440596.0,365177721021.516,277.673,8.30347042857729,0.7603777120445957,94.751,2.833412418845645,80.139,2.3964584841729497,223.696,1241.298
Malaysia,MYS,Asia,AS,2020,2020-2023,Pandemic,33889558.0,337456163961.211,262.159,7.735686608836858,0.7768683106056227,68.495,2.0211240288232735,94.073,2.7758697826628485,219.032,1196.895
Malaysia,MYS,Asia,AS,2021,2020-2023,Pandemic,34282399.0,373784553029.978,273.332,7.97295428479203,0.7312554726628268,73.027,2.130160144276951,87.493,2.552125946611846,218.433,1251.334
Malaysia,MYS,Asia,AS,2022,2020-2023,Post-Pandemic,34695493.0,407830525989.553,281.884,8.124513463463396,0.6911792571584521,71.195,2.0519956295187964,89.215,2.571371445853212,207.954,1355.509
Malaysia,MYS,Asia,AS,2023,2020-2023,Post-Pandemic,35126298.0,399949418752.657,276.297,7.865816090269461,0.6908298575897467,77.318,2.2011428588347113,92.571,2.63537592262071,208.506,1325.126
Maldives,MDV,Asia,AS,2010,2010-2014,Pre-Pandemic,360792.0,2588176054.6875,0.931,2.5804341559679815,0.35971277854682504,0.931,2.5804341559679815,,,205.679,4.525
Maldives,MDV,Asia,AS,2011,2010-2014,Pre-Pandemic,373674.0,2774350240.04918,0.986,2.6386636479926353,0.3553985310746207,0.986,2.6386636479926353,,,201.548,4.89
Maldives,MDV,Asia,AS,2012,2010-2014,Pre-Pandemic,386818.0,2886163997.20531,1.11,2.8695665661887504,0.38459353005401625,1.11,2.8695665661887504,,,178.255,6.228
Maldives,MDV,Asia,AS,2013,2010-2014,Pre-Pandemic,400070.0,3295009237.50107,1.096,2.739520583897818,0.3326242571724032,1.096,2.739520583897818,,,166.781,6.569
Maldives,MDV,Asia,AS,2014,2010-2014,Pre-Pandemic,413617.0,3697353039.20043,1.319,3.1889404932582557,0.35674169764574065,1.319,3.1889404932582557,,,149.84,8.803
Maldives,MDV,Asia,AS,2015,2015-2019,Pre-Pandemic,428154.0,4129505319.12921,1.282,2.994249732572859,0.3104488070426643,1.282,2.994249732572859,,,194.799,6.583
Maldives,MDV,Asia,AS,2016,2015-2019,Pre-Pandemic,443308.0,4409942623.85538,1.433,3.2325155422415115,0.32494753837572693,1.433,3.2325155422415115,,,205.295,6.978
Maldives,MDV,Asia,AS,2017,2015-2019,Pre-Pandemic,458287.0,4816426256.52914,1.513,3.301424653110387,0.3141333261251492,1.513,3.301424653110387,,,209.193,7.234
Maldives,MDV,Asia,AS,2018,2015-2019,Pre-Pandemic,473099.0,5404344162.69888,1.737,3.671535978727497,0.3214081020207562,1.737,3.671535978727497,,,304.882,5.696
Maldives,MDV,Asia,AS,2019,2015-2019,Pre-Pandemic,487731.0,5726094799.37709,1.993,4.086268865419668,0.3480557115849369,1.993,4.086268865419668,,,319.843,6.232
Maldives,MDV,Asia,AS,2020,2020-2023,Pandemic,502118.0,3712604583.36665,1.678,3.341843949031901,0.45197379961169,1.678,3.341843949031901,,,330.326,5.08
Maldives,MDV,Asia,AS,2021,2020-2023,Pandemic,516154.0,5252457369.55218,1.997,3.8690003371086923,0.3802029906185155,1.997,3.8690003371086923,,,308.603,6.471
Maldives,MDV,Asia,AS,2022,2020-2023,Post-Pandemic,524106.0,6177123352.26211,2.216,4.228152320332146,0.3587430384061351,2.216,4.228152320332146,,,298.916,7.413
Maldives,MDV,Asia,AS,2023,2020-2023,Post-Pandemic,525994.0,6621008703.95743,2.205,4.192063027334912,0.33303082635762943,2.205,4.192063027334912,,,292.078,7.55
Mali,MLI,Africa,AF,2010,2010-2014,Pre-Pandemic,15945198.0,12710739159.5014,2.088,0.13094851503255087,0.16427054113837272,2.088,0.13094851503255087,,,218.062,9.577
Mali,MLI,Africa,AF,2011,2010-2014,Pre-Pandemic,16469049.0,15452791788.9356,2.279,0.13838078932183637,0.1474814409673075,2.279,0.13838078932183637,,,205.548,11.087
Mali,MLI,Africa,AF,2012,2010-2014,Pre-Pandemic,16957033.0,14795114602.6122,2.437,0.14371617959344657,0.1647165341706598,2.437,0.14371617959344657,,,219.548,11.098
Mali,MLI,Africa,AF,2013,2010-2014,Pre-Pandemic,17459615.0,15747192680.9971,2.743,0.15710541154544358,0.17418977817615142,2.572,0.1473113811501571,,,227.031,12.084
Mali,MLI,Africa,AF,2014,2010-2014,Pre-Pandemic,18020267.0,17081681993.2577,3.139,0.17419275752129532,0.18376410480179836,2.884,0.160042023794653,,,241.886,12.978
Mali,MLI,Africa,AF,2015,2015-2019,Pre-Pandemic,18593022.0,15583181170.4105,3.399,0.1828105189140313,0.21811977688188952,3.155,0.16968731602641035,,,218.052,15.588
Mali,MLI,Africa,AF,2016,2015-2019,Pre-Pandemic,19191289.0,16743796799.8329,4.286,0.2233304912452728,0.2559753950216819,4.034,0.21019953375721662,,,220.666,19.424
Mali,MLI,Africa,AF,2017,2015-2019,Pre-Pandemic,19813011.0,18308362040.0521,4.767,0.24059947274041285,0.2603728279772664,4.507,0.22747678280701505,,,222.308,21.441
Mali,MLI,Africa,AF,2018,2015-2019,Pre-Pandemic,20442030.0,20368015381.2413,5.198,0.2542800299187507,0.2552040492264797,4.811,0.23534844631379565,,,233.672,22.246
Mali,MLI,Africa,AF,2019,2015-2019,Pre-Pandemic,21068405.0,20477421884.5414,5.594,0.26551606540694467,0.27317892025377294,5.207,0.24714732795387215,,,231.241,24.191
Mali,MLI,Africa,AF,2020,2020-2023,Pandemic,21713836.0,20698560938.7775,6.33,0.291519195410705,0.3058183619007604,5.749,0.26476206230902727,,,238.551,26.535
Mali,MLI,Africa,AF,2021,2020-2023,Pandemic,22388630.0,22999245262.6719,7.393,0.33021225505982277,0.321445330730002,6.734,0.30077767152344737,,,238.057,31.056
Mali,MLI,Africa,AF,2022,2020-2023,Post-Pandemic,23072640.0,22539987718.7642,7.02,0.30425647000083217,0.31144648735349384,6.322,0.27400418851072095,,,239.715,29.284
Mali,MLI,Africa,AF,2023,2020-2023,Post-Pandemic,23769127.0,24777941860.767,6.743,0.2836873226349457,0.2721372113103857,6.046,0.25436357002089305,,,239.49,28.156
Malta,MLT,Europe,EU,2010,2010-2014,Pre-Pandemic,414508.0,9097044301.48168,2.619,6.318334024916286,0.28789570691366545,2.618,6.3159215262431605,0.0,0.0,86.226,30.377
Malta,MLT,Europe,EU,2011,2010-2014,Pre-Pandemic,416268.0,9789363086.07492,2.608,6.265194538134087,0.266411611978087,2.607,6.262792239614863,0.0,0.0,90.328,28.875
Malta,MLT,Europe,EU,2012,2010-2014,Pre-Pandemic,420028.0,9609530618.89688,2.749,6.544801775119754,0.2860701639884644,2.748,6.542420981458379,0.0,0.0,99.939,27.507
Malta,MLT,Europe,EU,2013,2010-2014,Pre-Pandemic,424810.0,10796780874.0524,2.43,5.720204326640145,0.2250670851197833,2.427,5.713142345989972,0.0,0.0,93.121,26.091
Malta,MLT,Europe,EU,2014,2010-2014,Pre-Pandemic,433481.0,11888029751.5962,2.417,5.575792249256599,0.20331375766244783,2.414,5.568871530701461,0.0,0.0,90.755,26.636
Malta,MLT,Europe,EU,2015,2015-2019,Pre-Pandemic,444220.0,11340789705.8045,1.697,3.820179190491198,0.14963684575964167,1.695,3.815676916843006,0.0,0.0,58.301,29.116
Malta,MLT,Europe,EU,2016,2015-2019,Pre-Pandemic,454505.0,12025777078.0922,1.376,3.0274694447805857,0.11442088033601669,1.374,3.02306905314573,0.0,0.0,42.557,32.33
Malta,MLT,Europe,EU,2017,2015-2019,Pre-Pandemic,467106.0,14161374599.3379,1.537,3.290473682633064,0.10853466160494482,0.984,2.1065882262270232,0.0,0.0,41.776,36.796
Malta,MLT,Europe,EU,2018,2015-2019,Pre-Pandemic,483903.0,16153785816.8181,1.548,3.198988226979374,0.0958289293639352,0.866,1.7896148608295464,0.0,0.0,40.372,38.336
Malta,MLT,Europe,EU,2019,2015-2019,Pre-Pandemic,503912.0,16337788880.578,1.649,3.2723967676895964,0.1009316506690997,0.94,1.8654050707266348,0.0,0.0,41.283,39.949
Malta,MLT,Europe,EU,2020,2020-2023,Pandemic,515490.0,16404655807.6687,1.601,3.105782847387922,0.09759424511982623,0.864,1.676075190595356,0.0,0.0,43.162,37.09
Malta,MLT,Europe,EU,2021,2020-2023,Pandemic,518150.0,19730119030.6198,1.611,3.1091382804207277,0.08165181352934758,0.872,1.6829103541445527,0.0,0.0,45.476,35.434
Malta,MLT,Europe,EU,2022,2020-2023,Post-Pandemic,531113.0,18938869147.0818,1.774,3.3401554848026693,0.09366979549955586,1.026,1.9317922927889168,0.0,0.0,46.748,37.953
Malta,MLT,Europe,EU,2023,2020-2023,Post-Pandemic,552747.0,22625329775.6867,1.768,3.1985700510360076,0.0781425074254565,0.985,1.782008767121305,0.0,0.0,43.811,40.355
Marshall Islands,MHL,Oceania,OC,2010,2010-2014,Pre-Pandemic,52044.0,161100000.0,0.136,2.6131734686034895,0.8441961514587213,0.136,2.6131734686034895,,,,
Marshall Islands,MHL,Oceania,OC,2011,2010-2014,Pre-Pandemic,51907.0,172300000.0,0.136,2.6200705107210975,0.7893209518282066,0.136,2.6200705107210975,,,,
Marshall Islands,MHL,Oceania,OC,2012,2010-2014,Pre-Pandemic,51419.0,180700000.0,0.136,2.6449366965518584,0.7526286662977311,0.136,2.6449366965518584,,,,
Marshall Islands,MHL,Oceania,OC,2013,2010-2014,Pre-Pandemic,50681.0,186400000.0,0.139,2.7426451727471832,0.7457081545064378,0.139,2.7426451727471832,,,,
Marshall Islands,MHL,Oceania,OC,2014,2010-2014,Pre-Pandemic,49796.0,186000000.0,0.139,2.7913888665756286,0.7473118279569892,0.139,2.7913888665756286,,,,
Marshall Islands,MHL,Oceania,OC,2015,2015-2019,Pre-Pandemic,48800.0,183700000.0,0.143,2.930327868852459,0.7784431137724551,0.143,2.930327868852459,,,,
Marshall Islands,MHL,Oceania,OC,2016,2015-2019,Pre-Pandemic,47709.0,201800000.0,0.143,2.997338028464231,0.7086223984142715,0.143,2.997338028464231,,,,
Marshall Islands,MHL,Oceania,OC,2017,2015-2019,Pre-Pandemic,46529.0,213700000.0,0.147,3.1593199939822476,0.6878802058961161,0.147,3.1593199939822476,,,,
Marshall Islands,MHL,Oceania,OC,2018,2015-2019,Pre-Pandemic,45285.0,220000000.0,0.147,3.2461079827757535,0.6681818181818182,0.147,3.2461079827757535,,,,
Marshall Islands,MHL,Oceania,OC,2019,2015-2019,Pre-Pandemic,44007.0,232900000.0,0.147,3.3403776671893106,0.6311721768999571,0.147,3.3403776671893106,,,,
Marshall Islands,MHL,Oceania,OC,2020,2020-2023,Pandemic,42706.0,241800000.0,0.147,3.442139277853229,0.607940446650124,0.147,3.442139277853229,,,,
Marshall Islands,MHL,Oceania,OC,2021,2020-2023,Pandemic,41367.0,261245500.0,0.147,3.5535571832620203,0.5626891180900724,0.147,3.5535571832620203,,,,
Marshall Islands,MHL,Oceania,OC,2022,2020-2023,Post-Pandemic,40077.0,258723500.0,0.148,3.6928911844698953,0.5720392619920495,0.148,3.6928911844698953,,,,
Marshall Islands,MHL,Oceania,OC,2023,2020-2023,Post-Pandemic,38827.0,264000000.0,0.148,3.8117804620496045,0.5606060606060606,0.148,3.8117804620496045,,,,
Mauritania,MRT,Africa,AF,2010,2010-2014,Pre-Pandemic,3390965.0,5628878797.98257,2.094,0.6175233303794052,0.37201014183330866,2.045,0.6030731664880056,,,241.839,8.657
Mauritania,MRT,Africa,AF,2011,2010-2014,Pre-Pandemic,3502811.0,6764627745.9033,2.227,0.6357750960585655,0.32921249825589954,2.151,0.6140782360224403,,,239.13,9.311
Mauritania,MRT,Africa,AF,2012,2010-2014,Pre-Pandemic,3619034.0,6728208836.22143,2.448,0.6764235981203824,0.3638412628961737,2.345,0.6479629647027356,,,237.072,10.324
Mauritania,MRT,Africa,AF,2013,2010-2014,Pre-Pandemic,3734318.0,7230646063.35983,2.169,0.5808289492217856,0.29997319478698714,2.063,0.5524435787203983,,,234.801,9.237
Mauritania,MRT,Africa,AF,2014,2010-2014,Pre-Pandemic,3848514.0,6615483550.17817,2.563,0.6659713333510024,0.3874244385251283,2.495,0.6483021758528097,,,230.674,11.11
Mauritania,MRT,Africa,AF,2015,2015-2019,Pre-Pandemic,3965959.0,6182303676.55144,3.002,0.7569417636440517,0.48557951162867335,2.924,0.7372743893721544,,,270.301,11.108
Mauritania,MRT,Africa,AF,2016,2015-2019,Pre-Pandemic,4086657.0,6407900701.25829,2.624,0.6420896101630257,0.40949448537564526,2.532,0.619577322001822,,,252.54,10.39
Mauritania,MRT,Africa,AF,2017,2015-2019,Pre-Pandemic,4210600.0,6812472965.33868,3.581,0.8504726167292073,0.5256534621450746,3.506,0.8326604284425022,,,227.453,15.744
Mauritania,MRT,Africa,AF,2018,2015-2019,Pre-Pandemic,4337685.0,7475471309.52265,4.444,1.0245096174572381,0.5944775674998576,4.444,1.0245096174572381,,,256.379,17.335
Mauritania,MRT,Africa,AF,2019,2015-2019,Pre-Pandemic,4467708.0,7894764885.82312,4.613,1.0325204780616817,0.5843112577403933,4.613,1.0325204780616817,,,255.914,18.027
Mauritania,MRT,Africa,AF,2020,2020-2023,Pandemic,4600131.0,8260567356.81635,4.782,1.0395356132249278,0.5788948619920217,4.782,1.0395356132249278,,,258.214,18.518
Mauritania,MRT,Africa,AF,2021,2020-2023,Pandemic,4734874.0,9221044666.76483,4.5,0.9503948785120787,0.4880141201592085,4.5,0.9503948785120787,,,256.017,17.576
Mauritania,MRT,Africa,AF,2022,2020-2023,Post-Pandemic,4875637.0,9562497460.55394,5.267,1.0802691012476935,0.5507975318923527,5.267,1.0802691012476935,,,259.745,20.279
Mauritania,MRT,Africa,AF,2023,2020-2023,Post-Pandemic,5022441.0,10687541640.1299,5.037,1.0028987896522825,0.471296409371349,5.037,1.0028987896522825,,,263.104,19.144
Mauritius,MUS,Africa,AF,2010,2010-2014,Pre-Pandemic,1250400.0,10144716154.9356,3.913,3.129398592450416,0.38571803688132267,2.341,1.8722008957133718,1.572,1.2571976967370442,187.445,20.876
Mauritius,MUS,Africa,AF,2011,2010-2014,Pre-Pandemic,1252404.0,11677718382.4259,3.917,3.12758502847324,0.33542511231430233,2.411,1.925097652195298,1.506,1.2024873762779422,182.289,21.487
Mauritius,MUS,Africa,AF,2012,2010-2014,Pre-Pandemic,1255882.0,11832323837.1071,3.964,3.1563474912451968,0.33501449542553796,2.378,1.8934899934866491,1.587,1.2636537509097192,183.252,21.634
Mauritius,MUS,Africa,AF,2013,2010-2014,Pre-Pandemic,1258927.0,12434596541.2996,4.067,3.2305288551282163,0.3270713276857906,2.396,1.9032080493944445,1.671,1.3273208057337718,185.747,21.896
Mauritius,MUS,Africa,AF,2014,2010-2014,Pre-Pandemic,1261208.0,13230490081.5656,4.206,3.3348979708343114,0.31790205608939115,2.471,1.9592327355995205,1.735,1.3756652352347907,186.603,22.541
Mauritius,MUS,Africa,AF,2015,2015-2019,Pre-Pandemic,1262879.0,12162211503.0793,4.21,3.333652709404464,0.34615415123590704,2.524,1.9986079426453365,1.685,1.3342529252604565,180.395,23.337
Mauritius,MUS,Africa,AF,2016,2015-2019,Pre-Pandemic,1263747.0,12757680846.5663,4.342,3.435814288777738,0.34034398980663005,2.627,2.0787388614968028,1.715,1.357075427280935,178.823,24.28
Mauritius,MUS,Africa,AF,2017,2015-2019,Pre-Pandemic,1264887.0,13896938315.2799,4.54,3.58925342738126,0.3266906635836614,2.752,2.175688421179125,1.788,1.413565006202135,170.213,26.671
Mauritius,MUS,Africa,AF,2018,2015-2019,Pre-Pandemic,1265577.0,14957535715.9696,4.455,3.5201335043225344,0.29784317982564223,2.759,2.1800332970652914,1.696,1.3401002072572432,177.287,25.131
Mauritius,MUS,Africa,AF,2019,2015-2019,Pre-Pandemic,1265985.0,14645235204.6176,4.525,3.5742919544860325,0.30897421152876264,2.964,2.3412599675351604,1.561,1.2330319869508723,174.568,25.921
Mauritius,MUS,Africa,AF,2020,2020-2023,Pandemic,1266014.0,11566111137.5568,3.8,3.0015465863726627,0.3285460389240824,2.248,1.7756517700436172,1.552,1.2258948163290453,173.687,21.876
Mauritius,MUS,Africa,AF,2021,2020-2023,Pandemic,1266334.0,11622048696.8129,3.968,3.1334545230563187,0.341420011524142,2.237,1.7665165746161755,1.731,1.366937948440143,183.817,21.587
Mauritius,MUS,Africa,AF,2022,2020-2023,Post-Pandemic,1262523.0,12936444123.3037,4.317,3.419343647600875,0.33370839458297197,2.955,2.3405514196573054,1.362,1.0787922279435702,200.746,21.504
Mauritius,MUS,Africa,AF,2023,2020-2023,Post-Pandemic,1248647.0,14072212290.4596,4.588,3.6743771458226386,0.3260326027848856,3.013,2.4130118440199673,1.575,1.2613653018026711,203.21,22.576
Mexico,MEX,North America,NA,2010,2010-2014,Pre-Pandemic,113623895.0,1105424238651.95,456.409,4.016839943745987,0.41288130297973624,259.679,2.285425966078702,51.054,0.4493245016816225,214.735,2125.454
Mexico,MEX,North America,NA,2011,2010-2014,Pre-Pandemic,115243504.0,1229013703416.76,483.302,4.1937461394787166,0.3932437845537282,272.512,2.3646625670111523,56.041,0.4862833743757045,217.519,2221.887
Mexico,MEX,North America,NA,2012,2010-2014,Pre-Pandemic,116818208.0,1255110424741.85,501.492,4.292926664309043,0.39956006269579536,290.158,2.4838422448664854,49.226,0.421389788824701,223.692,2241.891
Mexico,MEX,North America,NA,2013,2010-2014,Pre-Pandemic,118343573.0,1327436290439.27,495.412,4.1862180382199545,0.3732096248747729,277.692,2.34648991035618,49.977,0.42230430206801345,220.884,2242.857
Mexico,MEX,North America,NA,2014,2010-2014,Pre-Pandemic,119784261.0,1364507717689.36,484.045,4.040973296149483,0.3547396571854321,269.275,2.2479998436522473,48.944,0.4086012602273349,217.004,2230.574
Mexico,MEX,North America,NA,2015,2015-2019,Pre-Pandemic,121072306.0,1213294467653.78,479.434,3.959898145493322,0.39515056961160483,258.874,2.1381768345933714,44.114,0.36436078123431465,217.389,2205.421
Mexico,MEX,North America,NA,2016,2015-2019,Pre-Pandemic,122251351.0,1112233497452.7,478.828,3.9167501715379816,0.4305103209862308,251.592,2.0579895268396666,47.621,0.38953352752723364,210.365,2276.179
Mexico,MEX,North America,NA,2017,2015-2019,Pre-Pandemic,123400057.0,1190721475853.16,464.407,3.7634261384498386,0.39002152007651436,245.838,1.9922032937148482,48.533,0.3932980355106319,199.341,2329.706
Mexico,MEX,North America,NA,2018,2015-2019,Pre-Pandemic,124573711.0,1256300182983.65,468.421,3.7601914259421876,0.37285754339979765,228.846,1.8370328551904502,47.317,0.37983134338833335,205.057,2284.338
Mexico,MEX,North America,NA,2019,2015-2019,Pre-Pandemic,125762982.0,1304106204006.27,468.236,3.723162353131862,0.35904744457281085,238.024,1.892639600419144,45.272,0.35997874159822324,207.169,2260.167
Mexico,MEX,North America,NA,2020,2020-2023,Pandemic,126799054.0,1121064767168.8,428.937,3.382809149349016,0.382615717273197,204.103,1.609657119366206,33.705,0.2658142859646256,207.16,2070.562
Mexico,MEX,North America,NA,2021,2020-2023,Pandemic,127648148.0,1316569466833.94,446.838,3.500544324387691,0.3393956880031155,219.979,1.723323083386999,29.22,0.2289104891674574,203.242,2198.545
Mexico,MEX,North America,NA,2022,2020-2023,Post-Pandemic,128613117.0,1466934724243.38,453.799,3.528403716395428,0.309351869923225,229.839,1.787057225275086,34.75,0.2701901704162881,197.573,2296.863
Mexico,MEX,North America,NA,2023,2020-2023,Post-Pandemic,129739759.0,1794410347718.25,458.254,3.5321015202440758,0.2553785986481354,217.452,1.6760629253211423,39.6,0.3052264032647078,199.749,2294.144
Micronesia (country),FSM,Oceania,OC,2010,2010-2014,Pre-Pandemic,107540.0,292000000.0,0.103,0.9577831504556444,0.3527397260273973,0.103,0.9577831504556444,,,215.955,0.475
Micronesia (country),FSM,Oceania,OC,2011,2010-2014,Pre-Pandemic,107698.0,308000000.0,0.117,1.0863711489535552,0.37987012987012986,0.117,1.0863711489535552,,,213.648,0.549
Micronesia (country),FSM,Oceania,OC,2012,2010-2014,Pre-Pandemic,107890.0,324000000.0,0.128,1.1863935489850774,0.3950617283950617,0.128,1.1863935489850774,,,209.862,0.611
Micronesia (country),FSM,Oceania,OC,2013,2010-2014,Pre-Pandemic,108121.0,314000000.0,0.136,1.2578500013873346,0.43312101910828027,0.136,1.2578500013873346,,,210.665,0.644
Micronesia (country),FSM,Oceania,OC,2014,2010-2014,Pre-Pandemic,108396.0,316000000.0,0.139,1.2823351415181372,0.439873417721519,0.139,1.2823351415181372,,,206.573,0.674
Micronesia (country),FSM,Oceania,OC,2015,2015-2019,Pre-Pandemic,108716.0,312000000.0,0.143,1.315353765775047,0.4583333333333333,0.143,1.315353765775047,,,201.683,0.709
Micronesia (country),FSM,Oceania,OC,2016,2015-2019,Pre-Pandemic,109075.0,327000000.0,0.143,1.3110245244098098,0.43730886850152906,0.143,1.3110245244098098,,,190.658,0.749
Micronesia (country),FSM,Oceania,OC,2017,2015-2019,Pre-Pandemic,109481.0,361000000.0,0.143,1.3061627131648414,0.3961218836565097,0.143,1.3061627131648414,,,188.685,0.757
Micronesia (country),FSM,Oceania,OC,2018,2015-2019,Pre-Pandemic,109909.0,394000000.0,0.143,1.3010763449762985,0.3629441624365482,0.143,1.3010763449762985,,,210.219,0.68
Micronesia (country),FSM,Oceania,OC,2019,2015-2019,Pre-Pandemic,110282.0,395000000.0,0.143,1.2966757947806533,0.3620253164556962,0.143,1.2966757947806533,,,209.477,0.682
Micronesia (country),FSM,Oceania,OC,2020,2020-2023,Pandemic,110916.0,372902700.0,0.143,1.2892639474917955,0.3834780493678378,0.143,1.2892639474917955,,,211.515,0.676
Micronesia (country),FSM,Oceania,OC,2021,2020-2023,Pandemic,111624.0,391601900.0,0.143,1.281086504694331,0.36516676757697036,0.143,1.281086504694331,,,214.056,0.668
Micronesia (country),FSM,Oceania,OC,2022,2020-2023,Post-Pandemic,112114.0,415232900.0,0.145,1.2933264355923435,0.34920161673123684,0.145,1.2933264355923435,,,212.998,0.679
Micronesia (country),FSM,Oceania,OC,2023,2020-2023,Post-Pandemic,112630.0,442975600.0,0.144,1.2785225961111604,0.3250743381802519,0.144,1.2785225961111604,,,210.311,0.685
Moldova,MDA,Europe,EU,2010,2010-2014,Pre-Pandemic,2862354.0,6974982369.60155,4.831,1.6877716732451682,0.6926182381556291,2.173,0.7591653583029911,0.326,0.11389227188530839,151.09,31.974
Moldova,MDA,Europe,EU,2011,2010-2014,Pre-Pandemic,2860699.0,8414352020.49442,4.945,1.728598499877128,0.5876863706148386,2.268,0.7928132250194795,0.333,0.1164051163719077,152.35,32.458
Moldova,MDA,Europe,EU,2012,2010-2014,Pre-Pandemic,2860324.0,8709138634.82921,4.766,1.6662448030362993,0.5472412599955659,2.085,0.7289383999854562,0.414,0.14473884776689633,106.395,44.792
Moldova,MDA,Europe,EU,2013,2010-2014,Pre-Pandemic,2859558.0,9496717875.51932,4.899,1.7132018304926846,0.5158624341814622,2.147,0.750815335796651,0.553,0.19338653036588171,111.412,43.975
Moldova,MDA,Europe,EU,2014,2010-2014,Pre-Pandemic,2857815.0,9402090137.7423,4.755,1.6638585772696972,0.505738610281161,2.176,0.7614208757389824,0.363,0.12702011851711884,113.143,42.028
Moldova,MDA,Europe,EU,2015,2015-2019,Pre-Pandemic,2835978.0,7797667196.73087,4.785,1.6872486316889623,0.6136450657968687,2.29,0.8074815813098691,0.37,0.1304664563688435,127.232,37.609
Moldova,MDA,Europe,EU,2016,2015-2019,Pre-Pandemic,2803186.0,7980917075.7748,4.907,1.7505081717731181,0.6148416220104155,2.464,0.878999823771951,0.282,0.10059981749338075,130.33,37.653
Moldova,MDA,Europe,EU,2017,2015-2019,Pre-Pandemic,2755189.0,9514404016.20949,5.09,1.847423171332348,0.5349783329915646,2.554,0.9269781492304158,0.403,0.1462694573766083,133.604,38.101
Moldova,MDA,Europe,EU,2018,2015-2019,Pre-Pandemic,2707203.0,11252353420.8798,5.351,1.97657877890945,0.47554496378248445,2.667,0.9851496175203707,0.293,0.10822978550186299,131.484,40.699
Moldova,MDA,Europe,EU,2019,2015-2019,Pre-Pandemic,2664224.0,11736797054.6965,5.378,2.0185990367176334,0.4582170054519247,2.75,1.03219549106982,0.367,0.13775118008095416,130.31,41.273
Moldova,MDA,Europe,EU,2020,2020-2023,Pandemic,2635130.0,11530746234.4492,5.113,1.94032172985773,0.44342316585932895,2.59,0.9828737102154352,0.286,0.10853354483460019,128.147,39.901
Moldova,MDA,Europe,EU,2021,2020-2023,Pandemic,2595809.0,13691869264.0794,5.76,2.2189614104889843,0.42068762773767876,2.891,1.1137183051603565,0.337,0.1298246519678451,131.343,43.855
Moldova,MDA,Europe,EU,2022,2020-2023,Post-Pandemic,2528654.0,14525337523.7271,5.173,2.0457524042435224,0.35613630261946877,3.089,1.221598526330609,0.236,0.09333028559858328,134.832,38.37
Moldova,MDA,Europe,EU,2023,2020-2023,Post-Pandemic,2457783.0,16711906746.2133,5.329,2.1682141995448743,0.3188744456827155,3.174,1.2914077442963843,0.217,0.08829095164219136,168.487,31.63
Monaco,MCO,Europe,EU,2010,2010-2014,Pre-Pandemic,33163.0,5367561640.00001,,,,,,,,,
Monaco,MCO,Europe,EU,2011,2010-2014,Pre-Pandemic,33946.0,6088690667.31519,,,,,,,,,
Monaco,MCO,Europe,EU,2012,2010-2014,Pre-Pandemic,34711.0,5742748405.54688,,,,,,,,,
Monaco,MCO,Europe,EU,2013,2010-2014,Pre-Pandemic,35447.0,6555590641.56865,,,,,,,,,
Monaco,MCO,Europe,EU,2014,2010-2014,Pre-Pandemic,36128.0,7070015473.96076,,,,,,,,,
Monaco,MCO,Europe,EU,2015,2015-2019,Pre-Pandemic,36757.0,6264753585.625,,,,,,,,,
Monaco,MCO,Europe,EU,2016,2015-2019,Pre-Pandemic,37276.0,6471287668.59924,,,,,,,,,
Monaco,MCO,Europe,EU,2017,2015-2019,Pre-Pandemic,37678.0,6430258224.58825,,,,,,,,,
Monaco,MCO,Europe,EU,2018,2015-2019,Pre-Pandemic,38154.0,7184336760.39215,,,,,,,,,
Monaco,MCO,Europe,EU,2019,2015-2019,Pre-Pandemic,38109.0,7383494129.41175,,,,,,,,,
Monaco,MCO,Europe,EU,2020,2020-2023,Pandemic,38050.0,6730733230.81714,,,,,,,,,
Monaco,MCO,Europe,EU,2021,2020-2023,Pandemic,38527.0,8623241326.74405,,,,,,,,,
Monaco,MCO,Europe,EU,2022,2020-2023,Post-Pandemic,38931.0,8800432773.73544,,,,,,,,,
Monaco,MCO,Europe,EU,2023,2020-2023,Post-Pandemic,38956.0,10003897341.1766,,,,,,,,,
Mongolia,MNG,Asia,AS,2010,2010-2014,Pre-Pandemic,2738622.0,7189481998.90094,13.772,5.028806458138436,1.9155761155122626,2.421,0.8840212340366798,11.18,4.082345062589872,416.327,33.081
Mongolia,MNG,Asia,AS,2011,2010-2014,Pre-Pandemic,2786317.0,10409797377.8571,21.368,7.6689048661728005,2.052681644452785,3.005,1.0784846088941065,18.206,6.534073474051947,607.665,35.164
Mongolia,MNG,Asia,AS,2012,2010-2014,Pre-Pandemic,2839705.0,12292770631.565,34.996,12.323815325887724,2.846876513756658,3.433,1.2089283922097542,31.394,11.055373709593074,837.033,41.81
Mongolia,MNG,Asia,AS,2013,2010-2014,Pre-Pandemic,2899011.0,12582122604.2577,43.478,14.997528467467008,3.4555377790777015,3.576,1.2335241225369618,39.791,13.725715425019084,915.536,47.489
Mongolia,MNG,Asia,AS,2014,2010-2014,Pre-Pandemic,2963113.0,12226514668.0622,29.63,9.999618644310898,2.4234216213226123,3.408,1.1501417596966435,26.014,8.77928043918676,605.0,48.975
Mongolia,MNG,Asia,AS,2015,2015-2019,Pre-Pandemic,3026864.0,11619892590.6941,23.279,7.6907981329851625,2.0033748004386207,3.367,1.1123724091997527,19.694,6.5064039877576265,497.166,46.823
Mongolia,MNG,Asia,AS,2016,2015-2019,Pre-Pandemic,3088856.0,11181350649.3573,25.629,8.297246618165431,2.292120228022108,2.888,0.9349739838956559,22.533,7.294933787784215,541.523,47.328
Mongolia,MNG,Asia,AS,2017,2015-2019,Pre-Pandemic,3148917.0,11480847740.736,34.139,10.841505190514708,2.9735609051646095,3.759,1.1937437538048796,30.074,9.550585169440795,656.153,52.029
Mongolia,MNG,Asia,AS,2018,2015-2019,Pre-Pandemic,3208189.0,13178094720.4986,45.319,14.126038085661412,3.438964505962007,3.957,1.2334061366085352,40.945,12.7626520756726,796.266,56.915
Mongolia,MNG,Asia,AS,2019,2015-2019,Pre-Pandemic,3267673.0,14206359017.5143,47.119,14.419741510242917,3.316754133969821,4.994,1.5283046987871798,41.638,12.742401090929233,753.848,62.505
Mongolia,MNG,Asia,AS,2020,2020-2023,Pandemic,3327204.0,13312981429.0891,42.478,12.766875731094336,3.1907202925397926,4.961,1.4910417275285794,36.992,11.118043859048017,679.635,62.5
Mongolia,MNG,Asia,AS,2021,2020-2023,Pandemic,3383741.0,15286441737.6686,35.972,10.630837289260613,2.3531964218565258,4.804,1.4197304108086286,30.594,9.041472145770022,591.231,60.842
Mongolia,MNG,Asia,AS,2022,2020-2023,Post-Pandemic,3433748.0,17146471713.748,40.443,11.778092044028858,2.358677672886656,5.15,1.4998188568293305,34.691,10.102954555779865,765.093,52.86
Mongolia,MNG,Asia,AS,2023,2020-2023,Post-Pandemic,3481145.0,20325121393.9074,44.184,12.692375640773367,2.173861555052974,5.125,1.4722167562684116,38.456,11.046940015425958,607.933,72.679
Montenegro,MNE,Europe,EU,2010,2010-2014,Pre-Pandemic,619428.0,4136936243.54334,2.422,3.9100589576189644,0.5854574152019141,0.799,1.2898997139296253,1.623,2.620159243689339,205.761,11.77
Montenegro,MNE,Europe,EU,2011,2010-2014,Pre-Pandemic,620345.0,4507127584.90565,2.407,3.880098977182052,0.5340430140165173,0.73,1.1767645423111333,1.677,2.7033344348709187,206.233,11.672
Montenegro,MNE,Europe,EU,2012,2010-2014,Pre-Pandemic,621418.0,4071828832.31109,2.213,3.5612100067909203,0.5434904292732622,0.707,1.1377205037510982,1.506,2.423489503039822,203.669,10.866
Montenegro,MNE,Europe,EU,2013,2010-2014,Pre-Pandemic,622587.0,4422097042.14762,2.151,3.4549388278264725,0.48642080431490325,0.7,1.1243408551736545,1.451,2.330597972652818,213.49,10.074
Montenegro,MNE,Europe,EU,2014,2010-2014,Pre-Pandemic,623744.0,4579635403.65249,2.107,3.3779884054996923,0.46008029336124917,0.689,1.10461984403858,1.418,2.2733685614611123,213.404,9.872
Montenegro,MNE,Europe,EU,2015,2015-2019,Pre-Pandemic,624651.0,4010884106.80136,2.239,3.584401529814248,0.5582310384394478,0.744,1.1910650907466729,1.495,2.3933364390675753,207.587,10.784
Montenegro,MNE,Europe,EU,2016,2015-2019,Pre-Pandemic,625353.0,4357467226.269,2.015,3.222180112672363,0.4624245910221811,0.832,1.3304485626518143,1.183,1.8917315500205485,197.36,10.211
Montenegro,MNE,Europe,EU,2017,2015-2019,Pre-Pandemic,625982.0,4803964684.21648,2.103,3.359521519788109,0.4377634179762911,0.901,1.4393385113309967,1.202,1.920183008457112,199.452,10.545
Montenegro,MNE,Europe,EU,2018,2015-2019,Pre-Pandemic,626438.0,5433469310.85184,2.404,3.8375705177527544,0.4424429149160151,0.978,1.56120797269642,1.425,2.274766217885888,215.777,11.139
Montenegro,MNE,Europe,EU,2019,2015-2019,Pre-Pandemic,626753.0,5483622632.13097,2.477,3.952115107546354,0.45170869079979387,1.022,1.6306264190199329,1.455,2.321488688526421,218.862,11.317
Montenegro,MNE,Europe,EU,2020,2020-2023,Pandemic,626590.0,4734192593.29169,2.404,3.836639588885874,0.5077951419649567,0.89,1.4203865366507604,1.513,2.4146571123062928,233.065,10.313
Montenegro,MNE,Europe,EU,2021,2020-2023,Pandemic,625053.0,5822908963.58053,2.411,3.8572729032578037,0.41405421501171236,1.085,1.735852799682587,1.326,2.121420103575217,216.764,11.122
Montenegro,MNE,Europe,EU,2022,2020-2023,Post-Pandemic,623591.0,6259721790.0652,2.495,4.001019899260894,0.39858001420443523,1.087,1.7431297116218805,1.409,2.259493802829098,219.923,11.346
Montenegro,MNE,Europe,EU,2023,2020-2023,Post-Pandemic,623529.0,7643318276.40347,2.407,3.860285568113111,0.3149155789352531,1.073,1.7208501930142783,1.334,2.1394353750988326,206.435,11.659
Montserrat,MSR,North America,NA,2010,2010-2014,Pre-Pandemic,4819.0,,0.059,12.243203984229092,,0.059,12.243203984229092,,,216.877,0.27
Montserrat,MSR,North America,NA,2011,2010-2014,Pre-Pandemic,4846.0,,0.037,7.635163021048287,,0.037,7.635163021048287,,,196.084,0.187
Montserrat,MSR,North America,NA,2012,2010-2014,Pre-Pandemic,4822.0,,0.04,8.29531314807134,,0.04,8.29531314807134,,,222.331,0.181
Montserrat,MSR,North America,NA,2013,2010-2014,Pre-Pandemic,4774.0,,0.051,10.682865521575199,,0.051,10.682865521575199,,,224.574,0.228
Montserrat,MSR,North America,NA,2014,2010-2014,Pre-Pandemic,4738.0,,0.044,9.286618826509075,,0.044,9.286618826509075,,,206.14,0.213
Montserrat,MSR,North America,NA,2015,2015-2019,Pre-Pandemic,4693.0,,0.051,10.867249094395909,,0.051,10.867249094395909,,,213.695,0.24
Montserrat,MSR,North America,NA,2016,2015-2019,Pre-Pandemic,4665.0,,0.029,6.216505894962487,,0.029,6.216505894962487,,,214.056,0.137
Montserrat,MSR,North America,NA,2017,2015-2019,Pre-Pandemic,4624.0,,0.026,5.622837370242214,,0.026,5.622837370242214,,,208.509,0.123
Montserrat,MSR,North America,NA,2018,2015-2019,Pre-Pandemic,4595.0,,0.029,6.311207834602829,,0.029,6.311207834602829,,,232.759,0.126
Montserrat,MSR,North America,NA,2019,2015-2019,Pre-Pandemic,4564.0,,0.026,5.6967572304995615,,0.026,5.6967572304995615,,,243.699,0.105
Montserrat,MSR,North America,NA,2020,2020-2023,Pandemic,4532.0,,0.022,4.854368932038835,,0.022,4.854368932038835,,,212.934,0.103
Montserrat,MSR,North America,NA,2021,2020-2023,Pandemic,4505.0,,0.022,4.8834628190899005,,0.022,4.8834628190899005,,,210.099,0.105
Montserrat,MSR,North America,NA,2022,2020-2023,Post-Pandemic,4476.0,,0.026,5.80875781948168,,0.026,5.80875781948168,,,214.295,0.12
Montserrat,MSR,North America,NA,2023,2020-2023,Post-Pandemic,4440.0,,0.026,5.8558558558558556,,0.026,5.8558558558558556,,,243.738,0.105
Morocco,MAR,Africa,AF,2010,2010-2014,Pre-Pandemic,32467016.0,100865329473.44,54.365,1.6744686361074883,0.538985995324741,34.478,1.0619392924807134,13.223,0.4072748786029489,278.858,194.956
Morocco,MAR,Africa,AF,2011,2010-2014,Pre-Pandemic,32912588.0,110080631332.375,54.868,1.6670825156623965,0.49843464137058574,36.574,1.1112465540540295,11.465,0.34834696074340915,267.977,204.747
Morocco,MAR,Africa,AF,2012,2010-2014,Pre-Pandemic,33355241.0,106937392311.129,56.954,1.7074977812332401,0.53259200331251,37.258,1.1170058702319074,11.462,0.3436341533254099,273.261,208.422
Morocco,MAR,Africa,AF,2013,2010-2014,Pre-Pandemic,33787571.0,115739287305.08,56.606,1.6753497906079131,0.48908198173702994,36.973,1.0942781296708188,11.212,0.3318380004292111,264.542,213.979
Morocco,MAR,Africa,AF,2014,2010-2014,Pre-Pandemic,34204780.0,119130841411.664,57.175,1.6715499997368788,0.47993449322185383,34.458,1.0074030588707192,15.3,0.44730590285919103,263.448,217.025
Morocco,MAR,Africa,AF,2015,2015-2019,Pre-Pandemic,34607588.0,110413823841.592,58.499,1.690351838446528,0.5298159049715285,34.079,0.9847262398061373,16.847,0.48680075594982236,264.87,220.859
Morocco,MAR,Africa,AF,2016,2015-2019,Pre-Pandemic,35023457.0,111572947004.917,58.457,1.6690813816580128,0.5239352510552922,34.654,0.9894511555498362,16.235,0.46354647401026117,261.761,223.324
Morocco,MAR,Africa,AF,2017,2015-2019,Pre-Pandemic,35446392.0,118540573367.844,61.104,1.7238425845993013,0.5154690774979449,36.828,1.0389773943706315,16.875,0.47607102014783337,261.35,233.801
Morocco,MAR,Africa,AF,2018,2015-2019,Pre-Pandemic,35839760.0,127341147581.818,62.315,1.7387114199425442,0.48935478581235475,35.792,0.998667401790637,19.519,0.5446186023567122,257.698,241.814
Morocco,MAR,Africa,AF,2019,2015-2019,Pre-Pandemic,36210898.0,128920266409.458,68.743,1.8984063858344524,0.5332210513874396,36.479,1.0074039036535354,25.263,0.697662896954392,260.549,263.841
Morocco,MAR,Africa,AF,2020,2020-2023,Pandemic,36584208.0,121353645057.144,64.542,1.7642038335229233,0.5318505263653839,33.152,0.9061833455571868,25.355,0.693058600585258,266.257,242.404
Morocco,MAR,Africa,AF,2021,2020-2023,Pandemic,36954442.0,142022058447.231,70.275,1.90166584033389,0.4948175006638918,36.986,1.0008539704103772,26.592,0.7195887303615625,261.363,268.88
Morocco,MAR,Africa,AF,2022,2020-2023,Post-Pandemic,37329064.0,131245312804.483,69.779,1.8692941242780692,0.5316685107372194,37.812,1.0129372651829684,26.936,0.7215825181151073,261.578,266.764
Morocco,MAR,Africa,AF,2023,2020-2023,Post-Pandemic,37712505.0,146036093666.762,68.961,1.8285977025392506,0.4722188759537849,37.534,0.9952666893912244,25.266,0.6699634511152203,254.333,271.146
Mozambique,MOZ,Africa,AF,2010,2010-2014,Pre-Pandemic,22999235.0,11411894723.864,2.638,0.11469946717793005,0.2311623147454684,2.117,0.09204653980882407,0.026,0.0011304723831031772,111.187,23.722
Mozambique,MOZ,Africa,AF,2011,2010-2014,Pre-Pandemic,23649039.0,14619279988.716,3.107,0.131379545697396,0.21252756650109725,2.426,0.10258344958541445,0.125,0.00528562703964419,102.024,30.45
Mozambique,MOZ,Africa,AF,2012,2010-2014,Pre-Pandemic,24337846.0,16688114144.0745,3.052,0.12540140158664823,0.18288465512945232,2.313,0.09503716968214854,0.04,0.0016435308202706188,78.279,38.986
Mozambique,MOZ,Africa,AF,2013,2010-2014,Pre-Pandemic,25051611.0,17198073057.1981,3.579,0.14286506364800253,0.20810470964373776,2.675,0.10677956000514298,0.037,0.0014769509234356226,80.794,44.294
Mozambique,MOZ,Africa,AF,2014,2010-2014,Pre-Pandemic,25788475.0,17978246586.0662,8.118,0.3147917819878841,0.4515457033664088,5.364,0.2079998914243669,0.821,0.031835926707569955,165.231,49.134
Mozambique,MOZ,Africa,AF,2015,2015-2019,Pre-Pandemic,26547572.0,16208985769.615,6.731,0.25354484395032434,0.4152634899968745,3.934,0.14818680970146725,0.433,0.016310342806490928,127.342,52.854
Mozambique,MOZ,Africa,AF,2016,2015-2019,Pre-Pandemic,27337105.0,12069051237.1711,8.548,0.31268856010905327,0.7082578267356491,6.009,0.21981113215901976,0.051,0.0018655962290081557,146.33,58.414
Mozambique,MOZ,Africa,AF,2017,2015-2019,Pre-Pandemic,28166393.0,13264640645.7768,6.905,0.24515031086870087,0.5205568838533455,4.335,0.1539068207988151,0.026,0.0009230858917575992,111.719,61.81
Mozambique,MOZ,Africa,AF,2018,2015-2019,Pre-Pandemic,29018644.0,15017358952.8452,7.01,0.24156883416054864,0.4667931306704153,4.388,0.15121313042745899,0.062,0.0021365574490661934,148.614,47.17
Mozambique,MOZ,Africa,AF,2019,2015-2019,Pre-Pandemic,29884380.0,15512759046.672,7.097,0.23748192199403168,0.4574943747045785,4.276,0.14308478208348308,0.044,0.0014723410691471598,143.934,49.31
Mozambique,MOZ,Africa,AF,2020,2020-2023,Pandemic,30783688.0,14235420174.1884,6.34,0.20595323081496927,0.44536795699895526,3.556,0.11551572378202378,0.077,0.002501324727563507,139.326,45.507
Mozambique,MOZ,Africa,AF,2021,2020-2023,Pandemic,31707800.0,16168055475.4449,7.722,0.2435362907549562,0.47760845524854384,4.847,0.15286459483155565,0.026,0.0008199875109594485,147.098,52.496
Mozambique,MOZ,Africa,AF,2022,2020-2023,Post-Pandemic,32656246.0,18884232598.8698,9.296,0.28466223582465666,0.4922625238452292,5.206,0.15941820134500456,0.033,0.001010526439566875,165.353,56.217
Mozambique,MOZ,Africa,AF,2023,2020-2023,Post-Pandemic,33635160.0,20927498317.3094,9.093,0.27034210629591177,0.4345000946663111,5.308,0.15781105248198612,0.038,0.0011297701571807597,160.495,56.659
Myanmar,MMR,Asia,AS,2010,2010-2014,Pre-Pandemic,49024382.0,49540813342.4834,13.125,0.26772392561725716,0.2649330746603779,7.495,0.15288311028581655,1.231,0.025109954471226176,217.893,60.237
Myanmar,MMR,Asia,AS,2011,2010-2014,Pre-Pandemic,49419820.0,59977326085.9908,15.122,0.3059905924384184,0.252128612374604,7.667,0.15514018464656487,1.663,0.033650466553702546,246.795,61.274
Myanmar,MMR,Asia,AS,2012,2010-2014,Pre-Pandemic,49837446.0,59937796648.2158,11.826,0.23729145349864036,0.19730455007227948,6.062,0.12163544656762708,1.704,0.0341911581905702,156.246,75.687
Myanmar,MMR,Asia,AS,2013,2010-2014,Pre-Pandemic,50262658.0,60269732854.827,12.715,0.25297110232411507,0.21096824886592566,6.782,0.1349311848967478,1.143,0.022740540303300315,144.715,87.861
Myanmar,MMR,Asia,AS,2014,2010-2014,Pre-Pandemic,50681634.0,65531374199.6663,15.849,0.31271683150547197,0.24185361887437282,9.226,0.1820383297034188,1.158,0.022848513526615974,150.351,105.416
Myanmar,MMR,Asia,AS,2015,2015-2019,Pre-Pandemic,51089056.0,59607290407.6191,21.88,0.42827176137292494,0.36706919322075515,9.622,0.188337791952938,0.923,0.018066491578940115,226.003,96.812
Myanmar,MMR,Asia,AS,2016,2015-2019,Pre-Pandemic,51495696.0,63298361996.2153,21.144,0.41059742157868884,0.33403707984203806,10.897,0.21160991784633806,1.125,0.0218464859665165,186.495,113.376
Myanmar,MMR,Asia,AS,2017,2015-2019,Pre-Pandemic,51894938.0,66053040483.0016,23.633,0.45540087166112425,0.35778822333064025,11.459,0.22081151730058912,1.55,0.02986803838170112,158.781,148.843
Myanmar,MMR,Asia,AS,2018,2015-2019,Pre-Pandemic,52272247.0,67860515989.517,34.017,0.6507659791246395,0.501278239694713,20.888,0.3996001931962098,3.25,0.06217448429182698,219.03,155.306
Myanmar,MMR,Asia,AS,2019,2015-2019,Pre-Pandemic,52640713.0,75065106227.6892,33.617,0.6386121707735988,0.4478379061775007,19.716,0.3745389998801878,3.931,0.0746760401972519,221.519,151.756
Myanmar,MMR,Asia,AS,2020,2020-2023,Pandemic,53016522.0,79006113643.1906,34.588,0.6524003969932242,0.43778890525114544,19.225,0.36262280652812345,4.327,0.08161606678008791,220.144,157.114
Myanmar,MMR,Asia,AS,2021,2020-2023,Pandemic,53387102.0,66345291160.1683,29.285,0.5485407318044722,0.4414028409235745,14.762,0.2765087342631934,2.88,0.05394561405487041,198.804,147.305
Myanmar,MMR,Asia,AS,2022,2020-2023,Post-Pandemic,53756787.0,62253049891.6449,31.639,0.5885582410273144,0.5082321276639384,16.577,0.30837036447137367,2.924,0.054393131791898204,236.079,134.017
Myanmar,MMR,Asia,AS,2023,2020-2023,Post-Pandemic,54133798.0,66757619000.0,31.793,0.5873040720327807,0.47624526572764675,16.498,0.3047633938413115,3.241,0.05987017574492002,246.384,129.039
Namibia,NAM,Africa,AF,2010,2010-2014,Pre-Pandemic,2109811.0,11431412421.1316,2.788,1.3214453806525799,0.24388937230942936,2.598,1.2313899207085375,0.191,0.09052943604901102,171.612,16.248
Namibia,NAM,Africa,AF,2011,2010-2014,Pre-Pandemic,2146325.0,12523359440.5499,2.786,1.2980326837734266,0.2224642687312077,2.506,1.1675771376655446,0.132,0.06150047173657298,165.917,16.789
Namibia,NAM,Africa,AF,2012,2010-2014,Pre-Pandemic,2194654.0,13042053591.6857,3.194,1.455354693723931,0.2449000824560461,2.814,1.2822066713021734,0.158,0.07199312511220447,184.765,17.287
Namibia,NAM,Africa,AF,2013,2010-2014,Pre-Pandemic,2252508.0,12043307277.1235,3.004,1.3336245642634788,0.24943314414190504,2.601,1.1547128800430453,0.132,0.058601345699993077,164.734,18.234
Namibia,NAM,Africa,AF,2014,2010-2014,Pre-Pandemic,2312139.0,12435430969.6301,3.099,1.3403173425127122,0.24920728582454443,2.734,1.1824548610615537,0.062,0.02681499684923787,161.65,19.172
Namibia,NAM,Africa,AF,2015,2015-2019,Pre-Pandemic,2374300.0,11335161083.5061,3.394,1.429473950216906,0.2994222997799865,2.979,1.2546855915427706,0.084,0.03537884850271659,167.751,20.23
Namibia,NAM,Africa,AF,2016,2015-2019,Pre-Pandemic,2439213.0,10722018732.0936,3.582,1.468506440396964,0.33407887912732387,3.188,1.306978931319241,0.132,0.054115815224008726,174.58,20.519
Namibia,NAM,Africa,AF,2017,2015-2019,Pre-Pandemic,2506853.0,12895153370.9132,3.59,1.4320743976611312,0.27839917035013645,3.03,1.208686747886693,0.154,0.061431603687970536,173.32,20.711
Namibia,NAM,Africa,AF,2018,2015-2019,Pre-Pandemic,2577327.0,13682019076.4022,3.635,1.4103759437587857,0.2656771620987867,3.053,1.184560593203734,0.099,0.03841188952740572,174.212,20.866
Namibia,NAM,Africa,AF,2019,2015-2019,Pre-Pandemic,2650494.0,12541928303.48,3.73,1.4072848306768475,0.2974024336405304,3.078,1.161292951427168,0.132,0.049802036903309345,183.218,20.359
Namibia,NAM,Africa,AF,2020,2020-2023,Pandemic,2728762.0,10583748541.5258,3.44,1.260644937154651,0.32502661854663395,2.826,1.0356344745346058,0.146,0.05350411651877298,180.347,19.077
Namibia,NAM,Africa,AF,2021,2020-2023,Pandemic,2810548.0,12402486183.6396,3.608,1.283735413876582,0.29090941498160217,2.979,1.059935642444107,0.125,0.04447531228785276,188.81,19.108
Namibia,NAM,Africa,AF,2022,2020-2023,Post-Pandemic,2889662.0,12569449123.3661,3.414,1.1814530557553098,0.271610948617749,2.917,1.0094606220381483,0.029,0.010035775810458109,189.872,17.98
Namibia,NAM,Africa,AF,2023,2020-2023,Post-Pandemic,2963095.0,12522012873.7957,3.443,1.1619607201254094,0.2749557946234845,2.947,0.9945681795554986,0.028,0.009449578903140129,184.553,18.654
Nauru,NRU,Oceania,OC,2010,2010-2014,Pre-Pandemic,10043.0,47562844.6104251,0.044,4.381161007667032,0.9250918518518513,0.044,4.381161007667032,,,185.285,0.237
Nauru,NRU,Oceania,OC,2011,2010-2014,Pre-Pandemic,10098.0,65071879.7787162,0.04,3.961180431768667,0.6147048484848482,0.04,3.961180431768667,,,172.787,0.233
Nauru,NRU,Oceania,OC,2012,2010-2014,Pre-Pandemic,10267.0,101055722.95058,0.04,3.895977403331061,0.39582122448979445,0.04,3.895977403331061,,,162.832,0.248
Nauru,NRU,Oceania,OC,2013,2010-2014,Pre-Pandemic,10517.0,94385014.9425842,0.048,4.564039174669583,0.5085553043478258,0.048,4.564039174669583,,,164.726,0.289
Nauru,NRU,Oceania,OC,2014,2010-2014,Pre-Pandemic,10742.0,99149244.4001333,0.051,4.74771923291752,0.5143760833333334,0.051,4.74771923291752,,,164.289,0.312
Nauru,NRU,Oceania,OC,2015,2015-2019,Pre-Pandemic,10954.0,84863440.5801997,0.055,5.02099689611101,0.6481000490196078,0.055,5.02099689611101,,,165.304,0.332
Nauru,NRU,Oceania,OC,2016,2015-2019,Pre-Pandemic,11150.0,97541943.0355053,0.051,4.573991031390134,0.5228519999999999,0.051,4.573991031390134,,,140.582,0.365
Nauru,NRU,Oceania,OC,2017,2015-2019,Pre-Pandemic,11324.0,109355638.866955,0.055,4.85694101024373,0.5029461724137927,0.055,4.85694101024373,,,192.694,0.285
Nauru,NRU,Oceania,OC,2018,2015-2019,Pre-Pandemic,11477.0,130995566.30391,0.055,4.792193081815806,0.41986153846153756,0.055,4.792193081815806,,,170.314,0.323
Nauru,NRU,Oceania,OC,2019,2015-2019,Pre-Pandemic,11587.0,125160115.547819,0.051,4.40148442219729,0.40747805142857035,0.051,4.40148442219729,,,160.943,0.319
Nauru,NRU,Oceania,OC,2020,2020-2023,Pandemic,11643.0,124685688.161094,0.055,4.723868418792407,0.4411091666666664,0.055,4.723868418792407,,,176.386,0.312
Nauru,NRU,Oceania,OC,2021,2020-2023,Pandemic,11709.0,149268323.992868,0.055,4.697241438209924,0.3684639749999999,0.055,4.697241438209924,,,170.159,0.323
Nauru,NRU,Oceania,OC,2022,2020-2023,Post-Pandemic,11801.0,180671357.349805,0.059,4.999576307092619,0.3265597871485946,0.059,4.999576307092619,,,179.465,0.329
Nauru,NRU,Oceania,OC,2023,2020-2023,Post-Pandemic,11875.0,161531316.884061,0.059,4.968421052631579,0.3652542499999997,0.059,4.968421052631579,,,171.746,0.342
Nepal,NPL,Asia,AS,2010,2010-2014,Pre-Pandemic,27341952.0,16002656434.4746,4.828,0.17657846813570588,0.3016999096224435,3.206,0.11725571019947661,1.103,0.04034093834997589,273.017,17.684
Nepal,NPL,Asia,AS,2011,2010-2014,Pre-Pandemic,27464494.0,21573872420.7008,5.217,0.18995434614597306,0.24182028605092362,3.309,0.12048283139678452,1.114,0.04056146091750316,278.378,18.74
Nepal,NPL,Asia,AS,2012,2010-2014,Pre-Pandemic,27534915.0,21703100877.1309,5.47,0.19865686892441833,0.25203771714316986,3.613,0.13121522256378856,0.832,0.03021618189124608,271.432,20.153
Nepal,NPL,Asia,AS,2013,2010-2014,Pre-Pandemic,27589996.0,22162204924.5726,6.218,0.2253715440915613,0.28056775132088596,4.034,0.14621241699346385,1.041,0.03773106744923051,286.789,21.681
Nepal,NPL,Asia,AS,2014,2010-2014,Pre-Pandemic,27672370.0,22731612922.1906,7.588,0.27420853363842707,0.33380825311311696,4.569,0.16511054167026532,1.836,0.06634776855036269,323.287,23.47
Nepal,NPL,Asia,AS,2015,2015-2019,Pre-Pandemic,27823629.0,24360801286.7638,6.905,0.24817035908579718,0.28344716246061097,3.212,0.11544144726771623,2.201,0.0791054251046835,327.411,21.089
Nepal,NPL,Asia,AS,2016,2015-2019,Pre-Pandemic,27955462.0,24524109483.5293,10.088,0.36085971321096394,0.41135030842914916,5.24,0.18744100884471163,2.616,0.0935774196827797,310.475,32.492
Nepal,NPL,Asia,AS,2017,2015-2019,Pre-Pandemic,28011258.0,28971588940.364,12.422,0.4434645527166256,0.42876488499025106,6.363,0.22715866599065276,2.987,0.10663569626183872,332.586,37.349
Nepal,NPL,Asia,AS,2018,2015-2019,Pre-Pandemic,28079689.0,33111525237.149,14.039,0.4999699248805783,0.4239913413668165,6.912,0.2461565724606138,3.692,0.1314829377205709,334.391,41.984
Nepal,NPL,Asia,AS,2019,2015-2019,Pre-Pandemic,28414064.0,34186180699.0255,12.75,0.448721450053748,0.3729577197362514,5.078,0.17871431555866138,3.909,0.13757271751059616,350.39,36.389
Nepal,NPL,Asia,AS,2020,2020-2023,Pandemic,28966574.0,33433659301.2466,15.631,0.5396219794581161,0.4675228594979786,7.19,0.24821713468772663,5.292,0.18269333473817098,342.718,45.608
Nepal,NPL,Asia,AS,2021,2020-2023,Pandemic,29475010.0,36924841394.2605,15.486,0.5253942237848266,0.4193924581733506,7.528,0.25540279714917824,4.524,0.15348595301579201,321.632,48.149
Nepal,NPL,Asia,AS,2022,2020-2023,Post-Pandemic,29715436.0,41182939519.8161,17.609,0.5925876369439775,0.42757996892201033,8.156,0.2744701440692306,7.163,0.24105316846099784,325.528,54.094
Nepal,NPL,Asia,AS,2023,2020-2023,Post-Pandemic,29694614.0,41049329851.0546,18.348,0.6178898301220551,0.4469744102175305,8.118,0.27338291044968627,7.94,0.2673885573996685,367.902,49.872
Netherlands,NLD,Europe,EU,2010,2010-2014,Pre-Pandemic,16615394.0,852464982433.335,182.479,10.982526204313903,0.2140604057179209,52.661,3.169410246907175,33.055,1.98942017264231,155.878,1170.651
Netherlands,NLD,Europe,EU,2011,2010-2014,Pre-Pandemic,16693074.0,913140741332.687,169.346,10.144686353154608,0.1854544347159971,52.533,3.146993777179685,32.093,1.9225338604501485,151.867,1115.092
Netherlands,NLD,Europe,EU,2012,2010-2014,Pre-Pandemic,16754962.0,845689017065.625,165.752,9.8927111860952,0.19599639661293808,50.443,3.010630522468508,34.336,2.0493033645794005,151.275,1095.699
Netherlands,NLD,Europe,EU,2013,2010-2014,Pre-Pandemic,16804432.0,883951539006.669,164.925,9.814375160076818,0.186576970254877,48.444,2.882810915596552,34.682,2.06386029590289,155.168,1062.885
Netherlands,NLD,Europe,EU,2014,2010-2014,Pre-Pandemic,16865008.0,901556501756.467,157.503,9.33904093019108,0.17470119697783013,47.304,2.8048608100274843,38.172,2.2633846364021886,154.972,1016.331
Netherlands,NLD,Europe,EU,2015,2015-2019,Pre-Pandemic,16939923.0,775743675302.734,163.958,9.678792518714518,0.21135589656727188,47.298,2.7921024198280002,45.539,2.688264875820274,159.73,1026.468
Netherlands,NLD,Europe,EU,2016,2015-2019,Pre-Pandemic,17030314.0,797163949289.885,164.812,9.677566720143856,0.20674793453318455,47.761,2.8044697238113168,42.642,2.5038880668906045,157.859,1044.043
Netherlands,NLD,Europe,EU,2017,2015-2019,Pre-Pandemic,17131296.0,848233537845.884,162.296,9.473655700070795,0.19133409934739887,47.637,2.78070030428521,38.511,2.2479910451608567,154.259,1052.102
Netherlands,NLD,Europe,EU,2018,2015-2019,Pre-Pandemic,17231624.0,929733599796.862,158.264,9.184508668480696,0.1702251053791959,47.787,2.7732151072934275,35.112,2.037648918059029,154.233,1026.139
Netherlands,NLD,Europe,EU,2019,2015-2019,Pre-Pandemic,17344874.0,928903005576.469,152.727,8.805310433503294,0.16441652043661864,47.835,2.757875323856489,27.576,1.5898645328873533,149.507,1021.537
Netherlands,NLD,Europe,EU,2020,2020-2023,Pandemic,17441500.0,932560861701.17,136.974,7.853338302324914,0.1468794216284534,42.415,2.431843591434223,19.402,1.112404323022676,138.45,989.343
Netherlands,NLD,Europe,EU,2021,2020-2023,Pandemic,17533044.0,1054472123449.6,139.886,7.978420632492567,0.1326597421488744,42.795,2.4408197458467566,24.983,1.4249094452737356,137.815,1015.026
Netherlands,NLD,Europe,EU,2022,2020-2023,Post-Pandemic,17700982.0,1046540797548.64,127.503,7.203159689106514,0.12183280412828248,43.775,2.4730266377311723,24.317,1.3737655910841557,133.637,954.098
Netherlands,NLD,Europe,EU,2023,2020-2023,Post-Pandemic,17877117.0,1135475867551.0,117.016,6.545574434625001,0.10305459001289098,44.07,2.465162587457474,17.237,0.9641934994328224,124.499,939.9
New Caledonia,NCL,Oceania,OC,2010,2010-2014,Pre-Pandemic,261582.0,9364350076.91225,3.658,13.984142639784084,0.3906304196186319,2.287,8.742956319624438,1.31,5.007989846396159,256.675,14.25
New Caledonia,NCL,Oceania,OC,2011,2010-2014,Pre-Pandemic,266543.0,10351448004.7674,3.694,13.85892707743216,0.3568582867149324,2.278,8.546463422412144,1.361,5.106117962204973,265.953,13.891
New Caledonia,NCL,Oceania,OC,2012,2010-2014,Pre-Pandemic,271633.0,9659151917.40484,3.706,13.643408569650964,0.38367757663301194,2.3,8.46730699141857,1.359,5.003074000581667,250.854,14.772
New Caledonia,NCL,Oceania,OC,2013,2010-2014,Pre-Pandemic,276822.0,10151382933.1594,3.97,14.341345702292449,0.39107972048143613,2.543,9.186408594692619,1.382,4.992377773442862,251.547,15.783
New Caledonia,NCL,Oceania,OC,2014,2010-2014,Pre-Pandemic,281224.0,10635035594.7528,5.009,17.811424345006117,0.4709904311435855,3.029,10.770773475948,1.939,6.894859613688732,269.471,18.589
New Caledonia,NCL,Oceania,OC,2015,2015-2019,Pre-Pandemic,283168.0,8738203074.3957,4.877,17.222991298451802,0.5581239024176917,2.794,9.866934116849361,2.041,7.207735337326252,257.161,18.964
New Caledonia,NCL,Oceania,OC,2016,2015-2019,Pre-Pandemic,283423.0,8724568954.89799,5.482,19.3421140838958,0.6283404977758121,2.805,9.896867932383751,2.634,9.293529459500464,267.459,20.496
New Caledonia,NCL,Oceania,OC,2017,2015-2019,Pre-Pandemic,283546.0,9174048681.98577,5.584,19.693453619518525,0.6086734650716192,2.569,9.060258300240525,2.975,10.492124734610963,285.07,19.587
New Caledonia,NCL,Oceania,OC,2018,2015-2019,Pre-Pandemic,283541.0,9896402283.68587,5.913,20.854126916389518,0.5974898584860003,2.823,9.956232079311281,3.057,10.78150955241041,270.763,21.838
New Caledonia,NCL,Oceania,OC,2019,2015-2019,Pre-Pandemic,283606.0,9475655324.59495,5.673,20.00310289627159,0.5986921015663368,2.602,9.174700112127388,3.041,10.722622229430971,274.452,20.67
New Caledonia,NCL,Oceania,OC,2020,2020-2023,Pandemic,284176.0,9454629467.91408,5.109,17.978295141039357,0.5403701982545456,2.367,8.329345194527335,2.714,9.55041945836383,265.761,19.225
New Caledonia,NCL,Oceania,OC,2021,2020-2023,Pandemic,285214.0,10071349663.8484,4.537,15.907353776462585,0.45048579896751895,2.218,7.776616856115058,2.293,8.039577299852041,265.848,17.065
New Caledonia,NCL,Oceania,OC,2022,2020-2023,Post-Pandemic,287123.0,9623318718.31459,5.116,17.81814762314409,0.5316253311098904,2.327,8.104540562755334,2.762,9.619570706630956,282.225,18.126
New Caledonia,NCL,Oceania,OC,2023,2020-2023,Post-Pandemic,289870.0,9769167530.35744,5.068,17.483699589471144,0.5187750117142856,2.425,8.365819160313244,2.616,9.024735226135855,275.772,18.377
New Zealand,NZL,Oceania,OC,2010,2010-2014,Pre-Pandemic,4350700.0,146887902524.052,34.787,7.995724825890087,0.23682685505229975,18.081,4.155882961362539,5.472,1.2577286413680557,147.945,235.133
New Zealand,NZL,Oceania,OC,2011,2010-2014,Pre-Pandemic,4384000.0,168458838711.118,34.241,7.810447080291971,0.20326033505857327,18.28,4.16970802919708,5.548,1.2655109489051095,145.035,236.088
New Zealand,NZL,Oceania,OC,2012,2010-2014,Pre-Pandemic,4408100.0,176508049114.249,35.918,8.148181756312244,0.20349213636569757,18.026,4.089290170368185,6.867,1.5578140241827545,151.012,237.851
New Zealand,NZL,Oceania,OC,2013,2010-2014,Pre-Pandemic,4442100.0,190943478289.796,35.219,7.928457261205286,0.18444725274433268,18.42,4.14668737759168,6.028,1.3570158258481348,147.008,239.573
New Zealand,NZL,Oceania,OC,2014,2010-2014,Pre-Pandemic,4516500.0,201435445068.164,35.399,7.837706188420237,0.17573371949520247,18.724,4.145688032768737,5.458,1.208457876674416,141.216,250.675
New Zealand,NZL,Oceania,OC,2015,2015-2019,Pre-Pandemic,4609400.0,178147457242.978,35.805,7.767822276218163,0.20098518695759446,19.251,4.176465483577038,5.486,1.1901765956523627,141.961,252.217
New Zealand,NZL,Oceania,OC,2016,2015-2019,Pre-Pandemic,4714100.0,188980351890.848,34.135,7.2410428289599285,0.1806272433004878,19.363,4.107464839523981,4.481,0.9505525975265692,133.504,255.684
New Zealand,NZL,Oceania,OC,2017,2015-2019,Pre-Pandemic,4813600.0,206561943051.354,35.661,7.408384577031743,0.17264070754376187,20.227,4.202052517866046,4.687,0.973699518032242,137.246,259.835
New Zealand,NZL,Oceania,OC,2018,2015-2019,Pre-Pandemic,4900600.0,211726161989.495,35.687,7.2821695302616005,0.16855262318395328,20.41,4.164796147410521,5.267,1.074766355140187,138.082,258.445
New Zealand,NZL,Oceania,OC,2019,2015-2019,Pre-Pandemic,4970300.0,213088034258.42,36.711,7.386073275255015,0.17228090787809872,20.778,4.180431764682212,5.618,1.1303140655493633,139.285,263.565
New Zealand,NZL,Oceania,OC,2020,2020-2023,Pandemic,5072400.0,213318129988.602,34.109,6.724430249980285,0.15989733269189313,18.997,3.745169939279237,5.34,1.0527560917908683,142.535,239.303
New Zealand,NZL,Oceania,OC,2021,2020-2023,Pandemic,5084600.0,253732493987.834,34.597,6.804271722456043,0.13635226397789973,19.733,3.880934586791488,6.191,1.2175982378161507,146.689,235.85
New Zealand,NZL,Oceania,OC,2022,2020-2023,Post-Pandemic,5081700.0,249723029451.237,31.966,6.290414625027058,0.12800581536370456,19.258,3.7896766829997834,4.302,0.8465670936891198,137.364,232.71
New Zealand,NZL,Oceania,OC,2023,2020-2023,Post-Pandemic,5200000.0,256372177757.764,31.56,6.069230769230769,0.12310228151909605,19.363,3.723653846153846,3.863,0.7428846153846154,131.645,239.734
Nicaragua,NIC,North America,NA,2010,2010-2014,Pre-Pandemic,5737450.0,8758602232.98358,4.453,0.7761287680066928,0.5084144571870922,4.232,0.7376099138118851,,,223.98,19.882
Nicaragua,NIC,North America,NA,2011,2010-2014,Pre-Pandemic,5819051.0,9774329332.71276,4.789,0.8229864285430735,0.4899568898269222,4.532,0.7788211514214259,,,227.078,21.088
Nicaragua,NIC,North America,NA,2012,2010-2014,Pre-Pandemic,5901287.0,10532017231.8253,4.534,0.7683069811720732,0.4304968269800499,4.309,0.7301797048677686,,,218.719,20.729
Nicaragua,NIC,North America,NA,2013,2010-2014,Pre-Pandemic,5983845.0,10982988249.2103,4.586,0.766396856870457,0.4175548490029335,4.353,0.7274586825026383,,,214.373,21.391
Nicaragua,NIC,North America,NA,2014,2010-2014,Pre-Pandemic,6066492.0,11880438824.4494,4.72,0.7780443788601387,0.39729172211100955,4.47,0.7368344011662753,,,210.27,22.446
Nicaragua,NIC,North America,NA,2015,2015-2019,Pre-Pandemic,6149417.0,12756696261.0676,5.408,0.8794329608806819,0.4239342137905075,5.144,0.8365020619027788,,,214.798,25.178
Nicaragua,NIC,North America,NA,2016,2015-2019,Pre-Pandemic,6232666.0,13286093388.4752,5.379,0.8630335718294547,0.40485941523382063,5.1,0.8182694211433759,,,213.32,25.213
Nicaragua,NIC,North America,NA,2017,2015-2019,Pre-Pandemic,6316231.0,13785893007.4769,5.441,0.8614314454300357,0.3946788210998755,5.163,0.8174178556800725,,,215.877,25.203
Nicaragua,NIC,North America,NA,2018,2015-2019,Pre-Pandemic,6400080.0,13025221974.232,5.178,0.8090523868451645,0.397536411298304,4.935,0.7710841114486069,,,217.886,23.765
Nicaragua,NIC,North America,NA,2019,2015-2019,Pre-Pandemic,6483657.0,12699023614.245,5.208,0.8032503878598143,0.41011026975002857,5.001,0.7713239611534046,,,210.637,24.726
Nicaragua,NIC,North America,NA,2020,2020-2023,Pandemic,6565267.0,12726422432.4868,4.641,0.7069019432111443,0.36467436348434396,4.459,0.6791802983793348,,,203.263,22.833
Nicaragua,NIC,North America,NA,2021,2020-2023,Pandemic,6644741.0,14209019392.3025,5.133,0.7724906057286507,0.36124941899795826,4.95,0.7449500289025561,,,203.93,25.168
Nicaragua,NIC,North America,NA,2022,2020-2023,Post-Pandemic,6730654.0,15634573555.9049,5.131,0.7623330511418356,0.3281829198380734,4.942,0.7342525704040053,,,199.573,25.711
Nicaragua,NIC,North America,NA,2023,2020-2023,Post-Pandemic,6823613.0,17805842220.7571,5.428,0.7954730140762672,0.3048437660349662,5.239,0.7677750775139212,,,205.995,26.352
Niger,NER,Africa,AF,2010,2010-2014,Pre-Pandemic,16548835.0,7851192502.30917,1.16,0.07009556866087552,0.14774825603356742,0.828,0.05003373349241805,0.33,0.01994098073973183,168.333,6.891
Niger,NER,Africa,AF,2011,2010-2014,Pre-Pandemic,17176283.0,8772950777.79176,1.313,0.07644261566952525,0.14966458073876204,0.923,0.053736888242933586,0.37,0.021541331148304903,189.905,6.914
Niger,NER,Africa,AF,2012,2010-2014,Pre-Pandemic,17836769.0,9426912647.59111,1.852,0.10383046391417639,0.19645880568048413,1.348,0.07557422535437892,0.385,0.02158462667762306,201.855,9.174
Niger,NER,Africa,AF,2013,2010-2014,Pre-Pandemic,18519898.0,10224897437.8648,2.078,0.11220364172632051,0.20322942236122177,1.539,0.08309980972897367,0.341,0.018412628406484745,201.312,10.324
Niger,NER,Africa,AF,2014,2010-2014,Pre-Pandemic,19215909.0,10862943543.5419,2.256,0.11740272083927958,0.2076785165049678,1.678,0.08732347764552799,0.388,0.02019160269753567,230.305,9.797
Niger,NER,Africa,AF,2015,2015-2019,Pre-Pandemic,19939498.0,9683867926.44282,2.199,0.11028361897576358,0.22707868557308586,1.756,0.08806640969597128,0.326,0.016349458747657537,212.525,10.346
Niger,NER,Africa,AF,2016,2015-2019,Pre-Pandemic,20685753.0,10341025540.2322,2.142,0.10354952995909794,0.20713612897158581,1.681,0.08126366006594007,0.356,0.017209912542221692,221.711,9.659
Niger,NER,Africa,AF,2017,2015-2019,Pre-Pandemic,21435446.0,11359273443.3897,2.243,0.10463976350200505,0.1974598121242753,1.814,0.08462618412511687,0.337,0.01572162296039933,238.827,9.39
Niger,NER,Africa,AF,2018,2015-2019,Pre-Pandemic,22188069.0,12800907985.9863,1.803,0.0812598879154378,0.140849383651052,1.385,0.062420934422008516,0.326,0.014692580954205614,212.867,8.472
Niger,NER,Africa,AF,2019,2015-2019,Pre-Pandemic,22947757.0,12420836506.7888,2.513,0.10950961351037489,0.20232131697623434,2.026,0.08828749581059273,0.326,0.0142061814581704,204.528,12.289
Niger,NER,Africa,AF,2020,2020-2023,Pandemic,23717613.0,13648332189.7307,3.04,0.12817478723512354,0.22273783768886882,2.505,0.10561771119210014,0.356,0.015009942189376308,245.2,12.398
Niger,NER,Africa,AF,2021,2020-2023,Pandemic,24502140.0,14936154253.3242,2.588,0.10562342717819749,0.17327084041221744,2.188,0.08929832251387022,0.154,0.0062851652957660025,230.037,11.251
Niger,NER,Africa,AF,2022,2020-2023,Post-Pandemic,25311973.0,15531799640.9005,3.201,0.12646189216462897,0.20609331011267237,2.68,0.10587874757925825,0.315,0.012444703540099383,236.615,13.527
Niger,NER,Africa,AF,2023,2020-2023,Post-Pandemic,26159867.0,16949765463.9058,3.133,0.11976360583178806,0.18484031573602971,2.563,0.09797450422817516,0.366,0.013990896819161963,211.811,14.793
Nigeria,NGA,Africa,AF,2010,2010-2014,Pre-Pandemic,166642886.0,366990417129.04,112.05,0.6723959401423233,0.30532132385517124,58.741,0.35249629558143875,0.641,0.0038465488409748258,465.235,240.845
Nigeria,NGA,Africa,AF,2011,2010-2014,Pre-Pandemic,171379598.0,414466676831.16,126.115,0.7358810586076879,0.30428260473006635,69.442,0.40519408850521405,0.678,0.0039561301806764655,363.768,346.692
Nigeria,NGA,Africa,AF,2012,2010-2014,Pre-Pandemic,176200625.0,463971018239.281,110.125,0.6249977830668876,0.23735318731310473,55.858,0.31701363147832196,0.901,0.005113489239893445,314.489,350.17
Nigeria,NGA,Africa,AF,2013,2010-2014,Pre-Pandemic,181049443.0,520117180313.906,117.401,0.6484471758358296,0.22572028851103332,62.251,0.3438342530553933,1.129,0.006235865635885994,258.973,453.333
Nigeria,NGA,Africa,AF,2014,2010-2014,Pre-Pandemic,185896915.0,574183763411.508,123.971,0.6668803514033571,0.2159082299078388,66.604,0.3582845901450274,1.129,0.006073258396999219,250.856,494.192
Nigeria,NGA,Africa,AF,2015,2015-2019,Pre-Pandemic,190671878.0,493026682800.63,110.525,0.5796607300422142,0.2241765077950032,54.11,0.2837859498084977,1.183,0.006204375875502732,235.742,468.837
Nigeria,NGA,Africa,AF,2016,2015-2019,Pre-Pandemic,195443700.0,404649125252.16,116.396,0.5955474645639639,0.28764673574289085,60.54,0.30975672278001287,1.238,0.006334304968643144,245.923,473.302
Nigeria,NGA,Africa,AF,2017,2015-2019,Pre-Pandemic,200254579.0,375745731053.427,112.54,0.5619846525456978,0.2995110541495361,58.476,0.29200830408976564,1.07,0.005343198669130057,245.956,457.563
Nigeria,NGA,Africa,AF,2018,2015-2019,Pre-Pandemic,204938755.0,421739251509.08,106.786,0.5210629878179946,0.2532038448351562,48.436,0.2363437798770662,1.253,0.006114021723221653,218.573,488.559
Nigeria,NGA,Africa,AF,2019,2015-2019,Pre-Pandemic,209485641.0,668219992686.575,127.859,0.6103473220868633,0.19134267366940574,68.002,0.3246141342928607,1.268,0.006052920830024813,249.505,512.453
Nigeria,NGA,Africa,AF,2020,2020-2023,Pandemic,213996181.0,598586817817.392,124.899,0.5836506026245394,0.20865644929404767,64.36,0.3007530307281512,1.499,0.007004797903379407,258.7,482.795
Nigeria,NGA,Africa,AF,2021,2020-2023,Pandemic,218529286.0,609147716965.348,147.777,0.6762343057305372,0.2425963290746544,82.841,0.3790842020140037,3.049,0.01395236334593616,283.104,521.987
Nigeria,NGA,Africa,AF,2022,2020-2023,Post-Pandemic,223150896.0,646950257575.455,131.441,0.5890229542255568,0.20317017956310157,69.383,0.3109241380774021,3.199,0.01433559110602899,249.247,527.352
Nigeria,NGA,Africa,AF,2023,2020-2023,Post-Pandemic,227882945.0,487387801877.803,129.376,0.5677300686104438,0.26544775946698174,66.347,0.29114508766770586,3.72,0.016324170288390824,258.696,500.108
Niue,NIU,Oceania,OC,2010,2010-2014,Pre-Pandemic,1786.0,,0.004,2.2396416573348263,,0.004,2.2396416573348263,,,152.086,0.024
Niue,NIU,Oceania,OC,2011,2010-2014,Pre-Pandemic,1776.0,,0.004,2.2522522522522523,,0.004,2.2522522522522523,,,136.778,0.027
Niue,NIU,Oceania,OC,2012,2010-2014,Pre-Pandemic,1784.0,,0.004,2.242152466367713,,0.004,2.242152466367713,,,138.806,0.026
Niue,NIU,Oceania,OC,2013,2010-2014,Pre-Pandemic,1786.0,,0.007,3.9193729003359463,,0.007,3.9193729003359463,,,258.243,0.028
Niue,NIU,Oceania,OC,2014,2010-2014,Pre-Pandemic,1792.0,,0.007,3.90625,,0.007,3.90625,,,249.994,0.029
Niue,NIU,Oceania,OC,2015,2015-2019,Pre-Pandemic,1803.0,,0.007,3.882418191902385,,0.007,3.882418191902385,,,231.119,0.032
Niue,NIU,Oceania,OC,2016,2015-2019,Pre-Pandemic,1806.0,,0.007,3.875968992248062,,0.007,3.875968992248062,,,240.141,0.031
Niue,NIU,Oceania,OC,2017,2015-2019,Pre-Pandemic,1803.0,,0.007,3.882418191902385,,0.007,3.882418191902385,,,246.295,0.03
Niue,NIU,Oceania,OC,2018,2015-2019,Pre-Pandemic,1805.0,,0.007,3.8781163434903045,,0.007,3.8781163434903045,,,238.681,0.031
Niue,NIU,Oceania,OC,2019,2015-2019,Pre-Pandemic,1814.0,,0.007,3.8588754134509373,,0.007,3.8588754134509373,,,222.715,0.033
Niue,NIU,Oceania,OC,2020,2020-2023,Pandemic,1822.0,,0.007,3.841931942919868,,0.007,3.841931942919868,,,223.711,0.033
Niue,NIU,Oceania,OC,2021,2020-2023,Pandemic,1836.0,,0.007,3.812636165577342,,0.007,3.812636165577342,,,219.316,0.033
Niue,NIU,Oceania,OC,2022,2020-2023,Post-Pandemic,1844.0,,0.007,3.7960954446854664,,0.007,3.7960954446854664,,,213.875,0.034
Niue,NIU,Oceania,OC,2023,2020-2023,Post-Pandemic,1841.0,,0.007,3.802281368821293,,0.007,3.802281368821293,,,217.694,0.034
North Korea,PRK,Asia,AS,2010,2010-2014,Pre-Pandemic,24987258.0,42605438930.0,65.355,2.6155330849027134,1.5339590822518492,2.568,0.10277238102716192,60.39,2.4168318108373477,296.705,220.27
North Korea,PRK,Asia,AS,2011,2010-2014,Pre-Pandemic,25097874.0,42961431310.0,47.867,1.907213336077789,1.1141854109701914,2.642,0.10526788045871933,42.785,1.704726065642054,304.164,157.371
North Korea,PRK,Asia,AS,2012,2010-2014,Pre-Pandemic,25211728.0,43545173971.0,46.755,1.854494067205548,1.0737125549466782,2.532,0.10042945092855199,41.792,1.6576412374431455,312.414,149.656
North Korea,PRK,Asia,AS,2013,2010-2014,Pre-Pandemic,25329451.0,44033758330.0,36.144,1.4269555230391688,0.8208247801409051,2.733,0.10789811433339001,30.888,1.2194500386131544,258.799,139.662
North Korea,PRK,Asia,AS,2014,2010-2014,Pre-Pandemic,25451262.0,44518471841.0,39.825,1.5647554137001143,0.894572485377239,2.609,0.10250965158427114,34.668,1.3621328482650488,290.376,137.148
North Korea,PRK,Asia,AS,2015,2015-2019,Pre-Pandemic,25575350.0,44032955306.0,31.278,1.2229744656475865,0.7103316091922182,2.986,0.11675304541286825,25.736,1.0062814389636896,256.573,121.906
North Korea,PRK,Asia,AS,2016,2015-2019,Pre-Pandemic,25698326.0,45739740287.0,34.236,1.3322268539981943,0.7484957235257945,3.199,0.12448281650719195,28.337,1.102678828185151,276.227,123.943
North Korea,PRK,Asia,AS,2017,2015-2019,Pre-Pandemic,25817709.0,44160501992.0,69.708,2.700007192737357,1.5785146648158148,2.931,0.11352672694544663,64.168,2.485425798237946,305.677,228.044
North Korea,PRK,Asia,AS,2018,2015-2019,Pre-Pandemic,25931147.0,42349472757.0,62.608,2.4143937790333765,1.4783655125824782,2.906,0.11206600309658497,57.477,2.2165236269726134,301.681,207.532
North Korea,PRK,Asia,AS,2019,2015-2019,Pre-Pandemic,26037632.0,42499100315.0,69.512,2.6696744158608587,1.6356110949357163,3.173,0.12186208023832582,64.201,2.4657004139239693,303.773,228.829
North Korea,PRK,Asia,AS,2020,2020-2023,Pandemic,26136312.0,40572892149.0,65.577,2.509038000464641,1.6162762013409062,3.052,0.11677240461469851,60.353,2.3091628229721164,301.118,217.778
North Korea,PRK,Asia,AS,2021,2020-2023,Pandemic,26232534.0,40550428396.0,53.97,2.0573689144937353,1.3309353842812606,2.477,0.09442473228091498,49.219,1.8762579322302604,292.26,184.664
North Korea,PRK,Asia,AS,2022,2020-2023,Post-Pandemic,26328845.0,40488847458.0,56.289,2.137921355836156,1.3902346827330627,2.599,0.09871302747993693,51.19,1.9442554354359258,309.435,181.91
North Korea,PRK,Asia,AS,2023,2020-2023,Post-Pandemic,26418204.0,,62.025,2.3478128944723116,,2.587,0.09792490057234776,56.746,2.1479885612208913,335.216,185.03
North Macedonia,MKD,Europe,EU,2010,2010-2014,Pre-Pandemic,1946298.0,9407170321.37752,8.182,4.203878337233045,0.8697620772748894,2.739,1.407287064981827,5.223,2.6835561666301873,241.362,33.899
North Macedonia,MKD,Europe,EU,2011,2010-2014,Pre-Pandemic,1937398.0,10494626767.6445,8.823,4.554046200109632,0.8407159392463374,2.752,1.4204618772188264,5.818,3.0029968029284637,261.104,33.791
North Macedonia,MKD,Europe,EU,2012,2010-2014,Pre-Pandemic,1929821.0,9745261300.57788,8.457,4.382271723646908,0.867806387038438,2.675,1.3861389216927373,5.522,2.8614052805933814,269.707,31.354
North Macedonia,MKD,Europe,EU,2013,2010-2014,Pre-Pandemic,1922716.0,10817702346.0674,7.452,3.8757674040263876,0.6888708675469384,2.599,1.3517336933795734,4.557,2.370084817518552,247.423,30.12
North Macedonia,MKD,Europe,EU,2014,2010-2014,Pre-Pandemic,1917557.0,11362265252.778,7.167,3.7375681661614233,0.6307721075467513,2.594,1.352762916565192,4.32,2.252866537996002,256.298,27.963
North Macedonia,MKD,Europe,EU,2015,2015-2019,Pre-Pandemic,1912430.0,10064519962.5655,6.72,3.5138541018494793,0.6676920533711214,2.737,1.4311634935657775,3.752,1.9619018735326261,227.971,29.477
North Macedonia,MKD,Europe,EU,2016,2015-2019,Pre-Pandemic,1906313.0,10672467073.2873,6.606,3.4653280966976565,0.6189759082541015,2.81,1.4740496445232236,3.433,1.8008585158890487,215.944,30.592
North Macedonia,MKD,Europe,EU,2017,2015-2019,Pre-Pandemic,1898657.0,11307067069.6658,7.09,3.7342184501992723,0.6270414738248791,2.813,1.4815735543597395,3.812,2.007734941066238,240.886,29.433
North Macedonia,MKD,Europe,EU,2018,2015-2019,Pre-Pandemic,1889051.0,12683068114.2388,6.654,3.5224035772459295,0.5246364633593512,2.77,1.4663447413542567,3.408,1.8040804615650927,218.686,30.426
North Macedonia,MKD,Europe,EU,2019,2015-2019,Pre-Pandemic,1876262.0,12606338448.547,7.625,4.063931369925949,0.6048544572336826,3.017,1.6079843859759457,4.051,2.159080128468199,245.5,31.058
North Macedonia,MKD,Europe,EU,2020,2020-2023,Pandemic,1856124.0,12361036913.8409,6.98,3.7605246201223625,0.5646775467666757,2.88,1.5516204736321495,3.459,1.8635608396852796,251.91,27.708
North Macedonia,MKD,Europe,EU,2021,2020-2023,Pandemic,1837114.0,14000283827.0154,6.518,3.5479561965125734,0.4655619900664197,3.155,1.717367566737829,2.55,1.3880466862698777,224.784,28.998
North Macedonia,MKD,Europe,EU,2022,2020-2023,Post-Pandemic,1831712.0,13932436550.0883,7.352,4.013731416292518,0.5276894657706807,3.479,1.8993160496846666,3.323,1.8141498226795478,239.218,30.734
North Macedonia,MKD,Europe,EU,2023,2020-2023,Post-Pandemic,1827816.0,15855131188.9092,7.338,4.0146272929003795,0.4628154704347696,3.46,1.8929695330383365,3.183,1.7414225501910476,225.659,32.52
Norway,NOR,Europe,EU,2010,2010-2014,Pre-Pandemic,4889252.0,440132138425.479,45.659,9.33864730228673,0.10373930011868641,24.535,5.018150015585206,3.053,0.6244308945417417,91.697,497.932
Norway,NOR,Europe,EU,2011,2010-2014,Pre-Pandemic,4953088.0,512868581627.712,44.775,9.039815161773827,0.08730306671915007,24.308,4.907645493074219,3.202,0.6464653969402522,88.833,504.038
Norway,NOR,Europe,EU,2012,2010-2014,Pre-Pandemic,5018573.0,525082939406.962,44.258,8.818841531248026,0.08428763663505383,24.279,4.837829398914791,3.175,0.6326499584642885,78.899,560.942
Norway,NOR,Europe,EU,2013,2010-2014,Pre-Pandemic,5079623.0,540132255319.149,44.539,8.768170393747726,0.08245943389121088,24.539,4.830870322462907,3.242,0.638236341555269,85.122,523.236
Norway,NOR,Europe,EU,2014,2010-2014,Pre-Pandemic,5137232.0,515829568897.117,44.975,8.754714601170436,0.08718965083013752,24.091,4.689490371468526,3.473,0.6760449985517493,82.989,541.939
Norway,NOR,Europe,EU,2015,2015-2019,Pre-Pandemic,5188607.0,400669174330.888,45.523,8.773645797417302,0.11361742533855464,23.893,4.604896844181877,3.362,0.647958112842233,82.879,549.27
Norway,NOR,Europe,EU,2016,2015-2019,Pre-Pandemic,5234519.0,383284047619.048,44.708,8.54099488415268,0.11664456237541089,23.38,4.466503990146946,3.479,0.6646264919470156,80.174,557.634
Norway,NOR,Europe,EU,2017,2015-2019,Pre-Pandemic,5276968.0,415673181543.421,44.197,8.375453480104484,0.10632632068273859,22.723,4.306071213621155,3.581,0.6786093832670579,78.901,560.158
Norway,NOR,Europe,EU,2018,2015-2019,Pre-Pandemic,5311916.0,454588871810.636,44.472,8.372120342264449,0.0978290555658945,23.347,4.395212574897645,3.466,0.6524952578316374,80.619,551.629
Norway,NOR,Europe,EU,2019,2015-2019,Pre-Pandemic,5347896.0,424244886363.636,42.866,8.01548870808258,0.10104069931737013,22.084,4.129474469959775,3.485,0.6516581474284466,83.083,515.945
Norway,NOR,Europe,EU,2020,2020-2023,Pandemic,5379475.0,382252517921.94,41.275,7.672681813745765,0.10797836002333094,21.328,3.9646991574456614,3.539,0.6578708888878562,74.185,556.381
Norway,NOR,Europe,EU,2021,2020-2023,Pandemic,5408320.0,521592200232.829,41.058,7.591636589550914,0.07871666789049468,22.07,4.080749659783445,3.639,0.6728521980947872,72.133,569.2
Norway,NOR,Europe,EU,2022,2020-2023,Post-Pandemic,5457127.0,617321834098.986,40.833,7.482508653362841,0.0661454005747228,22.164,4.061477770262631,3.68,0.6743475092296735,76.528,533.568
Norway,NOR,Europe,EU,2023,2020-2023,Post-Pandemic,5519601.0,502197633322.816,38.869,7.041994520980774,0.07739781596106159,21.22,3.844480787651136,3.752,0.6797592797015581,70.479,551.496
Oman,OMN,Asia,AS,2010,2010-2014,Pre-Pandemic,2757446.0,64993498049.4148,51.429,18.650954542718154,0.7912945378151263,12.109,4.3913824604362155,0.029,0.010516978392323911,216.925,237.083
Oman,OMN,Asia,AS,2011,2010-2014,Pre-Pandemic,3076763.0,77497529258.7776,57.305,18.625093970513817,0.7394429286725869,12.45,4.046460517108403,0.027,0.008775456543126656,220.52,259.864
Oman,OMN,Asia,AS,2012,2010-2014,Pre-Pandemic,3547106.0,87408842652.7958,63.105,17.7905594025101,0.7219521284667365,14.983,4.224006838250675,0.014,0.003946879512481442,222.631,283.45
Oman,OMN,Asia,AS,2013,2010-2014,Pre-Pandemic,3833913.0,89936020806.2419,65.587,17.1070652881273,0.7292628627777583,13.168,3.4346110618576895,0.021,0.005477432586498442,206.495,317.62
Oman,OMN,Asia,AS,2014,2010-2014,Pre-Pandemic,4002439.0,92699089726.9181,66.19,16.53741631040473,0.7140307439370642,14.275,3.5665752807225792,0.015,0.00374771483088187,209.483,315.968
Oman,OMN,Asia,AS,2015,2015-2019,Pre-Pandemic,4184895.0,78710793237.9714,67.883,16.220956559244616,0.8624357245996105,12.703,3.035440554661467,0.214,0.05113628896304447,201.181,337.424
Oman,OMN,Asia,AS,2016,2015-2019,Pre-Pandemic,4390877.0,75128738621.5865,66.24,15.085824540291153,0.8816865718143105,10.941,2.4917573414149383,0.186,0.04236055803886103,195.603,338.644
Oman,OMN,Asia,AS,2017,2015-2019,Pre-Pandemic,4537396.0,80856697009.1027,66.344,14.621602346367826,0.8205133582507222,11.828,2.606781510804876,0.166,0.03658486056760309,188.522,351.916
Oman,OMN,Asia,AS,2018,2015-2019,Pre-Pandemic,4597877.0,91505851755.5267,70.678,15.37187706413199,0.7723877614824917,12.599,2.7401776950536085,0.111,0.024141576645047267,187.97,376.007
Oman,OMN,Asia,AS,2019,2015-2019,Pre-Pandemic,4591241.0,88060858257.4772,72.035,15.68965776355456,0.8180138307235217,12.324,2.6842415808710545,0.191,0.04160095277072147,192.912,373.409
Oman,OMN,Asia,AS,2020,2020-2023,Pandemic,4522497.0,75909492847.8544,71.845,15.886135468967696,0.946456066357855,10.069,2.2264249152625197,0.329,0.07274742249690823,198.712,361.553
Oman,OMN,Asia,AS,2021,2020-2023,Pandemic,4500424.0,87323797139.1417,75.041,16.674206696968998,0.8593419257803198,11.147,2.4768777341868233,0.165,0.03666321217734151,188.384,398.343
Oman,OMN,Asia,AS,2022,2020-2023,Post-Pandemic,4730226.0,109852795838.752,77.994,16.488429939711125,0.7099864814955088,12.725,2.690146305905891,0.024,0.005073753347091661,183.705,424.561
Oman,OMN,Asia,AS,2023,2020-2023,Post-Pandemic,5049269.0,106174707932.38,79.811,15.806446438088365,0.7516950275090901,12.765,2.5280887193770027,0.018,0.003564872459756056,183.321,435.36
Pakistan,PAK,Asia,AS,2010,2010-2014,Pre-Pandemic,199239047.0,196709621849.586,147.504,0.740336807573668,0.7498565581748153,62.145,0.31191175091296236,11.021,0.05531546233505122,196.811,749.47
Pakistan,PAK,Asia,AS,2011,2010-2014,Pre-Pandemic,203746065.0,230586581059.665,149.488,0.7336976053991521,0.6482944467671321,60.504,0.296957882352231,12.003,0.0589115672000831,198.437,753.328
Pakistan,PAK,Asia,AS,2012,2010-2014,Pre-Pandemic,207667125.0,250106966104.704,150.555,0.7249823485542066,0.6019624416897373,63.616,0.3063364025480682,10.369,0.0499308689326729,214.529,701.794
Pakistan,PAK,Asia,AS,2013,2010-2014,Pre-Pandemic,211073978.0,258657231672.412,148.183,0.7020429586066739,0.5728933192468131,61.042,0.28919718374758635,10.318,0.04888333511201461,191.11,775.379
Pakistan,PAK,Asia,AS,2014,2010-2014,Pre-Pandemic,214264647.0,271390474857.632,150.81,0.7038491982300747,0.5556937843124856,60.428,0.2820250603451161,13.117,0.061218685320495264,191.795,786.308
Pakistan,PAK,Asia,AS,2015,2015-2019,Pre-Pandemic,217290883.0,299963590534.773,144.896,0.6668296340808739,0.48304529140246794,54.382,0.25027281057162437,12.506,0.05755418647730379,174.718,829.312
Pakistan,PAK,Asia,AS,2016,2015-2019,Pre-Pandemic,220138869.0,313630000130.435,176.741,0.8028613974572568,0.5635334627634331,74.33,0.33765050369183097,22.614,0.1027260660633266,196.283,900.437
Pakistan,PAK,Asia,AS,2017,2015-2019,Pre-Pandemic,223273967.0,339205534861.1,211.981,0.9494210312481257,0.6249337885562608,83.47,0.37384564408263504,37.259,0.16687570208308253,222.671,951.993
Pakistan,PAK,Asia,AS,2018,2015-2019,Pre-Pandemic,226928892.0,356128166704.921,203.5,0.8967566809430331,0.5714234902644335,66.654,0.29372196467605366,46.21,0.20363206990848923,210.34,967.48
Pakistan,PAK,Asia,AS,2019,2015-2019,Pre-Pandemic,230800899.0,320909472770.669,190.826,0.8267992058384487,0.5946412187600634,61.867,0.26805354861291075,44.715,0.19373841347125775,195.993,973.635
Pakistan,PAK,Asia,AS,2020,2020-2023,Pandemic,235001746.0,300425609817.981,215.51,0.9170570162487218,0.7173489641264975,80.077,0.3407506597844596,52.01,0.2213175045941999,224.566,959.67
Pakistan,PAK,Asia,AS,2021,2020-2023,Pandemic,239477801.0,348516647445.148,243.552,1.0170128462136663,0.6988245806488539,94.018,0.3925958882510367,62.292,0.26011596790969366,228.471,1066.011
Pakistan,PAK,Asia,AS,2022,2020-2023,Post-Pandemic,243700667.0,374890295666.694,211.97,0.8697965525059478,0.5654187436968426,73.32,0.30086089177589326,59.54,0.24431611424354452,216.494,979.101
Pakistan,PAK,Asia,AS,2023,2020-2023,Post-Pandemic,247504495.0,336686348609.266,186.861,0.7549802277328337,0.5550002272793586,58.21,0.23518764780413381,51.092,0.20642857415579463,206.649,904.241
Palau,PLW,Oceania,OC,2010,2010-2014,Pre-Pandemic,18396.0,184292328.125,0.209,11.361165470754512,1.1340678265144142,0.209,11.361165470754512,,,,
Palau,PLW,Oceania,OC,2011,2010-2014,Pre-Pandemic,18078.0,195163578.125,0.213,11.782276800531033,1.0913921646977387,0.213,11.782276800531033,,,,
Palau,PLW,Oceania,OC,2012,2010-2014,Pre-Pandemic,17765.0,214928296.875,0.224,12.609062763861525,1.042208044528804,0.224,12.609062763861525,,,,
Palau,PLW,Oceania,OC,2013,2010-2014,Pre-Pandemic,17648.0,226257828.125,0.227,12.862647325475974,1.0032802041863054,0.227,12.862647325475974,,,,
Palau,PLW,Oceania,OC,2014,2010-2014,Pre-Pandemic,17715.0,245436546.875,0.22,12.418854078464578,0.8963620243241331,0.22,12.418854078464578,,,,
Palau,PLW,Oceania,OC,2015,2015-2019,Pre-Pandemic,17770.0,283224750.0,0.202,11.36747326955543,0.71321450544135,0.202,11.36747326955543,,,,
Palau,PLW,Oceania,OC,2016,2015-2019,Pre-Pandemic,17797.0,303326125.0,0.209,11.743552284092825,0.6890273628755189,0.209,11.743552284092825,,,,
Palau,PLW,Oceania,OC,2017,2015-2019,Pre-Pandemic,17812.0,289983656.25,0.216,12.126656186840332,0.7448695653860665,0.216,12.126656186840332,,,,
Palau,PLW,Oceania,OC,2018,2015-2019,Pre-Pandemic,17814.0,288228343.75,0.213,11.956887841023914,0.7389974116659025,0.213,11.956887841023914,,,,
Palau,PLW,Oceania,OC,2019,2015-2019,Pre-Pandemic,17798.0,281954000.0,0.216,12.136195078098662,0.7660824106059854,0.216,12.136195078098662,,,,
Palau,PLW,Oceania,OC,2020,2020-2023,Pandemic,17792.0,258985859.375,0.209,11.746852517985612,0.8069938664001625,0.209,11.746852517985612,,,,
Palau,PLW,Oceania,OC,2021,2020-2023,Pandemic,17783.0,235935734.375,0.213,11.977731541359725,0.9027882129184146,0.213,11.977731541359725,,,,
Palau,PLW,Oceania,OC,2022,2020-2023,Post-Pandemic,17759.0,247470812.5,0.217,12.219156484036263,0.8768710855547864,0.217,12.219156484036263,,,,
Palau,PLW,Oceania,OC,2023,2020-2023,Post-Pandemic,17727.0,276157406.25,0.216,12.184802843120663,0.7821626185337913,0.216,12.184802843120663,,,,
Palestine,PSE,Asia,AS,2010,2010-2014,Pre-Pandemic,3786161.0,9681500000.0,2.034,0.5372196269519441,0.2100914114548365,2.034,0.5372196269519441,,,157.06,12.947
Palestine,PSE,Asia,AS,2011,2010-2014,Pre-Pandemic,3882986.0,11186100000.0,2.246,0.5784208338634237,0.2007849026917335,2.246,0.5784208338634237,,,156.013,14.396
Palestine,PSE,Asia,AS,2012,2010-2014,Pre-Pandemic,3979998.0,12208400000.0,2.195,0.5515078148280477,0.17979424003145375,2.195,0.5515078148280477,,,152.382,14.403
Palestine,PSE,Asia,AS,2013,2010-2014,Pre-Pandemic,4076708.0,13515500000.0,2.437,0.5977862530257256,0.1803114942103511,2.437,0.5977862530257256,,,159.294,15.296
Palestine,PSE,Asia,AS,2014,2010-2014,Pre-Pandemic,4173398.0,13989700000.0,2.836,0.6795421860076609,0.2027205729929877,2.836,0.6795421860076609,,,171.884,16.499
Palestine,PSE,Asia,AS,2015,2015-2019,Pre-Pandemic,4270092.0,13972400000.0,3.001,0.7027951622587991,0.21478056740431137,3.001,0.7027951622587991,,,163.916,18.307
Palestine,PSE,Asia,AS,2016,2015-2019,Pre-Pandemic,4367088.0,15405400000.0,3.235,0.7407682190054333,0.20999130175133396,3.235,0.7407682190054333,,,168.803,19.166
Palestine,PSE,Asia,AS,2017,2015-2019,Pre-Pandemic,4454805.0,16128000000.0,3.265,0.7329164800703959,0.20244295634920634,3.265,0.7329164800703959,,,169.716,19.236
Palestine,PSE,Asia,AS,2018,2015-2019,Pre-Pandemic,4569087.0,16276600000.0,2.957,0.647175245295176,0.18167184792892865,2.957,0.647175245295176,,,160.172,18.46
Palestine,PSE,Asia,AS,2019,2015-2019,Pre-Pandemic,4685306.0,17133500000.0,3.265,0.6968595007455223,0.19056234861528584,3.265,0.6968595007455223,,,158.694,20.572
Palestine,PSE,Asia,AS,2020,2020-2023,Pandemic,4803269.0,15531700000.0,3.327,0.692653274259676,0.21420707327594532,3.327,0.692653274259676,,,157.384,21.139
Palestine,PSE,Asia,AS,2021,2020-2023,Pandemic,4922749.0,18109000000.0,3.635,0.7384085599326717,0.20072891932188414,3.635,0.7384085599326717,,,160.53,22.642
Palestine,PSE,Asia,AS,2022,2020-2023,Post-Pandemic,5043612.0,19165500000.0,4.702,0.9322683822625532,0.2453366726670319,4.702,0.9322683822625532,,,173.176,27.152
Palestine,PSE,Asia,AS,2023,2020-2023,Post-Pandemic,5165775.0,18635100000.0,4.755,0.9204814379255775,0.2551636428030974,4.755,0.9204814379255775,,,177.403,26.805
Panama,PAN,North America,NA,2010,2010-2014,Pre-Pandemic,3628535.0,30231009500.0,9.06,2.4968754607575785,0.29969227458315606,8.482,2.337582522974148,0.0,0.0,108.36,83.608
Panama,PAN,North America,NA,2011,2010-2014,Pre-Pandemic,3693505.0,35687738300.0,9.899,2.6801100851359347,0.27737818285895693,8.636,2.3381584700711113,0.553,0.1497222827639329,116.981,84.624
Panama,PAN,North America,NA,2012,2010-2014,Pre-Pandemic,3759256.0,41595439700.0,9.54,2.5377361903525593,0.22935206524574855,8.013,2.131538793846442,0.755,0.20083761254886606,102.882,92.73
Panama,PAN,North America,NA,2013,2010-2014,Pre-Pandemic,3825329.0,46949496500.0,10.274,2.6857820595300432,0.2188308877817252,8.687,2.270915782668628,0.795,0.20782526156573722,112.304,91.481
Panama,PAN,North America,NA,2014,2010-2014,Pre-Pandemic,3892101.0,51427104900.0,10.689,2.7463316085579486,0.2078475936140049,9.075,2.3316455559606495,0.821,0.21094005525550338,113.944,93.806
Panama,PAN,North America,NA,2015,2015-2019,Pre-Pandemic,3960035.0,55767806100.0,10.652,2.689875215749356,0.19100625871671148,9.083,2.2936665963810925,0.828,0.20908906108153086,105.512,100.956
Panama,PAN,North America,NA,2016,2015-2019,Pre-Pandemic,4029086.0,59760858700.0,10.334,2.564849695439611,0.17292254871833024,8.867,2.200747266253438,0.733,0.18192711696896022,96.933,106.607
Panama,PAN,North America,NA,2017,2015-2019,Pre-Pandemic,4098707.0,64327688800.0,9.568,2.3343947249705823,0.1487384387421051,8.596,2.09724676587031,0.205,0.05001577326703275,83.602,114.446
Panama,PAN,North America,NA,2018,2015-2019,Pre-Pandemic,4167860.0,67316471200.0,9.121,2.188413238448508,0.13549432757550725,7.434,1.7836491628797513,0.51,0.12236495467698051,81.701,111.64
Panama,PAN,North America,NA,2019,2015-2019,Pre-Pandemic,4234700.0,69778991200.0,12.449,2.9397596051668358,0.17840613322022345,8.134,1.920797222943774,2.096,0.4949583205421872,99.57,125.025
Panama,PAN,North America,NA,2020,2020-2023,Pandemic,4293261.0,57059846500.0,6.557,1.5272772840971,0.11491443461909769,3.133,0.729748319517495,2.253,0.5247759220788114,77.024,85.134
Panama,PAN,North America,NA,2021,2020-2023,Pandemic,4345405.0,67396392500.0,10.145,2.334650049880276,0.1505273446201145,6.434,1.480644496888092,2.147,0.4940851313053674,109.382,92.745
Panama,PAN,North America,NA,2022,2020-2023,Post-Pandemic,4400773.0,76479304500.0,11.707,2.6602144668675254,0.15307409078229783,8.567,1.9467034541431698,2.093,0.47559826421403695,114.249,102.472
Panama,PAN,North America,NA,2023,2020-2023,Post-Pandemic,4458759.0,83812155200.0,13.002,2.9160580331881585,0.15513262925853027,9.082,2.0368896367800997,2.456,0.5508259136679062,124.774,104.205
Papua New Guinea,PNG,Oceania,OC,2010,2010-2014,Pre-Pandemic,7633523.0,14250786674.7766,4.715,0.6176702421673452,0.3308589278334639,4.371,0.5726058597059314,,,243.484,19.364
Papua New Guinea,PNG,Oceania,OC,2011,2010-2014,Pre-Pandemic,7859346.0,17985138065.8549,5.298,0.674101890920695,0.29457655429725865,4.921,0.6261335230692223,,,262.383,20.193
Papua New Guinea,PNG,Oceania,OC,2012,2010-2014,Pre-Pandemic,8081390.0,21295168665.7247,4.372,0.5409960415225599,0.20530478385160117,4.019,0.49731543707208786,,,224.516,19.475
Papua New Guinea,PNG,Oceania,OC,2013,2010-2014,Pre-Pandemic,8302698.0,21261338064.8783,4.532,0.5458466633376283,0.21315685711645926,4.173,0.5026077065551463,,,226.832,19.979
Papua New Guinea,PNG,Oceania,OC,2014,2010-2014,Pre-Pandemic,8523441.0,23210823987.308,6.125,0.7186064876849619,0.2638855045968741,4.932,0.5786395424101604,,,288.029,21.265
Papua New Guinea,PNG,Oceania,OC,2015,2015-2019,Pre-Pandemic,8743246.0,21723437010.0982,6.316,0.7223861709941594,0.29074588874053353,5.229,0.5980616352324983,,,252.242,25.04
Papua New Guinea,PNG,Oceania,OC,2016,2015-2019,Pre-Pandemic,8961718.0,20758876952.6232,7.024,0.7837782889396877,0.33836127147101813,5.766,0.6434034188533939,,,262.336,26.775
Papua New Guinea,PNG,Oceania,OC,2017,2015-2019,Pre-Pandemic,9178714.0,22742699138.356,6.55,0.71360759252331,0.2880045134551905,5.33,0.5806913691830904,,,250.502,26.148
Papua New Guinea,PNG,Oceania,OC,2018,2015-2019,Pre-Pandemic,9394513.0,24109780708.0268,7.596,0.8085570800742944,0.31505885897465197,6.647,0.7075406676216213,,,248.827,30.527
Papua New Guinea,PNG,Oceania,OC,2019,2015-2019,Pre-Pandemic,9609010.0,24750626029.8777,7.583,0.7891551783170171,0.30637608886523465,6.515,0.6780094931735944,,,250.597,30.259
Papua New Guinea,PNG,Oceania,OC,2020,2020-2023,Pandemic,9815746.0,23848447849.6081,7.911,0.8059499502126481,0.33171970141989765,5.841,0.5950642977110451,,,281.119,28.14
Papua New Guinea,PNG,Oceania,OC,2021,2020-2023,Pandemic,10012896.0,26113409477.7318,7.873,0.7862860055672205,0.30149261078733125,5.837,0.5829482299626402,,,285.215,27.604
Papua New Guinea,PNG,Oceania,OC,2022,2020-2023,Post-Pandemic,10203169.0,31653230962.4549,8.436,0.8268019475125816,0.2665130776067145,6.453,0.6324505651136426,,,240.59,35.064
Papua New Guinea,PNG,Oceania,OC,2023,2020-2023,Post-Pandemic,10389635.0,30816328065.6492,8.358,0.8044555944458107,0.27121985403954146,6.422,0.6181160358376401,,,279.94,29.855
Paraguay,PRY,South America,SA,2010,2010-2014,Pre-Pandemic,5737971.0,27260886405.2263,5.011,0.8733052153801405,0.1838164733718754,4.767,0.8307814731026002,0.0,0.0,164.192,30.518
Paraguay,PRY,South America,SA,2011,2010-2014,Pre-Pandemic,5814626.0,33756238766.5,5.192,0.8929207140751615,0.1538086051563478,4.99,0.8581807325183082,0.004,0.0006879204268683833,164.242,31.609
Paraguay,PRY,South America,SA,2012,2010-2014,Pre-Pandemic,5897008.0,33271921136.315,5.159,0.8748504326261725,0.15505566927931774,4.873,0.8263512615210968,0.004,0.0006783100853856736,151.954,33.952
Paraguay,PRY,South America,SA,2013,2010-2014,Pre-Pandemic,5982445.0,38501122141.4241,5.169,0.8640280019289772,0.1342558271681794,4.954,0.8280895185831211,0.0,0.0,150.015,34.457
Paraguay,PRY,South America,SA,2014,2010-2014,Pre-Pandemic,6069811.0,40377929295.6419,5.451,0.8980510266299889,0.13499949341355505,5.199,0.8565340831864452,0.0,0.0,149.698,36.415
Paraguay,PRY,South America,SA,2015,2015-2019,Pre-Pandemic,6159103.0,36211447840.0971,6.045,0.9814740880287276,0.16693615860634947,5.69,0.923835824794617,0.011,0.001785974353733003,143.527,42.121
Paraguay,PRY,South America,SA,2016,2015-2019,Pre-Pandemic,6249126.0,36089700222.9461,7.187,1.15008082730289,0.19914269045189942,6.8,1.088152167199061,0.004,0.0006400895101170948,150.15,47.862
Paraguay,PRY,South America,SA,2017,2015-2019,Pre-Pandemic,6338660.0,38997129473.5558,7.939,1.2524729201440052,0.2035790866449154,7.669,1.2098771664673607,0.004,0.0006310482026169569,161.738,49.088
Paraguay,PRY,South America,SA,2018,2015-2019,Pre-Pandemic,6427382.0,40225448340.6322,8.504,1.3230892453568186,0.21140845784955511,8.09,1.25867732772068,0.015,0.0023337651317441536,164.069,51.83
Paraguay,PRY,South America,SA,2019,2015-2019,Pre-Pandemic,6515058.0,37925338329.1494,8.268,1.2690600759041595,0.21800728389666651,7.83,1.2018312039585832,0.004,0.0006139623008728395,160.689,51.456
Paraguay,PRY,South America,SA,2020,2020-2023,Pandemic,6603739.0,35432178068.1814,7.444,1.127240189232191,0.21009151584403496,7.108,1.076359922764967,0.004,0.000605717457943144,149.088,49.929
Paraguay,PRY,South America,SA,2021,2020-2023,Pandemic,6684182.0,39937357255.8716,8.187,1.224831998889318,0.2049960378586729,7.837,1.172469570696908,0.004,0.0005984277507704009,150.026,54.57
Paraguay,PRY,South America,SA,2022,2020-2023,Post-Pandemic,6760464.0,41841201626.7253,7.533,1.1142726298076582,0.18003785042321618,7.187,1.063092710796182,0.0,0.0,144.107,52.276
Paraguay,PRY,South America,SA,2023,2020-2023,Post-Pandemic,6844146.0,43140465595.6662,7.646,1.117159102099809,0.1772349902678867,7.3,1.0666049496898518,0.0,0.0,168.504,45.374
Peru,PER,South America,SA,2010,2010-2014,Pre-Pandemic,29086019.0,147527631520.729,42.505,1.4613550242128357,0.28811551817008363,23.193,0.7973934143410963,3.301,0.11349095247445173,188.671,225.286
Peru,PER,South America,SA,2011,2010-2014,Pre-Pandemic,29304086.0,171761737046.585,42.327,1.4444060804353358,0.24642857441829508,23.911,0.8159612963188819,3.129,0.1067769184133571,170.291,248.556
Peru,PER,South America,SA,2012,2010-2014,Pre-Pandemic,29550366.0,192650021648.583,45.509,1.5400486071813797,0.23622629061009884,25.696,0.8695662178938833,2.898,0.09806985131757759,177.266,256.725
Peru,PER,South America,SA,2013,2010-2014,Pre-Pandemic,29817919.0,201175543571.392,42.718,1.4326284808809093,0.2123419141394813,23.277,0.7806379781231547,3.371,0.11305282571865595,162.684,262.581
Peru,PER,South America,SA,2014,2010-2014,Pre-Pandemic,30115826.0,200786250582.943,49.388,1.6399350959193348,0.24597301785660997,24.847,0.8250479332693714,3.049,0.10124244973390403,183.715,268.829
Peru,PER,South America,SA,2015,2015-2019,Pre-Pandemic,30457600.0,189802976285.619,49.204,1.6154916999369615,0.25923724149592325,24.994,0.8206162008825384,3.089,0.10141967850388738,174.687,281.669
Peru,PER,South America,SA,2016,2015-2019,Pre-Pandemic,30866494.0,191898104390.379,52.698,1.7072881681994723,0.27461448963975316,27.861,0.9026292393298702,3.213,0.10409345486403476,176.283,298.938
Peru,PER,South America,SA,2017,2015-2019,Pre-Pandemic,31324637.0,211007984080.911,54.726,1.7470593513980706,0.2593551151079445,33.123,1.057410497685895,2.807,0.08960997696477696,180.264,303.59
Peru,PER,South America,SA,2018,2015-2019,Pre-Pandemic,31897584.0,222597009739.235,56.014,1.7560577628700655,0.25163860047185066,33.898,1.0627137152456436,2.503,0.07846989289220149,175.908,318.425
Peru,PER,South America,SA,2019,2015-2019,Pre-Pandemic,32449303.0,228346006003.648,58.668,1.8079895275408535,0.2569258864070639,35.457,1.092689109531875,2.572,0.07926210310280009,179.642,326.585
Peru,PER,South America,SA,2020,2020-2023,Pandemic,32838579.0,201409694755.934,47.237,1.4384605375281312,0.23453190799599427,29.235,0.8902638570323034,1.883,0.057341092621577806,164.084,287.882
Peru,PER,South America,SA,2021,2020-2023,Pandemic,33155882.0,226406075008.878,59.962,1.8084875558430327,0.2648427167762558,34.533,1.0415346513779968,2.649,0.07989532596358016,183.094,327.493
Peru,PER,South America,SA,2022,2020-2023,Post-Pandemic,33475438.0,246169867862.821,64.785,1.9352995470888237,0.2631719331145015,36.218,1.081927591208814,2.804,0.08376290700064926,191.632,338.069
Peru,PER,South America,SA,2023,2020-2023,Post-Pandemic,33845617.0,268025009709.319,66.065,1.9519514151566508,0.24648819179840506,37.248,1.1005265467608405,2.619,0.0773807728191216,192.44,343.3
Philippines,PHL,Asia,AS,2010,2010-2014,Pre-Pandemic,96337125.0,208368893151.144,82.246,0.8537311031442967,0.39471342749966726,41.597,0.431785773137822,27.769,0.2882481701628526,241.168,341.031
Philippines,PHL,Asia,AS,2011,2010-2014,Pre-Pandemic,98248614.0,234216730291.32,82.98,0.8445920672224445,0.35428724453965793,38.983,0.39677913420743016,30.519,0.31063033622031555,238.561,347.837
Philippines,PHL,Asia,AS,2012,2010-2014,Pre-Pandemic,100175512.0,261920540962.63,87.476,0.8732273811587806,0.3339791513811847,41.434,0.41361405769505827,31.933,0.31877051948584,243.066,359.886
Philippines,PHL,Asia,AS,2013,2010-2014,Pre-Pandemic,102076336.0,283902828588.718,94.825,0.9289616351433304,0.3340051258783698,41.319,0.4047852971525153,39.509,0.38705346947406105,245.832,385.732
Philippines,PHL,Asia,AS,2014,2010-2014,Pre-Pandemic,103767130.0,297483555338.044,100.074,0.9644094425662538,0.33640178828130984,43.212,0.4164324483099802,42.036,0.40509937973614574,246.685,405.675
Philippines,PHL,Asia,AS,2015,2015-2019,Pre-Pandemic,105312992.0,306445871242.322,111.046,1.0544378038371562,0.36236742087541585,49.862,0.4734648503766753,45.82,0.43508402078254504,249.85,444.452
Philippines,PHL,Asia,AS,2016,2015-2019,Pre-Pandemic,106735719.0,318627003016.731,120.216,1.1262958747670966,0.3772938227513865,53.546,0.5016689867428541,50.684,0.47485509513455376,247.652,485.422
Philippines,PHL,Asia,AS,2017,2015-2019,Pre-Pandemic,108119693.0,328480736802.76,133.576,1.2354456093396418,0.4066478944858408,55.787,0.515974458048082,60.931,0.5635513596954072,250.838,532.517
Philippines,PHL,Asia,AS,2018,2015-2019,Pre-Pandemic,109465287.0,346841896587.313,139.857,1.2776379054302394,0.4032298328895592,57.4,0.5243671448100254,64.171,0.5862223702021628,254.081,550.443
Philippines,PHL,Asia,AS,2019,2015-2019,Pre-Pandemic,110804683.0,376823402239.136,142.601,1.2869582416476026,0.3784292566561563,55.411,0.5000781420041606,68.894,0.6217607246798404,251.892,566.121
Philippines,PHL,Asia,AS,2020,2020-2023,Pandemic,112081264.0,361751145451.597,131.457,1.1728722117195252,0.363390694550238,46.295,0.41304851808237997,69.305,0.6183459886747886,255.874,513.758
Philippines,PHL,Asia,AS,2021,2020-2023,Pandemic,113100950.0,394087359848.11,140.27,1.2402194676525706,0.355936308269474,49.391,0.43669836548676205,74.705,0.6605161141440457,257.112,545.557
Philippines,PHL,Asia,AS,2022,2020-2023,Post-Pandemic,113964338.0,404353369604.631,150.963,1.3246512255439065,0.3733442363732711,59.36,0.5208646936553082,75.346,0.6611366443421977,264.393,570.979
Philippines,PHL,Asia,AS,2023,2020-2023,Post-Pandemic,114891199.0,437055627245.138,160.98,1.40115171049786,0.3683284002420788,60.918,0.530223381166037,84.105,0.7320404063326035,264.435,608.771
Poland,POL,Europe,EU,2010,2010-2014,Pre-Pandemic,38042794.0,478111630683.514,334.028,8.780322496817663,0.6986401889501614,69.973,1.839323368309909,220.927,5.807328452268779,288.639,1157.25
Poland,POL,Europe,EU,2011,2010-2014,Pre-Pandemic,38063255.0,527848543023.469,333.406,8.75926139264758,0.6316319414093301,69.599,1.828508886063475,218.379,5.737265507114407,286.76,1162.666
Poland,POL,Europe,EU,2012,2010-2014,Pre-Pandemic,38063164.0,498148649702.66,325.778,8.558878605047127,0.6539774828145247,66.312,1.7421568002071504,214.04,5.623284496265208,288.829,1127.927
Poland,POL,Europe,EU,2013,2010-2014,Pre-Pandemic,38040196.0,518179836405.36,321.757,8.458342328204617,0.6209369361649515,61.681,1.6214690376463885,214.314,5.633882643506884,284.409,1131.318
Poland,POL,Europe,EU,2014,2010-2014,Pre-Pandemic,38011735.0,542134167178.627,309.415,8.13998624372184,0.5707351034712618,61.381,1.6147908007882303,202.997,5.340377123012144,284.036,1089.354
Poland,POL,Europe,EU,2015,2015-2019,Pre-Pandemic,37986412.0,480054118583.367,312.549,8.22791581368622,0.6510703437402594,64.794,1.705715191000403,201.647,5.308398171430352,283.359,1103.013
Poland,POL,Europe,EU,2016,2015-2019,Pre-Pandemic,37970087.0,473259623976.262,323.3,8.514597293390452,0.683134549454437,72.897,1.9198533835332008,202.099,5.32258459139164,281.071,1150.245
Poland,POL,Europe,EU,2017,2015-2019,Pre-Pandemic,37974826.0,528356723263.073,336.505,8.86126509177422,0.6368897852227225,82.452,2.1712278550005735,203.504,5.358918563576829,278.497,1208.289
Poland,POL,Europe,EU,2018,2015-2019,Pre-Pandemic,37974750.0,594616632477.019,335.719,8.840584862309825,0.5645973921070481,85.491,2.2512590602966447,198.673,5.231713177835272,274.71,1222.083
Poland,POL,Europe,EU,2019,2015-2019,Pre-Pandemic,37965475.0,602683770144.88,317.444,8.361386233149988,0.5267173528228397,87.278,2.2988781254547717,177.753,4.681964337335434,267.374,1187.268
Poland,POL,Europe,EU,2020,2020-2023,Pandemic,37515748.0,605914237903.742,302.102,8.052671640720051,0.49858871289305,84.235,2.245323750442081,164.196,4.376722010180898,265.18,1139.234
Poland,POL,Europe,EU,2021,2020-2023,Pandemic,36981559.0,689170230665.35,330.694,8.942132482840975,0.47984370955886474,89.709,2.4257765877311988,184.114,4.978535382999944,270.007,1224.758
Poland,POL,Europe,EU,2022,2020-2023,Post-Pandemic,36821749.0,695607470875.276,314.892,8.551793669551111,0.45268633990341495,90.97,2.4705507606387735,172.493,4.68454119330399,265.313,1186.868
Poland,POL,Europe,EU,2023,2020-2023,Post-Pandemic,36687353.0,812451193396.143,283.243,7.720453421646418,0.3486277111810378,90.697,2.472159820306469,141.924,3.8684720590226283,250.021,1132.88
Portugal,PRT,Europe,EU,2010,2010-2014,Pre-Pandemic,10573100.0,238443864993.217,52.89,5.00231720119927,0.22181321377886806,31.346,2.9646934200943904,6.424,0.607579612412632,173.92,304.105
Portugal,PRT,Europe,EU,2011,2010-2014,Pre-Pandemic,10557560.0,245426767676.002,51.784,4.904921212856001,0.21099572997009924,28.457,2.695414470767867,8.632,0.8176131606166577,178.669,289.831
Portugal,PRT,Europe,EU,2012,2010-2014,Pre-Pandemic,10514844.0,216536676771.973,49.932,4.748715244848141,0.23059373009858095,25.601,2.4347484375422024,11.135,1.0589790965990555,188.802,264.467
Portugal,PRT,Europe,EU,2013,2010-2014,Pre-Pandemic,10457295.0,226677408291.745,48.146,4.604058697779875,0.2123987580537083,24.973,2.3880936704950946,10.191,0.9745350016423941,166.215,289.661
Portugal,PRT,Europe,EU,2014,2010-2014,Pre-Pandemic,10401062.0,230078616299.675,47.942,4.60933700808629,0.2083722545408394,24.989,2.4025431249232048,10.316,0.9918217966588412,164.313,291.774
Portugal,PRT,Europe,EU,2015,2015-2019,Pre-Pandemic,10358076.0,199038523119.639,52.233,5.042731874143422,0.26242658547362485,25.623,2.473721953768248,12.563,1.2128700349369903,180.411,289.522
Portugal,PRT,Europe,EU,2016,2015-2019,Pre-Pandemic,10325452.0,206305431241.638,50.311,4.872522771884466,0.2438665802310971,25.592,2.4785355643510814,10.82,1.047896014624832,162.363,309.867
Portugal,PRT,Europe,EU,2017,2015-2019,Pre-Pandemic,10300300.0,220862990767.229,55.165,5.355669252351873,0.24977022998904902,25.93,2.5174024057551723,12.394,1.2032659242934671,182.74,301.878
Portugal,PRT,Europe,EU,2018,2015-2019,Pre-Pandemic,10283822.0,242092894542.888,51.34,4.992307334763281,0.2120673557848054,25.501,2.47972008850406,10.376,1.0089633990164357,168.833,304.09
Portugal,PRT,Europe,EU,2019,2015-2019,Pre-Pandemic,10286263.0,240115970063.019,47.583,4.625878222246505,0.1981667441258144,26.18,2.5451420015218353,5.026,0.4886128227520529,162.368,293.057
Portugal,PRT,Europe,EU,2020,2020-2023,Pandemic,10297081.0,229618773422.577,41.738,4.053381730220438,0.18177085165065235,23.175,2.2506378263898283,2.417,0.2347267152700848,157.355,265.248
Portugal,PRT,Europe,EU,2021,2020-2023,Pandemic,10361831.0,256055879091.139,40.3,3.8892740095838274,0.15738752081398552,23.781,2.2950576978142183,1.038,0.10017534545776707,151.225,266.49
Portugal,PRT,Europe,EU,2022,2020-2023,Post-Pandemic,10434332.0,256898677175.024,40.722,3.9026935313156605,0.1585138563101914,24.878,2.384244626297112,0.245,0.02348018061913307,155.086,262.58
Portugal,PRT,Europe,EU,2023,2020-2023,Post-Pandemic,10578174.0,292323800948.839,37.622,3.556568458790714,0.1286997496539271,25.265,2.388408434196677,0.133,0.012573058450352585,141.452,265.97
Qatar,QAT,Asia,AS,2010,2010-2014,Pre-Pandemic,1616832.0,125122252747.253,73.651,45.55266100621462,0.5886323046690587,15.22,9.413470292522662,0.0,0.0,219.595,335.396
Qatar,QAT,Asia,AS,2011,2010-2014,Pre-Pandemic,1624761.0,167775274725.275,81.809,50.35140552979792,0.48761058585038125,10.146,6.244610745826617,0.0,0.0,208.085,393.154
Qatar,QAT,Asia,AS,2012,2010-2014,Pre-Pandemic,1722438.0,186833502362.637,93.738,54.42169761698244,0.5017194390439568,7.449,4.324683965402528,0.0,0.0,209.027,448.449
Qatar,QAT,Asia,AS,2013,2010-2014,Pre-Pandemic,1916426.0,198727642967.033,91.433,47.71016465023956,0.4600920065014199,3.045,1.588895162140359,0.0,0.0,189.019,483.727
Qatar,QAT,Asia,AS,2014,2010-2014,Pre-Pandemic,2151745.0,206224598571.429,91.642,42.58961912308382,0.4443795775810829,4.694,2.181485259638108,0.0,0.0,177.198,517.172
Qatar,QAT,Asia,AS,2015,2015-2019,Pre-Pandemic,2344557.0,161739955576.923,93.31,39.7985632253769,0.5769137234344179,4.873,2.0784310212974137,0.0,0.0,156.715,595.414
Qatar,QAT,Asia,AS,2016,2015-2019,Pre-Pandemic,2477113.0,151732181868.132,91.378,36.88891059874943,0.6022321624519652,6.211,2.507354327396449,0.0,0.0,155.799,586.515
Qatar,QAT,Asia,AS,2017,2015-2019,Pre-Pandemic,2545820.0,161099122225.275,105.657,41.50214862009097,0.6558508733042828,14.274,5.606837875419314,0.0,0.0,187.311,564.071
Qatar,QAT,Asia,AS,2018,2015-2019,Pre-Pandemic,2580734.0,183334953818.681,102.621,39.76426861505293,0.5597459614902054,11.384,4.411148146225067,0.0,0.0,178.985,573.353
Qatar,QAT,Asia,AS,2019,2015-2019,Pre-Pandemic,2638657.0,176371267692.308,101.43,38.44000944419832,0.5750936721561231,10.578,4.008857536239079,0.0,0.0,173.322,585.209
Qatar,QAT,Asia,AS,2020,2020-2023,Pandemic,2794148.0,144411363351.648,101.329,36.26472184007433,0.7016691598794718,11.095,3.9707989698469803,0.0,0.0,197.384,513.361
Qatar,QAT,Asia,AS,2021,2020-2023,Pandemic,2504910.0,179732009560.44,104.386,41.672555101780105,0.5807869185644265,10.394,4.149450479258736,0.0,0.0,192.214,543.069
Qatar,QAT,Asia,AS,2022,2020-2023,Post-Pandemic,2657333.0,235709325714.286,109.594,41.24210251406203,0.464954026184114,17.225,6.48206303086591,0.003,0.0011289514712683733,193.971,565.004
Qatar,QAT,Asia,AS,2023,2020-2023,Post-Pandemic,2656032.0,213002809340.659,119.544,45.00849387356779,0.5612320343099854,18.623,7.011587209792653,0.004,0.0015060059517355213,192.886,619.766
Romania,ROU,Europe,EU,2010,2010-2014,Pre-Pandemic,20246871.0,170064350671.827,84.488,4.172891702624074,0.49680017985095776,23.252,1.1484243664119755,29.403,1.4522243955621588,213.125,396.424
Romania,ROU,Europe,EU,2011,2010-2014,Pre-Pandemic,20147528.0,192623977894.173,92.391,4.585723866471361,0.47964433613119195,24.273,1.2047631848433218,34.091,1.69206862499459,226.259,408.341
Romania,ROU,Europe,EU,2012,2010-2014,Pre-Pandemic,20058035.0,179117323107.087,89.848,4.479401895549589,0.501615357138201,25.511,1.2718593820381707,31.523,1.5715896397628182,228.427,393.332
Romania,ROU,Europe,EU,2013,2010-2014,Pre-Pandemic,19983693.0,189798603751.235,78.795,3.9429648964283026,0.41515057773172526,23.728,1.187368120597129,25.269,1.26448099457893,213.205,369.577
Romania,ROU,Europe,EU,2014,2010-2014,Pre-Pandemic,19908979.0,199722319675.741,79.335,3.984885412757731,0.39722650993040876,24.887,1.25003898994519,25.006,1.2560161924928446,209.264,379.116
Romania,ROU,Europe,EU,2015,2015-2019,Pre-Pandemic,19815616.0,177885131240.315,78.046,3.9386108410659553,0.4387438087479233,24.146,1.2185339078028157,25.128,1.268090782542415,204.772,381.136
Romania,ROU,Europe,EU,2016,2015-2019,Pre-Pandemic,19702267.0,185290759248.844,76.587,3.8872176486086603,0.4133341582196459,25.899,1.3145187810113426,22.147,1.124083842737488,200.971,381.085
Romania,ROU,Europe,EU,2017,2015-2019,Pre-Pandemic,19588715.0,210147385855.419,79.432,4.054987782506408,0.37798233690448596,27.908,1.4246978426098904,21.774,1.1115583640887112,204.756,387.936
Romania,ROU,Europe,EU,2018,2015-2019,Pre-Pandemic,19473970.0,241791427223.903,79.874,4.1015776444145695,0.33034256390750905,28.456,1.4612326094781907,20.766,1.0663465128065823,203.735,392.051
Romania,ROU,Europe,EU,2019,2015-2019,Pre-Pandemic,19371648.0,250080428511.595,76.69,3.958878459901811,0.3066613427385593,29.781,1.5373498424088647,18.362,0.9478801184080983,199.809,383.818
Romania,ROU,Europe,EU,2020,2020-2023,Pandemic,19265250.0,250624575871.819,73.946,3.8383099103307767,0.2950468833424357,29.063,1.508571131960395,14.298,0.7421652976213649,200.132,369.489
Romania,ROU,Europe,EU,2021,2020-2023,Pandemic,19122059.0,285072444957.216,77.501,4.0529631249438145,0.27186422739536065,30.971,1.6196477586435645,15.53,0.8121510345721661,198.72,390.003
Romania,ROU,Europe,EU,2022,2020-2023,Post-Pandemic,19048502.0,295317862855.924,73.186,3.8420869000617475,0.2478211080502945,32.428,1.7023910856612239,13.752,0.7219465341684086,203.201,360.166
Romania,ROU,Europe,EU,2023,2020-2023,Post-Pandemic,19061062.0,347757995758.914,67.866,3.5604521930624853,0.1951529535701852,32.81,1.7213101767362178,9.754,0.5117238483354181,188.848,359.369
Russia,RUS,Europe,EU,2010,2010-2014,Pre-Pandemic,142849468.0,1524916715223.95,1633.147,11.43264320732367,1.0709745546727483,333.202,2.33253931334207,417.855,2.925142150336885,208.996,7814.236
Russia,RUS,Europe,EU,2011,2010-2014,Pre-Pandemic,143018195.0,2045922753398.04,1684.989,11.781640790530185,0.8235838802816132,344.934,2.411818999673433,428.317,2.994842719137939,208.524,8080.549
Russia,RUS,Europe,EU,2012,2010-2014,Pre-Pandemic,143378447.0,2208293553878.42,1700.104,11.857458603942055,0.7698722830640482,352.425,2.458005421135577,443.293,3.091768737040373,209.157,8128.363
Russia,RUS,Europe,EU,2013,2010-2014,Pre-Pandemic,143805638.0,2292470078346.22,1637.547,11.387223913988684,0.7143155391503826,354.879,2.4677683360370057,405.805,2.821899096890763,203.865,8032.525
Russia,RUS,Europe,EU,2014,2010-2014,Pre-Pandemic,144237223.0,2059241589895.01,1637.311,11.351514996929746,0.7951038906918532,383.699,2.6601940332697613,394.974,2.7383638688052114,203.197,8057.762
Russia,RUS,Europe,EU,2015,2015-2019,Pre-Pandemic,144640716.0,1363482182197.71,1635.244,11.305557973039901,1.1993145354963528,406.41,2.809789741361623,414.854,2.8681688771507465,206.195,7930.555
Russia,RUS,Europe,EU,2016,2015-2019,Pre-Pandemic,145015460.0,1276786350881.14,1629.328,11.235546885828587,1.2761163987033248,400.525,2.7619468986272224,402.76,2.7773590484766246,201.498,8086.063
Russia,RUS,Europe,EU,2017,2015-2019,Pre-Pandemic,145293260.0,1574199360089.0,1661.012,11.432133878749779,1.0551471701183337,414.626,2.8537180595989105,386.28,2.6586229808595387,204.162,8135.743
Russia,RUS,Europe,EU,2018,2015-2019,Pre-Pandemic,145398106.0,1657328773461.31,1709.91,11.76019445535281,1.0317264910744746,392.624,2.7003377884440942,399.665,2.7487634536312324,202.783,8432.209
Russia,RUS,Europe,EU,2019,2015-2019,Pre-Pandemic,145453291.0,1693115002708.32,1704.459,11.71825668764002,1.0067000748759145,400.012,2.7501062179473132,395.976,2.722358478640404,203.638,8370.03
Russia,RUS,Europe,EU,2020,2020-2023,Pandemic,145245148.0,1493075894362.14,1631.902,11.235500961450361,1.0929799390386437,381.968,2.629815902697142,368.047,2.5339710487265297,202.075,8075.713
Russia,RUS,Europe,EU,2021,2020-2023,Pandemic,144746762.0,1829186719575.1,1674.524,11.568645659928476,0.9154472761473872,375.4,2.5934949757287145,375.442,2.593785137659936,200.993,8331.266
Russia,RUS,Europe,EU,2022,2020-2023,Post-Pandemic,144236933.0,2292495097681.47,1675.461,11.616033183401091,0.7308460557645198,391.392,2.7135352358053813,369.694,2.5631021979647888,194.217,8626.76
Russia,RUS,Europe,EU,2023,2020-2023,Post-Pandemic,143826130.0,2046284838151.09,1733.135,12.050209513389534,0.8469666430045805,427.178,2.9701000784766998,382.395,2.6587310664619843,197.826,8760.904
Rwanda,RWA,Africa,AF,2010,2010-2014,Pre-Pandemic,10317553.0,6052276077.6354,0.581,0.056311801839060094,0.09599694272819663,0.55,0.05330721344489338,,,184.615,3.147
Rwanda,RWA,Africa,AF,2011,2010-2014,Pre-Pandemic,10573733.0,6802676033.65947,0.643,0.06081106833319888,0.09452162602164975,0.608,0.05750097907711496,,,183.765,3.501
Rwanda,RWA,Africa,AF,2012,2010-2014,Pre-Pandemic,10829901.0,7556673275.95438,0.718,0.06629792830054494,0.09501535580275823,0.685,0.0632508090332497,,,184.781,3.888
Rwanda,RWA,Africa,AF,2013,2010-2014,Pre-Pandemic,11093340.0,7714276919.73722,0.779,0.07022231356832118,0.10098159660394146,0.744,0.06706726738745951,,,191.324,4.071
Rwanda,RWA,Africa,AF,2014,2010-2014,Pre-Pandemic,11364757.0,8129984483.78727,0.83,0.07303279779761239,0.10209121575264718,0.784,0.06898519695581701,,,197.099,4.21
Rwanda,RWA,Africa,AF,2015,2015-2019,Pre-Pandemic,11640022.0,8447064078.84373,0.967,0.08307544435912578,0.11447764465548686,0.85,0.07302391696510539,0.004,0.00034364196218873125,212.56,4.548
Rwanda,RWA,Africa,AF,2016,2015-2019,Pre-Pandemic,11919183.0,8596812240.52305,1.052,0.08826108299536974,0.12237094059599862,0.843,0.07072632411130864,0.018,0.0015101706215937788,227.591,4.622
Rwanda,RWA,Africa,AF,2017,2015-2019,Pre-Pandemic,12202060.0,9164345443.2575,1.17,0.09588544885044001,0.1276686924608245,0.934,0.07654445233018031,0.022,0.0018029742518886156,237.304,4.929
Rwanda,RWA,Africa,AF,2018,2015-2019,Pre-Pandemic,12487996.0,9650161136.17648,1.313,0.10514096897532639,0.13605990423080416,1.041,0.08336005232544917,0.044,0.003523383575715431,268.433,4.892
Rwanda,RWA,Africa,AF,2019,2015-2019,Pre-Pandemic,12776103.0,10519272170.3346,1.413,0.11059710461006772,0.1343248826648674,1.114,0.08719403718019493,0.059,0.004617996583152155,257.103,5.498
Rwanda,RWA,Africa,AF,2020,2020-2023,Pandemic,13065837.0,10487146253.4025,1.394,0.10669044776848204,0.13292462661591317,1.107,0.08472476734555927,0.037,0.0028318124587043293,242.463,5.751
Rwanda,RWA,Africa,AF,2021,2020-2023,Pandemic,13355260.0,11252894909.5043,1.699,0.12721579362737978,0.15098337038276335,1.326,0.09928672298405272,0.059,0.004417735034735378,260.623,6.519
Rwanda,RWA,Africa,AF,2022,2020-2023,Post-Pandemic,13651030.0,13747404814.2677,1.957,0.14335914579339434,0.14235414075891137,1.367,0.10013896387305574,0.187,0.01369860003237851,287.814,6.8
Rwanda,RWA,Africa,AF,2023,2020-2023,Post-Pandemic,13954471.0,14806501437.282,2.016,0.14446982619405638,0.1361564045726438,1.394,0.09989629846950128,0.216,0.015478909949363183,256.395,7.863
Saint Helena,SHN,Africa,AF,2010,2010-2014,Pre-Pandemic,5352.0,,0.011,2.0553064275037367,,0.011,2.0553064275037367,,,251.436,0.044
Saint Helena,SHN,Africa,AF,2011,2010-2014,Pre-Pandemic,5385.0,,0.011,2.042711234911792,,0.011,2.042711234911792,,,257.004,0.043
Saint Helena,SHN,Africa,AF,2012,2010-2014,Pre-Pandemic,5428.0,,0.011,2.026529108327192,,0.011,2.026529108327192,,,232.005,0.047
Saint Helena,SHN,Africa,AF,2013,2010-2014,Pre-Pandemic,5462.0,,0.011,2.0139143170999634,,0.011,2.0139143170999634,,,241.858,0.045
Saint Helena,SHN,Africa,AF,2014,2010-2014,Pre-Pandemic,5493.0,,0.011,2.0025486983433463,,0.011,2.0025486983433463,,,254.775,0.043
Saint Helena,SHN,Africa,AF,2015,2015-2019,Pre-Pandemic,5529.0,,0.011,1.9895098571170193,,0.011,1.9895098571170193,,,279.897,0.039
Saint Helena,SHN,Africa,AF,2016,2015-2019,Pre-Pandemic,5544.0,,0.015,2.705627705627706,,0.015,2.705627705627706,,,370.432,0.04
Saint Helena,SHN,Africa,AF,2017,2015-2019,Pre-Pandemic,5528.0,,0.011,1.9898697539797394,,0.011,1.9898697539797394,,,259.833,0.042
Saint Helena,SHN,Africa,AF,2018,2015-2019,Pre-Pandemic,5507.0,,0.011,1.9974577810059924,,0.011,1.9974577810059924,,,215.64,0.051
Saint Helena,SHN,Africa,AF,2019,2015-2019,Pre-Pandemic,5485.0,,0.015,2.7347310847766635,,0.015,2.7347310847766635,,,256.112,0.057
Saint Helena,SHN,Africa,AF,2020,2020-2023,Pandemic,5451.0,,0.011,2.017978352595854,,0.011,2.017978352595854,,,246.914,0.045
Saint Helena,SHN,Africa,AF,2021,2020-2023,Pandemic,5415.0,,0.007,1.2927054478301017,,0.007,1.2927054478301017,,,195.147,0.038
Saint Helena,SHN,Africa,AF,2022,2020-2023,Post-Pandemic,5369.0,,0.011,2.0487986589681504,,0.011,2.0487986589681504,,,250.442,0.044
Saint Helena,SHN,Africa,AF,2023,2020-2023,Post-Pandemic,5316.0,,0.011,2.0692249811888637,,0.011,2.0692249811888637,,,247.708,0.044
Saint Kitts and Nevis,KNA,North America,NA,2010,2010-2014,Pre-Pandemic,46846.0,778718518.518518,0.22,4.696238739700295,0.2825154337135086,0.22,4.696238739700295,,,221.448,0.993
Saint Kitts and Nevis,KNA,North America,NA,2011,2010-2014,Pre-Pandemic,46886.0,836092592.592593,0.227,4.841530520837777,0.27150102992314323,0.227,4.841530520837777,,,220.333,1.031
Saint Kitts and Nevis,KNA,North America,NA,2012,2010-2014,Pre-Pandemic,47033.0,824585185.185185,0.224,4.762613484149427,0.27165173959521743,0.224,4.762613484149427,,,218.955,1.021
Saint Kitts and Nevis,KNA,North America,NA,2013,2010-2014,Pre-Pandemic,47069.0,874548148.148148,0.224,4.758970872548812,0.2561322672448842,0.224,4.758970872548812,,,219.769,1.017
Saint Kitts and Nevis,KNA,North America,NA,2014,2010-2014,Pre-Pandemic,47089.0,952111111.111111,0.227,4.820658752574912,0.23841755163963124,0.227,4.820658752574912,,,220.566,1.03
Saint Kitts and Nevis,KNA,North America,NA,2015,2015-2019,Pre-Pandemic,47087.0,957222222.222222,0.231,4.905812644678998,0.24132327336041795,0.231,4.905812644678998,,,218.762,1.055
Saint Kitts and Nevis,KNA,North America,NA,2016,2015-2019,Pre-Pandemic,47075.0,1006818518.51852,0.238,5.055762081784387,0.23638818279803234,0.238,5.055762081784387,,,219.778,1.084
Saint Kitts and Nevis,KNA,North America,NA,2017,2015-2019,Pre-Pandemic,47050.0,1056977777.77778,0.242,5.1434643995749205,0.22895467160036953,0.242,5.1434643995749205,,,222.212,1.088
Saint Kitts and Nevis,KNA,North America,NA,2018,2015-2019,Pre-Pandemic,47008.0,1076548148.14815,0.249,5.296970728386658,0.23129481057426304,0.249,5.296970728386658,,,224.56,1.11
Saint Kitts and Nevis,KNA,North America,NA,2019,2015-2019,Pre-Pandemic,46952.0,1107855555.55556,0.26,5.537570284545919,0.23468763476987478,0.26,5.537570284545919,,,230.927,1.127
Saint Kitts and Nevis,KNA,North America,NA,2020,2020-2023,Pandemic,46870.0,883922222.222222,0.242,5.163217409857052,0.2737797443213959,0.242,5.163217409857052,,,230.255,1.05
Saint Kitts and Nevis,KNA,North America,NA,2021,2020-2023,Pandemic,46763.0,858622222.222222,0.234,5.003956119154032,0.272529634039029,0.234,5.003956119154032,,,224.709,1.044
Saint Kitts and Nevis,KNA,North America,NA,2022,2020-2023,Post-Pandemic,46709.0,981429629.62963,0.251,5.373696717977263,0.2557493603435652,0.251,5.373696717977263,,,221.286,1.133
Saint Kitts and Nevis,KNA,North America,NA,2023,2020-2023,Post-Pandemic,46758.0,1055651851.85185,0.25,5.346678643226827,0.23682050058591186,0.25,5.346678643226827,,,218.051,1.147
Saint Lucia,LCA,North America,NA,2010,2010-2014,Pre-Pandemic,170906.0,1482385185.18519,0.484,2.831966110025394,0.32650083449095946,0.484,2.831966110025394,,,269.133,1.797
Saint Lucia,LCA,North America,NA,2011,2010-2014,Pre-Pandemic,171801.0,1568370370.37037,0.484,2.8172129382250395,0.3086005762055449,0.484,2.8172129382250395,,,265.161,1.824
Saint Lucia,LCA,North America,NA,2012,2010-2014,Pre-Pandemic,172587.0,1598207407.40741,0.487,2.8217652546252037,0.3047163952205707,0.487,2.8217652546252037,,,268.419,1.815
Saint Lucia,LCA,North America,NA,2013,2010-2014,Pre-Pandemic,173369.0,1660392592.59259,0.487,2.80903737115632,0.2933041270917637,0.487,2.80903737115632,,,269.112,1.811
Saint Lucia,LCA,North America,NA,2014,2010-2014,Pre-Pandemic,174138.0,1749185185.18518,0.487,2.796632555789087,0.2784153468281536,0.487,2.796632555789087,,,266.52,1.828
Saint Lucia,LCA,North America,NA,2015,2015-2019,Pre-Pandemic,174905.0,1807640740.74074,0.48,2.744346931191218,0.26553948977898356,0.48,2.744346931191218,,,260.973,1.839
Saint Lucia,LCA,North America,NA,2016,2015-2019,Pre-Pandemic,175646.0,1868544444.44444,0.473,2.6929164341914986,0.25313821215562976,0.473,2.6929164341914986,,,254.261,1.859
Saint Lucia,LCA,North America,NA,2017,2015-2019,Pre-Pandemic,176342.0,1998503703.7037,0.495,2.8070454004151024,0.247685305302486,0.495,2.8070454004151024,,,245.445,2.015
Saint Lucia,LCA,North America,NA,2018,2015-2019,Pre-Pandemic,177017.0,2060955555.55556,0.509,2.8754300434421554,0.2469728173554872,0.509,2.8754300434421554,,,200.187,2.544
Saint Lucia,LCA,North America,NA,2019,2015-2019,Pre-Pandemic,177661.0,2090074074.07407,0.502,2.8256060699872227,0.2401828749645596,0.502,2.8256060699872227,,,199.727,2.513
Saint Lucia,LCA,North America,NA,2020,2020-2023,Pandemic,178250.0,1521740740.74074,0.487,2.732117812061711,0.320028232774357,0.487,2.732117812061711,,,203.37,2.396
Saint Lucia,LCA,North America,NA,2021,2020-2023,Pandemic,178522.0,1871111111.11111,0.506,2.8343845576455564,0.2704275534441807,0.506,2.8343845576455564,,,203.058,2.49
Saint Lucia,LCA,North America,NA,2022,2020-2023,Post-Pandemic,178781.0,2319888888.88889,0.518,2.8973996118155734,0.2232865558695339,0.518,2.8973996118155734,,,204.465,2.534
Saint Lucia,LCA,North America,NA,2023,2020-2023,Post-Pandemic,179285.0,2441259259.25926,0.517,2.8836768273977187,0.21177595048092962,0.517,2.8836768273977187,,,199.229,2.595
Saint Pierre and Miquelon,SPM,North America,NA,2010,2010-2014,Pre-Pandemic,6047.0,,0.062,10.253018025467174,,0.062,10.253018025467174,,,167.033,0.373
Saint Pierre and Miquelon,SPM,North America,NA,2011,2010-2014,Pre-Pandemic,6036.0,,0.066,10.934393638170974,,0.066,10.934393638170974,,,175.658,0.375
Saint Pierre and Miquelon,SPM,North America,NA,2012,2010-2014,Pre-Pandemic,6019.0,,0.066,10.965276624023923,,0.066,10.965276624023923,,,178.074,0.37
Saint Pierre and Miquelon,SPM,North America,NA,2013,2010-2014,Pre-Pandemic,5999.0,,0.066,11.001833638939823,,0.066,11.001833638939823,,,173.889,0.379
Saint Pierre and Miquelon,SPM,North America,NA,2014,2010-2014,Pre-Pandemic,5984.0,,0.066,11.029411764705882,,0.066,11.029411764705882,,,165.291,0.399
Saint Pierre and Miquelon,SPM,North America,NA,2015,2015-2019,Pre-Pandemic,5971.0,,0.066,11.053424886953609,,0.066,11.053424886953609,,,165.291,0.399
Saint Pierre and Miquelon,SPM,North America,NA,2016,2015-2019,Pre-Pandemic,5957.0,,0.066,11.07940238375021,,0.066,11.07940238375021,,,162.347,0.406
Saint Pierre and Miquelon,SPM,North America,NA,2017,2015-2019,Pre-Pandemic,5946.0,,0.066,11.099899091826439,,0.066,11.099899091826439,,,165.291,0.399
Saint Pierre and Miquelon,SPM,North America,NA,2018,2015-2019,Pre-Pandemic,5932.0,,0.059,9.946055293324342,,0.059,9.946055293324342,,,204.921,0.286
Saint Pierre and Miquelon,SPM,North America,NA,2019,2015-2019,Pre-Pandemic,5899.0,,0.066,11.18833700627225,,0.066,11.18833700627225,,,215.667,0.306
Saint Pierre and Miquelon,SPM,North America,NA,2020,2020-2023,Pandemic,5852.0,,0.062,10.594668489405331,,0.062,10.594668489405331,,,216.642,0.288
Saint Pierre and Miquelon,SPM,North America,NA,2021,2020-2023,Pandemic,5802.0,,0.055,9.479489831092726,,0.055,9.479489831092726,,,213.754,0.257
Saint Pierre and Miquelon,SPM,North America,NA,2022,2020-2023,Post-Pandemic,5760.0,,0.053,9.20138888888889,,0.053,9.20138888888889,,,215.369,0.248
Saint Pierre and Miquelon,SPM,North America,NA,2023,2020-2023,Post-Pandemic,5707.0,,0.053,9.286840721920449,,0.053,9.286840721920449,,,179.348,0.297
Saint Vincent and the Grenadines,VCT,North America,NA,2010,2010-2014,Pre-Pandemic,109959.0,720447888.888889,0.224,2.0371229276366645,0.310917699190519,0.224,2.0371229276366645,,,228.827,0.977
Saint Vincent and the Grenadines,VCT,North America,NA,2011,2010-2014,Pre-Pandemic,109349.0,713796370.37037,0.216,1.9753267062341677,0.3026073106646974,0.216,1.9753267062341677,,,239.121,0.904
Saint Vincent and the Grenadines,VCT,North America,NA,2012,2010-2014,Pre-Pandemic,108736.0,730032592.592593,0.231,2.1244114184814595,0.31642422864935493,0.231,2.1244114184814595,,,208.47,1.107
Saint Vincent and the Grenadines,VCT,North America,NA,2013,2010-2014,Pre-Pandemic,108135.0,764781259.259259,0.216,1.9975031210986267,0.2824336990281512,0.216,1.9975031210986267,,,239.915,0.901
Saint Vincent and the Grenadines,VCT,North America,NA,2014,2010-2014,Pre-Pandemic,107535.0,770900000.0,0.256,2.3806202631701305,0.3320793877286289,0.256,2.3806202631701305,,,270.251,0.949
Saint Vincent and the Grenadines,VCT,North America,NA,2015,2015-2019,Pre-Pandemic,106960.0,786555555.555555,0.234,2.18773373223635,0.29749964684277463,0.234,2.18773373223635,,,243.144,0.964
Saint Vincent and the Grenadines,VCT,North America,NA,2016,2015-2019,Pre-Pandemic,106349.0,814303703.703704,0.242,2.2755268032609615,0.2971864169342587,0.242,2.2755268032609615,,,250.658,0.965
Saint Vincent and the Grenadines,VCT,North America,NA,2017,2015-2019,Pre-Pandemic,105663.0,844040740.740741,0.213,2.0158428210442634,0.25235748669319974,0.213,2.0158428210442634,,,191.692,1.109
Saint Vincent and the Grenadines,VCT,North America,NA,2018,2015-2019,Pre-Pandemic,104926.0,884329629.62963,0.242,2.306387358709948,0.27365361500027213,0.242,2.306387358709948,,,227.162,1.065
Saint Vincent and the Grenadines,VCT,North America,NA,2019,2015-2019,Pre-Pandemic,104167.0,910481481.481481,0.22,2.1119932416216267,0.24163039498840677,0.22,2.1119932416216267,,,224.976,0.977
Saint Vincent and the Grenadines,VCT,North America,NA,2020,2020-2023,Pandemic,103526.0,864566666.666667,0.238,2.2989393968664875,0.2752824150827003,0.238,2.2989393968664875,,,227.613,1.046
Saint Vincent and the Grenadines,VCT,North America,NA,2021,2020-2023,Pandemic,102841.0,888677777.777778,0.234,2.275357104656703,0.2633125367274727,0.234,2.275357104656703,,,227.756,1.03
Saint Vincent and the Grenadines,VCT,North America,NA,2022,2020-2023,Post-Pandemic,102046.0,989188888.888889,0.247,2.42047703976638,0.2496995293562627,0.247,2.42047703976638,,,229.929,1.073
Saint Vincent and the Grenadines,VCT,North America,NA,2023,2020-2023,Post-Pandemic,101323.0,1072237037.03704,0.246,2.427879158730002,0.22942688183928311,0.246,2.427879158730002,,,217.775,1.131
Samoa,WSM,Oceania,OC,2010,2010-2014,Pre-Pandemic,193023.0,680260907.153983,0.187,0.9687964646700135,0.2748945265462255,0.187,0.9687964646700135,,,159.941,1.168
Samoa,WSM,Oceania,OC,2011,2010-2014,Pre-Pandemic,194713.0,744097050.169115,0.191,0.9809309085679949,0.25668694689300325,0.191,0.9809309085679949,,,161.611,1.179
Samoa,WSM,Oceania,OC,2012,2010-2014,Pre-Pandemic,196498.0,773141661.165548,0.191,0.9720200714511089,0.24704398895288915,0.191,0.9720200714511089,,,162.377,1.173
Samoa,WSM,Oceania,OC,2013,2010-2014,Pre-Pandemic,198268.0,797736334.281305,0.191,0.9633425464522767,0.23942747972245157,0.191,0.9633425464522767,,,166.318,1.146
Samoa,WSM,Oceania,OC,2014,2010-2014,Pre-Pandemic,200037.0,796683519.593842,0.202,1.0098131845608562,0.2535511216586755,0.202,1.0098131845608562,,,172.891,1.166
Samoa,WSM,Oceania,OC,2015,2015-2019,Pre-Pandemic,201782.0,824150498.653536,0.227,1.1249764597436838,0.2754351303200853,0.227,1.1249764597436838,,,168.102,1.351
Samoa,WSM,Oceania,OC,2016,2015-2019,Pre-Pandemic,203499.0,843924796.697421,0.238,1.1695389166531531,0.2820156498912924,0.238,1.1695389166531531,,,166.235,1.433
Samoa,WSM,Oceania,OC,2017,2015-2019,Pre-Pandemic,205415.0,884844384.463214,0.234,1.1391573156780177,0.2644532802702419,0.234,1.1391573156780177,,,170.674,1.374
Samoa,WSM,Oceania,OC,2018,2015-2019,Pre-Pandemic,207582.0,878448433.404342,0.234,1.1272653698297541,0.26637875497501384,0.234,1.1272653698297541,,,166.793,1.406
Samoa,WSM,Oceania,OC,2019,2015-2019,Pre-Pandemic,209780.0,912950466.064906,0.26,1.2393936504909906,0.28479091655506683,0.26,1.2393936504909906,,,172.111,1.511
Samoa,WSM,Oceania,OC,2020,2020-2023,Pandemic,211944.0,868884902.953089,0.234,1.104065224776356,0.26931069834992133,0.234,1.104065224776356,,,178.954,1.31
Samoa,WSM,Oceania,OC,2021,2020-2023,Pandemic,213779.0,859724936.05765,0.267,1.2489533583747703,0.3105644477690199,0.267,1.2489533583747703,,,204.828,1.306
Samoa,WSM,Oceania,OC,2022,2020-2023,Post-Pandemic,215261.0,889554711.842341,0.236,1.096343508577959,0.26530127586107055,0.236,1.096343508577959,,,174.893,1.349
Samoa,WSM,Oceania,OC,2023,2020-2023,Post-Pandemic,216663.0,1044909500.02527,0.235,1.0846337399555992,0.2248998597431804,0.235,1.0846337399555992,,,165.712,1.417
San Marino,SMR,Europe,EU,2010,2010-2014,Pre-Pandemic,33270.0,1881191950.0,,,,,,,,,
San Marino,SMR,Europe,EU,2011,2010-2014,Pre-Pandemic,32620.0,1813717694.55253,,,,,,,,,
San Marino,SMR,Europe,EU,2012,2010-2014,Pre-Pandemic,33469.0,1604701051.17188,,,,,,,,,
San Marino,SMR,Europe,EU,2013,2010-2014,Pre-Pandemic,33041.0,1678741201.56863,,,,,,,,,
San Marino,SMR,Europe,EU,2014,2010-2014,Pre-Pandemic,32655.0,1673910988.23529,,,,,,,,,
San Marino,SMR,Europe,EU,2015,2015-2019,Pre-Pandemic,32897.0,1419400395.73301,,,,,,,,,
San Marino,SMR,Europe,EU,2016,2015-2019,Pre-Pandemic,33101.0,1468342400.08249,,,,,,,,,
San Marino,SMR,Europe,EU,2017,2015-2019,Pre-Pandemic,33825.0,1528621192.886,,,,,,,,,
San Marino,SMR,Europe,EU,2018,2015-2019,Pre-Pandemic,34522.0,1655354328.79184,,,,,,,,,
San Marino,SMR,Europe,EU,2019,2015-2019,Pre-Pandemic,34663.0,1616231696.04862,,,,,,,,,
San Marino,SMR,Europe,EU,2020,2020-2023,Pandemic,34770.0,1544713784.67674,,,,,,,,,
San Marino,SMR,Europe,EU,2021,2020-2023,Pandemic,34252.0,1855395712.2147,,,,,,,,,
San Marino,SMR,Europe,EU,2022,2020-2023,Post-Pandemic,33755.0,1831701022.87082,,,,,,,,,
San Marino,SMR,Europe,EU,2023,2020-2023,Post-Pandemic,33860.0,2027243193.5116,,,,,,,,,
Sao Tome and Principe,STP,Africa,AF,2010,2010-2014,Pre-Pandemic,181802.0,190021192.489536,0.106,0.583051891618354,0.5578325165275297,0.106,0.583051891618354,,,191.939,0.554
Sao Tome and Principe,STP,Africa,AF,2011,2010-2014,Pre-Pandemic,185649.0,226455001.243083,0.099,0.5332643860187773,0.43717294586808747,0.099,0.5332643860187773,,,173.112,0.571
Sao Tome and Principe,STP,Africa,AF,2012,2010-2014,Pre-Pandemic,189439.0,229371348.441006,0.11,0.5806618489329018,0.47957166728821776,0.11,0.5806618489329018,,,181.75,0.605
Sao Tome and Principe,STP,Africa,AF,2013,2010-2014,Pre-Pandemic,193148.0,267041747.584354,0.11,0.5695114627125313,0.41192061164613536,0.11,0.5695114627125313,,,181.75,0.605
Sao Tome and Principe,STP,Africa,AF,2014,2010-2014,Pre-Pandemic,196767.0,293119143.246825,0.128,0.6505155844221846,0.43668249907586504,0.128,0.6505155844221846,,,211.342,0.607
Sao Tome and Principe,STP,Africa,AF,2015,2015-2019,Pre-Pandemic,200291.0,259999643.047388,0.136,0.6790120374854587,0.5230776412074243,0.136,0.6790120374854587,,,215.59,0.629
Sao Tome and Principe,STP,Africa,AF,2016,2015-2019,Pre-Pandemic,203689.0,292267272.196925,0.147,0.721688456421309,0.502964286404787,0.147,0.721688456421309,,,224.778,0.652
Sao Tome and Principe,STP,Africa,AF,2017,2015-2019,Pre-Pandemic,206970.0,322002845.229335,0.139,0.6715949171377494,0.4316732043190557,0.139,0.6715949171377494,,,210.206,0.662
Sao Tome and Principe,STP,Africa,AF,2018,2015-2019,Pre-Pandemic,210187.0,383717327.830508,0.139,0.6613158758629221,0.36224582503451025,0.139,0.6613158758629221,,,220.827,0.631
Sao Tome and Principe,STP,Africa,AF,2019,2015-2019,Pre-Pandemic,213392.0,412976082.620705,0.147,0.6888730599085252,0.3559528170908898,0.147,0.6888730599085252,,,220.946,0.663
Sao Tome and Principe,STP,Africa,AF,2020,2020-2023,Pandemic,217435.0,471229484.607144,0.143,0.6576678087704372,0.3034614867514427,0.143,0.6576678087704372,,,224.552,0.636
Sao Tome and Principe,STP,Africa,AF,2021,2020-2023,Pandemic,221961.0,524402455.54816,0.143,0.644257324484932,0.2726913241672782,0.143,0.644257324484932,,,216.83,0.659
Sao Tome and Principe,STP,Africa,AF,2022,2020-2023,Post-Pandemic,226305.0,540809499.189348,0.136,0.6009588829234882,0.2514748727673212,0.136,0.6009588829234882,,,232.976,0.582
Sao Tome and Principe,STP,Africa,AF,2023,2020-2023,Post-Pandemic,230871.0,690456806.696406,0.14,0.6063992445997981,0.20276431290445374,0.14,0.6063992445997981,,,210.357,0.665
Saudi Arabia,SAU,Asia,AS,2010,2010-2014,Pre-Pandemic,23978487.0,528207466666.667,555.64,23.17243786065401,1.0519351487142925,359.645,14.998652750692736,0.17,0.007089688352730513,226.689,2451.107
Saudi Arabia,SAU,Asia,AS,2011,2010-2014,Pre-Pandemic,25091867.0,680660800000.0,540.236,21.530322952851616,0.7936934226269531,335.71,13.37923559056008,0.17,0.006775103662075046,211.253,2557.291
Saudi Arabia,SAU,Asia,AS,2012,2010-2014,Pre-Pandemic,26168861.0,751921333333.333,605.712,23.1462882545786,0.8055523538809914,386.219,14.758724118714987,0.193,0.0073751776968818015,223.163,2714.211
Saudi Arabia,SAU,Asia,AS,2013,2010-2014,Pre-Pandemic,27624004.0,769755733333.333,583.178,21.111276989389374,0.7576143635522129,359.381,13.009736025233707,0.239,0.008651895648436773,213.523,2731.22
Saudi Arabia,SAU,Asia,AS,2014,2010-2014,Pre-Pandemic,28309273.0,787153066666.667,585.109,20.668457293127943,0.7433230267116193,355.28,12.549951388719872,0.257,0.009078297418658543,199.579,2931.717
Saudi Arabia,SAU,Asia,AS,2015,2015-2019,Pre-Pandemic,29816382.0,693414400000.0,624.547,20.94643810238278,0.9006836316061506,390.526,13.097699110509115,0.26,0.008720038534521057,204.326,3056.625
Saudi Arabia,SAU,Asia,AS,2016,2015-2019,Pre-Pandemic,30954198.0,689279466666.667,641.174,20.71363632163883,0.9302090530865463,395.724,12.784178740473264,0.33,0.010660912616763645,201.637,3179.844
Saudi Arabia,SAU,Asia,AS,2017,2015-2019,Pre-Pandemic,30977355.0,741266133333.333,644.487,20.805101016532884,0.8694407730484925,393.125,12.690721980621005,0.52,0.01678645578358772,202.553,3181.819
Saudi Arabia,SAU,Asia,AS,2018,2015-2019,Pre-Pandemic,30196281.0,886564800000.0,652.204,21.598818741950375,0.7356529381721449,391.612,12.968881830182996,0.462,0.0152998973615327,210.275,3101.678
Saudi Arabia,SAU,Asia,AS,2019,2015-2019,Pre-Pandemic,30063799.0,888890133333.333,708.335,23.56106092912609,0.7968757593739372,446.993,14.868147568442698,0.484,0.016099096458168843,238.707,2967.379
Saudi Arabia,SAU,Asia,AS,2020,2020-2023,Pandemic,31552510.0,767951200000.0,653.565,20.713566052272864,0.8510501708962757,388.279,12.305803880578756,0.425,0.013469609866219834,226.284,2888.253
Saudi Arabia,SAU,Asia,AS,2021,2020-2023,Pandemic,30784383.0,982661066666.667,695.394,22.58918101428247,0.7076641413695978,420.649,13.664363518346299,0.517,0.016794229723558207,233.17,2982.346
Saudi Arabia,SAU,Asia,AS,2022,2020-2023,Post-Pandemic,32175224.0,1239075200000.0,666.994,20.730049929100726,0.5382998546012381,435.507,13.535476862569784,0.509,0.015819625684657238,211.74,3150.054
Saudi Arabia,SAU,Asia,AS,2023,2020-2023,Post-Pandemic,33702731.0,1218584800000.0,677.442,20.100507582011677,0.555925201102131,443.735,13.166143716958723,0.63,0.01869284717609383,211.652,3200.741
Senegal,SEN,Africa,AF,2010,2010-2014,Pre-Pandemic,12635413.0,16121315909.0758,6.862,0.5430768270099283,0.4256476356335718,4.573,0.36191931359900936,0.674,0.05334214243729113,260.048,26.389
Senegal,SEN,Africa,AF,2011,2010-2014,Pre-Pandemic,12958897.0,17814283639.3119,7.819,0.6033692527998332,0.43891745288849676,5.051,0.38977082694615134,0.942,0.07269137180425154,282.334,27.694
Senegal,SEN,Africa,AF,2012,2010-2014,Pre-Pandemic,13310495.0,17660870411.5235,7.362,0.5530973866862201,0.4168537466418635,4.697,0.35287943836799457,0.817,0.06138013650130968,271.566,27.11
Senegal,SEN,Africa,AF,2013,2010-2014,Pre-Pandemic,13710849.0,18918667724.8817,7.853,0.5727581129366971,0.41509265420798047,4.934,0.35986101225387285,0.814,0.05936904417808117,278.023,28.245
Senegal,SEN,Africa,AF,2014,2010-2014,Pre-Pandemic,14152102.0,19797253440.2679,8.724,0.6164455287278172,0.4406671878158239,5.654,0.3995166230429939,1.099,0.07765630858228693,277.675,31.419
Senegal,SEN,Africa,AF,2015,2015-2019,Pre-Pandemic,14593331.0,17774766696.1759,9.845,0.6746232234436401,0.5538750616691961,6.859,0.47000921174199367,1.15,0.07880311904115654,269.752,36.498
Senegal,SEN,Africa,AF,2016,2015-2019,Pre-Pandemic,15034521.0,19040312333.1864,10.013,0.6660005995535209,0.5258842305095907,6.769,0.4502305061797446,1.205,0.08014887870388421,284.326,35.216
Senegal,SEN,Africa,AF,2017,2015-2019,Pre-Pandemic,15475002.0,20965069572.7168,10.757,0.6951210733284557,0.5130915479526373,7.256,0.46888523827008227,1.439,0.09298867941987989,288.702,37.261
Senegal,SEN,Africa,AF,2018,2015-2019,Pre-Pandemic,15914498.0,23116701556.1381,11.33,0.711929462054034,0.4901218269607146,6.951,0.43677155258054634,2.261,0.14207171347786152,285.594,39.673
Senegal,SEN,Africa,AF,2019,2015-2019,Pre-Pandemic,16352922.0,23403995992.1354,12.711,0.7772922784074919,0.5431123815040544,7.971,0.4874358233959656,2.089,0.12774475411794908,304.104,41.8
Senegal,SEN,Africa,AF,2020,2020-2023,Pandemic,16789219.0,24530513037.7518,10.82,0.6444611866698504,0.44108331461915656,6.718,0.40013773124288865,1.349,0.08034918122159226,280.701,38.546
Senegal,SEN,Africa,AF,2021,2020-2023,Pandemic,17220867.0,27520784129.7508,12.319,0.7153530655570361,0.4476253271680144,7.427,0.431279098781728,1.971,0.11445416772570162,276.525,44.549
Senegal,SEN,Africa,AF,2022,2020-2023,Post-Pandemic,17651103.0,27783332222.6759,14.133,0.8006865066732657,0.5086862830825267,8.933,0.5060873532945788,2.089,0.11834954450155324,301.981,46.8
Senegal,SEN,Africa,AF,2023,2020-2023,Post-Pandemic,18077573.0,30696331295.7826,14.082,0.7789762486369161,0.4587518900649453,8.542,0.47251918164014606,2.429,0.1343653819016524,283.706,49.635
Serbia,SRB,Europe,EU,2010,2010-2014,Pre-Pandemic,7291436.0,43536629233.1424,45.694,6.266803960152705,1.0495530040992538,9.585,1.3145558707502885,30.814,4.2260536881898165,255.485,178.854
Serbia,SRB,Europe,EU,2011,2010-2014,Pre-Pandemic,7236519.0,51251098408.0924,48.956,6.765131135563936,0.9552185518090279,9.296,1.2845955355053997,34.273,4.73611690924877,261.784,187.01
Serbia,SRB,Europe,EU,2012,2010-2014,Pre-Pandemic,7201497.0,45103269969.4112,43.764,6.077069809235496,0.9703065881848592,8.893,1.2348821363113809,30.107,4.1806585491877595,250.622,174.62
Serbia,SRB,Europe,EU,2013,2010-2014,Pre-Pandemic,7166553.0,50455529604.0696,44.576,6.2200056289264865,0.8834710555967412,8.215,1.1462972505749975,31.28,4.364720389286174,258.715,172.298
Serbia,SRB,Europe,EU,2014,2010-2014,Pre-Pandemic,7131787.0,49114321280.3466,37.331,5.234452459110178,0.7600838009531494,8.215,1.1518852147435137,24.622,3.452430646063883,248.576,150.18
Serbia,SRB,Europe,EU,2015,2015-2019,Pre-Pandemic,7095383.0,41297410634.9586,43.897,6.186699153519972,1.062947999040909,8.489,1.196411807509193,30.558,4.306744258907518,257.418,170.528
Serbia,SRB,Europe,EU,2016,2015-2019,Pre-Pandemic,7058322.0,42225495909.5633,45.193,6.402796585364057,1.0702775426674056,8.89,1.2595061545789494,31.077,4.402887825179979,259.52,174.139
Serbia,SRB,Europe,EU,2017,2015-2019,Pre-Pandemic,7020858.0,45972834713.8077,45.673,6.505330260204665,0.9934780024839833,8.874,1.2639480815592623,31.012,4.417123946959189,251.84,181.355
Serbia,SRB,Europe,EU,2018,2015-2019,Pre-Pandemic,6982604.0,52787520248.9242,44.478,6.36982993737007,0.8425855162405825,8.969,1.2844778251781142,29.595,4.238390147858879,245.634,181.075
Serbia,SRB,Europe,EU,2019,2015-2019,Pre-Pandemic,6945235.0,53864693664.5568,44.445,6.399351497825488,0.8251230439883668,9.223,1.3279608249396888,29.597,4.261482872789761,245.474,181.056
Serbia,SRB,Europe,EU,2020,2020-2023,Pandemic,6899126.0,55874017668.998,45.356,6.574166061034398,0.8117547635234046,8.602,1.2468245977823857,31.032,4.49796104608033,254.58,178.161
Serbia,SRB,Europe,EU,2021,2020-2023,Pandemic,6834326.0,66159884072.5308,43.886,6.421408636345413,0.6633324803273228,9.65,1.4119900045739697,27.463,4.018391864830563,235.457,186.387
Serbia,SRB,Europe,EU,2022,2020-2023,Post-Pandemic,6664449.0,66809895701.2152,44.462,6.671519280888788,0.6655002156992034,10.755,1.6137868261877313,27.112,4.06815327118566,249.347,178.316
Serbia,SRB,Europe,EU,2023,2020-2023,Post-Pandemic,6623183.0,81343999280.0179,42.907,6.478305068726019,0.5274759094681011,10.617,1.6030056847289287,25.68,3.8772898166938767,243.824,175.977
Seychelles,SYC,Africa,AF,2010,2010-2014,Pre-Pandemic,89770.0,981616542.328454,0.44,4.901414726523337,0.44824020483221816,0.44,4.901414726523337,,,104.85,4.193
Seychelles,SYC,Africa,AF,2011,2010-2014,Pre-Pandemic,87441.0,1058918707.26124,0.403,4.608821948513855,0.38057690098072666,0.403,4.608821948513855,,,111.936,3.601
Seychelles,SYC,Africa,AF,2012,2010-2014,Pre-Pandemic,88303.0,1089407839.19709,0.418,4.733701006760812,0.3836946871137556,0.418,4.733701006760812,,,100.819,4.143
Seychelles,SYC,Africa,AF,2013,2010-2014,Pre-Pandemic,89949.0,1333160407.38516,0.414,4.602608144615282,0.3105402753536712,0.414,4.602608144615282,,,111.009,3.73
Seychelles,SYC,Africa,AF,2014,2010-2014,Pre-Pandemic,91359.0,1387577870.08161,0.458,5.013189724055649,0.3300715656218003,0.458,5.013189724055649,,,104.995,4.362
Seychelles,SYC,Africa,AF,2015,2015-2019,Pre-Pandemic,93419.0,1432403352.12944,0.498,5.330821353257902,0.34766743547455614,0.498,5.330821353257902,,,110.241,4.52
Seychelles,SYC,Africa,AF,2016,2015-2019,Pre-Pandemic,94677.0,1568513348.14463,0.553,5.840911731465932,0.352563145639873,0.553,5.840911731465932,,,109.884,5.035
Seychelles,SYC,Africa,AF,2017,2015-2019,Pre-Pandemic,95843.0,1675370641.01416,0.575,5.9993948436505535,0.34320763771527746,0.575,5.9993948436505535,,,109.58,5.25
Seychelles,SYC,Africa,AF,2018,2015-2019,Pre-Pandemic,96762.0,1784313926.76807,0.597,6.169777391951386,0.334582379840159,0.597,6.169777391951386,,,141.125,4.232
Seychelles,SYC,Africa,AF,2019,2015-2019,Pre-Pandemic,97625.0,1868690096.73454,0.59,6.043533930857874,0.31572918432596236,0.59,6.043533930857874,,,153.737,3.837
Seychelles,SYC,Africa,AF,2020,2020-2023,Pandemic,98462.0,1382551751.56908,0.597,6.063252828502367,0.4318102373545548,0.597,6.063252828502367,,,166.145,3.595
Seychelles,SYC,Africa,AF,2021,2020-2023,Pandemic,99258.0,1487173794.80528,0.612,6.165749863990812,0.4115188165214617,0.612,6.165749863990812,,,179.632,3.406
Seychelles,SYC,Africa,AF,2022,2020-2023,Post-Pandemic,119878.0,1999888599.25474,0.629,5.2470011178031,0.31451751874299266,0.629,5.2470011178031,,,174.392,3.606
Seychelles,SYC,Africa,AF,2023,2020-2023,Post-Pandemic,119773.0,2171547935.38159,0.641,5.351790470306329,0.2951811422423709,0.641,5.351790470306329,,,161.566,3.969
Sierra Leone,SLE,Africa,AF,2010,2010-2014,Pre-Pandemic,6222714.0,4262805966.78755,0.546,0.08774306516417113,0.12808464758987506,0.546,0.08774306516417113,,,200.632,2.721
Sierra Leone,SLE,Africa,AF,2011,2010-2014,Pre-Pandemic,6387251.0,4861632884.67985,0.714,0.11178517957099228,0.14686423613966867,0.714,0.11178517957099228,,,206.697,3.457
Sierra Leone,SLE,Africa,AF,2012,2010-2014,Pre-Pandemic,6551080.0,6141666509.36295,0.832,0.12700195998217087,0.13546811744525997,0.832,0.12700195998217087,,,211.181,3.938
Sierra Leone,SLE,Africa,AF,2013,2010-2014,Pre-Pandemic,6714051.0,7502762862.72657,1.052,0.15668632841782107,0.1402150140218738,1.052,0.15668632841782107,,,226.83,4.636
Sierra Leone,SLE,Africa,AF,2014,2010-2014,Pre-Pandemic,6876385.0,7686138790.90872,1.129,0.16418510598228575,0.14688779772431354,1.129,0.16418510598228575,,,222.116,5.081
Sierra Leone,SLE,Africa,AF,2015,2015-2019,Pre-Pandemic,7037655.0,6788352974.78329,1.084,0.1540285791218808,0.15968527329482382,1.084,0.1540285791218808,,,263.077,4.121
Sierra Leone,SLE,Africa,AF,2016,2015-2019,Pre-Pandemic,7205328.0,6084297211.10217,1.14,0.15821625330588698,0.18736757269513615,1.14,0.15821625330588698,,,270.097,4.219
Sierra Leone,SLE,Africa,AF,2017,2015-2019,Pre-Pandemic,7379299.0,5749846528.48046,1.096,0.14852359282365438,0.19061378326729797,1.096,0.14852359282365438,,,262.332,4.176
Sierra Leone,SLE,Africa,AF,2018,2015-2019,Pre-Pandemic,7554563.0,6390514688.52816,1.037,0.1372680325784562,0.16227174970140595,1.037,0.1372680325784562,,,226.036,4.587
Sierra Leone,SLE,Africa,AF,2019,2015-2019,Pre-Pandemic,7731991.0,6523577590.38319,1.118,0.14459406380581663,0.17137835558944114,1.118,0.14459406380581663,,,223.519,5.0
Sierra Leone,SLE,Africa,AF,2020,2020-2023,Pandemic,7912558.0,6688307705.64217,1.187,0.15001469815450325,0.1774738920876296,1.187,0.15001469815450325,,,226.222,5.248
Sierra Leone,SLE,Africa,AF,2021,2020-2023,Pandemic,8094602.0,7166931483.2953,1.484,0.18333205264446603,0.20706211625699375,1.484,0.18333205264446603,,,229.245,6.472
Sierra Leone,SLE,Africa,AF,2022,2020-2023,Post-Pandemic,8276807.0,7121125277.18159,1.444,0.17446341324619505,0.2027769409740687,1.444,0.17446341324619505,,,227.417,6.348
Sierra Leone,SLE,Africa,AF,2023,2020-2023,Post-Pandemic,8460512.0,6415852766.09227,1.38,0.1631106959011464,0.21509221771629314,1.38,0.1631106959011464,,,204.505,6.75
Singapore,SGP,Asia,AS,2010,2010-2014,Pre-Pandemic,5076732.0,239807980591.24,44.4,8.74578370495035,0.18514813347968245,29.49,5.808854987814996,0.051,0.010045832634064592,56.058,792.033
Singapore,SGP,Asia,AS,2011,2010-2014,Pre-Pandemic,5183688.0,279356499090.458,47.0,9.06690371797068,0.16824380371684497,31.963,6.1660732667552525,0.029,0.005594472506832973,57.028,824.16
Singapore,SGP,Asia,AS,2012,2010-2014,Pre-Pandemic,5312437.0,295092888076.589,46.1,8.677749966729017,0.15622199606530374,29.73,5.596301659671447,0.095,0.017882565007359148,55.457,831.272
Singapore,SGP,Asia,AS,2013,2010-2014,Pre-Pandemic,5399162.0,307576360584.992,47.0,8.70505459921373,0.15280758219067547,27.676,5.125980661443387,1.0,0.1852139276428453,55.745,843.129
Singapore,SGP,Asia,AS,2014,2010-2014,Pre-Pandemic,5469724.0,314863580758.455,47.6,8.702450068778607,0.15117658220534544,26.912,4.920175131322897,1.473,0.269300608220817,55.319,860.464
Singapore,SGP,Asia,AS,2015,2015-2019,Pre-Pandemic,5535002.0,307998545269.398,49.4,8.925019358619924,0.16039036793758604,28.305,5.113819290399534,1.539,0.2780486800185438,54.189,911.619
Singapore,SGP,Asia,AS,2016,2015-2019,Pre-Pandemic,5607283.0,320759207438.623,49.1,8.756469042136807,0.1530743275994509,27.438,4.893278973078405,1.616,0.2881966185762338,51.098,960.892
Singapore,SGP,Asia,AS,2017,2015-2019,Pre-Pandemic,5612253.0,344795119213.571,50.1,8.926896203717117,0.14530368096355606,26.542,4.729294990799595,3.404,0.6065300334820971,50.806,986.095
Singapore,SGP,Asia,AS,2018,2015-2019,Pre-Pandemic,5638676.0,377976367877.038,50.3,8.920533827444599,0.13307710289539432,27.907,4.949211481560565,1.81,0.3209973405104319,50.625,993.577
Singapore,SGP,Asia,AS,2019,2015-2019,Pre-Pandemic,5703569.0,376827390962.044,49.0,8.591111986196713,0.13003301027269415,26.375,4.624297523182414,1.737,0.30454615346987124,50.282,974.507
Singapore,SGP,Asia,AS,2020,2020-2023,Pandemic,5685807.0,351226533656.292,46.7,8.213433906567705,0.13296261963425668,23.943,4.211011735009648,1.641,0.2886133841686853,51.129,913.371
Singapore,SGP,Asia,AS,2021,2020-2023,Pandemic,5453566.0,441110903524.645,50.1,9.186649616049388,0.11357687964564425,26.789,4.912198733819303,1.759,0.32254125099063624,54.931,912.046
Singapore,SGP,Asia,AS,2022,2020-2023,Post-Pandemic,5637022.0,514252535238.749,48.934,8.680824733343243,0.09515558338916442,26.282,4.662390886535479,1.572,0.27887065191514243,54.636,895.63
Singapore,SGP,Asia,AS,2023,2020-2023,Post-Pandemic,5917648.0,511181761243.76,51.068,8.629779939597624,0.09990184288998513,29.888,5.050655260333159,1.275,0.21545722219368235,51.514,991.33
Sint Maarten (Dutch part),SXM,North America,NA,2010,2010-2014,Pre-Pandemic,33794.0,892290502.793296,0.449,13.286382198023318,0.503199348860506,0.449,13.286382198023318,0.0,0.0,,
Sint Maarten (Dutch part),SXM,North America,NA,2011,2010-2014,Pre-Pandemic,34267.0,936089385.47486,0.573,16.721627221525083,0.6121210312723803,0.573,16.721627221525083,0.0,0.0,,
Sint Maarten (Dutch part),SXM,North America,NA,2012,2010-2014,Pre-Pandemic,35023.0,985865921.787709,0.7,19.986865773919995,0.7100357001190007,0.7,19.986865773919995,,,,
Sint Maarten (Dutch part),SXM,North America,NA,2013,2010-2014,Pre-Pandemic,35854.0,1022905027.93296,0.714,19.914096056228036,0.6980120152921907,0.714,19.914096056228036,,,,
Sint Maarten (Dutch part),SXM,North America,NA,2014,2010-2014,Pre-Pandemic,36672.0,1361811508.37989,0.725,19.769851657940663,0.5323791108671954,0.725,19.769851657940663,,,,
Sint Maarten (Dutch part),SXM,North America,NA,2015,2015-2019,Pre-Pandemic,37471.0,1417888715.0838,0.744,19.85535480771797,0.5247238320505485,0.744,19.85535480771797,,,,
Sint Maarten (Dutch part),SXM,North America,NA,2016,2015-2019,Pre-Pandemic,38249.0,1427017206.70391,0.747,19.529922350911136,0.523469511433154,0.747,19.529922350911136,,,,
Sint Maarten (Dutch part),SXM,North America,NA,2017,2015-2019,Pre-Pandemic,38996.0,1353212122.90503,0.703,18.027489998974254,0.5195046571788193,0.703,18.027489998974254,,,,
Sint Maarten (Dutch part),SXM,North America,NA,2018,2015-2019,Pre-Pandemic,39712.0,1259200446.92737,0.685,17.249194198227237,0.5439959949756199,0.685,17.249194198227237,,,,
Sint Maarten (Dutch part),SXM,North America,NA,2019,2015-2019,Pre-Pandemic,40385.0,1407880446.92737,0.689,17.060789897239076,0.4893881447843875,0.689,17.060789897239076,,,,
Sint Maarten (Dutch part),SXM,North America,NA,2020,2020-2023,Pandemic,41008.0,1236428100.55866,0.652,15.899336714787358,0.5273254463445181,0.652,15.899336714787358,,,,
Sint Maarten (Dutch part),SXM,North America,NA,2021,2020-2023,Pandemic,41571.0,1353071061.45251,0.682,16.405667412378822,0.5040385678397991,0.682,16.405667412378822,,,,
Sint Maarten (Dutch part),SXM,North America,NA,2022,2020-2023,Post-Pandemic,42139.0,1592564636.87151,0.692,16.421841999098223,0.4345192552808338,0.692,16.421841999098223,,,,
Sint Maarten (Dutch part),SXM,North America,NA,2023,2020-2023,Post-Pandemic,42749.0,1686525977.65363,0.691,16.164120798147326,0.4097179700495037,0.691,16.164120798147326,,,,
Slovakia,SVK,Europe,EU,2010,2010-2014,Pre-Pandemic,5391428.0,91112160800.7668,38.464,7.1342879845562255,0.42216098994851503,9.229,1.711791384397603,15.945,2.957472491518017,187.175,205.5
Slovakia,SVK,Europe,EU,2011,2010-2014,Pre-Pandemic,5398384.0,99705104723.4341,38.045,7.047479393833414,0.38157524738107146,8.75,1.6208554263646306,16.191,2.9992308809451123,192.447,197.691
Slovakia,SVK,Europe,EU,2012,2010-2014,Pre-Pandemic,5407579.0,94724394278.052,35.961,6.650110890659202,0.37963821541514253,9.003,1.6648855245572927,14.461,2.6742096601824956,189.377,189.893
Slovakia,SVK,Europe,EU,2013,2010-2014,Pre-Pandemic,5413393.0,99134277850.3418,35.622,6.580346189533994,0.35933080638138915,8.868,1.63815928383548,14.153,2.614441626536259,183.063,194.587
Slovakia,SVK,Europe,EU,2014,2010-2014,Pre-Pandemic,5418649.0,101713075598.862,33.708,6.2207387856271925,0.3314028191708435,8.748,1.614424554902892,13.966,2.5773952141945347,186.11,181.12
Slovakia,SVK,Europe,EU,2015,2015-2019,Pre-Pandemic,5423801.0,89178548717.3324,34.528,6.366015272315485,0.3871783124599029,9.528,1.7567016193993843,13.797,2.5437880187713375,188.687,182.99
Slovakia,SVK,Europe,EU,2016,2015-2019,Pre-Pandemic,5430798.0,90347173228.6356,34.978,6.440674096145723,0.38715101701614385,9.897,1.822384113715885,13.701,2.5228336609095017,189.33,184.744
Slovakia,SVK,Europe,EU,2017,2015-2019,Pre-Pandemic,5439232.0,95978130734.9766,36.184,6.652409751964983,0.37700254967368035,10.011,1.840517190662211,14.158,2.602941003435779,185.945,194.595
Slovakia,SVK,Europe,EU,2018,2015-2019,Pre-Pandemic,5446771.0,106611673364.837,36.184,6.643201999863773,0.3393999818028775,10.124,1.8587159254538148,14.095,2.5877717275060768,189.153,191.296
Slovakia,SVK,Europe,EU,2019,2015-2019,Pre-Pandemic,5454147.0,105843498304.094,33.853,6.206836742757392,0.31984014646547804,10.222,1.8741702414694728,11.674,2.1403896888001004,183.14,184.849
Slovakia,SVK,Europe,EU,2020,2020-2023,Pandemic,5458827.0,107732602896.441,31.176,5.711117058664801,0.2893831501497112,9.518,1.7435980293934943,9.854,1.8051497143983497,172.125,181.125
Slovakia,SVK,Europe,EU,2021,2020-2023,Pandemic,5447247.0,120511265913.343,35.251,6.471342312915129,0.2925120712394492,10.145,1.8624086625776286,12.076,2.2168996559179344,180.569,195.223
Slovakia,SVK,Europe,EU,2022,2020-2023,Post-Pandemic,5431752.0,115792972358.209,31.589,5.815618975240401,0.27280584785645273,10.349,1.9052784442294126,9.926,1.8274030183999563,175.602,179.893
Slovakia,SVK,Europe,EU,2023,2020-2023,Post-Pandemic,5426740.0,133578518423.544,30.766,5.66933370679266,0.23032146458196762,10.119,1.8646553916347568,10.152,1.870736390540177,166.907,184.332
Slovenia,SVN,Europe,EU,2010,2010-2014,Pre-Pandemic,2048583.0,47793117240.9001,16.466,8.03775097225741,0.344526596099675,7.622,3.720620546006679,6.284,3.0674861599456795,190.206,86.567
Slovenia,SVN,Europe,EU,2011,2010-2014,Pre-Pandemic,2052843.0,51199194599.3094,16.364,7.971384075645337,0.3196144026886846,7.654,3.72848776063245,6.327,3.082067162466881,194.722,84.039
Slovenia,SVN,Europe,EU,2012,2010-2014,Pre-Pandemic,2057159.0,46167053954.3367,15.765,7.663481529624108,0.3414772797846919,7.459,3.6258743247362015,5.992,2.912754920742636,193.06,81.659
Slovenia,SVN,Europe,EU,2013,2010-2014,Pre-Pandemic,2059953.0,47867056858.8892,15.137,7.348225906125043,0.3162300127334645,7.085,3.4393988600710794,5.741,2.786956789790835,187.386,80.779
Slovenia,SVN,Europe,EU,2014,2010-2014,Pre-Pandemic,2061980.0,49514466379.6057,13.568,6.580083220981775,0.27402092745946394,6.924,3.357937516367763,4.505,2.184793256966605,163.748,82.861
Slovenia,SVN,Europe,EU,2015,2015-2019,Pre-Pandemic,2063531.0,42709468274.8137,13.659,6.619236638557889,0.31981198904447333,6.844,3.3166451097657363,4.615,2.236457799761671,182.809,74.716
Slovenia,SVN,Europe,EU,2016,2015-2019,Pre-Pandemic,2065042.0,44290685824.0682,14.468,7.006152901490624,0.3266601031528367,7.216,3.4943599210088707,4.964,2.403825200649672,181.171,79.858
Slovenia,SVN,Europe,EU,2017,2015-2019,Pre-Pandemic,2066388.0,48153200134.6613,14.637,7.083374467912125,0.3039673367308375,7.284,3.524991434328887,4.907,2.374675036827546,181.331,80.721
Slovenia,SVN,Europe,EU,2018,2015-2019,Pre-Pandemic,2073894.0,53689067639.9176,14.563,7.022056093512976,0.2712470273775525,7.331,3.5348961904513923,4.792,2.3106291835551866,176.759,82.391
Slovenia,SVN,Europe,EU,2019,2015-2019,Pre-Pandemic,2088385.0,53909922735.545,14.053,6.729123222011267,0.2606755730097585,7.034,3.3681529028411905,4.53,2.169140268676513,175.658,80.002
Slovenia,SVN,Europe,EU,2020,2020-2023,Pandemic,2102419.0,53384760135.1581,12.873,6.122946948253417,0.2411362337754911,5.996,2.8519529170921687,4.391,2.088546574208091,166.543,77.295
Slovenia,SVN,Europe,EU,2021,2020-2023,Pandemic,2108079.0,61540813361.8556,13.076,6.202803595121435,0.21247687974343224,6.515,3.0904913905029177,3.99,1.8927184417661767,170.747,76.582
Slovenia,SVN,Europe,EU,2022,2020-2023,Post-Pandemic,2112076.0,59899117741.0022,12.728,6.026298296084042,0.2124906088773227,7.117,3.369670409587534,3.242,1.5349826426700555,180.277,70.602
Slovenia,SVN,Europe,EU,2023,2020-2023,Post-Pandemic,2120461.0,69255264238.3855,12.012,5.664805907771942,0.17344529881011148,6.619,3.121491034260946,3.101,1.4624178421579082,162.851,73.762
Solomon Islands,SLB,Oceania,OC,2010,2010-2014,Pre-Pandemic,532968.0,898128551.289162,0.333,0.624802990048183,0.3707709765178004,0.333,0.624802990048183,,,214.215,1.556
Solomon Islands,SLB,Oceania,OC,2011,2010-2014,Pre-Pandemic,552945.0,1063898226.71892,0.348,0.6293573501885359,0.3270989567049452,0.348,0.6293573501885359,,,215.641,1.614
Solomon Islands,SLB,Oceania,OC,2012,2010-2014,Pre-Pandemic,573606.0,1185217634.37393,0.344,0.59971478680488,0.29024205346194654,0.344,0.59971478680488,,,212.756,1.619
Solomon Islands,SLB,Oceania,OC,2013,2010-2014,Pre-Pandemic,594945.0,1285905957.64116,0.377,0.6336720201026985,0.29317851570698156,0.377,0.6336720201026985,,,234.073,1.612
Solomon Islands,SLB,Oceania,OC,2014,2010-2014,Pre-Pandemic,616908.0,1335576762.84974,0.33,0.5349257912038748,0.24708426290367172,0.33,0.5349257912038748,,,217.36,1.517
Solomon Islands,SLB,Oceania,OC,2015,2015-2019,Pre-Pandemic,639415.0,1307908813.59962,0.297,0.4644870702126162,0.2270800509269435,0.297,0.4644870702126162,,,214.163,1.386
Solomon Islands,SLB,Oceania,OC,2016,2015-2019,Pre-Pandemic,662379.0,1379486290.71433,0.293,0.4423449414912007,0.21239790635996667,0.293,0.4423449414912007,,,220.245,1.331
Solomon Islands,SLB,Oceania,OC,2017,2015-2019,Pre-Pandemic,685672.0,1469790526.3972,0.289,0.4214843248667001,0.19662665856773925,0.289,0.4214843248667001,,,219.063,1.321
Solomon Islands,SLB,Oceania,OC,2018,2015-2019,Pre-Pandemic,709101.0,1615473250.25259,0.293,0.4131992480619827,0.18137100069851822,0.293,0.4131992480619827,,,216.606,1.353
Solomon Islands,SLB,Oceania,OC,2019,2015-2019,Pre-Pandemic,728147.0,1619150563.92084,0.297,0.40788467163910586,0.18342951336211885,0.297,0.40788467163910586,,,222.812,1.332
Solomon Islands,SLB,Oceania,OC,2020,2020-2023,Pandemic,744498.0,1536143427.82958,0.293,0.39355377717603,0.19073739775326856,0.293,0.39355377717603,,,224.756,1.304
Solomon Islands,SLB,Oceania,OC,2021,2020-2023,Pandemic,762591.0,1558312103.84225,0.289,0.37897116540845616,0.18545707197385397,0.289,0.37897116540845616,,,224.387,1.29
Solomon Islands,SLB,Oceania,OC,2022,2020-2023,Post-Pandemic,781066.0,1466670929.62333,0.283,0.3623253348628669,0.1929539846219492,0.283,0.3623253348628669,,,226.238,1.251
Solomon Islands,SLB,Oceania,OC,2023,2020-2023,Post-Pandemic,800005.0,1506124566.40404,0.282,0.3524977968887694,0.1872355091274365,0.282,0.3524977968887694,,,220.467,1.278
Somalia,SOM,Africa,AF,2010,2010-2014,Pre-Pandemic,12261756.0,2687807003.73935,0.777,0.06336775907137607,0.28908325594769885,0.777,0.06336775907137607,,,228.124,3.405
Somalia,SOM,Africa,AF,2011,2010-2014,Pre-Pandemic,12348830.0,2906000096.93249,0.81,0.0655932586325992,0.2787336452104796,0.81,0.0655932586325992,,,237.809,3.405
Somalia,SOM,Africa,AF,2012,2010-2014,Pre-Pandemic,12461160.0,4364670159.99578,0.832,0.06676745985124981,0.19062150620811275,0.832,0.06676745985124981,,,243.979,3.409
Somalia,SOM,Africa,AF,2013,2010-2014,Pre-Pandemic,12869594.0,5062881600.00104,0.857,0.06659106728619411,0.16927119133100482,0.857,0.06659106728619411,,,251.502,3.409
Somalia,SOM,Africa,AF,2014,2010-2014,Pre-Pandemic,13339491.0,5728399719.99958,0.887,0.06649429127393242,0.15484254649744744,0.887,0.06649429127393242,,,260.093,3.409
Somalia,SOM,Africa,AF,2015,2015-2019,Pre-Pandemic,13806963.0,6152149099.99942,0.923,0.06685032762092576,0.1500288736500367,0.923,0.06685032762092576,,,261.135,3.536
Somalia,SOM,Africa,AF,2016,2015-2019,Pre-Pandemic,14348740.0,6613743069.99912,0.956,0.06662605915223219,0.1445474960066943,0.956,0.06662605915223219,,,265.16,3.607
Somalia,SOM,Africa,AF,2017,2015-2019,Pre-Pandemic,14916629.0,7621501710.0012,0.993,0.06657000050078339,0.13028928389492464,0.993,0.06657000050078339,,,275.943,3.598
Somalia,SOM,Africa,AF,2018,2015-2019,Pre-Pandemic,15452487.0,7873000000.0,1.033,0.06685008050807613,0.13120792582243107,1.033,0.06685008050807613,,,204.632,5.049
Somalia,SOM,Africa,AF,2019,2015-2019,Pre-Pandemic,16030971.0,8656000000.0,1.07,0.06674580098735129,0.12361367837338263,1.07,0.06674580098735129,,,204.594,5.229
Somalia,SOM,Africa,AF,2020,2020-2023,Pandemic,16651191.0,8628000000.0,1.14,0.06846357116436896,0.13212795549374132,1.14,0.06846357116436896,,,200.613,5.68
Somalia,SOM,Africa,AF,2021,2020-2023,Pandemic,17271431.0,9483000000.0,1.154,0.0668155406462846,0.12169144785405463,1.154,0.0668155406462846,,,198.447,5.816
Somalia,SOM,Africa,AF,2022,2020-2023,Post-Pandemic,17801897.0,10203000000.0,1.271,0.07139688539934817,0.12457120454768206,1.271,0.07139688539934817,,,198.551,6.403
Somalia,SOM,Africa,AF,2023,2020-2023,Post-Pandemic,18358615.0,10958000000.0,1.296,0.07059356057088184,0.11826975725497353,1.296,0.07059356057088184,,,195.718,6.624
South Africa,ZAF,Africa,AF,2010,2010-2014,Pre-Pandemic,52344051.0,417363822801.713,467.353,8.928483582594707,1.119773623077141,46.324,0.8849907318025501,406.924,7.7740257436322615,319.232,1463.989
South Africa,ZAF,Africa,AF,2011,2010-2014,Pre-Pandemic,52995205.0,458199494830.834,474.273,8.949356833321053,1.0350797094944426,60.247,1.1368387007843446,400.454,7.556419491159625,327.941,1446.214
South Africa,ZAF,Africa,AF,2012,2010-2014,Pre-Pandemic,53782567.0,434400545085.811,461.438,8.579694606246667,1.062240840210843,49.468,0.9197775926165815,398.009,7.400334759030747,324.02,1424.104
South Africa,ZAF,Africa,AF,2013,2010-2014,Pre-Pandemic,54678791.0,400886013595.573,456.188,8.34305206199603,1.1379494033937974,49.515,0.9055613537614612,392.345,7.175451264092507,318.886,1430.569
South Africa,ZAF,Africa,AF,2014,2010-2014,Pre-Pandemic,55594838.0,381198869776.106,481.638,8.663358277975377,1.2634822350939447,54.539,0.9810083446955993,413.196,7.432272758848582,332.612,1448.045
South Africa,ZAF,Africa,AF,2015,2015-2019,Pre-Pandemic,56723537.0,346709790458.563,457.473,8.064958995769253,1.3194695177051103,54.688,0.9641147730262307,387.494,6.831273585777981,323.208,1415.416
South Africa,ZAF,Africa,AF,2016,2015-2019,Pre-Pandemic,57259551.0,323585509674.481,457.05,7.982074466493808,1.4124550894129373,59.012,1.030605356999743,384.489,6.714844829991769,308.805,1480.061
South Africa,ZAF,Africa,AF,2017,2015-2019,Pre-Pandemic,57635162.0,381448814653.456,440.01,7.634402068653854,1.153523049743244,57.257,0.9934386928590571,369.903,6.418009200702863,298.283,1475.142
South Africa,ZAF,Africa,AF,2018,2015-2019,Pre-Pandemic,58613001.0,405260723892.517,453.766,7.741729518336725,1.1196890624918971,54.275,0.925989099244381,384.222,6.55523507489405,321.852,1409.859
South Africa,ZAF,Africa,AF,2019,2015-2019,Pre-Pandemic,59587885.0,389330032224.269,470.727,7.8997098151746785,1.20906932689139,50.167,0.8418993223203005,405.224,6.800442741003478,319.851,1471.708
South Africa,ZAF,Africa,AF,2020,2020-2023,Pandemic,60562381.0,337974655408.055,435.298,7.1875971983334015,1.287960481753998,46.606,0.769553627688449,374.003,6.175500266411256,311.016,1399.597
South Africa,ZAF,Africa,AF,2021,2020-2023,Pandemic,61502603.0,419986284375.368,439.464,7.145453664782286,1.0463770278917575,59.91,0.9741051122665491,366.528,5.959552638772053,312.641,1405.65
South Africa,ZAF,Africa,AF,2022,2020-2023,Post-Pandemic,62378410.0,407596043067.885,428.782,6.873884730309734,1.0519778277842273,59.159,0.9483890339622315,357.02,5.723454637590153,318.52,1346.169
South Africa,ZAF,Africa,AF,2023,2020-2023,Post-Pandemic,63212384.0,381440724491.232,436.604,6.906937729163956,1.1446182118659332,59.618,0.9431379775203542,363.604,5.752100727604262,319.158,1367.989
South Korea,KOR,Asia,AS,2010,2010-2014,Pre-Pandemic,49554112.0,1192830015737.68,594.339,11.993737270481207,0.49825959454285185,176.156,3.554821040885568,295.05,5.954097209934869,194.468,3056.228
South Korea,KOR,Asia,AS,2011,2010-2014,Pre-Pandemic,49936638.0,1307103477219.1,623.443,12.48468108726102,0.47696529836061086,171.469,3.43373136173084,320.169,6.411504915489105,194.319,3208.351
South Korea,KOR,Asia,AS,2012,2010-2014,Pre-Pandemic,50199853.0,1335343586437.67,627.943,12.508861330729395,0.4702482614794141,170.817,3.4027390478613553,316.99,6.314560323513298,193.64,3242.844
South Korea,KOR,Asia,AS,2013,2010-2014,Pre-Pandemic,50428893.0,1434669686501.84,634.581,12.583678963565589,0.44231853922229375,168.582,3.3429645183764,320.644,6.358339057730258,195.715,3242.374
South Korea,KOR,Asia,AS,2014,2010-2014,Pre-Pandemic,50746659.0,1556252422020.44,629.366,12.40211695512802,0.40441125815753676,161.534,3.183145515057454,331.304,6.528587428780287,192.504,3269.37
South Korea,KOR,Asia,AS,2015,2015-2019,Pre-Pandemic,51014947.0,1539212301135.55,634.177,12.431199820711369,0.4120139889293618,170.594,3.344000337783356,335.411,6.5747593543515785,190.988,3320.509
South Korea,KOR,Asia,AS,2016,2015-2019,Pre-Pandemic,51217803.0,1579150518945.44,637.914,12.45492704948707,0.4039602256699382,184.034,3.59316466580966,320.697,6.261436086979366,185.497,3438.942
South Korea,KOR,Asia,AS,2017,2015-2019,Pre-Pandemic,51361911.0,1710196756713.17,654.537,12.743626303156828,0.38272613804855754,179.413,3.4931137978880886,337.669,6.574307564218161,188.112,3479.517
South Korea,KOR,Asia,AS,2018,2015-2019,Pre-Pandemic,51585058.0,1824251454306.83,670.169,12.991533323467428,0.36736657022682623,177.633,3.4434971460146464,340.348,6.5978020224383584,188.114,3562.572
South Korea,KOR,Asia,AS,2019,2015-2019,Pre-Pandemic,51764822.0,1751045752054.63,646.102,12.481487910844164,0.368980650129719,175.797,3.3960707910866574,321.606,6.212829245312579,183.764,3515.935
South Korea,KOR,Asia,AS,2020,2020-2023,Pandemic,51836239.0,1744070276373.34,597.634,11.529270092299713,0.3426662377634999,165.068,3.1844131284293216,282.883,5.457243917715558,176.308,3389.709
South Korea,KOR,Asia,AS,2021,2020-2023,Pandemic,51769539.0,1942313560965.9,616.075,11.900337764259403,0.31718617033885604,171.484,3.312449817256437,283.908,5.484074331818949,172.41,3573.318
South Korea,KOR,Asia,AS,2022,2020-2023,Post-Pandemic,51672569.0,1799363116866.52,606.877,11.744664756265554,0.33727322423771744,173.664,3.3608547699650853,272.884,5.281022509254378,167.666,3619.57
South Korea,KOR,Asia,AS,2023,2020-2023,Post-Pandemic,51712619.0,1844800934391.54,589.178,11.39331194964231,0.3193721279170563,170.359,3.2943409808735464,263.886,5.102932419647901,165.597,3557.898
South Sudan,SSD,Africa,AF,2010,2010-2014,Pre-Pandemic,9745953.0,14602072410.9506,1.27,0.13031049913743684,0.08697395576860605,1.27,0.13031049913743684,0.0,0.0,,
South Sudan,SSD,Africa,AF,2011,2010-2014,Pre-Pandemic,10288109.0,14907308932.7534,1.239,0.12043029481899929,0.08311359250613953,1.239,0.12043029481899929,0.0,0.0,,
South Sudan,SSD,Africa,AF,2012,2010-2014,Pre-Pandemic,10756240.0,11931472169.4915,1.33,0.12364915621072048,0.11146989919657856,1.33,0.12364915621072048,,,223.041,5.963
South Sudan,SSD,Africa,AF,2013,2010-2014,Pre-Pandemic,11166275.0,18426469016.9492,1.444,0.1293179686153171,0.07836552942789891,1.444,0.1293179686153171,,,228.865,6.308
South Sudan,SSD,Africa,AF,2014,2010-2014,Pre-Pandemic,11235073.0,13962212847.4576,1.499,0.13342147398597232,0.1073612053029943,1.499,0.13342147398597232,,,229.636,6.526
South Sudan,SSD,Africa,AF,2015,2015-2019,Pre-Pandemic,11107561.0,11997800760.2242,1.913,0.17222502761857442,0.15944588831163856,1.913,0.17222502761857442,,,239.12,7.999
South Sudan,SSD,Africa,AF,2016,2015-2019,Pre-Pandemic,10830102.0,,1.704,0.15733923835620384,,1.704,0.15733923835620384,,,220.556,7.725
South Sudan,SSD,Africa,AF,2017,2015-2019,Pre-Pandemic,10259154.0,,1.455,0.14182455980288433,,1.455,0.14182455980288433,,,214.94,6.768
South Sudan,SSD,Africa,AF,2018,2015-2019,Pre-Pandemic,10122977.0,,1.737,0.17158983962919208,,1.737,0.17158983962919208,,,220.855,7.864
South Sudan,SSD,Africa,AF,2019,2015-2019,Pre-Pandemic,10423384.0,,1.77,0.1698104953247429,,1.77,0.1698104953247429,,,238.527,7.419
South Sudan,SSD,Africa,AF,2020,2020-2023,Pandemic,10698467.0,,1.707,0.15955556997091266,,1.707,0.15955556997091266,,,254.152,6.718
South Sudan,SSD,Africa,AF,2021,2020-2023,Pandemic,10865780.0,,1.74,0.16013576567904006,,1.74,0.16013576567904006,,,239.689,7.261
South Sudan,SSD,Africa,AF,2022,2020-2023,Post-Pandemic,11021177.0,,1.634,0.1482600270370397,,1.634,0.1482600270370397,,,239.88,6.812
South Sudan,SSD,Africa,AF,2023,2020-2023,Post-Pandemic,11483374.0,,1.666,0.145079312055847,,1.666,0.145079312055847,,,234.003,7.121
Spain,ESP,Europe,EU,2010,2010-2014,Pre-Pandemic,46576897.0,1427989078916.67,282.585,6.067063677513768,0.1978901688900733,156.331,3.356406503421643,35.997,0.7728509694409226,166.978,1692.348
Spain,ESP,Europe,EU,2011,2010-2014,Pre-Pandemic,46742697.0,1487568659241.25,283.275,6.060304992670834,0.1904281851060827,146.012,3.123739308410039,53.685,1.1485216610415099,170.508,1661.356
Spain,ESP,Europe,EU,2012,2010-2014,Pre-Pandemic,46773055.0,1330994811670.31,277.432,5.93144920724122,0.20843958035556973,134.672,2.879264568029606,62.626,1.3389332811380399,168.395,1647.511
Spain,ESP,Europe,EU,2013,2010-2014,Pre-Pandemic,46604197.0,1362186923157.65,252.109,5.409577167481289,0.18507665557058256,129.976,2.788933365808234,48.724,1.0454852381642794,159.711,1578.531
Spain,ESP,Europe,EU,2014,2010-2014,Pre-Pandemic,46460733.0,1380244561361.96,253.658,5.459621138564473,0.18377757616353316,129.905,2.796017015056564,53.621,1.1541143786948003,163.206,1554.219
Spain,ESP,Europe,EU,2015,2015-2019,Pre-Pandemic,46422303.0,1206164777553.12,270.248,5.821512129633034,0.22405562244010904,136.365,2.9374889048481716,61.246,1.3193227401923597,171.788,1573.144
Spain,ESP,Europe,EU,2016,2015-2019,Pre-Pandemic,46458139.0,1243015667917.12,259.555,5.5868574503167245,0.2088107227440887,140.305,3.02003056988572,45.478,0.9789027494192137,163.973,1582.913
Spain,ESP,Europe,EU,2017,2015-2019,Pre-Pandemic,46571232.0,1321754088818.83,273.484,5.872380614710815,0.20690989520175854,141.123,3.03026125656285,53.499,1.1487563824809273,170.709,1602.043
Spain,ESP,Europe,EU,2018,2015-2019,Pre-Pandemic,46782011.0,1431642809327.06,268.521,5.739834484669759,0.18756144916218145,142.106,3.037620593095068,47.904,1.023983342657074,164.871,1628.672
Spain,ESP,Europe,EU,2019,2015-2019,Pre-Pandemic,47118501.0,1403496387686.27,250.674,5.320075865741145,0.1786068009859633,140.044,2.9721658590115165,23.528,0.4993367679502368,158.266,1583.871
Spain,ESP,Europe,EU,2020,2020-2023,Pandemic,47359424.0,1289783836971.21,211.765,4.47144374053198,0.16418642715921003,118.78,2.508054152009957,14.23,0.30046818136977343,148.82,1422.96
Spain,ESP,Europe,EU,2021,2020-2023,Pandemic,47443821.0,1461244901852.69,228.806,4.822672271695823,0.1565829244022685,129.714,2.734054662249906,16.011,0.33747281864165196,149.361,1531.899
Spain,ESP,Europe,EU,2022,2020-2023,Post-Pandemic,47786102.0,1448850658406.62,234.223,4.90148788448993,0.16166124413235783,135.029,2.8256960569832628,17.703,0.3704633619205852,147.11,1592.166
Spain,ESP,Europe,EU,2023,2020-2023,Post-Pandemic,48352528.0,1619481980719.64,215.461,4.456044159676615,0.1330431598283402,131.246,2.7143565275428827,12.536,0.25926255603429876,137.268,1569.631
Sri Lanka,LKA,Asia,AS,2010,2010-2014,Pre-Pandemic,20879089.0,58636049581.1712,12.697,0.6081204021880456,0.21653914427545562,12.161,0.5824487840441698,0.227,0.01087212186317133,182.383,69.616
Sri Lanka,LKA,Asia,AS,2011,2010-2014,Pre-Pandemic,21009048.0,67753285882.299,14.476,0.6890364570541225,0.21365753426553666,13.007,0.6191142026045159,1.132,0.053881546655517185,191.537,75.579
Sri Lanka,LKA,Asia,AS,2012,2010-2014,Pre-Pandemic,21169458.0,70447216891.3366,15.389,0.7269435051194981,0.2184472386430428,13.102,0.6189105077702036,1.92,0.0906967008791628,197.42,77.952
Sri Lanka,LKA,Asia,AS,2013,2010-2014,Pre-Pandemic,20585000.0,76976204074.978,14.143,0.6870536798639786,0.18373210487521746,11.761,0.5713383531697839,2.019,0.09808112703424825,178.543,79.214
Sri Lanka,LKA,Asia,AS,2014,2010-2014,Pre-Pandemic,20778000.0,82531125461.843,17.076,0.8218307825584753,0.20690375787853307,12.827,0.6173356434690538,3.877,0.18659158725575128,198.81,85.891
Sri Lanka,LKA,Asia,AS,2015,2015-2019,Pre-Pandemic,20970000.0,85090300895.6546,19.179,0.9145922746781115,0.22539584180715283,13.593,0.648211731044349,5.218,0.24883166428230805,210.065,91.3
Sri Lanka,LKA,Asia,AS,2016,2015-2019,Pre-Pandemic,21209000.0,88000210878.1236,22.339,1.0532792682351833,0.2538516644117879,16.438,0.7750483285397708,5.524,0.26045546701871847,221.461,100.872
Sri Lanka,LKA,Asia,AS,2017,2015-2019,Pre-Pandemic,21453000.0,94369350439.4732,22.168,1.0333286719806087,0.23490677743107022,16.079,0.7494989045821098,5.722,0.2667226028993614,207.699,106.731
Sri Lanka,LKA,Asia,AS,2018,2015-2019,Pre-Pandemic,21670000.0,94450015982.806,20.137,0.9292570373788648,0.21320271670113647,14.241,0.6571758191047531,5.53,0.2551915089986156,179.202,112.369
Sri Lanka,LKA,Asia,AS,2019,2015-2019,Pre-Pandemic,21803000.0,88998706177.9986,21.106,0.9680319222125395,0.23714951493550612,14.832,0.6802733568774939,5.903,0.27074255836352795,186.717,113.035
Sri Lanka,LKA,Asia,AS,2020,2020-2023,Pandemic,21919000.0,84335574372.2997,20.412,0.9312468634517999,0.24203309400480458,12.956,0.5910853597335645,7.094,0.3236461517404991,194.44,104.981
Sri Lanka,LKA,Asia,AS,2021,2020-2023,Pandemic,22156000.0,88556699052.2008,20.823,0.9398357104170428,0.23513749070215043,14.268,0.643979057591623,6.185,0.279156887524824,191.302,108.849
Sri Lanka,LKA,Asia,AS,2022,2020-2023,Post-Pandemic,22181000.0,74143020303.663,18.377,0.8285018709706505,0.24785879944915185,11.997,0.5408683107163789,5.882,0.26518191244759026,188.662,97.407
Sri Lanka,LKA,Asia,AS,2023,2020-2023,Post-Pandemic,22037000.0,84080307355.5983,19.166,0.8697191087716114,0.22794873856659226,13.386,0.6074329536688297,5.282,0.23968779779461813,191.511,100.078
Sudan,SDN,Africa,AF,2010,2010-2014,Pre-Pandemic,35414399.0,58962978034.4828,15.07,0.42553312848821745,0.25558410552443167,13.695,0.3867071131152049,0.0,0.0,197.113,76.454
Sudan,SDN,Africa,AF,2011,2010-2014,Pre-Pandemic,36140806.0,55018567210.5263,14.711,0.4070468157240323,0.2673824627913148,12.911,0.35724161768832713,0.0,0.0,201.725,72.928
Sudan,SDN,Africa,AF,2012,2010-2014,Pre-Pandemic,36923178.0,37632919966.6667,15.763,0.4269134146578607,0.41886199672951374,13.747,0.37231356412495153,,,224.782,70.126
Sudan,SDN,Africa,AF,2013,2010-2014,Pre-Pandemic,37785849.0,43024018082.1918,17.374,0.45980176335325956,0.40382095337560586,15.165,0.40134072414252225,,,243.511,71.349
Sudan,SDN,Africa,AF,2014,2010-2014,Pre-Pandemic,38823318.0,49516748617.9775,13.095,0.3372972912825225,0.26445597430130424,10.856,0.27962576511363607,,,180.182,72.676
Sudan,SDN,Africa,AF,2015,2015-2019,Pre-Pandemic,40024431.0,51726758676.7677,14.247,0.35595759000296595,0.2754280446804572,11.787,0.2944951297371348,,,185.825,76.666
Sudan,SDN,Africa,AF,2016,2015-2019,Pre-Pandemic,41259892.0,42630376000.0,19.737,0.4783580141218014,0.4629797306971911,17.455,0.4230500651819447,,,213.178,92.586
Sudan,SDN,Africa,AF,2017,2015-2019,Pre-Pandemic,42714306.0,41283617976.1905,20.306,0.4753910785768122,0.4918658052622975,18.031,0.4221302343060426,,,217.871,93.203
Sudan,SDN,Africa,AF,2018,2015-2019,Pre-Pandemic,44230596.0,32333780383.2924,20.516,0.46384181664655844,0.634506691045662,18.276,0.4131981400386285,,,214.724,95.546
Sudan,SDN,Africa,AF,2019,2015-2019,Pre-Pandemic,45548175.0,32338079165.2893,22.007,0.48315876541705566,0.6805289790873429,19.928,0.43751478516976805,,,228.281,96.403
Sudan,SDN,Africa,AF,2020,2020-2023,Pandemic,46789231.0,27034593750.0,19.8,0.42317429837647896,0.7323949523006981,19.346,0.4134712109288567,,,246.625,80.284
Sudan,SDN,Africa,AF,2021,2020-2023,Pandemic,48066924.0,34229513774.9936,19.208,0.3996095111058074,0.5611531652556637,18.752,0.3901227380391556,,,234.564,81.889
Sudan,SDN,Africa,AF,2022,2020-2023,Post-Pandemic,49383346.0,51666875363.0963,17.529,0.3549577219818195,0.3392695973350907,17.129,0.34685782530815146,,,191.448,91.558
Sudan,SDN,Africa,AF,2023,2020-2023,Post-Pandemic,50042791.0,39898289820.7951,17.716,0.35401702514953654,0.4440290568736701,17.466,0.3490213005905286,,,262.787,67.414
Suriname,SUR,South America,SA,2010,2010-2014,Pre-Pandemic,549923.0,4368370997.92126,2.375,4.318786448284578,0.5436809284582677,2.349,4.2715071019033575,,,205.616,11.553
Suriname,SUR,South America,SA,2011,2010-2014,Pre-Pandemic,556269.0,4422276621.78703,2.758,4.9580328941573235,0.6236606698034868,2.719,4.887922929374098,,,296.324,9.307
Suriname,SUR,South America,SA,2012,2010-2014,Pre-Pandemic,562633.0,4980000000.0,2.494,4.432729683470397,0.5008032128514056,2.44,4.336752376771359,,,233.912,10.661
Suriname,SUR,South America,SA,2013,2010-2014,Pre-Pandemic,569020.0,5145757575.75758,3.151,5.537590945836702,0.6123490960485244,3.092,5.433903904959404,,,316.954,9.943
Suriname,SUR,South America,SA,2014,2010-2014,Pre-Pandemic,575373.0,5240606060.60606,3.201,5.563347602337962,0.6108072163756216,3.166,5.502517497345201,,,320.113,9.999
Suriname,SUR,South America,SA,2015,2015-2019,Pre-Pandemic,581627.0,5126237646.22072,2.714,4.666220790988039,0.5294331217751631,2.678,4.6043254525666795,,,283.43,9.574
Suriname,SUR,South America,SA,2016,2015-2019,Pre-Pandemic,587757.0,3317421648.09918,2.914,4.957831212558932,0.8783930139449312,2.898,4.930609078241519,,,317.932,9.164
Suriname,SUR,South America,SA,2017,2015-2019,Pre-Pandemic,593713.0,3591679430.99988,2.43,4.092886630408969,0.6765637208673485,2.411,4.060884636179433,,,236.353,10.282
Suriname,SUR,South America,SA,2018,2015-2019,Pre-Pandemic,599513.0,3996198866.57453,2.093,3.4911669972127375,0.5237477087305422,2.07,3.452802524715894,,,246.869,8.479
Suriname,SUR,South America,SA,2019,2015-2019,Pre-Pandemic,605768.0,4016040575.08796,2.632,4.344897716617583,0.6553718645988416,2.601,4.293723009468971,,,259.99,10.125
Suriname,SUR,South America,SA,2020,2020-2023,Pandemic,612317.0,2911807496.20227,2.922,4.772038012990004,1.0035004044089535,2.887,4.714878077858364,,,311.151,9.39
Suriname,SUR,South America,SA,2021,2020-2023,Pandemic,617896.0,3107923197.96954,2.647,4.283892434972875,0.8516941479536337,2.616,4.2337221797843005,,,245.101,10.8
Suriname,SUR,South America,SA,2022,2020-2023,Post-Pandemic,623164.0,3791603200.0259,2.828,4.538131214254996,0.7458586383671906,2.789,4.475547367948084,,,247.802,11.411
Suriname,SUR,South America,SA,2023,2020-2023,Post-Pandemic,628886.0,3472693412.08497,2.869,4.562035090620558,0.8261598878887156,2.832,4.503200898095998,,,292.366,9.812
Sweden,SWE,Europe,EU,2010,2010-2014,Pre-Pandemic,9378126.0,492750897239.447,53.029,5.654541216443456,0.10761827182271193,36.433,3.884891288515424,10.311,1.0994733915923074,85.291,621.735
Sweden,SWE,Europe,EU,2011,2010-2014,Pre-Pandemic,9449213.0,570538581144.45,49.114,5.197681542367603,0.08608357370238076,34.027,3.601040636929234,9.467,1.001882378987541,80.249,612.016
Sweden,SWE,Europe,EU,2012,2010-2014,Pre-Pandemic,9519374.0,549739674655.127,46.607,4.896015221168955,0.08478012802921378,32.626,3.4273262086351473,8.637,0.9073075603500819,72.231,645.245
Sweden,SWE,Europe,EU,2013,2010-2014,Pre-Pandemic,9600379.0,584125353119.18,45.106,4.6983561794799975,0.07721972648360112,31.245,3.2545590127223103,8.736,0.9099640753766075,74.735,603.543
Sweden,SWE,Europe,EU,2014,2010-2014,Pre-Pandemic,9696110.0,577727767303.596,43.385,4.474474815157832,0.07509592312394633,30.292,3.1241394744902853,8.284,0.8543632446414078,72.214,600.777
Sweden,SWE,Europe,EU,2015,2015-2019,Pre-Pandemic,9799186.0,501602351911.6,43.31,4.419754865353101,0.08634329531140784,30.38,3.1002575111851125,8.016,0.8180271300085538,69.624,622.062
Sweden,SWE,Europe,EU,2016,2015-2019,Pre-Pandemic,9923085.0,513058312950.939,43.308,4.364368540630258,0.08441145754155495,30.237,3.047137054655886,8.021,0.808317171524783,71.067,609.401
Sweden,SWE,Europe,EU,2017,2015-2019,Pre-Pandemic,10057698.0,535172356784.769,42.355,4.211202205514621,0.07914272750270988,29.316,2.9147822891480732,8.307,0.8259345229892566,67.088,631.343
Sweden,SWE,Europe,EU,2018,2015-2019,Pre-Pandemic,10175214.0,549649344043.182,41.856,4.11352527819071,0.07615036832776002,28.894,2.8396454364497887,8.087,0.7947744391420171,68.707,609.195
Sweden,SWE,Europe,EU,2019,2015-2019,Pre-Pandemic,10278887.0,530894124494.418,40.772,3.966577315228779,0.07679874031159802,28.464,2.7691714093169817,8.108,0.7888013556331538,65.151,625.819
Sweden,SWE,Europe,EU,2020,2020-2023,Pandemic,10353442.0,544265668451.678,36.622,3.537181161588581,0.06728699258981727,26.282,2.5384794737827283,6.641,0.6414291981352674,61.009,600.279
Sweden,SWE,Europe,EU,2021,2020-2023,Pandemic,10415811.0,631693331300.776,38.568,3.702832165445398,0.06105494246801877,27.891,2.6777559615857083,6.984,0.6705190791192351,60.864,633.68
Sweden,SWE,Europe,EU,2022,2020-2023,Post-Pandemic,10486941.0,575071237640.921,36.342,3.4654528904091286,0.06319564885401595,25.627,2.443705938652654,6.54,0.6236327638345633,58.458,621.681
Sweden,SWE,Europe,EU,2023,2020-2023,Post-Pandemic,10536632.0,578990915246.07,36.709,3.4839405988554977,0.06340168564544532,25.949,2.462741414903738,6.508,0.6176546737135737,61.247,599.356
Switzerland,CHE,Europe,EU,2010,2010-2014,Pre-Pandemic,7824909.0,609999593541.9,45.034,5.755210699574909,0.07382627870047372,35.013,4.474556828712002,0.649,0.08294026166949674,125.275,359.477
Switzerland,CHE,Europe,EU,2011,2010-2014,Pre-Pandemic,7912398.0,727231637101.778,40.973,5.1783289971004995,0.05634105821260595,31.814,4.020778530099219,0.608,0.07684143290062001,122.336,334.923
Switzerland,CHE,Europe,EU,2012,2010-2014,Pre-Pandemic,7996861.0,697882536676.898,42.242,5.282322651350324,0.060528810766842536,32.669,4.085227941313472,0.557,0.06965232983291819,119.306,354.065
Switzerland,CHE,Europe,EU,2013,2010-2014,Pre-Pandemic,8089346.0,718748402259.576,43.183,5.338256022180285,0.06008082920844456,33.233,4.108243113843813,0.583,0.07207010307137314,120.238,359.146
Switzerland,CHE,Europe,EU,2014,2010-2014,Pre-Pandemic,8188649.0,741168119616.628,39.244,4.792487747368339,0.05294885055269121,30.183,3.685956010570242,0.602,0.07351640056864081,113.936,344.44
Switzerland,CHE,Europe,EU,2015,2015-2019,Pre-Pandemic,8282396.0,706199008878.656,38.756,4.6793222637507315,0.054879714517780245,29.499,3.561650517555548,0.56,0.06761328485138841,115.235,336.322
Switzerland,CHE,Europe,EU,2016,2015-2019,Pre-Pandemic,8373338.0,698607778794.566,39.225,4.6845117204154425,0.05614738511455164,29.605,3.5356270103989593,0.525,0.0626990096422717,124.033,316.245
Switzerland,CHE,Europe,EU,2017,2015-2019,Pre-Pandemic,8451840.0,706660443624.485,38.234,4.523748674844768,0.05410519344184109,28.684,3.3938172043010755,0.503,0.05951366802968348,120.614,316.995
Switzerland,CHE,Europe,EU,2018,2015-2019,Pre-Pandemic,8514329.0,740766531453.991,36.945,4.339155792546894,0.04987401351338543,27.851,3.271073974238017,0.475,0.05578830698226484,114.93,321.458
Switzerland,CHE,Europe,EU,2019,2015-2019,Pre-Pandemic,8575280.0,736384764156.877,36.822,4.293970575887901,0.0500037504743316,27.584,3.216687968206286,0.431,0.05026074950322322,109.605,335.955
Switzerland,CHE,Europe,EU,2020,2020-2023,Pandemic,8638167.0,756096180222.082,34.343,3.9757277209389446,0.04542147004355016,25.416,2.9422908818502815,0.414,0.04792683447773121,110.927,309.602
Switzerland,CHE,Europe,EU,2021,2020-2023,Pandemic,8704546.0,840710023481.35,35.902,4.12451149089223,0.04270437962822319,26.31,3.022558557333145,0.423,0.04859529721596049,123.764,290.088
Switzerland,CHE,Europe,EU,2022,2020-2023,Post-Pandemic,8777088.0,858479038993.75,32.951,3.754206406498374,0.038382998889085154,24.636,2.806853480334252,0.434,0.049446923626606,110.764,297.485
Switzerland,CHE,Europe,EU,2023,2020-2023,Post-Pandemic,8888822.0,928435275851.707,31.977,3.5974395707327695,0.034441819297167116,24.382,2.742995641042199,0.354,0.03982529968538013,100.79,317.269
Syria,SYR,Asia,AS,2010,2010-2014,Pre-Pandemic,22482421.0,61390833272.6687,62.057,2.760245437980189,1.0108512410048665,39.842,1.7721401089322186,0.011,0.0004892711510028212,209.839,295.738
Syria,SYR,Asia,AS,2011,2010-2014,Pre-Pandemic,22878098.0,67539433544.3077,59.078,2.582295084145544,0.8747186184385635,40.348,1.7636081460967603,0.011,0.00048080920013543086,222.309,265.749
Syria,SYR,Asia,AS,2012,2010-2014,Pre-Pandemic,22759763.0,43190318032.5627,46.339,2.0360053837115966,1.0729024955329896,30.581,1.3436431653528202,0.004,0.00017574875450152973,226.911,204.215
Syria,SYR,Asia,AS,2013,2010-2014,Pre-Pandemic,21666917.0,21361254634.9336,34.257,1.5810740402060892,1.603697937478684,22.011,1.015880570364487,0.004,0.0001846132516222774,229.944,148.978
Syria,SYR,Asia,AS,2014,2010-2014,Pre-Pandemic,20273659.0,21502061466.067,34.869,1.7199164689511646,1.621658465400061,24.301,1.1986489463988717,0.004,0.0001973003491870905,262.343,132.915
Syria,SYR,Asia,AS,2015,2015-2019,Pre-Pandemic,19424618.0,16466861435.0236,31.115,1.6018333024618554,1.8895525490863163,21.412,1.1023125396854652,0.004,0.00020592425549887262,256.517,121.299
Syria,SYR,Asia,AS,2016,2015-2019,Pre-Pandemic,19193834.0,12597854088.3602,29.162,1.5193420970505425,2.3148386856571275,20.474,1.0666967318775393,0.004,0.0002084002602085649,248.613,117.299
Syria,SYR,Asia,AS,2017,2015-2019,Pre-Pandemic,19224668.0,16369842725.4718,34.473,1.79316490667095,2.1058846183268045,24.513,1.2750805371515388,0.004,0.00020806601185518523,291.324,118.334
Syria,SYR,Asia,AS,2018,2015-2019,Pre-Pandemic,19577845.0,21497779247.9835,31.771,1.6228037355490352,1.4778735809644212,22.878,1.1685657946520671,0.004,0.00020431257883592397,241.779,131.406
Syria,SYR,Asia,AS,2019,2015-2019,Pre-Pandemic,20353534.0,22583046644.6891,33.492,1.6455127645154888,1.4830594174004585,24.356,1.1966472259805103,0.004,0.00019652606765979805,282.839,118.412
Syria,SYR,Asia,AS,2020,2020-2023,Pandemic,21049429.0,12501503673.2425,32.344,1.5365737474398948,2.587208774671421,23.772,1.1293417982977116,0.004,0.0001900289076725074,299.347,108.05
Syria,SYR,Asia,AS,2021,2020-2023,Pandemic,21628839.0,14892885528.1402,32.508,1.502993295201837,2.1827872065877316,23.072,1.0667239235541028,0.004,0.00018493826691298593,278.31,116.807
Syria,SYR,Asia,AS,2022,2020-2023,Post-Pandemic,22462173.0,23737634644.3994,31.423,1.3989296583193442,1.3237628967978858,23.198,1.0327584958053702,0.004,0.00017807716110102083,288.589,108.886
Syria,SYR,Asia,AS,2023,2020-2023,Post-Pandemic,23594623.0,,31.674,1.3424245007008588,,23.461,0.9943367181582007,0.006,0.000254295226501394,273.668,115.738
Taiwan,TWN,Asia,AS,2010,2010-2014,Pre-Pandemic,23224049.0,859487483344.0,270.718,11.656795935971372,0.31497608196307875,72.398,3.1173719965885365,157.049,6.762343637838518,209.124,1294.536
Taiwan,TWN,Asia,AS,2011,2010-2014,Pre-Pandemic,23273078.0,888546864638.0,276.771,11.892324685200643,0.3114872282091259,68.657,2.950061010408679,162.701,6.990953237900032,214.525,1290.155
Taiwan,TWN,Asia,AS,2012,2010-2014,Pre-Pandemic,23345963.0,908290377366.0,273.282,11.7057497264088,0.30087514610966715,65.86,2.821044477796868,160.364,6.86902485024927,213.604,1279.385
Taiwan,TWN,Asia,AS,2013,2010-2014,Pre-Pandemic,23416870.0,930852328389.0,274.576,11.725563664144696,0.2949726735659576,64.128,2.738538498099874,163.101,6.965106779855719,210.45,1304.708
Taiwan,TWN,Asia,AS,2014,2010-2014,Pre-Pandemic,23472811.0,974779255338.0,276.959,11.799140716465532,0.2841248400428524,64.377,2.742619961452422,164.219,6.996136934771042,207.633,1333.887
Taiwan,TWN,Asia,AS,2015,2015-2019,Pre-Pandemic,23529260.0,989069527295.0,276.264,11.741295731357468,0.27931706758325947,64.288,2.7322576230616686,160.696,6.82962405107513,207.257,1332.951
Taiwan,TWN,Asia,AS,2016,2015-2019,Pre-Pandemic,23586140.0,1010482869589.0,280.197,11.879731062395118,0.27729020296402085,66.724,2.8289495440966603,161.76,6.858265065839515,209.14,1339.758
Taiwan,TWN,Asia,AS,2017,2015-2019,Pre-Pandemic,23632950.0,1043939947916.0,285.736,12.090576927552421,0.2737092306606429,66.051,2.794869028200034,164.346,6.954104333145037,213.114,1340.768
Taiwan,TWN,Asia,AS,2018,2015-2019,Pre-Pandemic,23659308.0,1073034529603.0,284.151,12.010114581542284,0.26481067678700876,62.118,2.625520577355855,165.841,7.009545672257194,209.775,1354.551
Taiwan,TWN,Asia,AS,2019,2015-2019,Pre-Pandemic,23674137.0,1105912366266.0,274.704,11.603548631994483,0.2483958118015354,57.936,2.447227537797893,161.552,6.823986868032402,206.833,1328.146
Taiwan,TWN,Asia,AS,2020,2020-2023,Pandemic,23663461.0,1143369531447.0,272.464,11.514122976347373,0.23829916095033696,55.162,2.3311044821380946,156.384,6.6086697968653025,211.349,1289.167
Taiwan,TWN,Asia,AS,2021,2020-2023,Pandemic,23558330.0,1218008773904.0,283.821,12.047585715965436,0.23302048891674895,49.903,2.118274088188764,167.94,7.128688663415446,207.116,1370.345
Taiwan,TWN,Asia,AS,2022,2020-2023,Post-Pandemic,23420107.0,1247874288934.0,273.989,11.698879087102377,0.2195645846939084,52.858,2.256949551938426,154.672,6.604239681740139,208.069,1316.818
Taiwan,TWN,Asia,AS,2023,2020-2023,Post-Pandemic,23317145.0,,267.127,11.456248181327517,,54.125,2.321253309528246,147.375,6.320456470978758,212.617,1256.377
Tajikistan,TJK,Asia,AS,2010,2010-2014,Pre-Pandemic,7652141.0,5642221099.17704,2.535,0.33127983397064953,0.44929114890051874,1.688,0.22059185788657057,0.338,0.04417064452941993,93.277,27.175
Tajikistan,TJK,Asia,AS,2011,2010-2014,Pre-Pandemic,7824785.0,6522756255.012,2.342,0.29930534832586453,0.3590506694467447,1.457,0.18620319919333247,0.367,0.04690224715439466,86.697,27.019
Tajikistan,TJK,Asia,AS,2012,2010-2014,Pre-Pandemic,8014084.0,7633036903.07634,2.934,0.3661054713177451,0.3843817391761215,1.836,0.22909667530312885,0.703,0.08772056794014138,98.082,29.919
Tajikistan,TJK,Asia,AS,2013,2010-2014,Pre-Pandemic,8216724.0,8448411318.25417,2.908,0.3539123378124907,0.34420672602869035,1.836,0.22344671672067845,0.876,0.10661183216084659,91.9,31.646
Tajikistan,TJK,Asia,AS,2014,2010-2014,Pre-Pandemic,8425552.0,9112605459.32845,4.606,0.546670413997801,0.5054536839718986,2.552,0.30288816685245074,1.479,0.17553746033494305,131.546,35.016
Tajikistan,TJK,Asia,AS,2015,2015-2019,Pre-Pandemic,8643840.0,8271431485.07484,5.307,0.6139632385606397,0.6416059916081119,2.841,0.3286733673922701,1.757,0.20326614097438175,154.795,34.281
Tajikistan,TJK,Asia,AS,2016,2015-2019,Pre-Pandemic,8865631.0,6992416096.89018,6.016,0.6785755012812963,0.8603606988828321,2.779,0.3134576659010509,2.241,0.2527738860324776,161.769,37.188
Tajikistan,TJK,Asia,AS,2017,2015-2019,Pre-Pandemic,9085946.0,7536402852.85802,6.879,0.7571033329936145,0.912769677299202,2.372,0.26106252447461165,2.962,0.3259979753346542,182.248,37.748
Tajikistan,TJK,Asia,AS,2018,2015-2019,Pre-Pandemic,9307333.0,7764999999.45362,8.081,0.8682401285094236,1.040695428276705,2.93,0.31480554096431274,3.142,0.337583279764461,198.751,40.658
Tajikistan,TJK,Asia,AS,2019,2015-2019,Pre-Pandemic,9529966.0,8300813599.3084,8.714,0.914378918036014,1.049776614755694,2.936,0.3080808472978812,3.424,0.3592877456225972,197.383,44.148
Tajikistan,TJK,Asia,AS,2020,2020-2023,Pandemic,9749310.0,8133963550.65742,9.423,0.9665299390418399,1.1584758084191802,3.358,0.3444346317841981,3.526,0.361666620509554,203.345,46.341
Tajikistan,TJK,Asia,AS,2021,2020-2023,Pandemic,9966908.0,8937805347.13963,9.384,0.941515663634098,1.0499221716663552,3.135,0.3145408786757137,3.67,0.3682185086889535,201.779,46.508
Tajikistan,TJK,Asia,AS,2022,2020-2023,Post-Pandemic,10182222.0,10713525200.3998,10.521,1.033271519713477,0.9820297057412424,3.706,0.363967707637881,4.192,0.4116979574792221,214.167,49.125
Tajikistan,TJK,Asia,AS,2023,2020-2023,Post-Pandemic,10389799.0,12244169292.7998,10.264,0.9878920660544058,0.8382765506219976,3.808,0.36651334640833766,3.859,0.371422007297735,205.019,50.065
Tanzania,TZA,Africa,AF,2010,2010-2014,Pre-Pandemic,44758488.0,32012892919.37,7.194,0.16072929005108483,0.22472195868456288,4.567,0.10203651204660891,0.264,0.005898322570682012,216.582,33.217
Tanzania,TZA,Africa,AF,2011,2010-2014,Pre-Pandemic,46029367.0,34657140096.4836,8.44,0.18336120068737857,0.24352846127820985,5.431,0.11798989110582381,0.461,0.01001534520342198,240.204,35.138
Tanzania,TZA,Africa,AF,2012,2010-2014,Pre-Pandemic,47374260.0,39650394362.9287,10.367,0.21883191420826414,0.2614601989858812,7.252,0.1530789082510207,0.268,0.005657080448327847,238.498,43.47
Tanzania,TZA,Africa,AF,2013,2010-2014,Pre-Pandemic,48824128.0,45648857242.315,11.251,0.23043934343282074,0.24646838233599175,8.296,0.1699159890781869,0.168,0.0034409216688928886,246.733,45.602
Tanzania,TZA,Africa,AF,2014,2010-2014,Pre-Pandemic,50351512.0,49986726460.6805,10.997,0.2184045635014893,0.21999840314908856,7.445,0.14786050516218857,0.663,0.013167429808264745,237.554,46.294
Tanzania,TZA,Africa,AF,2015,2015-2019,Pre-Pandemic,52020962.0,47413919817.124,12.783,0.24572786639355113,0.26960437038962753,8.678,0.16681736873685651,0.916,0.017608286444222236,261.791,48.828
Tanzania,TZA,Africa,AF,2016,2015-2019,Pre-Pandemic,53824013.0,49774409374.4538,13.529,0.25135621158533833,0.27180633924194025,8.493,0.15779202490903085,0.894,0.01660968683252956,252.558,53.57
Tanzania,TZA,Africa,AF,2017,2015-2019,Pre-Pandemic,55652890.0,53274884532.7886,13.513,0.24280859448628814,0.2536467252534969,7.977,0.14333487443329537,1.198,0.02152628551724807,280.223,48.224
Tanzania,TZA,Africa,AF,2018,2015-2019,Pre-Pandemic,57437145.0,57003712892.0858,14.233,0.24780131394065635,0.249685490258233,8.189,0.1425732424548609,1.172,0.020404913928086084,252.503,56.368
Tanzania,TZA,Africa,AF,2019,2015-2019,Pre-Pandemic,59174891.0,61026731925.9213,16.191,0.2736126712933024,0.2653099631757082,8.893,0.15028333554513856,1.385,0.023405197315868313,269.141,60.157
Tanzania,TZA,Africa,AF,2020,2020-2023,Pandemic,60972798.0,66068737786.0639,15.952,0.26162486425504045,0.24144550864062075,9.169,0.15037853437527995,1.231,0.02018933098658192,278.387,57.303
Tanzania,TZA,Africa,AF,2021,2020-2023,Pandemic,62830412.0,70655628147.8986,17.678,0.28136056150642463,0.2501994598787778,10.23,0.16281924110254123,1.469,0.02338039737826325,266.567,66.316
Tanzania,TZA,Africa,AF,2022,2020-2023,Post-Pandemic,64711821.0,75749121846.9703,19.702,0.3044575117118092,0.2600954244697691,10.847,0.1676200705277634,1.711,0.026440300605974295,261.29,75.404
Tanzania,TZA,Africa,AF,2023,2020-2023,Post-Pandemic,66617606.0,79030935638.1317,20.31,0.3048743600903341,0.25698797358284864,11.06,0.16602217738055614,1.978,0.02969185052972333,260.707,77.902
Thailand,THA,Asia,AS,2010,2010-2014,Pre-Pandemic,68579447.0,341104766329.17,241.019,3.5144494530555197,0.706583500998089,80.785,1.1779768361211778,64.008,0.9333408593977142,204.349,1179.445
Thailand,THA,Asia,AS,2011,2010-2014,Pre-Pandemic,69007208.0,370818739623.622,244.878,3.5485858230925675,0.6603711566695609,84.609,1.2260893093950418,65.35,0.9470025218235172,201.964,1212.482
Thailand,THA,Asia,AS,2012,2010-2014,Pre-Pandemic,69436098.0,397558325278.579,262.348,3.7782653051731105,0.6598981415271992,90.833,1.3081524252702104,68.155,0.9815499713131922,202.919,1292.871
Thailand,THA,Asia,AS,2013,2010-2014,Pre-Pandemic,69845114.0,420333654592.547,263.754,3.7762698762292812,0.6274872285819502,91.381,1.3083377600328636,67.149,0.961398674215064,200.899,1312.864
Thailand,THA,Asia,AS,2014,2010-2014,Pre-Pandemic,70216367.0,407339040197.651,272.488,3.8806906657531854,0.6689464380035414,91.137,1.297945249716494,73.794,1.050951553788022,200.776,1357.17
Thailand,THA,Asia,AS,2015,2015-2019,Pre-Pandemic,70540795.0,401296238228.084,277.099,3.928209201498225,0.6905098368814157,95.218,1.3498288472649054,72.142,1.0226989928310277,201.168,1377.446
Thailand,THA,Asia,AS,2016,2015-2019,Pre-Pandemic,70859841.0,413366349747.508,284.045,4.008546956801667,0.6871507566435925,98.924,1.3960516789756838,73.6,1.0386701262849292,202.085,1405.572
Thailand,THA,Asia,AS,2017,2015-2019,Pre-Pandemic,71160187.0,456356813536.764,283.348,3.9818332686506293,0.620891354298085,101.146,1.421384685231364,73.824,1.0374340359729521,197.774,1432.683
Thailand,THA,Asia,AS,2018,2015-2019,Pre-Pandemic,71376079.0,506754208404.485,288.305,4.039238412073602,0.5689247276460278,102.33,1.4336735981252207,78.564,1.1007049014278298,195.015,1478.376
Thailand,THA,Asia,AS,2019,2015-2019,Pre-Pandemic,71522271.0,543976691793.886,281.877,3.9411080780698367,0.5181784518569112,103.652,1.4492269128311097,70.06,0.9795550255947549,190.491,1479.745
Thailand,THA,Asia,AS,2020,2020-2023,Pandemic,71641484.0,500274927778.532,271.923,3.7956081423438968,0.5435471275913677,96.312,1.3443607617061646,74.799,1.0440738497265076,197.098,1379.634
Thailand,THA,Asia,AS,2021,2020-2023,Pandemic,71727332.0,506049783824.94,267.142,3.7244101035292934,0.5278966784272229,90.92,1.267578166716141,76.648,1.0686024122575757,192.629,1386.818
Thailand,THA,Asia,AS,2022,2020-2023,Post-Pandemic,71735329.0,495691837308.033,272.573,3.799703769393739,0.549883979288966,105.828,1.4752563552053968,69.809,0.9731467182648594,196.395,1387.88
Thailand,THA,Asia,AS,2023,2020-2023,Post-Pandemic,71702435.0,517013369475.121,264.734,3.6921200793250604,0.5120447857446346,104.343,1.4552225457894143,59.327,0.827405652262716,190.705,1388.184
Togo,TGO,Africa,AF,2010,2010-2014,Pre-Pandemic,6325788.0,4746386893.22553,2.596,0.4103836549691517,0.5469423497071519,2.045,0.32327988228502125,,,227.789,11.395
Togo,TGO,Africa,AF,2011,2010-2014,Pre-Pandemic,6500582.0,5422439152.10906,2.504,0.385196279348526,0.4617848038047726,1.865,0.28689738857228475,,,236.349,10.594
Togo,TGO,Africa,AF,2012,2010-2014,Pre-Pandemic,6653718.0,5413541649.14901,2.216,0.33304687694909824,0.40934385354703007,1.576,0.23686005328148863,,,231.771,9.56
Togo,TGO,Africa,AF,2013,2010-2014,Pre-Pandemic,6798848.0,6021729629.82454,1.635,0.2404819169365163,0.2715166738642898,1.129,0.166057543866255,,,173.403,9.43
Togo,TGO,Africa,AF,2014,2010-2014,Pre-Pandemic,6937644.0,6393314707.85456,1.491,0.21491445799179087,0.23321235824168324,1.055,0.15206891561458039,,,170.543,8.74
Togo,TGO,Africa,AF,2015,2015-2019,Pre-Pandemic,7071502.0,5755457836.01866,1.798,0.25425998606802347,0.3123991263992592,0.936,0.13236226193530032,,,294.239,6.112
Togo,TGO,Africa,AF,2016,2015-2019,Pre-Pandemic,7200884.0,6071167584.1951,2.293,0.3184331257106766,0.37768682353116106,1.466,0.20358611526029305,,,264.967,8.653
Togo,TGO,Africa,AF,2017,2015-2019,Pre-Pandemic,7324386.0,6387424239.8801,1.912,0.2610457723009137,0.2993381883204756,1.075,0.14676998181144468,,,234.276,8.161
Togo,TGO,Africa,AF,2018,2015-2019,Pre-Pandemic,7458206.0,7029215766.46367,2.034,0.2727197398409215,0.2893637167469232,1.359,0.18221540139813783,,,205.677,9.888
Togo,TGO,Africa,AF,2019,2015-2019,Pre-Pandemic,7619925.0,6992942458.99419,2.364,0.31023927400860246,0.3380551196956394,1.319,0.17309881658940213,,,251.51,9.398
Togo,TGO,Africa,AF,2020,2020-2023,Pandemic,7788054.0,7486031561.86885,2.751,0.3532332980742044,0.3674844244596301,1.748,0.22444631226234435,,,276.995,9.933
Togo,TGO,Africa,AF,2021,2020-2023,Pandemic,7936176.0,8541668141.26198,2.62,0.33013380751636556,0.3067316543642857,1.414,0.17817145184280186,,,225.825,11.603
Togo,TGO,Africa,AF,2022,2020-2023,Post-Pandemic,8068616.0,8646453099.4124,2.739,0.33946342222755427,0.31677729220391404,1.46,0.18094800892742943,,,232.384,11.785
Togo,TGO,Africa,AF,2023,2020-2023,Post-Pandemic,8223850.0,9723300576.72675,2.671,0.3247870522930258,0.27470095971250585,1.397,0.16987177538500825,,,203.356,13.135
Tonga,TON,Oceania,OC,2010,2010-2014,Pre-Pandemic,107400.0,366887374.989696,0.117,1.089385474860335,0.31889895367287013,0.117,1.089385474860335,,,209.97,0.558
Tonga,TON,Oceania,OC,2011,2010-2014,Pre-Pandemic,107570.0,414143828.494419,0.106,0.9854048526540857,0.25594972738179644,0.106,0.9854048526540857,,,204.022,0.521
Tonga,TON,Oceania,OC,2012,2010-2014,Pre-Pandemic,107460.0,471122971.305043,0.106,0.9864135492276196,0.22499433578110767,0.106,0.9864135492276196,,,156.957,0.677
Tonga,TON,Oceania,OC,2013,2010-2014,Pre-Pandemic,107078.0,451788498.263614,0.11,1.027288518649956,0.2434767605257098,0.11,1.027288518649956,,,135.741,0.81
Tonga,TON,Oceania,OC,2014,2010-2014,Pre-Pandemic,106609.0,440997734.928723,0.106,0.9942875366995282,0.2403640463530554,0.106,0.9942875366995282,,,129.487,0.821
Tonga,TON,Oceania,OC,2015,2015-2019,Pre-Pandemic,106095.0,437525538.903019,0.106,0.9991045760874688,0.24227157177102693,0.106,0.9991045760874688,,,129.835,0.818
Tonga,TON,Oceania,OC,2016,2015-2019,Pre-Pandemic,105524.0,420828254.541601,0.139,1.3172358894659035,0.3303010159130348,0.139,1.3172358894659035,,,146.223,0.952
Tonga,TON,Oceania,OC,2017,2015-2019,Pre-Pandemic,105356.0,459976847.108128,0.143,1.3573028588784692,0.3108852128080799,0.143,1.3573028588784692,,,134.616,1.062
Tonga,TON,Oceania,OC,2018,2015-2019,Pre-Pandemic,105567.0,493530766.930564,0.132,1.2503907471084714,0.26746052899792444,0.132,1.2503907471084714,,,144.201,0.915
Tonga,TON,Oceania,OC,2019,2015-2019,Pre-Pandemic,105669.0,506031247.606648,0.161,1.5236256612630006,0.31816217034318345,0.161,1.5236256612630006,,,181.876,0.886
Tonga,TON,Oceania,OC,2020,2020-2023,Pandemic,105704.0,506571486.576395,0.139,1.314992810111254,0.2743936516036769,0.139,1.314992810111254,,,174.74,0.797
Tonga,TON,Oceania,OC,2021,2020-2023,Pandemic,105490.0,519306339.3498,0.139,1.317660441748033,0.26766474712023663,0.139,1.317660441748033,,,174.123,0.8
Tonga,TON,Oceania,OC,2022,2020-2023,Post-Pandemic,105042.0,556514556.392844,0.147,1.3994402239104358,0.264144034170119,0.147,1.3994402239104358,,,193.938,0.756
Tonga,TON,Oceania,OC,2023,2020-2023,Post-Pandemic,104597.0,591139733.623755,0.146,1.3958335325104927,0.2469805220248064,0.146,1.3958335325104927,,,172.046,0.848
Trinidad and Tobago,TTO,North America,NA,2010,2010-2014,Pre-Pandemic,1317714.0,22157920592.3669,47.092,35.7376486855266,2.1252896815697833,4.639,3.520490789351862,,,201.662,233.521
Trinidad and Tobago,TTO,North America,NA,2011,2010-2014,Pre-Pandemic,1328019.0,25433007437.1605,47.043,35.42343897188218,1.849682941202811,4.906,3.6942242543216626,,,204.058,230.54
Trinidad and Tobago,TTO,North America,NA,2012,2010-2014,Pre-Pandemic,1335194.0,27147349937.4689,46.159,34.57100616090246,1.7003132941639778,4.723,3.5373136787612887,,,204.316,225.92
Trinidad and Tobago,TTO,North America,NA,2013,2010-2014,Pre-Pandemic,1340557.0,28560537057.1548,45.799,34.1641571376674,1.6035762880910789,3.855,2.8756703370315475,,,200.365,228.579
Trinidad and Tobago,TTO,North America,NA,2014,2010-2014,Pre-Pandemic,1345343.0,29474180005.1333,46.866,34.835725907816816,1.5900696810509298,4.76,3.5381311680367014,,,204.802,228.834
Trinidad and Tobago,TTO,North America,NA,2015,2015-2019,Pre-Pandemic,1349667.0,26841141793.2143,45.534,33.73721073420332,1.6964255973459161,5.133,3.8031603351048813,,,205.443,221.636
Trinidad and Tobago,TTO,North America,NA,2016,2015-2019,Pre-Pandemic,1353895.0,23624322192.6274,39.867,29.446153505257055,1.6875404794657585,4.056,2.9958010037706027,,,203.641,195.773
Trinidad and Tobago,TTO,North America,NA,2017,2015-2019,Pre-Pandemic,1356633.0,23830750900.6899,40.297,29.703685521434316,1.6909664394517003,5.108,3.7652040013769383,,,194.608,207.067
Trinidad and Tobago,TTO,North America,NA,2018,2015-2019,Pre-Pandemic,1359193.0,23883058083.2171,40.307,29.655096811122483,1.6876816971912068,3.931,2.892157331593085,,,207.729,194.039
Trinidad and Tobago,TTO,North America,NA,2019,2015-2019,Pre-Pandemic,1363985.0,23477745791.6977,40.755,29.879360843411035,1.7358991941386448,3.748,2.7478308045909596,,,208.78,195.203
Trinidad and Tobago,TTO,North America,NA,2020,2020-2023,Pandemic,1366725.0,20888515184.2239,35.043,25.640125116610875,1.6776204383577398,3.44,2.5169657392672264,,,206.935,169.343
Trinidad and Tobago,TTO,North America,NA,2021,2020-2023,Pandemic,1367558.0,24222963262.7213,36.389,26.60874346828434,1.502252206112289,3.144,2.2989884158478104,,,210.189,173.124
Trinidad and Tobago,TTO,North America,NA,2022,2020-2023,Post-Pandemic,1365805.0,28341164301.126,37.493,27.451210092216677,1.3229167158284458,4.163,3.048019299973276,,,216.651,173.056
Trinidad and Tobago,TTO,North America,NA,2023,2020-2023,Post-Pandemic,1367510.0,25036993423.3664,35.536,25.985916007926814,1.419339750548288,4.247,3.105644565670452,,,216.785,163.923
Tunisia,TUN,Africa,AF,2010,2010-2014,Pre-Pandemic,10765980.0,46206091937.9628,27.9,2.5914965474578255,0.6038164845765162,11.498,1.067993810131544,0.055,0.005108684950185677,315.432,88.449
Tunisia,TUN,Africa,AF,2011,2010-2014,Pre-Pandemic,10886035.0,48123325825.0739,26.429,2.4277893649983673,0.5491931313323649,10.768,0.9891572092134556,0.04,0.0036744324264987205,313.097,84.412
Tunisia,TUN,Africa,AF,2012,2010-2014,Pre-Pandemic,11009647.0,47311401812.6733,28.194,2.560845047983827,0.5959240039352982,10.823,0.983046958726288,0.0,0.0,304.68,92.537
Tunisia,TUN,Africa,AF,2013,2010-2014,Pre-Pandemic,11141361.0,48685446413.953,28.773,2.5825390632257585,0.5909979700166373,11.386,1.0219577302988387,,,294.131,97.825
Tunisia,TUN,Africa,AF,2014,2010-2014,Pre-Pandemic,11274288.0,50271812920.612,29.875,2.649834739009683,0.5942693979860615,11.852,1.0512415506859503,,,277.661,107.594
Tunisia,TUN,Africa,AF,2015,2015-2019,Pre-Pandemic,11402264.0,45779494041.9295,31.381,2.7521727263988978,0.6854815820213762,14.004,1.2281771409607776,,,282.158,111.216
Tunisia,TUN,Africa,AF,2016,2015-2019,Pre-Pandemic,11528674.0,44360072680.4476,30.971,2.686432108323993,0.6981728867556828,13.679,1.186519802711049,,,279.161,110.945
Tunisia,TUN,Africa,AF,2017,2015-2019,Pre-Pandemic,11650498.0,42163530590.9462,31.677,2.7189395680768325,0.7512890774569534,14.314,1.2286170084746593,,,269.442,117.565
Tunisia,TUN,Africa,AF,2018,2015-2019,Pre-Pandemic,11765514.0,42686504459.801,31.122,2.6451883020155345,0.7290828891671933,13.74,1.167819782459143,,,259.524,119.918
Tunisia,TUN,Africa,AF,2019,2015-2019,Pre-Pandemic,11875081.0,41905642418.825,30.579,2.575056119617205,0.7297108034850981,13.066,1.1002872317249879,,,251.106,121.775
Tunisia,TUN,Africa,AF,2020,2020-2023,Pandemic,11974057.0,42491780918.361,28.845,2.4089579663768093,0.6788371627778932,12.463,1.0408335286862256,,,256.046,112.655
Tunisia,TUN,Africa,AF,2021,2020-2023,Pandemic,12048622.0,47073234359.1819,31.527,2.6166477793062146,0.6697436543119217,13.506,1.1209580647479853,,,256.069,123.118
Tunisia,TUN,Africa,AF,2022,2020-2023,Post-Pandemic,12119334.0,44929920092.7955,30.785,2.5401560844845106,0.685178160486788,13.408,1.1063314205219528,,,249.372,123.45
Tunisia,TUN,Africa,AF,2023,2020-2023,Post-Pandemic,12200431.0,48205328303.3398,31.738,2.6013835085006423,0.6583919478835103,14.462,1.1853679595417572,,,259.914,122.109
Turkey,TUR,Europe,EU,2010,2010-2014,Pre-Pandemic,73142150.0,782545664268.333,318.71,4.357405408509321,0.4072733573931286,81.342,1.112108408079336,129.887,1.7758159966585614,254.324,1253.167
Turkey,TUR,Europe,EU,2011,2010-2014,Pre-Pandemic,74223629.0,844192507380.795,344.215,4.63753934747653,0.4077446755218983,84.966,1.1447298002634714,135.545,1.8261704773287224,257.448,1337.026
Turkey,TUR,Europe,EU,2012,2010-2014,Pre-Pandemic,75175827.0,885327622479.052,358.645,4.770748980253985,0.4050986221301211,90.715,1.2067043838440248,141.931,1.8879872116338674,252.382,1421.041
Turkey,TUR,Europe,EU,2013,2010-2014,Pre-Pandemic,76147624.0,962167643588.925,350.634,4.60466107255034,0.36442090142640915,95.672,1.2564016442587886,125.758,1.6515026128720707,248.291,1412.188
Turkey,TUR,Europe,EU,2014,2010-2014,Pre-Pandemic,77181884.0,942343431928.654,367.272,4.758525977417188,0.3897432587271501,100.357,1.3002662645550347,130.662,1.692910217117789,252.532,1454.355
Turkey,TUR,Europe,EU,2015,2015-2019,Pre-Pandemic,78218479.0,865460050683.656,387.704,4.956680377280157,0.4479744613211662,109.354,1.3980583795294717,139.511,1.7836066589839978,243.989,1589.021
Turkey,TUR,Europe,EU,2016,2015-2019,Pre-Pandemic,79277962.0,870818016909.84,405.552,5.115570453236424,0.46571383701858887,116.646,1.471354674833846,152.353,1.9217572722164578,242.956,1669.239
Turkey,TUR,Europe,EU,2017,2015-2019,Pre-Pandemic,80312698.0,863874522365.276,430.622,5.361817131333329,0.498477485851722,119.63,1.4895527479353265,158.754,1.9766986286527195,240.929,1787.342
Turkey,TUR,Europe,EU,2018,2015-2019,Pre-Pandemic,81407204.0,788356985773.667,423.818,5.20614858606371,0.5375965554286035,116.761,1.4342833835688547,163.517,2.008630587533752,237.052,1787.873
Turkey,TUR,Europe,EU,2019,2015-2019,Pre-Pandemic,82579440.0,775853144222.613,406.568,4.923356225229912,0.5240270056614539,115.728,1.4014142018885087,166.01,2.0103066816631356,219.87,1849.129
Turkey,TUR,Europe,EU,2020,2020-2023,Pandemic,83384680.0,733628247119.077,416.328,4.992859599629092,0.5674917802509651,115.652,1.3869694049314574,159.424,1.9119099575605496,228.522,1821.829
Turkey,TUR,Europe,EU,2021,2020-2023,Pandemic,84147318.0,839938668172.134,457.377,5.4354317032421635,0.5445361873806086,122.541,1.4562674475257786,166.276,1.9760106911547675,234.441,1950.923
Turkey,TUR,Europe,EU,2022,2020-2023,Post-Pandemic,84979913.0,926097476913.818,443.603,5.22009242348836,0.47900249278109347,128.859,1.516346574748788,166.445,1.958639331626522,225.288,1969.05
Turkey,TUR,Europe,EU,2023,2020-2023,Post-Pandemic,85325965.0,1141242864657.45,486.945,5.706879494418844,0.426679557068827,133.637,1.5661938309165329,194.937,2.2846152399214,248.252,1961.496
Turkmenistan,TKM,Asia,AS,2010,2010-2014,Pre-Pandemic,5564356.0,22583157894.7368,59.184,10.636271295366436,2.6207140859513425,16.986,3.052644367110947,0.0,0.0,239.839,246.765
Turkmenistan,TKM,Asia,AS,2011,2010-2014,Pre-Pandemic,5683417.0,29233333333.3333,65.155,11.464054106886755,2.228791334093503,17.752,3.1234730796631673,0.0,0.0,244.047,266.977
Turkmenistan,TKM,Asia,AS,2012,2010-2014,Pre-Pandemic,5808546.0,35164210526.3158,66.939,11.524226544818616,1.9036116266538936,18.576,3.1980464646402043,0.0,0.0,212.118,315.572
Turkmenistan,TKM,Asia,AS,2013,2010-2014,Pre-Pandemic,5939341.0,39197543859.6491,64.34,10.832851658121667,1.6414293770644428,19.093,3.2146664082766083,0.0,0.0,240.386,267.651
Turkmenistan,TKM,Asia,AS,2014,2010-2014,Pre-Pandemic,6075283.0,43524210526.3158,62.799,10.336802417270109,1.4428521331140558,19.98,3.2887356852347454,0.0,0.0,221.356,283.703
Turkmenistan,TKM,Asia,AS,2015,2015-2019,Pre-Pandemic,6215770.0,35799714285.7143,63.092,10.15031122451442,1.7623604338422485,18.881,3.0375963074566785,0.0,0.0,195.786,322.248
Turkmenistan,TKM,Asia,AS,2016,2015-2019,Pre-Pandemic,6360041.0,33313947368.4211,62.091,9.762672913586563,1.8638139549580124,17.971,2.825610715402621,0.0,0.0,178.082,348.665
Turkmenistan,TKM,Asia,AS,2017,2015-2019,Pre-Pandemic,6507061.0,33352261306.5327,62.957,9.675182082971098,1.8876381250847487,18.965,2.9145262354233346,0.0,0.0,194.566,323.575
Turkmenistan,TKM,Asia,AS,2018,2015-2019,Pre-Pandemic,6655524.0,26036313868.6131,61.302,9.210694755213865,2.354480757504612,17.983,2.701966066082851,0.0,0.0,167.762,365.408
Turkmenistan,TKM,Asia,AS,2019,2015-2019,Pre-Pandemic,6803944.0,29700000000.0,62.254,9.149693177956784,2.0960942760942762,17.668,2.5967291911867587,0.0,0.0,177.526,350.677
Turkmenistan,TKM,Asia,AS,2020,2020-2023,Pandemic,6949912.0,27350527267.6636,62.905,9.051193741733709,2.299955660246897,16.232,2.3355691410193393,0.0,0.0,141.595,444.261
Turkmenistan,TKM,Asia,AS,2021,2020-2023,Pandemic,7092043.0,26334182093.7903,91.694,12.929137626492112,3.481938405127904,16.462,2.321192920009086,0.0,0.0,206.147,444.797
Turkmenistan,TKM,Asia,AS,2022,2020-2023,Post-Pandemic,7230193.0,37583913148.2791,102.063,14.116220687331584,2.7156033379848656,17.177,2.375731878803235,0.0,0.0,216.34,471.771
Turkmenistan,TKM,Asia,AS,2023,2020-2023,Post-Pandemic,7364438.0,39020211239.6728,95.421,12.95699685434245,2.445424998186149,15.232,2.0683180440924347,0.0,0.0,217.627,438.46
Turks and Caicos Islands,TCA,North America,NA,2010,2010-2014,Pre-Pandemic,29739.0,686788000.0,0.282,9.482497730253202,0.410607057782023,0.282,9.482497730253202,,,369.222,0.764
Turks and Caicos Islands,TCA,North America,NA,2011,2010-2014,Pre-Pandemic,30846.0,842941000.0,0.282,9.14219023536277,0.3345429869943448,0.282,9.14219023536277,,,369.222,0.764
Turks and Caicos Islands,TCA,North America,NA,2012,2010-2014,Pre-Pandemic,32127.0,832848000.0,0.282,8.777663647399384,0.33859719900870267,0.282,8.777663647399384,,,369.222,0.764
Turks and Caicos Islands,TCA,North America,NA,2013,2010-2014,Pre-Pandemic,33653.0,863328000.0,0.286,8.498499390841827,0.33127617776789353,0.286,8.498499390841827,,,370.926,0.77
Turks and Caicos Islands,TCA,North America,NA,2014,2010-2014,Pre-Pandemic,35050.0,956605000.0,0.308,8.787446504992868,0.3219719738031894,0.308,8.787446504992868,,,371.804,0.828
Turks and Caicos Islands,TCA,North America,NA,2015,2015-2019,Pre-Pandemic,36605.0,1078274000.0,0.315,8.605381778445567,0.2921335393415774,0.315,8.605381778445567,,,369.351,0.853
Turks and Caicos Islands,TCA,North America,NA,2016,2015-2019,Pre-Pandemic,38315.0,1202078000.0,0.326,8.508417069033015,0.2711970437858442,0.326,8.508417069033015,,,369.54,0.882
Turks and Caicos Islands,TCA,North America,NA,2017,2015-2019,Pre-Pandemic,39913.0,1197958000.0,0.352,8.819181720241525,0.2938333397331125,0.352,8.819181720241525,,,368.263,0.955
Turks and Caicos Islands,TCA,North America,NA,2018,2015-2019,Pre-Pandemic,41559.0,1314329000.0,0.359,8.638321422555885,0.27314317800185495,0.359,8.638321422555885,,,192.571,1.865
Turks and Caicos Islands,TCA,North America,NA,2019,2015-2019,Pre-Pandemic,43166.0,1371838000.0,0.363,8.409396284112496,0.2646085033363998,0.363,8.409396284112496,,,192.659,1.883
Turks and Caicos Islands,TCA,North America,NA,2020,2020-2023,Pandemic,44386.0,918387000.0,0.359,8.088135898706799,0.3909027457923512,0.359,8.088135898706799,,,193.918,1.852
Turks and Caicos Islands,TCA,North America,NA,2021,2020-2023,Pandemic,45243.0,1236459000.0,0.366,8.089649227504808,0.2960065800806982,0.366,8.089649227504808,,,193.233,1.896
Turks and Caicos Islands,TCA,North America,NA,2022,2020-2023,Post-Pandemic,45847.0,1434119000.0,0.366,7.9830741378934285,0.2552089470957431,0.366,7.9830741378934285,,,193.671,1.888
Turks and Caicos Islands,TCA,North America,NA,2023,2020-2023,Post-Pandemic,46198.0,1638653000.0,0.365,7.900774925321443,0.22274392443061466,0.365,7.900774925321443,,,192.298,1.897
Tuvalu,TUV,Oceania,OC,2010,2010-2014,Pre-Pandemic,10614.0,32425361.8050211,0.011,1.0363670623704542,0.3392406248585525,0.011,1.0363670623704542,,,,0.0
Tuvalu,TUV,Oceania,OC,2011,2010-2014,Pre-Pandemic,10780.0,39665361.1329159,0.011,1.0204081632653061,0.27732005169799806,0.011,1.0204081632653061,,,,0.0
Tuvalu,TUV,Oceania,OC,2012,2010-2014,Pre-Pandemic,10934.0,38912985.1801769,0.011,1.0060362173038229,0.2826819877495195,0.011,1.0060362173038229,,,,0.0
Tuvalu,TUV,Oceania,OC,2013,2010-2014,Pre-Pandemic,11001.0,38767554.542532,0.007,0.6363057903826925,0.18056336239419693,0.007,0.6363057903826925,,,,0.0
Tuvalu,TUV,Oceania,OC,2014,2010-2014,Pre-Pandemic,10984.0,38643167.2951054,0.007,0.6372906045156591,0.18114457198974554,0.007,0.6372906045156591,,,,0.0
Tuvalu,TUV,Oceania,OC,2015,2015-2019,Pre-Pandemic,10963.0,36755290.7767318,0.007,0.6385113563805528,0.19044877219231254,0.007,0.6385113563805528,,,,0.0
Tuvalu,TUV,Oceania,OC,2016,2015-2019,Pre-Pandemic,10930.0,41306141.62505,0.007,0.6404391582799634,0.16946632448853244,0.007,0.6404391582799634,,,,0.0
Tuvalu,TUV,Oceania,OC,2017,2015-2019,Pre-Pandemic,10869.0,45288858.1637361,0.007,0.6440334897414666,0.1545634022101505,0.007,0.6440334897414666,,,,0.0
Tuvalu,TUV,Oceania,OC,2018,2015-2019,Pre-Pandemic,10751.0,48026990.1943497,0.011,1.0231606362198866,0.22903787964822608,0.011,1.0231606362198866,,,,0.0
Tuvalu,TUV,Oceania,OC,2019,2015-2019,Pre-Pandemic,10581.0,53527720.0597564,0.011,1.0395992817314053,0.20550100000000002,0.011,1.0395992817314053,,,,0.0
Tuvalu,TUV,Oceania,OC,2020,2020-2023,Pandemic,10399.0,52302514.9939611,0.011,1.05779401865564,0.2103149342105264,0.011,1.05779401865564,,,,0.0
Tuvalu,TUV,Oceania,OC,2021,2020-2023,Pandemic,10194.0,61597447.1614093,0.011,1.079066117323916,0.17857882926829283,0.011,1.079066117323916,,,,0.0
Tuvalu,TUV,Oceania,OC,2022,2020-2023,Post-Pandemic,9992.0,54104146.3198082,0.011,1.1008807045636508,0.20331158974358982,0.011,1.1008807045636508,,,,0.0
Tuvalu,TUV,Oceania,OC,2023,2020-2023,Post-Pandemic,9816.0,50491930.924381,0.011,1.1206193969030154,0.21785659210526326,0.011,1.1206193969030154,,,,0.0
Uganda,UGA,Africa,AF,2010,2010-2014,Pre-Pandemic,32390802.0,26673441430.7857,3.57,0.11021647441764486,0.13384099720554285,3.246,0.1002136347225981,0.0,0.0,213.994,16.681
Uganda,UGA,Africa,AF,2011,2010-2014,Pre-Pandemic,33354543.0,27871725241.4723,3.828,0.11476697492152718,0.1373434893906047,3.433,0.10292451016342812,0.0,0.0,218.049,17.554
Uganda,UGA,Africa,AF,2012,2010-2014,Pre-Pandemic,34337438.0,27305915910.7877,3.627,0.10562814849494595,0.13282835894792627,3.199,0.09316361925429614,0.0,0.0,202.129,17.944
Uganda,UGA,Africa,AF,2013,2010-2014,Pre-Pandemic,35337042.0,28915786516.6123,3.755,0.10626243136027062,0.12985986038604652,3.397,0.09613141926254043,0.0,0.0,196.4,19.117
Uganda,UGA,Africa,AF,2014,2010-2014,Pre-Pandemic,36395539.0,32612397257.4458,4.09,0.11237640964734716,0.1254124303623894,3.697,0.10157838299908128,0.0,0.0,181.87,22.487
Uganda,UGA,Africa,AF,2015,2015-2019,Pre-Pandemic,37531446.0,32387183730.1002,4.529,0.12067214250151725,0.1398392659807222,4.18,0.11137327349444515,0.0,0.0,197.042,22.983
Uganda,UGA,Africa,AF,2016,2015-2019,Pre-Pandemic,38799152.0,29203988696.2626,4.817,0.12415219796556379,0.16494322231457578,4.444,0.11453858579177194,0.0,0.0,201.191,23.945
Uganda,UGA,Africa,AF,2017,2015-2019,Pre-Pandemic,40177388.0,30744473841.424,5.406,0.13455329649602907,0.17583647805727448,5.031,0.12521968824852428,0.0,0.0,208.602,25.916
Uganda,UGA,Africa,AF,2018,2015-2019,Pre-Pandemic,41565831.0,32927025619.6795,5.549,0.13349907523802423,0.16852418023095073,5.166,0.12428477611815339,0.0,0.0,198.818,27.908
Uganda,UGA,Africa,AF,2019,2015-2019,Pre-Pandemic,42999637.0,35353061003.4359,5.761,0.13397787520857443,0.1629561864371546,5.302,0.12330336649121015,0.0,0.0,201.984,28.523
Uganda,UGA,Africa,AF,2020,2020-2023,Pandemic,44457152.0,37600368241.6657,5.571,0.12531167088705997,0.1481634425544446,5.012,0.11273776601794015,0.0,0.0,204.137,27.292
Uganda,UGA,Africa,AF,2021,2020-2023,Pandemic,45910930.0,40529788748.6737,6.232,0.13574109694575998,0.15376344640345396,5.544,0.12075555864366067,0.0,0.0,206.904,30.122
Uganda,UGA,Africa,AF,2022,2020-2023,Post-Pandemic,47312719.0,45565333210.9108,6.128,0.1295211970379466,0.1344882077704773,5.47,0.11561373169020364,0.0,0.0,195.305,31.378
Uganda,UGA,Africa,AF,2023,2020-2023,Post-Pandemic,48656601.0,48768955863.3175,6.236,0.12816349419886522,0.12786822866327813,5.578,0.11464014923689388,0.0,0.0,200.052,31.171
Ukraine,UKR,Europe,EU,2010,2010-2014,Pre-Pandemic,46456003.0,141209170427.233,294.366,6.33644698188951,2.0846096546660955,39.788,0.8564662784269237,145.421,3.130295131072727,206.295,1426.915
Ukraine,UKR,Europe,EU,2011,2010-2014,Pre-Pandemic,46307853.0,169333835201.554,308.376,6.65925928373315,1.8211127128429323,39.729,0.8579322388364669,153.853,3.322395447700847,209.105,1474.744
Ukraine,UKR,Europe,EU,2012,2010-2014,Pre-Pandemic,46210056.0,182591753827.949,304.43,6.58795998862239,1.6672713505279964,38.431,0.8316588060399667,158.981,3.440398341001794,210.972,1442.989
Ukraine,UKR,Europe,EU,2013,2010-2014,Pre-Pandemic,46126770.0,190498811460.028,297.54,6.450484176542169,1.5618995085564207,37.337,0.8094431931826139,160.185,3.472712266651231,217.251,1369.568
Ukraine,UKR,Europe,EU,2014,2010-2014,Pre-Pandemic,45972380.0,133503871861.723,257.703,5.605604930612684,1.9303035665281418,35.33,0.7685049153426471,138.373,3.0099159538836147,213.265,1208.371
Ukraine,UKR,Europe,EU,2015,2015-2019,Pre-Pandemic,45784896.0,91030967789.0717,223.85,4.8891669427402435,2.459053280842668,30.481,0.6657435674856617,119.393,2.6076940308000265,223.09,1003.408
Ukraine,UKR,Europe,EU,2016,2015-2019,Pre-Pandemic,45616832.0,93355869403.9223,234.106,5.132009167142514,2.507673073956335,34.119,0.7479475996930256,126.828,2.780289521201297,222.959,1049.995
Ukraine,UKR,Europe,EU,2017,2015-2019,Pre-Pandemic,45436041.0,112090505081.739,223.288,4.914336616607948,1.9920331328436178,35.336,0.7777086036171154,112.586,2.477900748438888,228.935,975.331
Ukraine,UKR,Europe,EU,2018,2015-2019,Pre-Pandemic,45208907.0,130891088293.55,231.9,5.129520162918338,1.7717019777535723,35.209,0.7788067072712022,120.544,2.6663772251782154,229.153,1011.989
Ukraine,UKR,Europe,EU,2019,2015-2019,Pre-Pandemic,44957458.0,153883047509.577,222.188,4.942183341415789,1.443875745872345,38.477,0.8558535493710521,114.046,2.5367537461748837,232.01,957.663
Ukraine,UKR,Europe,EU,2020,2020-2023,Pandemic,44680014.0,156617722013.342,207.101,4.635204456292247,1.322334390627629,34.911,0.7813560667192271,102.155,2.2863690239667336,225.489,918.452
Ukraine,UKR,Europe,EU,2021,2020-2023,Pandemic,44298640.0,199765859570.935,210.636,4.754908954315527,1.0544144052062365,37.067,0.8367525504168977,103.68,2.340478172693338,225.295,934.935
Ukraine,UKR,Europe,EU,2022,2020-2023,Post-Pandemic,41048766.0,161989520721.19,143.04,3.484635810976632,0.8830200828002623,31.397,0.7648707393542598,61.251,1.4921520417934122,231.164,618.781
Ukraine,UKR,Europe,EU,2023,2020-2023,Post-Pandemic,37732836.0,181221517868.744,139.325,3.6924073239551887,0.7688104681967789,31.055,0.8230232151116338,54.793,1.452130446807656,236.896,588.13
United Arab Emirates,ARE,Asia,AS,2010,2010-2014,Pre-Pandemic,6869838.0,307736348527.33,185.848,27.052748550984752,0.6039195593545391,57.387,8.35347209060825,2.477,0.36056163187545326,191.105,972.492
United Arab Emirates,ARE,Asia,AS,2011,2010-2014,Pre-Pandemic,7104538.0,368881033962.57,198.518,27.942422153277242,0.5381626641724915,58.348,8.212778930874887,1.678,0.23618706804017375,194.448,1020.931
United Arab Emirates,ARE,Asia,AS,2012,2010-2014,Pre-Pandemic,7391448.0,392793559050.783,208.324,28.184463991358662,0.530365112155687,62.535,8.46045321566221,5.251,0.7104156046284842,193.952,1074.1
United Arab Emirates,ARE,Asia,AS,2013,2010-2014,Pre-Pandemic,7693031.0,409632574702.715,214.188,27.84182203347419,0.5228783383632122,62.408,8.112277202574642,6.72,0.8735178631153313,189.236,1131.859
United Arab Emirates,ARE,Asia,AS,2014,2010-2014,Pre-Pandemic,8059440.0,424935834104.193,214.53,26.618474732735773,0.5048526925300395,60.256,7.476449976673317,7.485,0.9287245763973676,188.981,1135.193
United Arab Emirates,ARE,Asia,AS,2015,2015-2019,Pre-Pandemic,8505237.0,381973135513.065,225.045,26.459580138683965,0.5891644701602387,74.301,8.735911768243495,6.507,0.76505804600154,183.999,1223.079
United Arab Emirates,ARE,Asia,AS,2016,2015-2019,Pre-Pandemic,8935095.0,381717208620.964,227.898,25.505940339750165,0.5970336019781001,77.715,8.697725094137219,6.976,0.7807415589873415,179.515,1269.522
United Arab Emirates,ARE,Asia,AS,2017,2015-2019,Pre-Pandemic,9223225.0,403365056078.846,196.493,21.30415337368437,0.4871344134519957,59.602,6.46216480677854,8.068,0.8747482577948602,162.138,1211.888
United Arab Emirates,ARE,Asia,AS,2018,2015-2019,Pre-Pandemic,9346701.0,440560003161.236,204.105,21.837116646825443,0.4632853607577756,70.029,7.492376187063222,7.277,0.778563473893088,180.189,1132.725
United Arab Emirates,ARE,Asia,AS,2019,2015-2019,Pre-Pandemic,9445785.0,433926218686.108,204.058,21.603074810616587,0.47025966906971056,58.165,6.157773017277019,6.734,0.7129105733403841,167.679,1216.958
United Arab Emirates,ARE,Asia,AS,2020,2020-2023,Pandemic,9401038.0,357161776271.328,215.266,22.898109761922033,0.6027128721536739,67.015,7.128468154261263,8.086,0.8601177869933087,181.736,1184.499
United Arab Emirates,ARE,Asia,AS,2021,2020-2023,Pandemic,9575152.0,422441282436.237,212.173,22.158708289957172,0.5022544169366905,69.805,7.290223695665614,10.054,1.0500094411033893,171.024,1240.606
United Arab Emirates,ARE,Asia,AS,2022,2020-2023,Post-Pandemic,10074977.0,511403404642.173,207.103,20.556175959508394,0.4049699280842864,60.793,6.034058440034156,3.94,0.39106789027905475,153.076,1352.948
United Arab Emirates,ARE,Asia,AS,2023,2020-2023,Post-Pandemic,10483751.0,522622268401.125,210.425,20.07153737245381,0.40263305397177185,62.891,5.998902492056517,4.012,0.3826874560450739,146.814,1433.276
United Kingdom,GBR,Europe,EU,2010,2010-2014,Pre-Pandemic,62766365.0,2496740681057.14,511.905,8.155721619373688,0.20502930235560357,179.848,2.8653563098643677,118.03,1.8804657558232025,206.818,2475.146
United Kingdom,GBR,Europe,EU,2011,2010-2014,Pre-Pandemic,63258810.0,2675590034128.66,469.713,7.425258236757853,0.17555492209514378,172.06,2.7199373494379677,117.15,1.8519159623774144,201.405,2332.188
United Kingdom,GBR,Europe,EU,2012,2010-2014,Pre-Pandemic,63711000.0,2719715961539.83,487.477,7.651378882767497,0.1792382024055202,170.288,2.6728194503303984,148.005,2.3230682299759855,205.241,2375.146
United Kingdom,GBR,Europe,EU,2013,2010-2014,Pre-Pandemic,64138000.0,2796908333283.39,477.611,7.4466151111665475,0.17076390896204863,165.756,2.5843649630484267,142.457,2.2211013751598117,199.965,2388.473
United Kingdom,GBR,Europe,EU,2014,2010-2014,Pre-Pandemic,64619000.0,3085362169410.29,438.807,6.790680759528931,0.14222220144867787,166.511,2.576811773626952,115.434,1.7863786192915396,194.532,2255.708
United Kingdom,GBR,Europe,EU,2015,2015-2019,Pre-Pandemic,65087000.0,2945579890258.46,422.461,6.4907124310538205,0.14342201391215065,170.773,2.6237651143853613,91.548,1.4065481586184645,185.333,2279.467
United Kingdom,GBR,Europe,EU,2016,2015-2019,Pre-Pandemic,65606000.0,2706807606538.73,399.43,6.088315093131726,0.14756497618638004,173.93,2.651129469865561,47.825,0.7289729597902631,177.768,2246.922
United Kingdom,GBR,Europe,EU,2017,2015-2019,Pre-Pandemic,65964000.0,2699118387873.1,387.367,5.872400097022618,0.14351612057492757,174.851,2.650703413983385,39.129,0.5931871930143715,172.083,2251.043
United Kingdom,GBR,Europe,EU,2018,2015-2019,Pre-Pandemic,66287000.0,2897028009916.05,379.73,5.7285742302412235,0.13107570886448,173.087,2.6111756452999835,33.28,0.5020592272994705,169.037,2246.424
United Kingdom,GBR,Europe,EU,2019,2015-2019,Pre-Pandemic,66628000.0,2875710080015.3,364.753,5.474470192711773,0.12683928137778736,168.996,2.5364111184487004,24.513,0.3679083868643813,166.327,2192.985
United Kingdom,GBR,Europe,EU,2020,2020-2023,Pandemic,66740000.0,2724001478304.59,326.263,4.888567575666767,0.11977342985990781,143.981,2.157341923883728,22.809,0.3417590650284687,164.543,1982.843
United Kingdom,GBR,Europe,EU,2021,2020-2023,Pandemic,66978000.0,3194559188925.93,342.366,5.1116187404819495,0.10717159387336622,149.626,2.233957418853952,23.758,0.3547134880109887,171.959,1990.967
United Kingdom,GBR,Europe,EU,2022,2020-2023,Post-Pandemic,67636000.0,3181244350465.41,311.118,4.5998876338044825,0.09779758035703356,146.334,2.163551954580401,19.979,0.2953900289786504,154.789,2009.944
United Kingdom,GBR,Europe,EU,2023,2020-2023,Post-Pandemic,68526000.0,3420796653789.08,307.826,4.492105186352625,0.08998664087765446,154.684,2.257303797098911,17.914,0.2614190234363599,159.526,1929.626
United States,USA,North America,NA,2010,2010-2014,Pre-Pandemic,309378227.0,15048971000000.0,5669.25,18.32465734571554,0.37672010930182537,2258.293,7.299456790797369,1946.51,6.291683868238084,218.438,25953.547
United States,USA,North America,NA,2011,2010-2014,Pre-Pandemic,311839461.0,15599732000000.0,5538.973,17.76225812550388,0.35506847168912903,2212.686,7.095593331595708,1840.243,5.901251221056978,215.281,25729.088
United States,USA,North America,NA,2012,2010-2014,Pre-Pandemic,314339099.0,16253970000000.0,5331.467,16.960877653975842,0.3280101415223481,2152.244,6.8468860757280465,1625.427,5.170934844475075,212.855,25047.367
United States,USA,North America,NA,2013,2010-2014,Pre-Pandemic,316726282.0,16880683000000.0,5473.436,17.28128138100014,0.32424256767335774,2178.417,6.877916749580005,1684.672,5.319015489848108,212.737,25728.629
United States,USA,North America,NA,2014,2010-2014,Pre-Pandemic,319257560.0,17608138000000.0,5531.385,17.32577609125372,0.31413798551556105,2210.569,6.924092886007148,1682.162,5.2689809444136575,212.779,25995.914
United States,USA,North America,NA,2015,2015-2019,Pre-Pandemic,321815121.0,18295019000000.0,5368.497,16.681929001092524,0.2934403621007445,2235.988,6.948051393769033,1446.99,4.496339374929495,208.506,25747.426
United States,USA,North America,NA,2016,2015-2019,Pre-Pandemic,324353340.0,18804913000000.0,5245.362,16.17175269414522,0.2789357228081832,2252.27,6.943877932627424,1319.993,4.069614328620757,203.885,25727.051
United States,USA,North America,NA,2017,2015-2019,Pre-Pandemic,326608609.0,19612102000000.0,5195.417,15.907164896562785,0.264908728294397,2259.157,6.917016079021971,1277.049,3.9100285932756904,201.2,25822.156
United States,USA,North America,NA,2018,2015-2019,Pre-Pandemic,328529577.0,20656516000000.0,5361.236,16.31888382457571,0.25954212220492556,2305.441,7.017453408768733,1224.38,3.726848617955637,200.278,26768.988
United States,USA,North America,NA,2019,2015-2019,Pre-Pandemic,330226227.0,21539982000000.0,5235.912,15.855530457306772,0.24307875466191198,2299.82,6.964377181343624,1043.896,3.1611541260167684,196.998,26578.494
United States,USA,North America,NA,2020,2020-2023,Pandemic,331578104.0,21375281000000.0,4689.954,14.144341690306547,0.21941016822188208,1991.579,6.006364642220163,853.925,2.5753359154258266,190.413,24630.395
United States,USA,North America,NA,2021,2020-2023,Pandemic,332100166.0,23725645000000.0,5020.111,15.116255617890898,0.21159007479037978,2182.605,6.572128602910725,979.504,2.9494233977588555,193.402,25956.828
United States,USA,North America,NA,2022,2020-2023,Post-Pandemic,333996304.0,26054614000000.0,5055.403,15.136104619888249,0.19403100732945036,2198.937,6.583716567115066,916.343,2.7435722761770442,190.68,26512.51
United States,USA,North America,NA,2023,2020-2023,Post-Pandemic,336755052.0,27811517000000.0,4918.407,14.605295364655731,0.17684785047863444,2199.111,6.5302984675045055,758.572,2.2525927836711417,187.607,26216.545
Uruguay,URY,South America,SA,2010,2010-2014,Pre-Pandemic,3318580.0,41950361211.9581,6.322,1.9050316701721821,0.1507019204925914,5.804,1.7489408120340628,0.007,0.0021093359207853962,140.319,45.053
Uruguay,URY,South America,SA,2011,2010-2014,Pre-Pandemic,3326825.0,50342406067.0777,7.686,2.310310881997099,0.1526744667261026,7.115,2.1386757644300496,0.007,0.002104108271399908,159.933,48.061
Uruguay,URY,South America,SA,2012,2010-2014,Pre-Pandemic,3335401.0,54232266358.7811,8.605,2.579899688223395,0.1586693785406722,8.138,2.4398865383802426,0.007,0.002098698177520484,170.773,50.386
Uruguay,URY,South America,SA,2013,2010-2014,Pre-Pandemic,3345337.0,61337621933.7857,7.491,2.23923628620973,0.12212733007625526,7.049,2.107112078693417,0.007,0.0020924648249189843,155.708,48.109
Uruguay,URY,South America,SA,2014,2010-2014,Pre-Pandemic,3356334.0,61496186973.902,6.684,1.9914585377974898,0.10868966563466094,6.262,1.8657261166498924,0.0,0.0,144.061,46.396
Uruguay,URY,South America,SA,2015,2015-2019,Pre-Pandemic,3368017.0,57680327998.6689,6.738,2.0005837262697903,0.11681625666475916,6.284,1.8657863068980947,0.0,0.0,137.761,48.912
Uruguay,URY,South America,SA,2016,2015-2019,Pre-Pandemic,3379283.0,57480787465.2716,6.52,1.9294033675190863,0.11342920456577278,6.119,1.8107391420014245,0.0,0.0,132.649,49.155
Uruguay,URY,South America,SA,2017,2015-2019,Pre-Pandemic,3388438.0,65006039809.739,6.151,1.8152907032679955,0.09462197694249445,5.705,1.683666633416341,0.0,0.0,133.995,45.905
Uruguay,URY,South America,SA,2018,2015-2019,Pre-Pandemic,3394534.0,65344577415.7535,6.57,1.935464484963179,0.10054392054903827,6.134,1.8070227017905844,0.0,0.0,140.198,46.865
Uruguay,URY,South America,SA,2019,2015-2019,Pre-Pandemic,3397206.0,62222324964.633,6.408,1.8862559409114432,0.10298554423420034,5.95,1.7514392709773856,0.0,0.0,130.68,49.04
Uruguay,URY,South America,SA,2020,2020-2023,Pandemic,3398968.0,53559354501.4278,6.477,1.9055783990905475,0.12093125580569374,6.024,1.7723026518637421,0.0,0.0,142.431,45.473
Uruguay,URY,South America,SA,2021,2020-2023,Pandemic,3396695.0,60739061281.1628,7.829,2.304887545098986,0.1288956370886165,7.332,2.158568844126423,0.0,0.0,155.907,50.217
Uruguay,URY,South America,SA,2022,2020-2023,Post-Pandemic,3390913.0,71240669088.0587,7.501,2.212088602686061,0.10529098190709317,6.987,2.060507007994602,0.007,0.002064340783735826,149.374,50.215
Uruguay,URY,South America,SA,2023,2020-2023,Post-Pandemic,3388081.0,79208725899.5531,7.627,2.2511268178063037,0.09628989626309634,7.096,2.0944009307923865,0.008,0.002361218636744517,146.289,52.136
Uzbekistan,UZB,Asia,AS,2010,2010-2014,Pre-Pandemic,28385506.0,55544226552.8467,107.668,3.7930625580533954,1.9384192864322438,10.885,0.38347035279201996,5.151,0.18146585091701378,204.824,525.662
Uzbekistan,UZB,Asia,AS,2011,2010-2014,Pre-Pandemic,28823196.0,67404618404.5392,116.755,4.05073052967478,1.732151338640876,9.94,0.3448611319855022,5.415,0.18786952009069363,212.296,549.961
Uzbekistan,UZB,Asia,AS,2012,2010-2014,Pre-Pandemic,29261903.0,75318846931.3239,118.86,4.061936778342816,1.5780910733853526,8.915,0.30466234543939263,5.471,0.18696665080189762,218.712,543.457
Uzbekistan,UZB,Asia,AS,2013,2010-2014,Pre-Pandemic,29724065.0,82674178351.6216,112.395,3.7812795793576686,1.3594934021838445,10.281,0.34588135909405393,8.017,0.26971411884612684,206.007,545.587
Uzbekistan,UZB,Asia,AS,2014,2010-2014,Pre-Pandemic,30222994.0,91303765114.0144,107.496,3.5567621129792766,1.1773446567703505,10.091,0.3338848560139343,7.434,0.24597165985606853,189.865,566.169
Uzbekistan,UZB,Asia,AS,2015,2015-2019,Pre-Pandemic,30749346.0,97564568986.8161,103.374,3.361827597894277,1.059544474736202,10.234,0.3328200866450948,5.995,0.1949634961341942,191.378,540.155
Uzbekistan,UZB,Asia,AS,2016,2015-2019,Pre-Pandemic,31284568.0,97871364319.3985,109.837,3.5109003263206318,1.1222588012725787,10.721,0.3426929213150714,7.097,0.22685306058885008,210.929,520.732
Uzbekistan,UZB,Asia,AS,2017,2015-2019,Pre-Pandemic,31819178.0,72276404057.649,108.883,3.4219300071170915,1.5064805923818914,11.116,0.34934906237992697,6.694,0.21037627056236335,202.481,537.744
Uzbekistan,UZB,Asia,AS,2018,2015-2019,Pre-Pandemic,32373490.0,61318332402.7908,102.33,3.1609196289927346,1.6688320766424272,11.688,0.36103614407961576,9.666,0.29857763250116065,189.849,539.008
Uzbekistan,UZB,Asia,AS,2019,2015-2019,Pre-Pandemic,32964701.0,70170662562.6111,107.947,3.274623968225891,1.5383494477294162,11.322,0.34345829498043984,8.292,0.2515417931441271,198.662,543.371
Uzbekistan,UZB,Asia,AS,2020,2020-2023,Pandemic,33586372.0,70127127133.2164,108.139,3.219728525605564,1.542042351094387,12.491,0.37190679600642784,11.52,0.342996260507089,200.325,539.818
Uzbekistan,UZB,Asia,AS,2021,2020-2023,Pandemic,34243696.0,81170051810.5825,123.162,3.5966327933760422,1.5173330218811418,11.128,0.3249649220107549,10.241,0.29906234420490124,213.853,575.917
Uzbekistan,UZB,Asia,AS,2022,2020-2023,Post-Pandemic,34938955.0,94286355836.1594,119.105,3.4089456882725884,1.2632262530855234,11.509,0.32940309748817614,11.901,0.3406226660184885,201.014,592.522
Uzbekistan,UZB,Asia,AS,2023,2020-2023,Post-Pandemic,35652307.0,107526539716.318,122.872,3.4463968909501426,1.1427132345574142,11.608,0.3255890285024192,18.111,0.50798956712675,204.646,600.413
Vanuatu,VUT,Oceania,OC,2010,2010-2014,Pre-Pandemic,238248.0,670712979.682038,0.125,0.5246633759779725,0.1863688400055389,0.125,0.5246633759779725,,,185.994,0.67
Vanuatu,VUT,Oceania,OC,2011,2010-2014,Pre-Pandemic,243474.0,770153588.218833,0.132,0.5421523448088913,0.1713943842101444,0.132,0.5421523448088913,,,169.545,0.778
Vanuatu,VUT,Oceania,OC,2012,2010-2014,Pre-Pandemic,248883.0,747839697.746593,0.117,0.4701004086257398,0.15645064089609975,0.117,0.4701004086257398,,,180.448,0.65
Vanuatu,VUT,Oceania,OC,2013,2010-2014,Pre-Pandemic,254482.0,863347171.906814,0.11,0.432250611045182,0.12741108511081442,0.11,0.432250611045182,,,175.269,0.627
Vanuatu,VUT,Oceania,OC,2014,2010-2014,Pre-Pandemic,260240.0,879185478.498067,0.158,0.6071318782662158,0.17971179445538052,0.158,0.6071318782662158,,,220.102,0.716
Vanuatu,VUT,Oceania,OC,2015,2015-2019,Pre-Pandemic,266101.0,855360239.609869,0.132,0.49605225083708815,0.15432094442477873,0.132,0.49605225083708815,,,196.405,0.672
Vanuatu,VUT,Oceania,OC,2016,2015-2019,Pre-Pandemic,272087.0,908725512.790966,0.15,0.5512942551463319,0.16506634609531917,0.15,0.5512942551463319,,,221.278,0.679
Vanuatu,VUT,Oceania,OC,2017,2015-2019,Pre-Pandemic,278507.0,998536154.882053,0.139,0.4990897894846449,0.13920377276315915,0.139,0.4990897894846449,,,183.982,0.757
Vanuatu,VUT,Oceania,OC,2018,2015-2019,Pre-Pandemic,285259.0,1034402941.04298,0.176,0.6169831626697142,0.170146461322452,0.176,0.6169831626697142,,,181.847,0.967
Vanuatu,VUT,Oceania,OC,2019,2015-2019,Pre-Pandemic,291985.0,1061547512.69257,0.165,0.5650975221329863,0.15543345731316777,0.165,0.5650975221329863,,,177.015,0.931
Vanuatu,VUT,Oceania,OC,2020,2020-2023,Pandemic,298858.0,1017403362.80118,0.205,0.6859444953790763,0.2014933383310046,0.205,0.6859444953790763,,,189.079,1.085
Vanuatu,VUT,Oceania,OC,2021,2020-2023,Pandemic,305868.0,1093826088.94269,0.216,0.7061869826199537,0.19747197674612893,0.216,0.7061869826199537,,,189.031,1.144
Vanuatu,VUT,Oceania,OC,2022,2020-2023,Post-Pandemic,313046.0,1151863789.76624,0.189,0.6037451364975116,0.1640819007240047,0.189,0.6037451364975116,,,164.96,1.148
Vanuatu,VUT,Oceania,OC,2023,2020-2023,Post-Pandemic,320409.0,1188137265.19047,0.188,0.586750060079461,0.15823087576489892,0.188,0.586750060079461,,,147.052,1.282
Vatican,VAT,Europe,EU,2010,2010-2014,Pre-Pandemic,629.0,,,,,,,,,,
Vatican,VAT,Europe,EU,2011,2010-2014,Pre-Pandemic,624.0,,,,,,,,,,
Vatican,VAT,Europe,EU,2012,2010-2014,Pre-Pandemic,612.0,,,,,,,,,,
Vatican,VAT,Europe,EU,2013,2010-2014,Pre-Pandemic,598.0,,,,,,,,,,
Vatican,VAT,Europe,EU,2014,2010-2014,Pre-Pandemic,587.0,,,,,,,,,,
Vatican,VAT,Europe,EU,2015,2015-2019,Pre-Pandemic,579.0,,,,,,,,,,
Vatican,VAT,Europe,EU,2016,2015-2019,Pre-Pandemic,571.0,,,,,,,,,,
Vatican,VAT,Europe,EU,2017,2015-2019,Pre-Pandemic,563.0,,,,,,,,,,
Vatican,VAT,Europe,EU,2018,2015-2019,Pre-Pandemic,552.0,,,,,,,,,,
Vatican,VAT,Europe,EU,2019,2015-2019,Pre-Pandemic,543.0,,,,,,,,,,
Vatican,VAT,Europe,EU,2020,2020-2023,Pandemic,536.0,,,,,,,,,,
Vatican,VAT,Europe,EU,2021,2020-2023,Pandemic,527.0,,,,,,,,,,
Vatican,VAT,Europe,EU,2022,2020-2023,Post-Pandemic,513.0,,,,,,,,,,
Vatican,VAT,Europe,EU,2023,2020-2023,Post-Pandemic,501.0,,,,,,,,,,
Venezuela,VEN,South America,SA,2010,2010-2014,Pre-Pandemic,28813101.0,393192354510.653,189.582,6.57971524828237,0.4821609520763546,132.738,4.606862690690599,0.755,0.026203357979413602,198.098,957.009
Venezuela,VEN,South America,SA,2011,2010-2014,Pre-Pandemic,29185212.0,316482190800.364,168.713,5.780770069444759,0.5330884482736143,106.388,3.6452707624669642,0.777,0.02662307198590848,167.056,1009.919
Venezuela,VEN,South America,SA,2012,2010-2014,Pre-Pandemic,29553826.0,371846610182.327,175.845,5.9499910434608365,0.47289660624787777,106.56,3.6056245306445263,0.799,0.02703541666652568,166.689,1054.928
Venezuela,VEN,South America,SA,2013,2010-2014,Pre-Pandemic,29912198.0,258512396297.714,198.452,6.634484032233272,0.7676691827631126,128.255,4.287715667033228,0.795,0.026577786092483072,191.37,1037.009
Venezuela,VEN,South America,SA,2014,2010-2014,Pre-Pandemic,30254079.0,214838755021.964,175.992,5.817132955856961,0.8191818090828514,106.716,3.5273260177578036,0.747,0.02469088548357397,173.692,1013.238
Venezuela,VEN,South America,SA,2015,2015-2019,Pre-Pandemic,30573972.0,125249941853.534,166.328,5.440182911137617,1.3279686803727404,98.382,3.2178350918879626,0.7,0.022895291459022728,171.596,969.301
Venezuela,VEN,South America,SA,2016,2015-2019,Pre-Pandemic,30765720.0,112948035494.959,152.733,4.964388936777686,1.3522413146071641,83.664,2.7193902824312253,0.583,0.018949662156452052,171.594,890.084
Venezuela,VEN,South America,SA,2017,2015-2019,Pre-Pandemic,30565323.0,115892475742.789,139.093,4.550679866854344,1.2001900823026863,75.467,2.469039833146864,0.491,0.016063955875748475,159.333,872.974
Venezuela,VEN,South America,SA,2018,2015-2019,Pre-Pandemic,29807592.0,101987075928.918,111.24,3.73193513920883,1.090726437509896,52.749,1.7696498261248343,0.392,0.013151011997211986,152.828,727.872
Venezuela,VEN,South America,SA,2019,2015-2019,Pre-Pandemic,28938098.0,73014157107.594,105.43,3.643294040955974,1.4439665426067696,52.135,1.8016042381223534,0.286,0.009883165092605603,160.48,656.968
Venezuela,VEN,South America,SA,2020,2020-2023,Pandemic,28444077.0,42837965906.8675,80.901,2.8442125226984865,1.8885350479965364,38.285,1.3459744185054765,0.198,0.00696102742233471,153.262,527.86
Venezuela,VEN,South America,SA,2021,2020-2023,Pandemic,28237826.0,56615026262.6535,94.902,3.3608111332650044,1.6762687622844532,40.37,1.4296426360867867,0.202,0.007153525204100344,157.101,604.086
Venezuela,VEN,South America,SA,2022,2020-2023,Post-Pandemic,28213017.0,89013251020.9831,108.424,3.8430487600812064,1.2180658357758578,51.739,1.8338698055581932,0.217,0.007691485104198534,167.826,646.047
Venezuela,VEN,South America,SA,2023,2020-2023,Post-Pandemic,28300854.0,102377501185.925,119.588,4.225596867147543,1.1681082133741425,62.579,2.21120535797259,0.267,0.009434344278091396,170.967,699.48
Vietnam,VNM,Asia,AS,2010,2010-2014,Pre-Pandemic,87455152.0,147201173196.979,139.564,1.5958350858506312,0.948117443420378,49.303,0.5637518073263426,47.463,0.5427124522063606,258.344,540.225
Vietnam,VNM,Asia,AS,2011,2010-2014,Pre-Pandemic,88468314.0,172595049183.925,152.564,1.7245044366958322,0.8839419248777003,47.178,0.5332756765320519,59.551,0.6731336600356146,255.49,597.142
Vietnam,VNM,Asia,AS,2012,2010-2014,Pre-Pandemic,89510356.0,195590661129.249,144.288,1.6119699043538604,0.7377039331374442,44.21,0.4939093304466357,52.315,0.5844575123799083,232.333,621.038
Vietnam,VNM,Asia,AS,2013,2010-2014,Pre-Pandemic,90573104.0,213708811665.34,151.459,1.6722293187611192,0.7087166823854654,43.909,0.4847907166789823,56.561,0.6244789844013737,230.839,656.124
Vietnam,VNM,Asia,AS,2014,2010-2014,Pre-Pandemic,91679578.0,233451469642.519,180.048,1.9638833852398405,0.7712438061568213,47.698,0.5202685378852856,78.149,0.8524144820998194,248.76,723.781
Vietnam,VNM,Asia,AS,2015,2015-2019,Pre-Pandemic,92823254.0,239258328381.741,213.391,2.298895921058747,0.8918853585716389,58.913,0.634679322920526,97.898,1.054671063352293,263.29,810.48
Vietnam,VNM,Asia,AS,2016,2015-2019,Pre-Pandemic,94000117.0,257096001177.982,221.027,2.3513481371517866,0.8597060980617423,55.367,0.5890099051685223,106.905,1.1372858184846728,252.12,876.673
Vietnam,VNM,Asia,AS,2017,2015-2019,Pre-Pandemic,95176977.0,281353605986.903,227.694,2.392322252470784,0.8092805464544113,57.048,0.5993886525729851,108.302,1.1379012384476133,239.672,950.026
Vietnam,VNM,Asia,AS,2018,2015-2019,Pre-Pandemic,96237319.0,310106478394.659,255.468,2.654562727376061,0.8238073623050113,63.63,0.6611780197243442,122.273,1.270536225141517,236.783,1078.912
Vietnam,VNM,Asia,AS,2019,2015-2019,Pre-Pandemic,97173776.0,334365270496.667,339.312,3.4918062667442293,1.014794387874031,70.807,0.7286636674487158,191.609,1.9718179933647941,280.847,1208.174
Vietnam,VNM,Asia,AS,2020,2020-2023,Pandemic,98079191.0,346615738537.796,362.599,3.697002353944783,1.0461123361842415,68.385,0.69724270054389,215.96,2.2018941816108577,295.101,1228.728
Vietnam,VNM,Asia,AS,2021,2020-2023,Pandemic,98935098.0,366474752771.009,314.197,3.175789041013534,0.857349647211101,64.083,0.6477276648576221,172.613,1.744709445782325,256.826,1223.385
Vietnam,VNM,Asia,AS,2022,2020-2023,Post-Pandemic,99680655.0,413445230668.578,322.653,3.236866772193662,0.7804008271621399,72.805,0.7303824398023869,177.248,1.7781584601345166,249.443,1293.495
Vietnam,VNM,Asia,AS,2023,2020-2023,Post-Pandemic,100352192.0,433805036898.465,347.399,3.461797825004161,0.8008182719217967,78.204,0.7792953840011786,209.114,2.0838010195133556,252.482,1375.936
Wallis and Futuna,WLF,Oceania,OC,2010,2010-2014,Pre-Pandemic,13189.0,,0.026,1.9713397528243233,,0.026,1.9713397528243233,,,,
Wallis and Futuna,WLF,Oceania,OC,2011,2010-2014,Pre-Pandemic,12942.0,,0.026,2.00896306598671,,0.026,2.00896306598671,,,,
Wallis and Futuna,WLF,Oceania,OC,2012,2010-2014,Pre-Pandemic,12709.0,,0.026,2.045794318986545,,0.026,2.045794318986545,,,,
Wallis and Futuna,WLF,Oceania,OC,2013,2010-2014,Pre-Pandemic,12500.0,,0.026,2.08,,0.026,2.08,,,,
Wallis and Futuna,WLF,Oceania,OC,2014,2010-2014,Pre-Pandemic,12328.0,,0.026,2.109020116807268,,0.026,2.109020116807268,,,,
Wallis and Futuna,WLF,Oceania,OC,2015,2015-2019,Pre-Pandemic,12185.0,,0.026,2.1337710299548625,,0.026,2.1337710299548625,,,,
Wallis and Futuna,WLF,Oceania,OC,2016,2015-2019,Pre-Pandemic,12057.0,,0.026,2.1564236543087003,,0.026,2.1564236543087003,,,,
Wallis and Futuna,WLF,Oceania,OC,2017,2015-2019,Pre-Pandemic,11945.0,,0.026,2.176642946839682,,0.026,2.176642946839682,,,,
Wallis and Futuna,WLF,Oceania,OC,2018,2015-2019,Pre-Pandemic,11827.0,,0.026,2.1983596854654603,,0.026,2.1983596854654603,,,,
Wallis and Futuna,WLF,Oceania,OC,2019,2015-2019,Pre-Pandemic,11711.0,,0.026,2.2201349158910424,,0.026,2.2201349158910424,,,,
Wallis and Futuna,WLF,Oceania,OC,2020,2020-2023,Pandemic,11640.0,,0.029,2.491408934707904,,0.029,2.491408934707904,,,,
Wallis and Futuna,WLF,Oceania,OC,2021,2020-2023,Pandemic,11590.0,,0.029,2.5021570319240727,,0.029,2.5021570319240727,,,,
Wallis and Futuna,WLF,Oceania,OC,2022,2020-2023,Post-Pandemic,11501.0,,0.029,2.521519867837579,,0.029,2.521519867837579,,,,
Wallis and Futuna,WLF,Oceania,OC,2023,2020-2023,Post-Pandemic,11394.0,,0.029,2.545199227663683,,0.029,2.545199227663683,,,,
Yemen,YEM,Asia,AS,2010,2010-2014,Pre-Pandemic,26754387.0,30906749533.221,25.818,0.9650006184032548,0.8353515135018902,20.086,0.7507553807904476,0.451,0.01685704852815353,258.867,99.733
Yemen,YEM,Asia,AS,2011,2010-2014,Pre-Pandemic,27582897.0,32726417878.391,22.625,0.8202546672309293,0.691337502444443,17.437,0.6321670997792581,0.407,0.014755520422673514,269.999,83.797
Yemen,YEM,Asia,AS,2012,2010-2014,Pre-Pandemic,28433647.0,35401331609.5916,20.467,0.7198162092959796,0.5781420943627639,15.318,0.5387279373623791,0.414,0.014560214523307545,281.889,72.608
Yemen,YEM,Asia,AS,2013,2010-2014,Pre-Pandemic,29312952.0,40415233436.1767,27.281,0.9306807448120544,0.6750177514892216,21.321,0.7273576540499913,0.436,0.014873971069171061,266.23,102.472
Yemen,YEM,Asia,AS,2014,2010-2014,Pre-Pandemic,30226309.0,43228585321.3272,26.592,0.8797633875839753,0.6151485134740369,20.753,0.6865873037955114,0.436,0.014424520043118729,274.177,96.989
Yemen,YEM,Asia,AS,2015,2015-2019,Pre-Pandemic,31159379.0,42444490073.8555,14.123,0.45325036805130164,0.3327404799875151,9.64,0.3093771541467498,0.315,0.010109315721600228,270.619,52.187
Yemen,YEM,Asia,AS,2016,2015-2019,Pre-Pandemic,32109010.0,31317825274.1507,10.044,0.31280939524451234,0.320711924026544,7.573,0.23585280268684708,0.286,0.008907157212259114,241.017,41.672
Yemen,YEM,Asia,AS,2017,2015-2019,Pre-Pandemic,33090921.0,26842229044.5848,9.214,0.2784449547354696,0.3432650837117735,7.362,0.222477941910411,0.271,0.008189557492219694,171.407,53.754
Yemen,YEM,Asia,AS,2018,2015-2019,Pre-Pandemic,34085182.0,21606160663.0318,11.504,0.3375073661041329,0.5324407320400693,9.504,0.27883084209437403,0.271,0.007950669003322324,182.882,62.903
Yemen,YEM,Asia,AS,2019,2015-2019,Pre-Pandemic,35111408.0,66185009341.0,11.788,0.3357313383729869,0.17810679665036508,9.359,0.2665515435894795,0.278,0.007917654569705664,175.681,67.098
Yemen,YEM,Asia,AS,2020,2020-2023,Pandemic,36134863.0,60559285911.0,10.757,0.29769034962163826,0.17762758985977567,8.138,0.2252118681064323,0.253,0.00700154861525281,174.274,61.725
Yemen,YEM,Asia,AS,2021,2020-2023,Pandemic,37140230.0,59953691816.0,10.608,0.285620202136605,0.17693656017975218,7.82,0.21055335413916393,0.253,0.00681202028097295,175.178,60.555
Yemen,YEM,Asia,AS,2022,2020-2023,Post-Pandemic,38222876.0,60852995288.0,10.404,0.27219301865197165,0.17096939847842843,7.952,0.20804295312576687,0.256,0.006697559859179618,164.461,63.26
Yemen,YEM,Asia,AS,2023,2020-2023,Post-Pandemic,39390799.0,,10.141,0.25744590760903324,,8.042,0.20415935203548422,0.431,0.01094164147317753,173.472,58.46
Zambia,ZMB,Africa,AF,2010,2010-2014,Pre-Pandemic,13965594.0,20265559483.8548,3.121,0.22347778404556226,0.154005123938791,2.302,0.16483366192658902,0.384,0.02749614516933544,165.246,18.886
Zambia,ZMB,Africa,AF,2011,2010-2014,Pre-Pandemic,14437796.0,23459515275.5776,3.379,0.2340384917476324,0.14403537158833327,2.649,0.18347675780984854,0.271,0.018770177941286884,155.738,21.698
Zambia,ZMB,Africa,AF,2012,2010-2014,Pre-Pandemic,14913629.0,25503060420.026,4.177,0.2800793824226149,0.16378426475906616,3.206,0.21497115155539942,0.359,0.024071941175417465,173.898,24.019
Zambia,ZMB,Africa,AF,2013,2010-2014,Pre-Pandemic,15398997.0,28037239462.7142,4.427,0.2874862564100766,0.15789714268722216,3.256,0.2114423426408876,0.466,0.030261711201060693,176.628,25.061
Zambia,ZMB,Africa,AF,2014,2010-2014,Pre-Pandemic,15895315.0,27141023558.0829,5.283,0.33236208278980317,0.19464999132011968,3.657,0.23006779041497447,0.89,0.05599134084477093,191.435,27.598
Zambia,ZMB,Africa,AF,2015,2015-2019,Pre-Pandemic,16399089.0,21251216798.7762,5.522,0.33672602179303984,0.25984394457441123,3.875,0.2362936136269521,0.95,0.0579300472117689,194.432,28.403
Zambia,ZMB,Africa,AF,2016,2015-2019,Pre-Pandemic,16914423.0,20958412538.3093,5.978,0.3534261854513157,0.2852315264370801,4.236,0.2504371565024713,0.967,0.05717014408354337,204.55,29.224
Zambia,ZMB,Africa,AF,2017,2015-2019,Pre-Pandemic,17441320.0,25873601260.8353,7.459,0.42766258517130584,0.28828611544271726,4.089,0.2344432646152929,2.514,0.14414046643258652,218.366,34.158
Zambia,ZMB,Africa,AF,2018,2015-2019,Pre-Pandemic,17973569.0,26311507273.6735,8.658,0.4817073336964962,0.3290575454285332,3.609,0.20079484491922556,3.983,0.2216031774212456,232.651,37.214
Zambia,ZMB,Africa,AF,2019,2015-2019,Pre-Pandemic,18513839.0,23308667781.2258,8.846,0.47780473839056287,0.3795154696539585,4.443,0.23998264217378146,3.443,0.18596899324878,243.505,36.329
Zambia,ZMB,Africa,AF,2020,2020-2023,Pandemic,19059395.0,18137764930.651,9.991,0.5242034177894944,0.5508396452484734,4.483,0.23521208306979313,4.424,0.23211649687726185,259.531,38.495
Zambia,ZMB,Africa,AF,2021,2020-2023,Pandemic,19603607.0,22096416932.0089,9.35,0.4769530423661319,0.4231455275654026,4.78,0.24383267834332734,3.511,0.1790996932350256,226.434,41.292
Zambia,ZMB,Africa,AF,2022,2020-2023,Post-Pandemic,20152938.0,29163782140.4858,10.939,0.5427992682754247,0.3750885240914703,4.977,0.24696151002895955,5.082,0.25217166846838907,273.2,40.04
Zambia,ZMB,Africa,AF,2023,2020-2023,Post-Pandemic,20723965.0,27577956471.244,11.831,0.570884963374528,0.4290020550411842,5.074,0.2448373175692972,5.876,0.2835364757660998,232.175,50.956
Zimbabwe,ZWE,Africa,AF,2010,2010-2014,Pre-Pandemic,13356548.0,12047750000.0,8.754,0.6554088676205858,0.7266087028698305,1.938,0.14509737096740866,6.507,0.48717677651441077,247.014,35.439
Zimbabwe,ZWE,Africa,AF,2011,2010-2014,Pre-Pandemic,13595424.0,14109000000.0,10.363,0.7622417660530484,0.734495711956907,3.261,0.23986011763958226,6.72,0.4942839590732882,254.473,40.724
Zimbabwe,ZWE,Africa,AF,2012,2010-2014,Pre-Pandemic,13817887.0,17123500000.0,11.257,0.8146686971749009,0.6574006482319619,3.693,0.2672622811288007,6.998,0.5064450157972779,251.006,44.849
Zimbabwe,ZWE,Africa,AF,2013,2010-2014,Pre-Pandemic,14013808.0,19100750000.0,11.671,0.8328214572370336,0.6110231273641087,4.104,0.29285401940714473,7.104,0.5069285949971628,251.376,46.43
Zimbabwe,ZWE,Africa,AF,2014,2010-2014,Pre-Pandemic,14207359.0,19505500000.0,11.946,0.8408318534078009,0.6124426443823537,3.718,0.26169536505693985,7.732,0.5442250033943676,267.387,44.677
Zimbabwe,ZWE,Africa,AF,2015,2015-2019,Pre-Pandemic,14399013.0,19973250000.0,12.017,0.8345710917824715,0.6016547131788768,3.756,0.2608512125101908,7.676,0.5330920945762047,261.847,45.892
Zimbabwe,ZWE,Africa,AF,2016,2015-2019,Pre-Pandemic,14600294.0,20559250000.0,10.588,0.725190876293313,0.514999331201284,3.405,0.23321448184536558,6.722,0.4604016878016292,253.057,41.841
Zimbabwe,ZWE,Africa,AF,2017,2015-2019,Pre-Pandemic,14812482.0,51035657370.5179,9.831,0.66369700904953,0.19263002587832126,3.359,0.22676820805588152,6.003,0.40526631526033247,255.395,38.492
Zimbabwe,ZWE,Africa,AF,2018,2015-2019,Pre-Pandemic,15034452.0,34141666666.6667,11.209,0.7455542776018707,0.3283085184281178,4.162,0.27683084158970345,6.489,0.4316086811810633,261.338,42.892
Zimbabwe,ZWE,Africa,AF,2019,2015-2019,Pre-Pandemic,15271368.0,33360632553.3556,10.267,0.6723038826646047,0.30775795343746526,3.784,0.2477839575341253,6.01,0.3935469304387138,263.024,39.034
Zimbabwe,ZWE,Africa,AF,2020,2020-2023,Pandemic,15526888.0,31979753644.6558,8.491,0.5468578120741259,0.2655117389066863,3.063,0.1972706958406604,4.932,0.31764253081493216,256.011,33.166
Zimbabwe,ZWE,Africa,AF,2021,2020-2023,Pandemic,15797210.0,41287852523.5016,10.223,0.6471395898389652,0.2476030932870856,3.745,0.23706717831819668,5.936,0.37576255553987065,277.258,36.871
Zimbabwe,ZWE,Africa,AF,2022,2020-2023,Post-Pandemic,16069056.0,40757585308.5016,12.232,0.7612145977959128,0.3001159148024536,4.679,0.29118076382333846,7.165,0.44588804718833513,212.69,57.51
Zimbabwe,ZWE,Africa,AF,2023,2020-2023,Post-Pandemic,16340822.0,35871781303.429,13.443,0.8226636334451229,0.3747513926417414,4.771,0.29196817638672035,8.285,0.5070124379299891,250.518,53.662
